# Blender 5.0.1
# www.blender.org
mtllib vkray.mtl
o Text
v 3.074560 -0.222040 -0.528029
v 2.646324 -0.222040 0.719027
v 2.638100 -0.222040 0.742331
v 2.629496 -0.222040 0.765171
v 2.620516 -0.222040 0.787559
v 2.611164 -0.222040 0.809487
v 2.601432 -0.222040 0.830955
v 2.591324 -0.222040 0.851971
v 2.580844 -0.222040 0.872527
v 2.569983 -0.222040 0.892623
v 2.558752 -0.222040 0.912263
v 2.547144 -0.222040 0.931447
v 2.535156 -0.222040 0.950171
v 2.522796 -0.222040 0.968439
v 2.509952 -0.222040 0.986183
v 2.496520 -0.222040 1.003327
v 2.482500 -0.222040 1.019875
v 2.467892 -0.222040 1.035827
v 2.452700 -0.222040 1.051183
v 2.436912 -0.222040 1.065939
v 2.420540 -0.222040 1.080103
v 2.403580 -0.222040 1.093671
v 2.386032 -0.222040 1.106639
v 2.367892 -0.222040 1.119011
v 2.349168 -0.222040 1.130791
v 2.329856 -0.222040 1.141971
v 2.309856 -0.222040 1.152507
v 2.289072 -0.222040 1.162347
v 2.267500 -0.222040 1.171491
v 2.245148 -0.222040 1.179943
v 2.222012 -0.222040 1.187703
v 2.198092 -0.222040 1.194763
v 2.173384 -0.222040 1.201131
v 2.147896 -0.222040 1.206807
v 2.121620 -0.222040 1.211787
v 2.094560 -0.222040 1.216071
v 2.066716 -0.222040 1.219663
v 2.038092 -0.222040 1.222559
v 2.003972 -0.222040 1.024911
v 2.024596 -0.222040 1.021451
v 2.044512 -0.222040 1.017739
v 2.063716 -0.222040 1.013771
v 2.082208 -0.222040 1.009551
v 2.099988 -0.222040 1.005079
v 2.117060 -0.222040 1.000351
v 2.133420 -0.222040 0.995371
v 2.149072 -0.222040 0.990139
v 2.164008 -0.222040 0.984655
v 2.178236 -0.222040 0.978915
v 2.191756 -0.222040 0.972923
v 2.204560 -0.222040 0.966675
v 2.216800 -0.222040 0.960139
v 2.228611 -0.222040 0.953279
v 2.240000 -0.222040 0.946087
v 2.250964 -0.222040 0.938571
v 2.261504 -0.222040 0.930727
v 2.271620 -0.222040 0.922559
v 2.281308 -0.222040 0.914063
v 2.290572 -0.222040 0.905239
v 2.299412 -0.222040 0.896087
v 2.307827 -0.222040 0.886611
v 2.315820 -0.222040 0.876807
v 2.323384 -0.222040 0.866675
v 2.330667 -0.222040 0.856183
v 2.337811 -0.222040 0.845287
v 2.344820 -0.222040 0.833991
v 2.351684 -0.222040 0.822295
v 2.358412 -0.222040 0.810203
v 2.365000 -0.222040 0.797707
v 2.371452 -0.222040 0.784811
v 2.377764 -0.222040 0.771511
v 2.383936 -0.222040 0.757815
v 2.389968 -0.222040 0.743719
v 2.395864 -0.222040 0.729219
v 2.401620 -0.222040 0.714323
v 2.312208 -0.222040 0.714323
v 1.893384 -0.222040 -0.528029
v 2.173384 -0.222040 -0.528029
v 2.486324 -0.222040 0.530795
v 2.803972 -0.222040 -0.528029
v 1.725148 -0.222040 0.409619
v 1.725304 -0.222040 0.421683
v 1.725772 -0.222040 0.433179
v 1.726548 -0.222040 0.444103
v 1.727632 -0.222040 0.454455
v 1.729032 -0.222040 0.464235
v 1.730736 -0.222040 0.473439
v 1.732756 -0.222040 0.482075
v 1.735084 -0.222040 0.490139
v 1.737724 -0.222040 0.497631
v 1.740672 -0.222040 0.504551
v 1.743932 -0.222040 0.510899
v 1.747504 -0.222040 0.516675
v 1.751416 -0.222040 0.522051
v 1.755704 -0.222040 0.527199
v 1.760368 -0.222040 0.532119
v 1.765412 -0.222040 0.536807
v 1.770828 -0.222040 0.541267
v 1.776620 -0.222040 0.545499
v 1.782788 -0.222040 0.549503
v 1.789332 -0.222040 0.553279
v 1.796252 -0.222040 0.556823
v 1.803548 -0.222040 0.560139
v 1.811220 -0.222040 0.563227
v 1.819268 -0.222040 0.566087
v 1.760444 -0.222040 0.744911
v 1.745324 -0.222040 0.742943
v 1.730556 -0.222040 0.740563
v 1.716140 -0.222040 0.737779
v 1.702075 -0.222040 0.734583
v 1.688364 -0.222040 0.730983
v 1.675000 -0.222040 0.726971
v 1.661992 -0.222040 0.722551
v 1.649332 -0.222040 0.717723
v 1.637024 -0.222040 0.712483
v 1.625068 -0.222040 0.706839
v 1.613460 -0.222040 0.700787
v 1.602208 -0.222040 0.694323
v 1.591364 -0.222040 0.687371
v 1.580984 -0.222040 0.679847
v 1.571068 -0.222040 0.671751
v 1.561620 -0.222040 0.663083
v 1.552636 -0.222040 0.653839
v 1.544120 -0.222040 0.644027
v 1.536067 -0.222040 0.633643
v 1.528484 -0.222040 0.622691
v 1.521364 -0.222040 0.611163
v 1.514708 -0.222040 0.599063
v 1.508520 -0.222040 0.586391
v 1.502796 -0.222040 0.573147
v 1.491172 -0.222040 0.587351
v 1.479040 -0.222040 0.600939
v 1.466400 -0.222040 0.613919
v 1.453256 -0.222040 0.626283
v 1.439604 -0.222040 0.638035
v 1.425444 -0.222040 0.649175
v 1.410779 -0.222040 0.659703
v 1.395607 -0.222040 0.669619
v 1.379928 -0.222040 0.678919
v 1.363744 -0.222040 0.687607
v 1.347052 -0.222040 0.695683
v 1.329856 -0.222040 0.703147
v 1.312308 -0.222040 0.710007
v 1.294559 -0.222040 0.716267
v 1.276620 -0.222040 0.721935
v 1.258484 -0.222040 0.727003
v 1.240148 -0.222040 0.731475
v 1.221620 -0.222040 0.735351
v 1.202896 -0.222040 0.738631
v 1.183972 -0.222040 0.741315
v 1.164855 -0.222040 0.743403
v 1.145540 -0.222040 0.744895
v 1.126032 -0.222040 0.745791
v 1.106324 -0.222040 0.746087
v 1.075312 -0.222040 0.745347
v 1.045412 -0.222040 0.743131
v 1.016620 -0.222040 0.739435
v 0.988940 -0.222040 0.734259
v 0.962372 -0.222040 0.727603
v 0.936916 -0.222040 0.719471
v 0.912568 -0.222040 0.709859
v 0.889332 -0.222040 0.698767
v 0.867208 -0.222040 0.686199
v 0.846196 -0.222040 0.672151
v 0.826292 -0.222040 0.656623
v 0.807504 -0.222040 0.639619
v 0.790028 -0.222040 0.621411
v 0.774072 -0.222040 0.602279
v 0.759636 -0.222040 0.582227
v 0.746716 -0.222040 0.561251
v 0.735320 -0.222040 0.539351
v 0.725444 -0.222040 0.516527
v 0.717084 -0.222040 0.492783
v 0.710248 -0.222040 0.468115
v 0.704928 -0.222040 0.442523
v 0.701128 -0.222040 0.416007
v 0.698852 -0.222040 0.388567
v 0.698092 -0.222040 0.360207
v 0.699152 -0.222040 0.328091
v 0.702340 -0.222040 0.297231
v 0.707648 -0.222040 0.267631
v 0.715084 -0.222040 0.239291
v 0.724644 -0.222040 0.212207
v 0.736324 -0.222040 0.186383
v 0.750132 -0.222040 0.161815
v 0.766064 -0.222040 0.138507
v 0.784120 -0.222040 0.116455
v 0.804300 -0.222040 0.095663
v 0.826604 -0.222040 0.076127
v 0.851032 -0.222040 0.057851
v 0.877436 -0.222040 0.040939
v 0.905672 -0.222040 0.025499
v 0.935736 -0.222040 0.011527
v 0.967632 -0.222040 -0.000973
v 1.001360 -0.222040 -0.012001
v 1.036916 -0.222040 -0.021561
v 1.074300 -0.222040 -0.029649
v 1.113516 -0.222040 -0.036265
v 1.154560 -0.222040 -0.041413
v 1.197436 -0.222040 -0.045089
v 1.242144 -0.222040 -0.047293
v 1.288680 -0.222040 -0.048029
v 1.466324 -0.222040 -0.048029
v 1.466324 -0.222040 -0.129205
v 1.465820 -0.222040 -0.148925
v 1.464300 -0.222040 -0.167685
v 1.461768 -0.222040 -0.185493
v 1.458220 -0.222040 -0.202345
v 1.453664 -0.222040 -0.218237
v 1.448092 -0.222040 -0.233177
v 1.441504 -0.222040 -0.247161
v 1.433908 -0.222040 -0.260185
v 1.425296 -0.222040 -0.272257
v 1.415672 -0.222040 -0.283373
v 1.405035 -0.222040 -0.293533
v 1.393384 -0.222040 -0.302737
v 1.380828 -0.222040 -0.311097
v 1.367468 -0.222040 -0.318733
v 1.353312 -0.222040 -0.325641
v 1.338352 -0.222040 -0.331821
v 1.322592 -0.222040 -0.337273
v 1.306032 -0.222040 -0.342001
v 1.288668 -0.222040 -0.346001
v 1.270508 -0.222040 -0.349273
v 1.251544 -0.222040 -0.351817
v 1.231784 -0.222040 -0.353633
v 1.211220 -0.222040 -0.354725
v 1.189856 -0.222040 -0.355089
v 1.179480 -0.222040 -0.354977
v 1.168744 -0.222040 -0.354649
v 1.157648 -0.222040 -0.354097
v 1.146196 -0.222040 -0.353325
v 1.134380 -0.222040 -0.352333
v 1.122208 -0.222040 -0.351117
v 1.109676 -0.222040 -0.349685
v 1.096784 -0.222040 -0.348029
v 1.083532 -0.222040 -0.346153
v 1.069920 -0.222040 -0.344061
v 1.055948 -0.222040 -0.341745
v 1.041620 -0.222040 -0.339205
v 1.027052 -0.222040 -0.336441
v 1.012372 -0.222040 -0.333437
v 0.997576 -0.222040 -0.330201
v 0.982664 -0.222040 -0.326721
v 0.967640 -0.222040 -0.323009
v 0.952504 -0.222040 -0.319061
v 0.937248 -0.222040 -0.314873
v 0.921880 -0.222040 -0.310449
v 0.906400 -0.222040 -0.305789
v 0.890804 -0.222040 -0.300889
v 0.875092 -0.222040 -0.295753
v 0.859268 -0.222040 -0.290381
v 0.794560 -0.222040 -0.476265
v 0.813940 -0.222040 -0.483361
v 0.833252 -0.222040 -0.490137
v 0.852504 -0.222040 -0.496597
v 0.871684 -0.222040 -0.502737
v 0.890804 -0.222040 -0.508557
v 0.909856 -0.222040 -0.514061
v 0.928844 -0.222040 -0.519245
v 0.947764 -0.222040 -0.524109
v 0.966619 -0.222040 -0.528653
v 0.985412 -0.222040 -0.532881
v 1.004136 -0.222040 -0.536793
v 1.022796 -0.222040 -0.540381
v 1.041308 -0.222040 -0.543673
v 1.059592 -0.222040 -0.546673
v 1.077648 -0.222040 -0.549389
v 1.095476 -0.222040 -0.551821
v 1.113076 -0.222040 -0.553965
v 1.130444 -0.222040 -0.555825
v 1.147583 -0.222040 -0.557397
v 1.164495 -0.222040 -0.558685
v 1.181180 -0.222040 -0.559685
v 1.197632 -0.222040 -0.560401
v 1.213860 -0.222040 -0.560829
v 1.229856 -0.222040 -0.560973
v 1.270544 -0.222040 -0.560205
v 1.309480 -0.222040 -0.557901
v 1.346656 -0.222040 -0.554061
v 1.382076 -0.222040 -0.548685
v 1.415740 -0.222040 -0.541773
v 1.447648 -0.222040 -0.533325
v 1.477800 -0.222040 -0.523341
v 1.506196 -0.222040 -0.511821
v 1.532832 -0.222040 -0.498765
v 1.557716 -0.222040 -0.484173
v 1.580840 -0.222040 -0.468045
v 1.602208 -0.222040 -0.450381
v 1.621844 -0.222040 -0.431365
v 1.639772 -0.222040 -0.411169
v 1.655996 -0.222040 -0.389793
v 1.670508 -0.222040 -0.367245
v 1.683316 -0.222040 -0.343521
v 1.694416 -0.222040 -0.318617
v 1.703804 -0.222040 -0.292541
v 1.711488 -0.222040 -0.265285
v 1.717463 -0.222040 -0.236853
v 1.721735 -0.222040 -0.207245
v 1.724296 -0.222040 -0.176461
v 1.725148 -0.222040 -0.144501
v 1.186324 -0.222040 0.551971
v 1.199636 -0.222040 0.551675
v 1.212896 -0.222040 0.550795
v 1.226104 -0.222040 0.549323
v 1.239268 -0.222040 0.547263
v 1.252380 -0.222040 0.544619
v 1.265444 -0.222040 0.541383
v 1.278460 -0.222040 0.537559
v 1.291424 -0.222040 0.533147
v 1.304340 -0.222040 0.528147
v 1.317208 -0.222040 0.522559
v 1.330028 -0.222040 0.516383
v 1.342796 -0.222040 0.509619
v 1.355336 -0.222040 0.502323
v 1.367468 -0.222040 0.494551
v 1.379192 -0.222040 0.486307
v 1.390508 -0.222040 0.477591
v 1.401416 -0.222040 0.468399
v 1.411911 -0.222040 0.458735
v 1.422004 -0.222040 0.448595
v 1.431684 -0.222040 0.437983
v 1.440956 -0.222040 0.426895
v 1.449824 -0.222040 0.415335
v 1.458276 -0.222040 0.403303
v 1.466324 -0.222040 0.390795
v 1.466324 -0.222040 0.116675
v 1.320444 -0.222040 0.116675
v 1.290200 -0.222040 0.117103
v 1.261424 -0.222040 0.118391
v 1.234120 -0.222040 0.120535
v 1.208288 -0.222040 0.123539
v 1.183924 -0.222040 0.127399
v 1.161032 -0.222040 0.132119
v 1.139612 -0.222040 0.137695
v 1.119660 -0.222040 0.144127
v 1.101180 -0.222040 0.151419
v 1.084167 -0.222040 0.159567
v 1.068632 -0.222040 0.168575
v 1.054560 -0.222040 0.178439
v 1.041784 -0.222040 0.189059
v 1.030116 -0.222040 0.200319
v 1.019560 -0.222040 0.212227
v 1.010116 -0.222040 0.224779
v 1.001784 -0.222040 0.237979
v 0.994560 -0.222040 0.251823
v 0.988448 -0.222040 0.266311
v 0.983448 -0.222040 0.281447
v 0.979560 -0.222040 0.297227
v 0.976784 -0.222040 0.313655
v 0.975116 -0.222040 0.330723
v 0.974560 -0.222040 0.348439
v 0.976032 -0.222040 0.380947
v 0.980443 -0.222040 0.410631
v 0.987796 -0.222040 0.437483
v 0.998092 -0.222040 0.461511
v 1.011324 -0.222040 0.482715
v 1.027500 -0.222040 0.501087
v 1.046620 -0.222040 0.516635
v 1.068680 -0.222040 0.529355
v 1.093680 -0.222040 0.539251
v 1.121620 -0.222040 0.546315
v 1.152503 -0.222040 0.550555
v 0.640444 -0.222040 -0.439793
v 0.639700 -0.222040 -0.410277
v 0.637468 -0.222040 -0.381721
v 0.633752 -0.222040 -0.354133
v 0.628548 -0.222040 -0.327505
v 0.621856 -0.222040 -0.301845
v 0.613680 -0.222040 -0.277149
v 0.604012 -0.222040 -0.253413
v 0.592860 -0.222040 -0.230645
v 0.580224 -0.222040 -0.208837
v 0.566096 -0.222040 -0.187997
v 0.550484 -0.222040 -0.168121
v 0.533384 -0.222040 -0.149205
v 0.515208 -0.222040 -0.131225
v 0.496360 -0.222040 -0.114141
v 0.476840 -0.222040 -0.097957
v 0.456652 -0.222040 -0.082669
v 0.435796 -0.222040 -0.068285
v 0.414268 -0.222040 -0.054793
v 0.392068 -0.222040 -0.042205
v 0.369200 -0.222040 -0.030513
v 0.345664 -0.222040 -0.019721
v 0.321456 -0.222040 -0.009829
v 0.296580 -0.222040 -0.000833
v 0.271032 -0.222040 0.007263
v 0.731032 -0.222040 0.714323
v 0.413384 -0.222040 0.714323
v 0.005148 -0.222040 0.046087
v -0.172496 -0.222040 0.046087
v -0.172496 -0.222040 0.714323
v -0.445440 -0.222040 0.714323
v -0.445440 -0.222040 -0.909205
v 0.007504 -0.222040 -0.909205
v 0.058412 -0.222040 -0.908393
v 0.107224 -0.222040 -0.905953
v 0.153936 -0.222040 -0.901889
v 0.198548 -0.222040 -0.896201
v 0.241060 -0.222040 -0.888885
v 0.281472 -0.222040 -0.879941
v 0.319784 -0.222040 -0.869373
v 0.356000 -0.222040 -0.857181
v 0.390112 -0.222040 -0.843361
v 0.422128 -0.222040 -0.827917
v 0.452040 -0.222040 -0.810845
v 0.479856 -0.222040 -0.792149
v 0.505504 -0.222040 -0.771817
v 0.528924 -0.222040 -0.749845
v 0.550112 -0.222040 -0.726229
v 0.569072 -0.222040 -0.700973
v 0.585800 -0.222040 -0.674073
v 0.600296 -0.222040 -0.645529
v 0.612564 -0.222040 -0.615345
v 0.622600 -0.222040 -0.583521
v 0.630408 -0.222040 -0.550053
v 0.635984 -0.222040 -0.514941
v 0.639328 -0.222040 -0.478189
v 0.354560 -0.222040 -0.439793
v 0.353988 -0.222040 -0.462781
v 0.352272 -0.222040 -0.484681
v 0.349412 -0.222040 -0.505493
v 0.345412 -0.222040 -0.525221
v 0.340264 -0.222040 -0.543857
v 0.333972 -0.222040 -0.561413
v 0.326540 -0.222040 -0.577877
v 0.317960 -0.222040 -0.593257
v 0.308236 -0.222040 -0.607553
v 0.297372 -0.222040 -0.620757
v 0.285360 -0.222040 -0.632877
v 0.272208 -0.222040 -0.643913
v 0.257896 -0.222040 -0.653965
v 0.242404 -0.222040 -0.663145
v 0.225736 -0.222040 -0.671449
v 0.207896 -0.222040 -0.678881
v 0.188876 -0.222040 -0.685437
v 0.168680 -0.222040 -0.691117
v 0.147308 -0.222040 -0.695925
v 0.124756 -0.222040 -0.699861
v 0.101032 -0.222040 -0.702921
v 0.076132 -0.222040 -0.705105
v 0.050052 -0.222040 -0.706417
v 0.022796 -0.222040 -0.706853
v -0.172496 -0.222040 -0.706853
v -0.172496 -0.222040 -0.153913
v 0.028680 -0.222040 -0.153913
v 0.054076 -0.222040 -0.154373
v 0.078500 -0.222040 -0.155757
v 0.101952 -0.222040 -0.158065
v 0.124432 -0.222040 -0.161297
v 0.145936 -0.222040 -0.165453
v 0.166472 -0.222040 -0.170529
v 0.186036 -0.222040 -0.176529
v 0.204628 -0.222040 -0.183453
v 0.222244 -0.222040 -0.191301
v 0.238892 -0.222040 -0.200073
v 0.254564 -0.222040 -0.209765
v 0.269268 -0.222040 -0.220381
v 0.282892 -0.222040 -0.232061
v 0.295328 -0.222040 -0.244941
v 0.306584 -0.222040 -0.259021
v 0.316652 -0.222040 -0.274305
v 0.325536 -0.222040 -0.290789
v 0.333236 -0.222040 -0.308473
v 0.339752 -0.222040 -0.327357
v 0.345084 -0.222040 -0.347441
v 0.349232 -0.222040 -0.368729
v 0.352192 -0.222040 -0.391217
v 0.353968 -0.222040 -0.414905
v -0.553672 -0.222040 -0.528029
v -1.056028 -0.222040 0.027263
v -0.500732 -0.222040 0.714323
v -0.823084 -0.222040 0.714323
v -1.357204 -0.222040 0.034323
v -0.860732 -0.222040 -0.528029
v -1.376028 -0.222040 -1.056265
v -1.376028 -0.222040 0.714323
v -1.639556 -0.222040 0.714323
v -1.639556 -0.222040 -1.026853
v -2.357204 -0.222040 0.455499
v -1.968968 -0.222040 -0.909205
v -1.692496 -0.222040 -0.909205
v -2.206616 -0.222040 0.714323
v -2.519556 -0.222040 0.714323
v -3.033672 -0.222040 -0.909205
v -2.741908 -0.222040 -0.909205
v 3.074560 0.222040 -0.528029
v 2.646324 0.222040 0.719027
v 2.638100 0.222040 0.742331
v 2.629496 0.222040 0.765171
v 2.620516 0.222040 0.787559
v 2.611164 0.222040 0.809487
v 2.601432 0.222040 0.830955
v 2.591324 0.222040 0.851971
v 2.580844 0.222040 0.872527
v 2.569983 0.222040 0.892623
v 2.558752 0.222040 0.912263
v 2.547144 0.222040 0.931447
v 2.535156 0.222040 0.950171
v 2.522796 0.222040 0.968439
v 2.509952 0.222040 0.986183
v 2.496520 0.222040 1.003327
v 2.482500 0.222040 1.019875
v 2.467892 0.222040 1.035827
v 2.452700 0.222040 1.051183
v 2.436912 0.222040 1.065939
v 2.420540 0.222040 1.080103
v 2.403580 0.222040 1.093671
v 2.386032 0.222040 1.106639
v 2.367892 0.222040 1.119011
v 2.349168 0.222040 1.130791
v 2.329856 0.222040 1.141971
v 2.309856 0.222040 1.152507
v 2.289072 0.222040 1.162347
v 2.267500 0.222040 1.171491
v 2.245148 0.222040 1.179943
v 2.222012 0.222040 1.187703
v 2.198092 0.222040 1.194763
v 2.173384 0.222040 1.201131
v 2.147896 0.222040 1.206807
v 2.121620 0.222040 1.211787
v 2.094560 0.222040 1.216071
v 2.066716 0.222040 1.219663
v 2.038092 0.222040 1.222559
v 2.003972 0.222040 1.024911
v 2.024596 0.222040 1.021451
v 2.044512 0.222040 1.017739
v 2.063716 0.222040 1.013771
v 2.082208 0.222040 1.009551
v 2.099988 0.222040 1.005079
v 2.117060 0.222040 1.000351
v 2.133420 0.222040 0.995371
v 2.149072 0.222040 0.990139
v 2.164008 0.222040 0.984655
v 2.178236 0.222040 0.978915
v 2.191756 0.222040 0.972923
v 2.204560 0.222040 0.966675
v 2.216800 0.222040 0.960139
v 2.228611 0.222040 0.953279
v 2.240000 0.222040 0.946087
v 2.250964 0.222040 0.938571
v 2.261504 0.222040 0.930727
v 2.271620 0.222040 0.922559
v 2.281308 0.222040 0.914063
v 2.290572 0.222040 0.905239
v 2.299412 0.222040 0.896087
v 2.307827 0.222040 0.886611
v 2.315820 0.222040 0.876807
v 2.323384 0.222040 0.866675
v 2.330667 0.222040 0.856183
v 2.337811 0.222040 0.845287
v 2.344820 0.222040 0.833991
v 2.351684 0.222040 0.822295
v 2.358412 0.222040 0.810203
v 2.365000 0.222040 0.797707
v 2.371452 0.222040 0.784811
v 2.377764 0.222040 0.771511
v 2.383936 0.222040 0.757815
v 2.389968 0.222040 0.743719
v 2.395864 0.222040 0.729219
v 2.401620 0.222040 0.714323
v 2.312208 0.222040 0.714323
v 1.893384 0.222040 -0.528029
v 2.173384 0.222040 -0.528029
v 2.486324 0.222040 0.530795
v 2.803972 0.222040 -0.528029
v 1.725148 0.222040 0.409619
v 1.725304 0.222040 0.421683
v 1.725772 0.222040 0.433179
v 1.726548 0.222040 0.444103
v 1.727632 0.222040 0.454455
v 1.729032 0.222040 0.464235
v 1.730736 0.222040 0.473439
v 1.732756 0.222040 0.482075
v 1.735084 0.222040 0.490139
v 1.737724 0.222040 0.497631
v 1.740672 0.222040 0.504551
v 1.743932 0.222040 0.510899
v 1.747504 0.222040 0.516675
v 1.751416 0.222040 0.522051
v 1.755704 0.222040 0.527199
v 1.760368 0.222040 0.532119
v 1.765412 0.222040 0.536807
v 1.770828 0.222040 0.541267
v 1.776620 0.222040 0.545499
v 1.782788 0.222040 0.549503
v 1.789332 0.222040 0.553279
v 1.796252 0.222040 0.556823
v 1.803548 0.222040 0.560139
v 1.811220 0.222040 0.563227
v 1.819268 0.222040 0.566087
v 1.760444 0.222040 0.744911
v 1.745324 0.222040 0.742943
v 1.730556 0.222040 0.740563
v 1.716140 0.222040 0.737779
v 1.702075 0.222040 0.734583
v 1.688364 0.222040 0.730983
v 1.675000 0.222040 0.726971
v 1.661992 0.222040 0.722551
v 1.649332 0.222040 0.717723
v 1.637024 0.222040 0.712483
v 1.625068 0.222040 0.706839
v 1.613460 0.222040 0.700787
v 1.602208 0.222040 0.694323
v 1.591364 0.222040 0.687371
v 1.580984 0.222040 0.679847
v 1.571068 0.222040 0.671751
v 1.561620 0.222040 0.663083
v 1.552636 0.222040 0.653839
v 1.544120 0.222040 0.644027
v 1.536067 0.222040 0.633643
v 1.528484 0.222040 0.622691
v 1.521364 0.222040 0.611163
v 1.514708 0.222040 0.599063
v 1.508520 0.222040 0.586391
v 1.502796 0.222040 0.573147
v 1.491172 0.222040 0.587351
v 1.479040 0.222040 0.600939
v 1.466400 0.222040 0.613919
v 1.453256 0.222040 0.626283
v 1.439604 0.222040 0.638035
v 1.425444 0.222040 0.649175
v 1.410779 0.222040 0.659703
v 1.395607 0.222040 0.669619
v 1.379928 0.222040 0.678919
v 1.363744 0.222040 0.687607
v 1.347052 0.222040 0.695683
v 1.329856 0.222040 0.703147
v 1.312308 0.222040 0.710007
v 1.294559 0.222040 0.716267
v 1.276620 0.222040 0.721935
v 1.258484 0.222040 0.727003
v 1.240148 0.222040 0.731475
v 1.221620 0.222040 0.735351
v 1.202896 0.222040 0.738631
v 1.183972 0.222040 0.741315
v 1.164855 0.222040 0.743403
v 1.145540 0.222040 0.744895
v 1.126032 0.222040 0.745791
v 1.106324 0.222040 0.746087
v 1.075312 0.222040 0.745347
v 1.045412 0.222040 0.743131
v 1.016620 0.222040 0.739435
v 0.988940 0.222040 0.734259
v 0.962372 0.222040 0.727603
v 0.936916 0.222040 0.719471
v 0.912568 0.222040 0.709859
v 0.889332 0.222040 0.698767
v 0.867208 0.222040 0.686199
v 0.846196 0.222040 0.672151
v 0.826292 0.222040 0.656623
v 0.807504 0.222040 0.639619
v 0.790028 0.222040 0.621411
v 0.774072 0.222040 0.602279
v 0.759636 0.222040 0.582227
v 0.746716 0.222040 0.561251
v 0.735320 0.222040 0.539351
v 0.725444 0.222040 0.516527
v 0.717084 0.222040 0.492783
v 0.710248 0.222040 0.468115
v 0.704928 0.222040 0.442523
v 0.701128 0.222040 0.416007
v 0.698852 0.222040 0.388567
v 0.698092 0.222040 0.360207
v 0.699152 0.222040 0.328091
v 0.702340 0.222040 0.297231
v 0.707648 0.222040 0.267631
v 0.715084 0.222040 0.239291
v 0.724644 0.222040 0.212207
v 0.736324 0.222040 0.186383
v 0.750132 0.222040 0.161815
v 0.766064 0.222040 0.138507
v 0.784120 0.222040 0.116455
v 0.804300 0.222040 0.095663
v 0.826604 0.222040 0.076127
v 0.851032 0.222040 0.057851
v 0.877436 0.222040 0.040939
v 0.905672 0.222040 0.025499
v 0.935736 0.222040 0.011527
v 0.967632 0.222040 -0.000973
v 1.001360 0.222040 -0.012001
v 1.036916 0.222040 -0.021561
v 1.074300 0.222040 -0.029649
v 1.113516 0.222040 -0.036265
v 1.154560 0.222040 -0.041413
v 1.197436 0.222040 -0.045089
v 1.242144 0.222040 -0.047293
v 1.288680 0.222040 -0.048029
v 1.466324 0.222040 -0.048029
v 1.466324 0.222040 -0.129205
v 1.465820 0.222040 -0.148925
v 1.464300 0.222040 -0.167685
v 1.461768 0.222040 -0.185493
v 1.458220 0.222040 -0.202345
v 1.453664 0.222040 -0.218237
v 1.448092 0.222040 -0.233177
v 1.441504 0.222040 -0.247161
v 1.433908 0.222040 -0.260185
v 1.425296 0.222040 -0.272257
v 1.415672 0.222040 -0.283373
v 1.405035 0.222040 -0.293533
v 1.393384 0.222040 -0.302737
v 1.380828 0.222040 -0.311097
v 1.367468 0.222040 -0.318733
v 1.353312 0.222040 -0.325641
v 1.338352 0.222040 -0.331821
v 1.322592 0.222040 -0.337273
v 1.306032 0.222040 -0.342001
v 1.288668 0.222040 -0.346001
v 1.270508 0.222040 -0.349273
v 1.251544 0.222040 -0.351817
v 1.231784 0.222040 -0.353633
v 1.211220 0.222040 -0.354725
v 1.189856 0.222040 -0.355089
v 1.179480 0.222040 -0.354977
v 1.168744 0.222040 -0.354649
v 1.157648 0.222040 -0.354097
v 1.146196 0.222040 -0.353325
v 1.134380 0.222040 -0.352333
v 1.122208 0.222040 -0.351117
v 1.109676 0.222040 -0.349685
v 1.096784 0.222040 -0.348029
v 1.083532 0.222040 -0.346153
v 1.069920 0.222040 -0.344061
v 1.055948 0.222040 -0.341745
v 1.041620 0.222040 -0.339205
v 1.027052 0.222040 -0.336441
v 1.012372 0.222040 -0.333437
v 0.997576 0.222040 -0.330201
v 0.982664 0.222040 -0.326721
v 0.967640 0.222040 -0.323009
v 0.952504 0.222040 -0.319061
v 0.937248 0.222040 -0.314873
v 0.921880 0.222040 -0.310449
v 0.906400 0.222040 -0.305789
v 0.890804 0.222040 -0.300889
v 0.875092 0.222040 -0.295753
v 0.859268 0.222040 -0.290381
v 0.794560 0.222040 -0.476265
v 0.813940 0.222040 -0.483361
v 0.833252 0.222040 -0.490137
v 0.852504 0.222040 -0.496597
v 0.871684 0.222040 -0.502737
v 0.890804 0.222040 -0.508557
v 0.909856 0.222040 -0.514061
v 0.928844 0.222040 -0.519245
v 0.947764 0.222040 -0.524109
v 0.966619 0.222040 -0.528653
v 0.985412 0.222040 -0.532881
v 1.004136 0.222040 -0.536793
v 1.022796 0.222040 -0.540381
v 1.041308 0.222040 -0.543673
v 1.059592 0.222040 -0.546673
v 1.077648 0.222040 -0.549389
v 1.095476 0.222040 -0.551821
v 1.113076 0.222040 -0.553965
v 1.130444 0.222040 -0.555825
v 1.147583 0.222040 -0.557397
v 1.164495 0.222040 -0.558685
v 1.181180 0.222040 -0.559685
v 1.197632 0.222040 -0.560401
v 1.213860 0.222040 -0.560829
v 1.229856 0.222040 -0.560973
v 1.270544 0.222040 -0.560205
v 1.309480 0.222040 -0.557901
v 1.346656 0.222040 -0.554061
v 1.382076 0.222040 -0.548685
v 1.415740 0.222040 -0.541773
v 1.447648 0.222040 -0.533325
v 1.477800 0.222040 -0.523341
v 1.506196 0.222040 -0.511821
v 1.532832 0.222040 -0.498765
v 1.557716 0.222040 -0.484173
v 1.580840 0.222040 -0.468045
v 1.602208 0.222040 -0.450381
v 1.621844 0.222040 -0.431365
v 1.639772 0.222040 -0.411169
v 1.655996 0.222040 -0.389793
v 1.670508 0.222040 -0.367245
v 1.683316 0.222040 -0.343521
v 1.694416 0.222040 -0.318617
v 1.703804 0.222040 -0.292541
v 1.711488 0.222040 -0.265285
v 1.717463 0.222040 -0.236853
v 1.721735 0.222040 -0.207245
v 1.724296 0.222040 -0.176461
v 1.725148 0.222040 -0.144501
v 1.186324 0.222040 0.551971
v 1.199636 0.222040 0.551675
v 1.212896 0.222040 0.550795
v 1.226104 0.222040 0.549323
v 1.239268 0.222040 0.547263
v 1.252380 0.222040 0.544619
v 1.265444 0.222040 0.541383
v 1.278460 0.222040 0.537559
v 1.291424 0.222040 0.533147
v 1.304340 0.222040 0.528147
v 1.317208 0.222040 0.522559
v 1.330028 0.222040 0.516383
v 1.342796 0.222040 0.509619
v 1.355336 0.222040 0.502323
v 1.367468 0.222040 0.494551
v 1.379192 0.222040 0.486307
v 1.390508 0.222040 0.477591
v 1.401416 0.222040 0.468399
v 1.411911 0.222040 0.458735
v 1.422004 0.222040 0.448595
v 1.431684 0.222040 0.437983
v 1.440956 0.222040 0.426895
v 1.449824 0.222040 0.415335
v 1.458276 0.222040 0.403303
v 1.466324 0.222040 0.390795
v 1.466324 0.222040 0.116675
v 1.320444 0.222040 0.116675
v 1.290200 0.222040 0.117103
v 1.261424 0.222040 0.118391
v 1.234120 0.222040 0.120535
v 1.208288 0.222040 0.123539
v 1.183924 0.222040 0.127399
v 1.161032 0.222040 0.132119
v 1.139612 0.222040 0.137695
v 1.119660 0.222040 0.144127
v 1.101180 0.222040 0.151419
v 1.084167 0.222040 0.159567
v 1.068632 0.222040 0.168575
v 1.054560 0.222040 0.178439
v 1.041784 0.222040 0.189059
v 1.030116 0.222040 0.200319
v 1.019560 0.222040 0.212227
v 1.010116 0.222040 0.224779
v 1.001784 0.222040 0.237979
v 0.994560 0.222040 0.251823
v 0.988448 0.222040 0.266311
v 0.983448 0.222040 0.281447
v 0.979560 0.222040 0.297227
v 0.976784 0.222040 0.313655
v 0.975116 0.222040 0.330723
v 0.974560 0.222040 0.348439
v 0.976032 0.222040 0.380947
v 0.980443 0.222040 0.410631
v 0.987796 0.222040 0.437483
v 0.998092 0.222040 0.461511
v 1.011324 0.222040 0.482715
v 1.027500 0.222040 0.501087
v 1.046620 0.222040 0.516635
v 1.068680 0.222040 0.529355
v 1.093680 0.222040 0.539251
v 1.121620 0.222040 0.546315
v 1.152503 0.222040 0.550555
v 0.640444 0.222040 -0.439793
v 0.639700 0.222040 -0.410277
v 0.637468 0.222040 -0.381721
v 0.633752 0.222040 -0.354133
v 0.628548 0.222040 -0.327505
v 0.621856 0.222040 -0.301845
v 0.613680 0.222040 -0.277149
v 0.604012 0.222040 -0.253413
v 0.592860 0.222040 -0.230645
v 0.580224 0.222040 -0.208837
v 0.566096 0.222040 -0.187997
v 0.550484 0.222040 -0.168121
v 0.533384 0.222040 -0.149205
v 0.515208 0.222040 -0.131225
v 0.496360 0.222040 -0.114141
v 0.476840 0.222040 -0.097957
v 0.456652 0.222040 -0.082669
v 0.435796 0.222040 -0.068285
v 0.414268 0.222040 -0.054793
v 0.392068 0.222040 -0.042205
v 0.369200 0.222040 -0.030513
v 0.345664 0.222040 -0.019721
v 0.321456 0.222040 -0.009829
v 0.296580 0.222040 -0.000833
v 0.271032 0.222040 0.007263
v 0.731032 0.222040 0.714323
v 0.413384 0.222040 0.714323
v 0.005148 0.222040 0.046087
v -0.172496 0.222040 0.046087
v -0.172496 0.222040 0.714323
v -0.445440 0.222040 0.714323
v -0.445440 0.222040 -0.909205
v 0.007504 0.222040 -0.909205
v 0.058412 0.222040 -0.908393
v 0.107224 0.222040 -0.905953
v 0.153936 0.222040 -0.901889
v 0.198548 0.222040 -0.896201
v 0.241060 0.222040 -0.888885
v 0.281472 0.222040 -0.879941
v 0.319784 0.222040 -0.869373
v 0.356000 0.222040 -0.857181
v 0.390112 0.222040 -0.843361
v 0.422128 0.222040 -0.827917
v 0.452040 0.222040 -0.810845
v 0.479856 0.222040 -0.792149
v 0.505504 0.222040 -0.771817
v 0.528924 0.222040 -0.749845
v 0.550112 0.222040 -0.726229
v 0.569072 0.222040 -0.700973
v 0.585800 0.222040 -0.674073
v 0.600296 0.222040 -0.645529
v 0.612564 0.222040 -0.615345
v 0.622600 0.222040 -0.583521
v 0.630408 0.222040 -0.550053
v 0.635984 0.222040 -0.514941
v 0.639328 0.222040 -0.478189
v 0.354560 0.222040 -0.439793
v 0.353988 0.222040 -0.462781
v 0.352272 0.222040 -0.484681
v 0.349412 0.222040 -0.505493
v 0.345412 0.222040 -0.525221
v 0.340264 0.222040 -0.543857
v 0.333972 0.222040 -0.561413
v 0.326540 0.222040 -0.577877
v 0.317960 0.222040 -0.593257
v 0.308236 0.222040 -0.607553
v 0.297372 0.222040 -0.620757
v 0.285360 0.222040 -0.632877
v 0.272208 0.222040 -0.643913
v 0.257896 0.222040 -0.653965
v 0.242404 0.222040 -0.663145
v 0.225736 0.222040 -0.671449
v 0.207896 0.222040 -0.678881
v 0.188876 0.222040 -0.685437
v 0.168680 0.222040 -0.691117
v 0.147308 0.222040 -0.695925
v 0.124756 0.222040 -0.699861
v 0.101032 0.222040 -0.702921
v 0.076132 0.222040 -0.705105
v 0.050052 0.222040 -0.706417
v 0.022796 0.222040 -0.706853
v -0.172496 0.222040 -0.706853
v -0.172496 0.222040 -0.153913
v 0.028680 0.222040 -0.153913
v 0.054076 0.222040 -0.154373
v 0.078500 0.222040 -0.155757
v 0.101952 0.222040 -0.158065
v 0.124432 0.222040 -0.161297
v 0.145936 0.222040 -0.165453
v 0.166472 0.222040 -0.170529
v 0.186036 0.222040 -0.176529
v 0.204628 0.222040 -0.183453
v 0.222244 0.222040 -0.191301
v 0.238892 0.222040 -0.200073
v 0.254564 0.222040 -0.209765
v 0.269268 0.222040 -0.220381
v 0.282892 0.222040 -0.232061
v 0.295328 0.222040 -0.244941
v 0.306584 0.222040 -0.259021
v 0.316652 0.222040 -0.274305
v 0.325536 0.222040 -0.290789
v 0.333236 0.222040 -0.308473
v 0.339752 0.222040 -0.327357
v 0.345084 0.222040 -0.347441
v 0.349232 0.222040 -0.368729
v 0.352192 0.222040 -0.391217
v 0.353968 0.222040 -0.414905
v -0.553672 0.222040 -0.528029
v -1.056028 0.222040 0.027263
v -0.500732 0.222040 0.714323
v -0.823084 0.222040 0.714323
v -1.357204 0.222040 0.034323
v -0.860732 0.222040 -0.528029
v -1.376028 0.222040 -1.056265
v -1.376028 0.222040 0.714323
v -1.639556 0.222040 0.714323
v -1.639556 0.222040 -1.026853
v -2.357204 0.222040 0.455499
v -1.968968 0.222040 -0.909205
v -1.692496 0.222040 -0.909205
v -2.206616 0.222040 0.714323
v -2.519556 0.222040 0.714323
v -3.033672 0.222040 -0.909205
v -2.741908 0.222040 -0.909205
vn -0.0000 -1.0000 -0.0000
vn -0.0000 1.0000 -0.0000
vn -0.0000 1.0000 -0.0001
vn -0.0000 1.0000 0.0002
vn -0.0000 1.0000 0.0001
vn -0.0000 1.0000 -0.0002
vn -0.0000 -0.0000 -1.0000
vn 0.2174 -0.0000 0.9761
vn -0.1279 -0.0000 0.9918
vn 0.1862 -0.0000 0.9825
vn 0.5900 -0.0000 -0.8074
vn -0.2404 -0.0000 -0.9707
vn -0.0492 -0.0000 -0.9988
vn 0.1564 -0.0000 0.9877
vn 0.8492 -0.0000 -0.5281
vn 0.1007 -0.0000 0.9949
vn -0.1719 -0.0000 0.9851
vn -0.1977 -0.0000 -0.9803
vn -0.0854 -0.0000 -0.9963
vn 0.1279 -0.0000 0.9918
vn -0.0090 -0.0000 -1.0000
vn -0.2195 -0.0000 0.9756
vn -0.1245 -0.0000 -0.9922
vn 0.5445 -0.0000 -0.8388
vn 0.0189 -0.0000 -0.9998
vn -0.2707 -0.0000 0.9627
vn -0.1664 -0.0000 -0.9861
vn -0.0264 -0.0000 -0.9997
vn 0.1360 -0.0000 -0.9907
vn -0.3259 -0.0000 0.9454
vn -0.1546 -0.0000 -0.9880
vn -0.2115 -0.0000 -0.9774
vn -0.0435 -0.0000 -0.9991
vn -0.3846 -0.0000 0.9231
vn -0.1103 -0.0000 -0.9939
vn -0.2597 -0.0000 -0.9657
vn 0.0591 -0.0000 -0.9983
vn -0.3108 -0.0000 -0.9505
vn -0.0598 -0.0000 -0.9982
vn 0.8916 -0.0000 -0.4528
vn 0.4998 -0.0000 -0.8662
vn -0.4459 -0.0000 0.8951
vn -0.3649 -0.0000 -0.9311
vn -0.0759 -0.0000 -0.9971
vn 0.0418 -0.0000 -0.9991
vn -0.5098 -0.0000 0.8603
vn -0.0662 -0.0000 -0.9978
vn -0.4215 -0.0000 -0.9069
vn 0.1027 -0.0000 -0.9947
vn -0.5748 -0.0000 0.8183
vn -0.0222 -0.0000 -0.9998
vn -0.4798 -0.0000 -0.8774
vn -0.0913 -0.0000 -0.9958
vn -0.5394 -0.0000 -0.8421
vn -0.1065 -0.0000 -0.9943
vn 0.9264 -0.0000 -0.3765
vn -0.6428 -0.0000 0.7660
vn 0.4561 -0.0000 -0.8899
vn -0.5991 -0.0000 -0.8007
vn 0.1501 -0.0000 -0.9887
vn -0.7103 -0.0000 0.7039
vn 0.4138 -0.0000 -0.9104
vn -0.6589 -0.0000 -0.7522
vn -0.1209 -0.0000 -0.9927
vn -0.7722 -0.0000 0.6354
vn 0.3734 -0.0000 -0.9277
vn -0.7176 -0.0000 -0.6965
vn -0.1352 -0.0000 -0.9908
vn -0.1420 -0.0000 -0.9899
vn -0.8514 -0.0000 0.5244
vn -0.7737 -0.0000 -0.6335
vn -0.1553 -0.0000 -0.9879
vn 0.9537 -0.0000 -0.3008
vn -0.8269 -0.0000 0.5624
vn 0.3349 -0.0000 -0.9423
vn 0.0142 -0.0000 0.9999
vn 0.2011 -0.0000 -0.9796
vn -0.8733 -0.0000 0.4872
vn -0.1685 -0.0000 -0.9857
vn -0.0000 -0.0000 1.0000
vn 0.9499 -0.0000 0.3125
vn -1.0000 -0.0000 -0.0000
vn -0.1751 -0.0000 -0.9846
vn 0.9738 -0.0000 -0.2272
vn -0.9114 -0.0000 0.4114
vn 0.7739 -0.0000 0.6333
vn -0.9179 -0.0000 0.3967
vn 0.0447 -0.0000 0.9990
vn 0.2559 -0.0000 -0.9667
vn -0.9414 -0.0000 0.3374
vn -0.1888 -0.0000 -0.9820
vn -0.8116 -0.0000 0.5843
vn 0.0783 -0.0000 0.9969
vn -0.2042 -0.0000 -0.9789
vn 0.9876 -0.0000 -0.1568
vn -0.8986 -0.0000 0.4388
vn 0.1155 -0.0000 0.9933
vn -0.9639 -0.0000 0.2663
vn 0.1565 -0.0000 0.9877
vn 0.3143 -0.0000 -0.9493
vn -0.9800 -0.0000 0.1992
vn 0.7459 -0.0000 0.6660
vn -0.2195 -0.0000 -0.9756
vn -0.8762 -0.0000 0.4820
vn 0.2019 -0.0000 0.9794
vn -0.2343 -0.0000 -0.9722
vn 0.9959 -0.0000 -0.0906
vn 0.2519 -0.0000 0.9677
vn -0.9907 -0.0000 0.1361
vn 0.7164 -0.0000 0.6977
vn -0.2490 -0.0000 -0.9685
vn -0.7680 -0.0000 0.6405
vn 0.3068 -0.0000 0.9518
vn -0.9969 -0.0000 0.0781
vn -0.8256 -0.0000 -0.5643
vn -0.8508 -0.0000 0.5255
vn 0.3759 -0.0000 -0.9266
vn -0.2634 -0.0000 -0.9647
vn -0.9476 -0.0000 0.3195
vn 0.9996 -0.0000 -0.0291
vn 0.3670 -0.0000 0.9302
vn -0.9997 -0.0000 0.0249
vn 0.6852 -0.0000 0.7284
vn -0.2775 -0.0000 -0.9607
vn -0.7215 -0.0000 0.6925
vn 0.4320 -0.0000 0.9019
vn -0.9997 -0.0000 -0.0238
vn 0.9590 -0.0000 -0.2834
vn -0.8221 -0.0000 0.5693
vn 0.5016 -0.0000 0.8651
vn 0.4401 -0.0000 -0.8979
vn -0.9578 -0.0000 -0.2873
vn -0.8717 -0.0000 -0.4900
vn -0.2912 -0.0000 -0.9567
vn -0.2980 -0.0000 -0.9546
vn 0.9997 -0.0000 0.0252
vn -0.9972 -0.0000 -0.0748
vn 0.6524 -0.0000 0.7579
vn -0.3115 -0.0000 -0.9502
vn -0.7902 -0.0000 0.6128
vn 0.5740 -0.0000 0.8189
vn 0.9444 -0.0000 0.3288
vn 0.9458 -0.0000 0.3248
vn 0.9970 -0.0000 0.0779
vn 0.6392 -0.0000 0.7690
vn 0.5058 -0.0000 -0.8626
vn -0.9914 -0.0000 -0.1308
vn 0.6183 -0.0000 0.7859
vn -0.9111 -0.0000 -0.4121
vn -0.3246 -0.0000 -0.9458
vn -0.6710 -0.0000 0.7414
vn -0.9328 -0.0000 -0.3605
vn -0.3375 -0.0000 -0.9413
vn 0.9911 -0.0000 0.1335
vn -0.7552 -0.0000 0.6555
vn 0.6944 -0.0000 0.7196
vn -0.9815 -0.0000 -0.1913
vn 0.9430 -0.0000 0.3328
vn 0.7483 -0.0000 0.6633
vn 0.5721 -0.0000 -0.8202
vn -0.9264 -0.0000 -0.3767
vn 0.5832 -0.0000 0.8123
vn -0.9430 -0.0000 -0.3329
vn -0.3438 -0.0000 -0.9390
vn 0.9814 -0.0000 0.1918
vn -0.7171 -0.0000 0.6970
vn -0.9665 -0.0000 -0.2566
vn -0.9444 -0.0000 0.3288
vn 0.9358 -0.0000 0.3525
vn -0.6151 -0.0000 0.7884
vn 0.7991 -0.0000 0.6012
vn 0.3215 -0.0000 0.9469
vn 0.3161 -0.0000 0.9487
vn -0.9194 -0.0000 -0.3934
vn 0.9676 -0.0000 0.2524
vn 0.8456 -0.0000 0.5338
vn 0.3052 -0.0000 0.9523
vn -0.9117 -0.0000 -0.4109
vn -0.9453 -0.0000 -0.3262
vn 0.5471 -0.0000 0.8371
vn -0.6760 -0.0000 0.7369
vn 0.8866 -0.0000 0.4626
vn 0.2940 -0.0000 0.9558
vn -0.9169 -0.0000 -0.3992
vn -0.9673 -0.0000 -0.2538
vn 0.9281 -0.0000 0.3723
vn 0.2825 -0.0000 0.9593
vn -0.9034 -0.0000 -0.4287
vn 0.5101 -0.0000 0.8601
vn 0.9493 -0.0000 0.3143
vn -0.6324 -0.0000 0.7746
vn 0.9214 -0.0000 0.3887
vn 0.2707 -0.0000 0.9627
vn -0.8943 -0.0000 -0.4474
vn -0.8803 -0.0000 -0.4744
vn -0.5558 -0.0000 0.8313
vn 0.9495 -0.0000 0.3137
vn 0.2586 -0.0000 0.9660
vn -0.9843 -0.0000 -0.1765
vn 0.9198 -0.0000 0.3923
vn 0.9261 -0.0000 0.3772
vn 0.2461 -0.0000 0.9692
vn -0.8846 -0.0000 -0.4664
vn -0.8351 -0.0000 -0.5501
vn 0.4730 -0.0000 0.8811
vn -0.5869 -0.0000 0.8097
vn 0.9710 -0.0000 0.2392
vn 0.2336 -0.0000 0.9723
vn -0.7811 -0.0000 -0.6244
vn 0.9108 -0.0000 0.4129
vn -0.4939 -0.0000 0.8695
vn 0.9860 -0.0000 0.1666
vn -0.8738 -0.0000 -0.4862
vn -0.9947 -0.0000 -0.1028
vn 0.2205 -0.0000 0.9754
vn 0.8981 -0.0000 0.4399
vn -0.5397 -0.0000 0.8418
vn -0.8624 -0.0000 -0.5061
vn -0.7191 -0.0000 -0.6949
vn 0.2071 -0.0000 0.9783
vn 0.9953 -0.0000 0.0973
vn -0.6509 -0.0000 -0.7592
vn 0.4355 -0.0000 0.9002
vn -0.9995 -0.0000 -0.0330
vn 0.2005 -0.0000 0.9797
vn 0.9012 -0.0000 0.4334
vn -0.4978 -0.0000 0.8673
vn -0.8497 -0.0000 -0.5272
vn 0.8652 -0.0000 0.5013
vn 0.9995 -0.0000 0.0314
vn 0.6371 -0.0000 -0.7707
vn -0.8363 -0.0000 -0.5483
vn -0.5854 -0.0000 -0.8108
vn 0.3982 -0.0000 0.9173
vn 0.1864 -0.0000 0.9825
vn 0.1805 -0.0000 0.9836
vn -0.4308 -0.0000 0.9024
vn 0.9990 -0.0000 -0.0452
vn -0.5260 -0.0000 -0.8505
vn -0.9996 -0.0000 0.0268
vn 0.1690 -0.0000 0.9856
vn 0.8909 -0.0000 0.4542
vn -0.4623 -0.0000 0.8867
vn -0.8215 -0.0000 -0.5703
vn 0.1634 -0.0000 0.9866
vn 0.8277 -0.0000 0.5611
vn 0.9891 -0.0000 -0.1470
vn -0.8011 -0.0000 -0.5985
vn -0.4662 -0.0000 -0.8847
vn 0.3641 -0.0000 0.9314
vn -0.9966 -0.0000 0.0827
vn -0.4269 -0.0000 0.9043
vn 0.6957 -0.0000 -0.7184
vn -0.4069 -0.0000 -0.9135
vn -0.8410 -0.0000 -0.5411
vn 0.1521 -0.0000 0.9884
vn 0.8797 -0.0000 0.4754
vn -0.3672 -0.0000 0.9301
vn -0.7751 -0.0000 -0.6319
vn -0.8183 -0.0000 -0.5748
vn 0.1338 -0.0000 0.9910
vn 0.7864 -0.0000 0.6177
vn -0.7477 -0.0000 -0.6640
vn -0.3490 -0.0000 -0.9371
vn 0.3326 -0.0000 0.9431
vn 0.1205 -0.0000 0.9927
vn -0.3917 -0.0000 0.9201
vn 0.9999 -0.0000 -0.0129
vn 1.0000 -0.0000 -0.0065
vn -0.2932 -0.0000 -0.9560
vn 0.8681 -0.0000 0.4964
vn 0.9645 -0.0000 -0.2641
vn 0.7478 -0.0000 -0.6639
vn -0.7193 -0.0000 -0.6947
vn -0.2400 -0.0000 -0.9708
vn 0.3010 -0.0000 0.9536
vn -0.7936 -0.0000 -0.6084
vn 0.1135 -0.0000 0.9935
vn -0.3563 -0.0000 0.9344
vn -0.6897 -0.0000 -0.7241
vn -0.9899 -0.0000 0.1419
vn 0.0994 -0.0000 0.9950
vn 0.7418 -0.0000 0.6706
vn -0.3043 -0.0000 0.9526
vn -0.1898 -0.0000 -0.9818
vn 0.0837 -0.0000 0.9965
vn 0.8556 -0.0000 0.5177
vn 0.9992 -0.0000 -0.0407
vn -0.6593 -0.0000 -0.7518
vn -0.1423 -0.0000 -0.9898
vn 0.2691 -0.0000 0.9631
vn -0.7671 -0.0000 -0.6415
vn -0.3217 -0.0000 0.9468
vn 0.7966 -0.0000 -0.6046
vn -0.6285 -0.0000 -0.7778
vn -0.0979 -0.0000 -0.9952
vn 0.0673 -0.0000 0.9977
vn -0.2875 -0.0000 0.9578
vn 0.9975 -0.0000 -0.0708
vn -0.5970 -0.0000 -0.8022
vn -0.0566 -0.0000 -0.9984
vn 0.0497 -0.0000 0.9988
vn 0.9192 -0.0000 -0.3939
vn -0.0181 -0.0000 -0.9998
vn 0.2369 -0.0000 0.9715
vn -0.7388 -0.0000 -0.6739
vn 0.0305 -0.0000 0.9995
vn 0.8422 -0.0000 0.5392
vn -0.2430 -0.0000 0.9700
vn -0.5654 -0.0000 -0.8248
vn -0.9791 -0.0000 0.2035
vn -0.2539 -0.0000 0.9672
vn 0.8409 -0.0000 -0.5412
vn -0.5340 -0.0000 -0.8455
vn 0.0108 -0.0000 0.9999
vn 0.9946 -0.0000 -0.1041
vn 0.2048 -0.0000 0.9788
vn -0.7088 -0.0000 -0.7054
vn -0.0170 -0.0000 0.9999
vn 0.8282 -0.0000 0.5604
vn -0.1838 -0.0000 0.9830
vn -0.5022 -0.0000 -0.8647
vn 0.7033 -0.0000 0.7109
vn -0.2213 -0.0000 0.9752
vn 0.9899 -0.0000 -0.1417
vn 0.8800 -0.0000 -0.4751
vn -0.4710 -0.0000 -0.8821
vn 0.6716 -0.0000 0.7409
vn -0.6774 -0.0000 -0.7357
vn -0.0530 -0.0000 0.9986
vn -0.4385 -0.0000 -0.8987
vn 0.6383 -0.0000 0.7698
vn 0.1725 -0.0000 0.9850
vn -0.0915 -0.0000 0.9958
vn -0.1896 -0.0000 0.9819
vn 0.8484 -0.0000 -0.5294
vn 0.6037 -0.0000 0.7972
vn -0.1330 -0.0000 0.9911
vn 0.8101 -0.0000 0.5864
vn 0.9833 -0.0000 -0.1821
vn -0.4052 -0.0000 -0.9142
vn 0.5677 -0.0000 0.8232
vn 0.1404 -0.0000 0.9901
vn -0.9637 -0.0000 0.2671
vn -0.1773 -0.0000 0.9842
vn -0.1273 -0.0000 0.9919
vn -0.3741 -0.0000 -0.9274
vn 0.5310 -0.0000 0.8473
vn -0.6444 -0.0000 -0.7647
vn -0.2245 -0.0000 0.9745
vn -0.1591 -0.0000 0.9873
vn -0.3447 -0.0000 -0.9387
vn 0.4932 -0.0000 0.8699
vn -0.1291 -0.0000 0.9916
vn 0.9738 -0.0000 -0.2273
vn 0.9134 -0.0000 -0.4071
vn 0.4552 -0.0000 0.8904
vn 0.1086 -0.0000 0.9941
vn -0.6102 -0.0000 -0.7922
vn -0.2745 -0.0000 0.9616
vn 0.7872 -0.0000 0.6167
vn -0.0739 -0.0000 0.9973
vn -0.3170 -0.0000 -0.9484
vn 0.4168 -0.0000 0.9090
vn -0.3269 -0.0000 0.9450
vn 0.9608 -0.0000 -0.2774
vn 0.3783 -0.0000 0.9257
vn 0.0770 -0.0000 0.9970
vn -0.3818 -0.0000 0.9242
vn 0.7505 -0.0000 -0.6608
vn -0.2669 -0.0000 -0.9637
vn 0.3401 -0.0000 0.9404
vn 0.0459 -0.0000 0.9989
vn -0.5752 -0.0000 -0.8180
vn -0.4385 -0.0000 0.8987
vn -0.0239 -0.0000 0.9997
vn 0.3021 -0.0000 0.9533
vn 0.0150 -0.0000 0.9999
vn -0.4962 -0.0000 0.8682
vn 0.7630 -0.0000 0.6464
vn 0.9433 -0.0000 -0.3321
vn -0.2439 -0.0000 -0.9698
vn -0.9432 -0.0000 0.3321
vn 0.9409 -0.0000 -0.3387
vn -0.2225 -0.0000 -0.9749
vn 0.8382 -0.0000 -0.5453
vn -0.5394 -0.0000 -0.8420
vn -0.5542 -0.0000 0.8324
vn -0.2023 -0.0000 -0.9793
vn 1.0000 -0.0000 -0.0000
vn -0.6199 -0.0000 0.7847
vn -0.8534 -0.0000 0.5213
vn 0.0159 -0.0000 -0.9999
vn 0.9200 -0.0000 -0.3919
vn -0.1832 -0.0000 -0.9831
vn -0.6907 -0.0000 0.7231
vn -0.1109 -0.0000 -0.9938
vn 0.0499 -0.0000 -0.9988
vn 0.6309 -0.0000 -0.7759
vn -0.5029 -0.0000 -0.8643
vn 0.7375 -0.0000 0.6754
vn 0.0867 -0.0000 -0.9962
vn 0.9625 -0.0000 -0.2714
vn -0.1655 -0.0000 -0.9862
vn -0.7560 -0.0000 0.6545
vn 0.1265 -0.0000 -0.9920
vn 0.8895 -0.0000 -0.4568
vn -0.9854 -0.0000 0.1701
vn -0.7497 -0.0000 -0.6618
vn -0.4681 -0.0000 -0.8837
vn -0.8141 -0.0000 0.5807
vn 0.1696 -0.0000 -0.9855
vn 0.7109 -0.0000 0.7033
vn 0.2161 -0.0000 -0.9764
vn 0.8505 -0.0000 -0.5260
vn 0.9786 -0.0000 -0.2057
vn 0.7416 -0.0000 0.6709
vn -0.4340 -0.0000 -0.9009
vn -0.8638 -0.0000 0.5038
vn 0.6828 -0.0000 0.7306
vn 0.2659 -0.0000 -0.9640
vn 0.7777 -0.0000 -0.6286
vn -0.9178 -0.0000 0.3971
vn -0.9048 -0.0000 0.4257
vn 0.6543 -0.0000 0.7563
vn -0.7864 -0.0000 0.6177
vn 0.3191 -0.0000 -0.9477
vn 0.6247 -0.0000 0.7809
vn -0.9533 -0.0000 0.3019
vn 0.3755 -0.0000 -0.9268
vn 0.4995 -0.0000 -0.8663
vn 0.9898 -0.0000 -0.1428
vn -0.9369 -0.0000 0.3495
vn 0.5943 -0.0000 0.8042
vn 0.4345 -0.0000 -0.9007
vn 0.8086 -0.0000 -0.5884
vn -0.9613 -0.0000 0.2756
vn 0.5635 -0.0000 0.8261
vn 0.9625 -0.0000 -0.2713
vn 0.4957 -0.0000 -0.8685
vn 0.7684 -0.0000 -0.6400
vn -0.9618 -0.0000 -0.2736
vn -0.3983 -0.0000 -0.9172
vn 0.5325 -0.0000 0.8464
vn 0.5578 -0.0000 -0.8300
vn 0.9966 -0.0000 -0.0829
vn -0.9785 -0.0000 0.2060
vn 0.5010 -0.0000 0.8654
vn 0.6212 -0.0000 -0.7836
vn 0.7257 -0.0000 -0.6880
vn 0.9533 -0.0000 0.3019
vn -0.3610 -0.0000 -0.9326
vn -0.9900 -0.0000 0.1408
vn 0.4661 -0.0000 0.8847
vn 0.6842 -0.0000 -0.7293
vn 0.4279 -0.0000 0.9038
vn 0.7443 -0.0000 -0.6678
vn 0.3681 -0.0000 -0.9298
vn 0.9996 -0.0000 -0.0267
vn -0.9967 -0.0000 0.0808
vn 0.3903 -0.0000 0.9207
vn 0.6811 -0.0000 -0.7322
vn -0.3222 -0.0000 -0.9467
vn -0.9997 -0.0000 0.0259
vn 0.3537 -0.0000 0.9354
vn 0.7997 -0.0000 -0.6004
vn 0.3180 -0.0000 0.9481
vn 0.6357 -0.0000 -0.7719
vn -0.0160 -0.0000 0.9999
vn -0.2819 -0.0000 -0.9594
vn 0.2831 -0.0000 0.9591
vn -0.0502 -0.0000 0.9987
vn -0.0158 -0.0000 -0.9999
vn 0.2496 -0.0000 0.9684
vn 0.2451 -0.0000 -0.9695
vn -0.0874 -0.0000 0.9962
vn -0.8871 -0.0000 0.4616
vt 0.949367 0.000000
vt 0.962025 0.000000
vt 0.974684 0.000000
vt 0.987342 0.000000
vt 1.000000 0.000000
vt 0.000000 0.000000
vt 0.012658 0.000000
vt 0.936709 0.000000
vt 0.924051 0.000000
vt 0.025316 0.000000
vt 0.911392 0.000000
vt 0.037975 0.000000
vt 0.898734 0.000000
vt 0.886076 0.000000
vt 0.050633 0.000000
vt 0.873418 0.000000
vt 0.860759 0.000000
vt 0.063291 0.000000
vt 0.848101 0.000000
vt 0.075949 0.000000
vt 0.835443 0.000000
vt 0.822785 0.000000
vt 0.088608 0.000000
vt 0.810127 0.000000
vt 0.797468 0.000000
vt 0.101266 0.000000
vt 0.784810 0.000000
vt 0.772152 0.000000
vt 0.113924 0.000000
vt 0.759494 0.000000
vt 0.746835 0.000000
vt 0.126582 0.000000
vt 0.734177 0.000000
vt 0.721519 0.000000
vt 0.139241 0.000000
vt 0.708861 0.000000
vt 0.696203 0.000000
vt 0.683544 0.000000
vt 0.151899 0.000000
vt 0.670886 0.000000
vt 0.658228 0.000000
vt 0.164557 0.000000
vt 0.645570 0.000000
vt 0.632911 0.000000
vt 0.620253 0.000000
vt 0.177215 0.000000
vt 0.607595 0.000000
vt 0.594937 0.000000
vt 0.582278 0.000000
vt 0.189873 0.000000
vt 0.569620 0.000000
vt 0.556962 0.000000
vt 0.544304 0.000000
vt 0.202532 0.000000
vt 0.531646 0.000000
vt 0.518987 0.000000
vt 0.506329 0.000000
vt 0.493671 0.000000
vt 0.215190 0.000000
vt 0.481013 0.000000
vt 0.468354 0.000000
vt 0.227848 0.000000
vt 0.240506 0.000000
vt 0.253165 0.000000
vt 0.265823 0.000000
vt 0.278481 0.000000
vt 0.291139 0.000000
vt 0.303797 0.000000
vt 0.316456 0.000000
vt 0.329114 0.000000
vt 0.341772 0.000000
vt 0.354430 0.000000
vt 0.367089 0.000000
vt 0.379747 0.000000
vt 0.392405 0.000000
vt 0.405063 0.000000
vt 0.417722 0.000000
vt 0.430380 0.000000
vt 0.443038 0.000000
vt 0.455696 0.000000
vt 0.691489 0.000000
vt 0.695035 0.000000
vt 0.698582 0.000000
vt 0.687943 0.000000
vt 0.684397 0.000000
vt 0.702128 0.000000
vt 0.680851 0.000000
vt 0.677305 0.000000
vt 0.705674 0.000000
vt 0.673759 0.000000
vt 0.670213 0.000000
vt 0.709220 0.000000
vt 0.666667 0.000000
vt 0.663121 0.000000
vt 0.659574 0.000000
vt 0.712766 0.000000
vt 0.656028 0.000000
vt 0.652482 0.000000
vt 0.716312 0.000000
vt 0.648936 0.000000
vt 0.645390 0.000000
vt 0.719858 0.000000
vt 0.641844 0.000000
vt 0.638298 0.000000
vt 0.634752 0.000000
vt 0.723404 0.000000
vt 0.631206 0.000000
vt 0.627660 0.000000
vt 0.726950 0.000000
vt 0.624114 0.000000
vt 0.620567 0.000000
vt 0.730496 0.000000
vt 0.617021 0.000000
vt 0.613475 0.000000
vt 0.734043 0.000000
vt 0.609929 0.000000
vt 0.606383 0.000000
vt 0.602837 0.000000
vt 0.599291 0.000000
vt 0.595745 0.000000
vt 0.592199 0.000000
vt 0.588652 0.000000
vt 0.585106 0.000000
vt 0.581560 0.000000
vt 0.578014 0.000000
vt 0.574468 0.000000
vt 0.570922 0.000000
vt 0.567376 0.000000
vt 0.737589 0.000000
vt 0.563830 0.000000
vt 0.560284 0.000000
vt 0.556738 0.000000
vt 0.741135 0.000000
vt 0.553191 0.000000
vt 0.549645 0.000000
vt 0.546099 0.000000
vt 0.744681 0.000000
vt 0.542553 0.000000
vt 0.539007 0.000000
vt 0.535461 0.000000
vt 0.748227 0.000000
vt 0.531915 0.000000
vt 0.528369 0.000000
vt 0.524823 0.000000
vt 0.751773 0.000000
vt 0.521277 0.000000
vt 0.517730 0.000000
vt 0.755319 0.000000
vt 0.514184 0.000000
vt 0.510638 0.000000
vt 0.507092 0.000000
vt 0.503546 0.000000
vt 0.500000 0.000000
vt 0.758865 0.000000
vt 0.496454 0.000000
vt 0.492908 0.000000
vt 0.489362 0.000000
vt 0.485816 0.000000
vt 0.482269 0.000000
vt 0.762411 0.000000
vt 0.478723 0.000000
vt 0.475177 0.000000
vt 0.471631 0.000000
vt 0.765957 0.000000
vt 0.468085 0.000000
vt 0.464539 0.000000
vt 0.769504 0.000000
vt 0.460993 0.000000
vt 0.457447 0.000000
vt 0.773050 0.000000
vt 0.453901 0.000000
vt 0.450355 0.000000
vt 0.776596 0.000000
vt 0.446809 0.000000
vt 0.443262 0.000000
vt 0.780142 0.000000
vt 0.439716 0.000000
vt 0.436170 0.000000
vt 0.432624 0.000000
vt 0.425532 0.000000
vt 0.429078 0.000000
vt 0.872340 0.000000
vt 0.421986 0.000000
vt 0.418440 0.000000
vt 0.414894 0.000000
vt 0.411348 0.000000
vt 0.407801 0.000000
vt 0.404255 0.000000
vt 0.400709 0.000000
vt 0.397163 0.000000
vt 0.393617 0.000000
vt 0.390071 0.000000
vt 0.386525 0.000000
vt 0.382979 0.000000
vt 0.379433 0.000000
vt 0.375887 0.000000
vt 0.372340 0.000000
vt 0.879433 0.000000
vt 0.875886 0.000000
vt 0.868794 0.000000
vt 0.882979 0.000000
vt 0.886525 0.000000
vt 0.890071 0.000000
vt 0.893617 0.000000
vt 0.897163 0.000000
vt 0.900709 0.000000
vt 0.904255 0.000000
vt 0.368794 0.000000
vt 0.907801 0.000000
vt 0.911348 0.000000
vt 0.914894 0.000000
vt 0.365248 0.000000
vt 0.918440 0.000000
vt 0.921986 0.000000
vt 0.361702 0.000000
vt 0.925532 0.000000
vt 0.929078 0.000000
vt 0.358156 0.000000
vt 0.932624 0.000000
vt 0.936170 0.000000
vt 0.939716 0.000000
vt 0.354610 0.000000
vt 0.943262 0.000000
vt 0.946809 0.000000
vt 0.351064 0.000000
vt 0.950355 0.000000
vt 0.953901 0.000000
vt 0.347518 0.000000
vt 0.957447 0.000000
vt 0.343972 0.000000
vt 0.960993 0.000000
vt 0.964539 0.000000
vt 0.340426 0.000000
vt 0.968085 0.000000
vt 0.336879 0.000000
vt 0.865248 0.000000
vt 0.861702 0.000000
vt 0.003546 0.000000
vt 0.971631 0.000000
vt 0.858156 0.000000
vt 0.333333 0.000000
vt 0.007092 0.000000
vt 0.854610 0.000000
vt 0.010638 0.000000
vt 0.975177 0.000000
vt 0.851064 0.000000
vt 0.329787 0.000000
vt 0.014184 0.000000
vt 0.847518 0.000000
vt 0.017730 0.000000
vt 0.843972 0.000000
vt 0.978723 0.000000
vt 0.021277 0.000000
vt 0.326241 0.000000
vt 0.840426 0.000000
vt 0.024823 0.000000
vt 0.836879 0.000000
vt 0.028369 0.000000
vt 0.982270 0.000000
vt 0.833333 0.000000
vt 0.031915 0.000000
vt 0.322695 0.000000
vt 0.829787 0.000000
vt 0.035461 0.000000
vt 0.985816 0.000000
vt 0.826241 0.000000
vt 0.039007 0.000000
vt 0.822695 0.000000
vt 0.042553 0.000000
vt 0.819149 0.000000
vt 0.319149 0.000000
vt 0.989362 0.000000
vt 0.046099 0.000000
vt 0.049645 0.000000
vt 0.815603 0.000000
vt 0.053191 0.000000
vt 0.812057 0.000000
vt 0.992908 0.000000
vt 0.056738 0.000000
vt 0.808511 0.000000
vt 0.060284 0.000000
vt 0.804965 0.000000
vt 0.996454 0.000000
vt 0.315603 0.000000
vt 0.063830 0.000000
vt 0.801418 0.000000
vt 0.797872 0.000000
vt 0.067376 0.000000
vt 0.794326 0.000000
vt 0.790780 0.000000
vt 0.070922 0.000000
vt 0.783688 0.000000
vt 0.787234 0.000000
vt 0.074468 0.000000
vt 0.078014 0.000000
vt 0.081560 0.000000
vt 0.312057 0.000000
vt 0.085106 0.000000
vt 0.173759 0.000000
vt 0.088652 0.000000
vt 0.177305 0.000000
vt 0.170213 0.000000
vt 0.308511 0.000000
vt 0.166667 0.000000
vt 0.180851 0.000000
vt 0.163121 0.000000
vt 0.184397 0.000000
vt 0.304965 0.000000
vt 0.159574 0.000000
vt 0.187943 0.000000
vt 0.301418 0.000000
vt 0.156028 0.000000
vt 0.191489 0.000000
vt 0.152482 0.000000
vt 0.195035 0.000000
vt 0.297872 0.000000
vt 0.148936 0.000000
vt 0.198582 0.000000
vt 0.145390 0.000000
vt 0.294326 0.000000
vt 0.202128 0.000000
vt 0.141844 0.000000
vt 0.205674 0.000000
vt 0.138298 0.000000
vt 0.290780 0.000000
vt 0.209220 0.000000
vt 0.134752 0.000000
vt 0.287234 0.000000
vt 0.131206 0.000000
vt 0.212766 0.000000
vt 0.127660 0.000000
vt 0.216312 0.000000
vt 0.283688 0.000000
vt 0.124113 0.000000
vt 0.219858 0.000000
vt 0.120567 0.000000
vt 0.280142 0.000000
vt 0.223404 0.000000
vt 0.117021 0.000000
vt 0.226950 0.000000
vt 0.113475 0.000000
vt 0.276596 0.000000
vt 0.230496 0.000000
vt 0.109929 0.000000
vt 0.106383 0.000000
vt 0.234043 0.000000
vt 0.273050 0.000000
vt 0.102837 0.000000
vt 0.237589 0.000000
vt 0.269504 0.000000
vt 0.099291 0.000000
vt 0.241135 0.000000
vt 0.095745 0.000000
vt 0.244681 0.000000
vt 0.265957 0.000000
vt 0.092199 0.000000
vt 0.248227 0.000000
vt 0.262411 0.000000
vt 0.251773 0.000000
vt 0.255319 0.000000
vt 0.258865 0.000000
vt 0.283019 0.000000
vt 0.292453 0.000000
vt 0.764151 0.000000
vt 0.301887 0.000000
vt 0.311321 0.000000
vt 0.320755 0.000000
vt 0.330189 0.000000
vt 0.339623 0.000000
vt 0.349057 0.000000
vt 0.358491 0.000000
vt 0.367925 0.000000
vt 0.377358 0.000000
vt 0.386792 0.000000
vt 0.396226 0.000000
vt 0.405660 0.000000
vt 0.415094 0.000000
vt 0.424528 0.000000
vt 0.433962 0.000000
vt 0.443396 0.000000
vt 0.754717 0.000000
vt 0.452830 0.000000
vt 0.773585 0.000000
vt 0.745283 0.000000
vt 0.735849 0.000000
vt 0.726415 0.000000
vt 0.716981 0.000000
vt 0.462264 0.000000
vt 0.707547 0.000000
vt 0.698113 0.000000
vt 0.688679 0.000000
vt 0.679245 0.000000
vt 0.669811 0.000000
vt 0.471698 0.000000
vt 0.660377 0.000000
vt 0.650943 0.000000
vt 0.641509 0.000000
vt 0.481132 0.000000
vt 0.632075 0.000000
vt 0.622642 0.000000
vt 0.613208 0.000000
vt 0.490566 0.000000
vt 0.603774 0.000000
vt 0.594340 0.000000
vt 0.584906 0.000000
vt 0.575472 0.000000
vt 0.509434 0.000000
vt 0.566038 0.000000
vt 0.556604 0.000000
vt 0.518868 0.000000
vt 0.547170 0.000000
vt 0.537736 0.000000
vt 0.528302 0.000000
vt 0.009434 0.000000
vt 0.990566 0.000000
vt 0.018868 0.000000
vt 0.981132 0.000000
vt 0.028302 0.000000
vt 0.971698 0.000000
vt 0.037736 0.000000
vt 0.962264 0.000000
vt 0.047170 0.000000
vt 0.952830 0.000000
vt 0.943396 0.000000
vt 0.056604 0.000000
vt 0.933962 0.000000
vt 0.066038 0.000000
vt 0.924528 0.000000
vt 0.915094 0.000000
vt 0.075472 0.000000
vt 0.905660 0.000000
vt 0.896226 0.000000
vt 0.084906 0.000000
vt 0.886792 0.000000
vt 0.877358 0.000000
vt 0.094340 0.000000
vt 0.867925 0.000000
vt 0.858491 0.000000
vt 0.103774 0.000000
vt 0.849057 0.000000
vt 0.839623 0.000000
vt 0.830189 0.000000
vt 0.113208 0.000000
vt 0.820755 0.000000
vt 0.811321 0.000000
vt 0.801887 0.000000
vt 0.792453 0.000000
vt 0.783019 0.000000
vt 0.264151 0.000000
vt 0.122642 0.000000
vt 0.132075 0.000000
vt 0.141509 0.000000
vt 0.150943 0.000000
vt 0.160377 0.000000
vt 0.169811 0.000000
vt 0.179245 0.000000
vt 0.188679 0.000000
vt 0.198113 0.000000
vt 0.207547 0.000000
vt 0.216981 0.000000
vt 0.226415 0.000000
vt 0.254717 0.000000
vt 0.235849 0.000000
vt 0.273585 0.000000
vt 0.245283 0.000000
vt 0.777778 0.000000
vt 0.888889 0.000000
vt 0.444444 0.000000
vt 0.555556 0.000000
vt 0.111111 0.000000
vt 0.222222 0.000000
s 1
f 76/1/1 77/2/1 78/3/1
f 76/1/1 78/3/1 79/4/1
f 79/4/1 80/5/1 1/6/1
f 79/4/1 1/6/1 2/7/1
f 76/1/1 79/4/1 75/8/1
f 75/8/1 79/4/1 2/7/1
f 74/9/1 75/8/1 2/7/1
f 74/9/1 2/7/1 3/10/1
f 73/11/1 74/9/1 3/10/1
f 73/11/1 3/10/1 4/12/1
f 72/13/1 73/11/1 4/12/1
f 71/14/1 72/13/1 4/12/1
f 71/14/1 4/12/1 5/15/1
f 70/16/1 71/14/1 5/15/1
f 69/17/1 70/16/1 5/15/1
f 69/17/1 5/15/1 6/18/1
f 68/19/1 69/17/1 6/18/1
f 68/19/1 6/18/1 7/20/1
f 67/21/1 68/19/1 7/20/1
f 66/22/1 67/21/1 7/20/1
f 66/22/1 7/20/1 8/23/1
f 65/24/1 66/22/1 8/23/1
f 64/25/1 65/24/1 8/23/1
f 64/25/1 8/23/1 9/26/1
f 63/27/1 64/25/1 9/26/1
f 62/28/1 63/27/1 9/26/1
f 62/28/1 9/26/1 10/29/1
f 61/30/1 62/28/1 10/29/1
f 60/31/1 61/30/1 10/29/1
f 60/31/1 10/29/1 11/32/1
f 59/33/1 60/31/1 11/32/1
f 58/34/1 59/33/1 11/32/1
f 58/34/1 11/32/1 12/35/1
f 57/36/1 58/34/1 12/35/1
f 56/37/1 57/36/1 12/35/1
f 55/38/1 56/37/1 12/35/1
f 55/38/1 12/35/1 13/39/1
f 54/40/1 55/38/1 13/39/1
f 53/41/1 54/40/1 13/39/1
f 53/41/1 13/39/1 14/42/1
f 52/43/1 53/41/1 14/42/1
f 51/44/1 52/43/1 14/42/1
f 50/45/1 51/44/1 14/42/1
f 50/45/1 14/42/1 15/46/1
f 49/47/1 50/45/1 15/46/1
f 48/48/1 49/47/1 15/46/1
f 47/49/1 48/48/1 15/46/1
f 47/49/1 15/46/1 16/50/1
f 46/51/1 47/49/1 16/50/1
f 45/52/1 46/51/1 16/50/1
f 44/53/1 45/52/1 16/50/1
f 44/53/1 16/50/1 17/54/1
f 43/55/1 44/53/1 17/54/1
f 42/56/1 43/55/1 17/54/1
f 41/57/1 42/56/1 17/54/1
f 40/58/1 41/57/1 17/54/1
f 40/58/1 17/54/1 18/59/1
f 39/60/1 40/58/1 18/59/1
f 38/61/1 39/60/1 18/59/1
f 38/61/1 18/59/1 19/62/1
f 38/61/1 19/62/1 20/63/1
f 38/61/1 20/63/1 21/64/1
f 38/61/1 21/64/1 22/65/1
f 38/61/1 22/65/1 23/66/1
f 38/61/1 23/66/1 24/67/1
f 38/61/1 24/67/1 25/68/1
f 38/61/1 25/68/1 26/69/1
f 38/61/1 26/69/1 27/70/1
f 38/61/1 27/70/1 28/71/1
f 38/61/1 28/71/1 29/72/1
f 38/61/1 29/72/1 30/73/1
f 38/61/1 30/73/1 31/74/1
f 38/61/1 31/74/1 32/75/1
f 38/61/1 32/75/1 33/76/1
f 38/61/1 33/76/1 34/77/1
f 38/61/1 34/77/1 35/78/1
f 38/61/1 35/78/1 36/79/1
f 38/61/1 36/79/1 37/80/1
f 276/81/1 277/82/1 278/83/1
f 275/84/1 276/81/1 278/83/1
f 274/85/1 275/84/1 278/83/1
f 274/85/1 278/83/1 279/86/1
f 273/87/1 274/85/1 279/86/1
f 272/88/1 273/87/1 279/86/1
f 272/88/1 279/86/1 280/89/1
f 271/90/1 272/88/1 280/89/1
f 270/91/1 271/90/1 280/89/1
f 270/91/1 280/89/1 281/92/1
f 269/93/1 270/91/1 281/92/1
f 268/94/1 269/93/1 281/92/1
f 267/95/1 268/94/1 281/92/1
f 267/95/1 281/92/1 282/96/1
f 266/97/1 267/95/1 282/96/1
f 265/98/1 266/97/1 282/96/1
f 265/98/1 282/96/1 283/99/1
f 264/100/1 265/98/1 283/99/1
f 263/101/1 264/100/1 283/99/1
f 263/101/1 283/99/1 284/102/1
f 262/103/1 263/101/1 284/102/1
f 261/104/1 262/103/1 284/102/1
f 260/105/1 261/104/1 284/102/1
f 260/105/1 284/102/1 285/106/1
f 259/107/1 260/105/1 285/106/1
f 258/108/1 259/107/1 285/106/1
f 258/108/1 285/106/1 286/109/1
f 257/110/1 258/108/1 286/109/1
f 256/111/1 257/110/1 286/109/1
f 256/111/1 286/109/1 287/112/1
f 255/113/1 256/111/1 287/112/1
f 254/114/1 255/113/1 287/112/1
f 254/114/1 287/112/1 288/115/1
f 253/116/1 254/114/1 288/115/1
f 252/117/1 253/116/1 251/118/1
f 251/118/1 253/116/1 250/119/1
f 250/119/1 253/116/1 249/120/1
f 249/120/1 253/116/1 248/121/1
f 248/121/1 253/116/1 247/122/1
f 247/122/1 253/116/1 246/123/1
f 246/123/1 253/116/1 245/124/1
f 245/124/1 253/116/1 244/125/1
f 244/125/1 253/116/1 288/115/1
f 244/125/1 288/115/1 243/126/1
f 243/126/1 288/115/1 242/127/1
f 242/127/1 288/115/1 241/128/1
f 241/128/1 288/115/1 289/129/1
f 241/128/1 289/129/1 240/130/1
f 240/130/1 289/129/1 239/131/1
f 239/131/1 289/129/1 238/132/1
f 238/132/1 289/129/1 290/133/1
f 238/132/1 290/133/1 237/134/1
f 237/134/1 290/133/1 236/135/1
f 236/135/1 290/133/1 235/136/1
f 235/136/1 290/133/1 291/137/1
f 235/136/1 291/137/1 234/138/1
f 234/138/1 291/137/1 233/139/1
f 233/139/1 291/137/1 232/140/1
f 232/140/1 291/137/1 292/141/1
f 232/140/1 292/141/1 231/142/1
f 231/142/1 292/141/1 230/143/1
f 230/143/1 292/141/1 229/144/1
f 229/144/1 292/141/1 293/145/1
f 229/144/1 293/145/1 228/146/1
f 228/146/1 293/145/1 227/147/1
f 227/147/1 293/145/1 294/148/1
f 226/149/1 227/147/1 294/148/1
f 225/150/1 226/149/1 294/148/1
f 224/151/1 225/150/1 294/148/1
f 223/152/1 224/151/1 294/148/1
f 222/153/1 223/152/1 294/148/1
f 222/153/1 294/148/1 295/154/1
f 221/155/1 222/153/1 295/154/1
f 220/156/1 221/155/1 295/154/1
f 219/157/1 220/156/1 295/154/1
f 218/158/1 219/157/1 295/154/1
f 217/159/1 218/158/1 295/154/1
f 217/159/1 295/154/1 296/160/1
f 216/161/1 217/159/1 296/160/1
f 215/162/1 216/161/1 296/160/1
f 214/163/1 215/162/1 296/160/1
f 214/163/1 296/160/1 297/164/1
f 213/165/1 214/163/1 297/164/1
f 212/166/1 213/165/1 297/164/1
f 212/166/1 297/164/1 298/167/1
f 211/168/1 212/166/1 298/167/1
f 210/169/1 211/168/1 298/167/1
f 210/169/1 298/167/1 299/170/1
f 209/171/1 210/169/1 299/170/1
f 208/172/1 209/171/1 299/170/1
f 208/172/1 299/170/1 300/173/1
f 207/174/1 208/172/1 300/173/1
f 206/175/1 207/174/1 300/173/1
f 206/175/1 300/173/1 301/176/1
f 205/177/1 206/175/1 301/176/1
f 204/178/1 205/177/1 301/176/1
f 204/178/1 301/176/1 81/6/1
f 203/179/1 204/178/1 81/6/1
f 201/180/1 202/181/1 203/179/1
f 201/180/1 203/179/1 327/182/1
f 327/182/1 203/179/1 81/6/1
f 200/183/1 201/180/1 327/182/1
f 199/184/1 200/183/1 327/182/1
f 198/185/1 199/184/1 327/182/1
f 197/186/1 198/185/1 327/182/1
f 196/187/1 197/186/1 327/182/1
f 195/188/1 196/187/1 327/182/1
f 194/189/1 195/188/1 327/182/1
f 193/190/1 194/189/1 327/182/1
f 192/191/1 193/190/1 327/182/1
f 191/192/1 192/191/1 327/182/1
f 190/193/1 191/192/1 327/182/1
f 189/194/1 190/193/1 327/182/1
f 188/195/1 189/194/1 327/182/1
f 187/196/1 188/195/1 327/182/1
f 186/197/1 187/196/1 329/198/1
f 329/198/1 187/196/1 328/199/1
f 328/199/1 187/196/1 327/182/1
f 326/200/1 327/182/1 81/6/1
f 186/197/1 329/198/1 330/201/1
f 186/197/1 330/201/1 331/202/1
f 186/197/1 331/202/1 332/203/1
f 186/197/1 332/203/1 333/204/1
f 186/197/1 333/204/1 334/205/1
f 186/197/1 334/205/1 335/206/1
f 186/197/1 335/206/1 336/207/1
f 185/208/1 186/197/1 336/207/1
f 185/208/1 336/207/1 337/209/1
f 185/208/1 337/209/1 338/210/1
f 185/208/1 338/210/1 339/211/1
f 184/212/1 185/208/1 339/211/1
f 184/212/1 339/211/1 340/213/1
f 184/212/1 340/213/1 341/214/1
f 183/215/1 184/212/1 341/214/1
f 183/215/1 341/214/1 342/216/1
f 183/215/1 342/216/1 343/217/1
f 182/218/1 183/215/1 343/217/1
f 182/218/1 343/217/1 344/219/1
f 182/218/1 344/219/1 345/220/1
f 182/218/1 345/220/1 346/221/1
f 181/222/1 182/218/1 346/221/1
f 181/222/1 346/221/1 347/223/1
f 181/222/1 347/223/1 348/224/1
f 180/225/1 181/222/1 348/224/1
f 180/225/1 348/224/1 349/226/1
f 180/225/1 349/226/1 350/227/1
f 179/228/1 180/225/1 350/227/1
f 179/228/1 350/227/1 351/229/1
f 178/230/1 179/228/1 351/229/1
f 178/230/1 351/229/1 352/231/1
f 178/230/1 352/231/1 353/232/1
f 177/233/1 178/230/1 353/232/1
f 177/233/1 353/232/1 354/234/1
f 176/235/1 177/233/1 354/234/1
f 325/236/1 326/200/1 81/6/1
f 324/237/1 325/236/1 81/6/1
f 324/237/1 81/6/1 82/238/1
f 176/235/1 354/234/1 355/239/1
f 323/240/1 324/237/1 82/238/1
f 175/241/1 176/235/1 355/239/1
f 323/240/1 82/238/1 83/242/1
f 322/243/1 323/240/1 83/242/1
f 322/243/1 83/242/1 84/244/1
f 175/241/1 355/239/1 356/245/1
f 321/246/1 322/243/1 84/244/1
f 174/247/1 175/241/1 356/245/1
f 321/246/1 84/244/1 85/248/1
f 320/249/1 321/246/1 85/248/1
f 320/249/1 85/248/1 86/250/1
f 319/251/1 320/249/1 86/250/1
f 174/247/1 356/245/1 357/252/1
f 319/251/1 86/250/1 87/253/1
f 173/254/1 174/247/1 357/252/1
f 318/255/1 319/251/1 87/253/1
f 318/255/1 87/253/1 88/256/1
f 317/257/1 318/255/1 88/256/1
f 317/257/1 88/256/1 89/258/1
f 173/254/1 357/252/1 358/259/1
f 316/260/1 317/257/1 89/258/1
f 316/260/1 89/258/1 90/261/1
f 172/262/1 173/254/1 358/259/1
f 315/263/1 316/260/1 90/261/1
f 315/263/1 90/261/1 91/264/1
f 172/262/1 358/259/1 359/265/1
f 314/266/1 315/263/1 91/264/1
f 314/266/1 91/264/1 92/267/1
f 313/268/1 314/266/1 92/267/1
f 313/268/1 92/267/1 93/269/1
f 312/270/1 313/268/1 93/269/1
f 171/271/1 172/262/1 359/265/1
f 171/271/1 359/265/1 360/272/1
f 312/270/1 93/269/1 94/273/1
f 312/270/1 94/273/1 95/274/1
f 311/275/1 312/270/1 95/274/1
f 311/275/1 95/274/1 96/276/1
f 310/277/1 311/275/1 96/276/1
f 171/271/1 360/272/1 361/278/1
f 310/277/1 96/276/1 97/279/1
f 309/280/1 310/277/1 97/279/1
f 309/280/1 97/279/1 98/281/1
f 308/282/1 309/280/1 98/281/1
f 171/271/1 361/278/1 362/283/1
f 170/284/1 171/271/1 362/283/1
f 308/282/1 98/281/1 99/285/1
f 307/286/1 308/282/1 99/285/1
f 306/287/1 307/286/1 99/285/1
f 306/287/1 99/285/1 100/288/1
f 170/284/1 362/283/1 363/5/1
f 305/289/1 306/287/1 100/288/1
f 304/290/1 305/289/1 100/288/1
f 304/290/1 100/288/1 101/291/1
f 170/284/1 363/5/1 302/292/1
f 303/293/1 304/290/1 101/291/1
f 302/292/1 303/293/1 101/291/1
f 170/284/1 302/292/1 101/291/1
f 170/284/1 101/291/1 102/294/1
f 170/284/1 102/294/1 103/295/1
f 170/284/1 103/295/1 104/296/1
f 169/297/1 170/284/1 104/296/1
f 169/297/1 104/296/1 105/298/1
f 169/297/1 105/298/1 130/299/1
f 130/299/1 105/298/1 106/300/1
f 169/297/1 130/299/1 131/301/1
f 129/302/1 130/299/1 106/300/1
f 168/303/1 169/297/1 131/301/1
f 128/304/1 129/302/1 106/300/1
f 168/303/1 131/301/1 132/305/1
f 127/306/1 128/304/1 106/300/1
f 168/303/1 132/305/1 133/307/1
f 167/308/1 168/303/1 133/307/1
f 126/309/1 127/306/1 106/300/1
f 167/308/1 133/307/1 134/310/1
f 166/311/1 167/308/1 134/310/1
f 125/312/1 126/309/1 106/300/1
f 166/311/1 134/310/1 135/313/1
f 124/314/1 125/312/1 106/300/1
f 166/311/1 135/313/1 136/315/1
f 165/316/1 166/311/1 136/315/1
f 123/317/1 124/314/1 106/300/1
f 165/316/1 136/315/1 137/318/1
f 122/319/1 123/317/1 106/300/1
f 164/320/1 165/316/1 137/318/1
f 164/320/1 137/318/1 138/321/1
f 121/322/1 122/319/1 106/300/1
f 164/320/1 138/321/1 139/323/1
f 120/324/1 121/322/1 106/300/1
f 163/325/1 164/320/1 139/323/1
f 163/325/1 139/323/1 140/326/1
f 119/327/1 120/324/1 106/300/1
f 162/328/1 163/325/1 140/326/1
f 118/329/1 119/327/1 106/300/1
f 162/328/1 140/326/1 141/330/1
f 117/331/1 118/329/1 106/300/1
f 162/328/1 141/330/1 142/332/1
f 161/333/1 162/328/1 142/332/1
f 116/334/1 117/331/1 106/300/1
f 161/333/1 142/332/1 143/335/1
f 115/336/1 116/334/1 106/300/1
f 160/337/1 161/333/1 143/335/1
f 160/337/1 143/335/1 144/338/1
f 114/339/1 115/336/1 106/300/1
f 160/337/1 144/338/1 145/340/1
f 113/341/1 114/339/1 106/300/1
f 159/342/1 160/337/1 145/340/1
f 159/342/1 145/340/1 146/343/1
f 112/344/1 113/341/1 106/300/1
f 111/345/1 112/344/1 106/300/1
f 159/342/1 146/343/1 147/346/1
f 158/347/1 159/342/1 147/346/1
f 110/348/1 111/345/1 106/300/1
f 158/347/1 147/346/1 148/349/1
f 157/350/1 158/347/1 148/349/1
f 109/351/1 110/348/1 106/300/1
f 157/350/1 148/349/1 149/352/1
f 108/353/1 109/351/1 106/300/1
f 157/350/1 149/352/1 150/354/1
f 156/355/1 157/350/1 150/354/1
f 107/356/1 108/353/1 106/300/1
f 156/355/1 150/354/1 151/357/1
f 155/358/1 156/355/1 151/357/1
f 155/358/1 151/357/1 152/359/1
f 155/358/1 152/359/1 153/360/1
f 154/361/1 155/358/1 153/360/1
f 394/362/1 395/363/1 445/364/1
f 445/364/1 395/363/1 396/365/1
f 445/364/1 396/365/1 397/366/1
f 445/364/1 397/366/1 398/367/1
f 445/364/1 398/367/1 399/368/1
f 445/364/1 399/368/1 400/369/1
f 445/364/1 400/369/1 401/370/1
f 445/364/1 401/370/1 402/371/1
f 445/364/1 402/371/1 403/372/1
f 445/364/1 403/372/1 404/373/1
f 445/364/1 404/373/1 405/374/1
f 445/364/1 405/374/1 406/375/1
f 445/364/1 406/375/1 407/376/1
f 445/364/1 407/376/1 408/377/1
f 445/364/1 408/377/1 409/378/1
f 445/364/1 409/378/1 410/379/1
f 445/364/1 410/379/1 411/380/1
f 445/364/1 411/380/1 444/381/1
f 444/381/1 411/380/1 412/382/1
f 394/362/1 445/364/1 446/383/1
f 443/384/1 444/381/1 412/382/1
f 442/385/1 443/384/1 412/382/1
f 441/386/1 442/385/1 412/382/1
f 440/387/1 441/386/1 412/382/1
f 440/387/1 412/382/1 413/388/1
f 439/389/1 440/387/1 413/388/1
f 438/390/1 439/389/1 413/388/1
f 437/391/1 438/390/1 413/388/1
f 436/392/1 437/391/1 413/388/1
f 435/393/1 436/392/1 413/388/1
f 435/393/1 413/388/1 414/394/1
f 434/395/1 435/393/1 414/394/1
f 433/396/1 434/395/1 414/394/1
f 432/397/1 433/396/1 414/394/1
f 432/397/1 414/394/1 415/398/1
f 431/399/1 432/397/1 415/398/1
f 430/400/1 431/399/1 415/398/1
f 429/401/1 430/400/1 415/398/1
f 429/401/1 415/398/1 416/402/1
f 428/403/1 429/401/1 416/402/1
f 427/404/1 428/403/1 416/402/1
f 427/404/1 416/402/1 417/153/1
f 426/405/1 427/404/1 417/153/1
f 425/406/1 426/405/1 417/153/1
f 425/406/1 417/153/1 418/407/1
f 424/408/1 425/406/1 418/407/1
f 423/409/1 424/408/1 418/407/1
f 423/409/1 418/407/1 419/410/1
f 422/411/1 423/409/1 419/410/1
f 421/412/1 422/411/1 419/410/1
f 421/412/1 419/410/1 364/6/1
f 420/413/1 421/412/1 364/6/1
f 470/5/1 420/413/1 364/6/1
f 470/5/1 364/6/1 365/414/1
f 469/415/1 470/5/1 365/414/1
f 469/415/1 365/414/1 366/416/1
f 468/417/1 469/415/1 366/416/1
f 468/417/1 366/416/1 367/418/1
f 467/419/1 468/417/1 367/418/1
f 467/419/1 367/418/1 368/420/1
f 466/421/1 467/419/1 368/420/1
f 466/421/1 368/420/1 369/422/1
f 465/423/1 466/421/1 369/422/1
f 464/424/1 465/423/1 369/422/1
f 464/424/1 369/422/1 370/425/1
f 463/426/1 464/424/1 370/425/1
f 463/426/1 370/425/1 371/427/1
f 462/428/1 463/426/1 371/427/1
f 461/429/1 462/428/1 371/427/1
f 461/429/1 371/427/1 372/430/1
f 460/431/1 461/429/1 372/430/1
f 459/432/1 460/431/1 372/430/1
f 459/432/1 372/430/1 373/433/1
f 458/434/1 459/432/1 373/433/1
f 457/435/1 458/434/1 373/433/1
f 457/435/1 373/433/1 374/436/1
f 456/437/1 457/435/1 374/436/1
f 455/438/1 456/437/1 374/436/1
f 455/438/1 374/436/1 375/439/1
f 454/440/1 455/438/1 375/439/1
f 453/441/1 454/440/1 375/439/1
f 452/442/1 453/441/1 375/439/1
f 452/442/1 375/439/1 376/443/1
f 451/444/1 452/442/1 376/443/1
f 450/445/1 451/444/1 376/443/1
f 449/446/1 450/445/1 376/443/1
f 448/447/1 449/446/1 376/443/1
f 447/448/1 448/447/1 376/443/1
f 394/362/1 446/383/1 392/449/1
f 392/449/1 446/383/1 447/448/1
f 392/449/1 447/448/1 376/443/1
f 392/449/1 376/443/1 377/450/1
f 392/449/1 377/450/1 378/451/1
f 392/449/1 378/451/1 379/452/1
f 392/449/1 379/452/1 380/453/1
f 392/449/1 380/453/1 381/454/1
f 392/449/1 381/454/1 382/455/1
f 392/449/1 382/455/1 383/456/1
f 392/449/1 383/456/1 384/457/1
f 392/449/1 384/457/1 385/458/1
f 392/449/1 385/458/1 386/459/1
f 392/449/1 386/459/1 387/460/1
f 392/449/1 387/460/1 388/461/1
f 392/449/1 388/461/1 391/462/1
f 391/462/1 388/461/1 389/463/1
f 394/362/1 392/449/1 393/464/1
f 390/465/1 391/462/1 389/463/1
f 480/5/1 477/93/1 478/466/1
f 479/467/1 480/5/1 478/466/1
f 475/468/1 476/469/1 471/6/1
f 475/468/1 471/6/1 472/470/1
f 475/468/1 472/470/1 473/471/1
f 474/241/1 475/468/1 473/471/1
f 485/93/1 486/260/1 487/5/1
f 485/93/1 487/5/1 481/6/1
f 481/6/1 482/304/1 483/241/1
f 481/6/1 483/241/1 484/153/1
f 485/93/1 481/6/1 484/153/1
f 563/1/2 565/3/2 564/2/2
f 563/1/2 566/4/2 565/3/2
f 566/4/2 488/6/2 567/5/2
f 566/4/2 489/7/2 488/6/2
f 563/1/2 562/8/2 566/4/2
f 562/8/2 489/7/2 566/4/2
f 561/9/2 489/7/2 562/8/2
f 561/9/2 490/10/2 489/7/2
f 560/11/2 490/10/2 561/9/2
f 560/11/2 491/12/2 490/10/2
f 559/13/2 491/12/2 560/11/2
f 558/14/2 491/12/2 559/13/2
f 558/14/2 492/15/2 491/12/2
f 557/16/2 492/15/2 558/14/2
f 556/17/2 492/15/2 557/16/2
f 556/17/2 493/18/2 492/15/2
f 555/19/2 493/18/2 556/17/2
f 555/19/2 494/20/2 493/18/2
f 554/21/2 494/20/2 555/19/2
f 553/22/2 494/20/2 554/21/2
f 553/22/2 495/23/2 494/20/2
f 552/24/2 495/23/2 553/22/2
f 551/25/2 495/23/2 552/24/2
f 551/25/2 496/26/2 495/23/2
f 550/27/2 496/26/2 551/25/2
f 549/28/2 496/26/2 550/27/2
f 549/28/2 497/29/2 496/26/2
f 548/30/2 497/29/2 549/28/2
f 547/31/2 497/29/2 548/30/2
f 547/31/2 498/32/2 497/29/2
f 546/33/2 498/32/2 547/31/2
f 545/34/2 498/32/2 546/33/2
f 545/34/2 499/35/2 498/32/2
f 544/36/2 499/35/2 545/34/2
f 543/37/2 499/35/2 544/36/2
f 542/38/2 499/35/2 543/37/2
f 542/38/2 500/39/2 499/35/2
f 541/40/2 500/39/2 542/38/2
f 540/41/2 500/39/2 541/40/2
f 540/41/2 501/42/2 500/39/2
f 539/43/2 501/42/2 540/41/2
f 538/44/2 501/42/2 539/43/2
f 537/45/2 501/42/2 538/44/2
f 537/45/2 502/46/2 501/42/2
f 536/47/2 502/46/2 537/45/2
f 535/48/2 502/46/2 536/47/2
f 534/49/2 502/46/2 535/48/2
f 534/49/2 503/50/2 502/46/2
f 533/51/2 503/50/2 534/49/2
f 532/52/2 503/50/2 533/51/2
f 531/53/2 503/50/2 532/52/2
f 531/53/2 504/54/2 503/50/2
f 530/55/2 504/54/2 531/53/2
f 529/56/2 504/54/2 530/55/2
f 528/57/2 504/54/2 529/56/2
f 527/58/2 504/54/2 528/57/2
f 527/58/2 505/59/2 504/54/2
f 526/60/2 505/59/2 527/58/2
f 525/61/2 505/59/2 526/60/2
f 525/61/2 506/62/2 505/59/2
f 525/61/2 507/63/2 506/62/2
f 525/61/2 508/64/2 507/63/2
f 525/61/2 509/65/2 508/64/2
f 525/61/2 510/66/2 509/65/2
f 525/61/2 511/67/2 510/66/2
f 525/61/2 512/68/2 511/67/2
f 525/61/2 513/69/2 512/68/2
f 525/61/2 514/70/2 513/69/2
f 525/61/2 515/71/2 514/70/2
f 525/61/2 516/72/2 515/71/2
f 525/61/2 517/73/2 516/72/2
f 525/61/2 518/74/2 517/73/2
f 525/61/2 519/75/2 518/74/2
f 525/61/2 520/76/2 519/75/2
f 525/61/2 521/77/2 520/76/2
f 525/61/2 522/78/2 521/77/2
f 525/61/2 523/79/2 522/78/2
f 525/61/2 524/80/3 523/79/2
f 763/81/2 765/83/2 764/82/4
f 762/84/2 765/83/2 763/81/2
f 761/85/2 765/83/2 762/84/2
f 761/85/2 766/86/2 765/83/2
f 760/87/2 766/86/2 761/85/2
f 759/88/2 766/86/2 760/87/2
f 759/88/2 767/89/2 766/86/2
f 758/90/2 767/89/2 759/88/2
f 757/91/2 767/89/2 758/90/2
f 757/91/2 768/92/2 767/89/2
f 756/93/2 768/92/2 757/91/2
f 755/94/2 768/92/2 756/93/2
f 754/95/2 768/92/2 755/94/2
f 754/95/2 769/96/2 768/92/2
f 753/97/2 769/96/2 754/95/2
f 752/98/2 769/96/2 753/97/2
f 752/98/2 770/99/2 769/96/2
f 751/100/2 770/99/2 752/98/2
f 750/101/2 770/99/2 751/100/2
f 750/101/2 771/102/2 770/99/2
f 749/103/2 771/102/2 750/101/2
f 748/104/2 771/102/2 749/103/2
f 747/105/2 771/102/2 748/104/2
f 747/105/2 772/106/2 771/102/2
f 746/107/2 772/106/2 747/105/2
f 745/108/2 772/106/2 746/107/2
f 745/108/2 773/109/2 772/106/2
f 744/110/2 773/109/2 745/108/2
f 743/111/2 773/109/2 744/110/2
f 743/111/2 774/112/2 773/109/2
f 742/113/2 774/112/2 743/111/2
f 741/114/2 774/112/2 742/113/2
f 741/114/2 775/115/2 774/112/2
f 740/116/2 775/115/2 741/114/2
f 739/117/2 738/118/2 740/116/2
f 738/118/2 737/119/2 740/116/2
f 737/119/2 736/120/2 740/116/2
f 736/120/2 735/121/2 740/116/2
f 735/121/2 734/122/2 740/116/2
f 734/122/2 733/123/2 740/116/2
f 733/123/2 732/124/2 740/116/2
f 732/124/2 731/125/2 740/116/2
f 731/125/2 775/115/2 740/116/2
f 731/125/2 730/126/2 775/115/2
f 730/126/2 729/127/2 775/115/2
f 729/127/2 728/128/5 775/115/2
f 728/128/5 776/129/2 775/115/2
f 728/128/5 727/130/3 776/129/2
f 727/130/3 726/131/2 776/129/2
f 726/131/2 725/132/3 776/129/2
f 725/132/3 777/133/2 776/129/2
f 725/132/3 724/134/2 777/133/2
f 724/134/2 723/135/2 777/133/2
f 723/135/2 722/136/2 777/133/2
f 722/136/2 778/137/2 777/133/2
f 722/136/2 721/138/2 778/137/2
f 721/138/2 720/139/2 778/137/2
f 720/139/2 719/140/2 778/137/2
f 719/140/2 779/141/2 778/137/2
f 719/140/2 718/142/2 779/141/2
f 718/142/2 717/143/2 779/141/2
f 717/143/2 716/144/2 779/141/2
f 716/144/2 780/145/2 779/141/2
f 716/144/2 715/146/3 780/145/2
f 715/146/3 714/147/2 780/145/2
f 714/147/2 781/148/2 780/145/2
f 713/149/3 781/148/2 714/147/2
f 712/150/2 781/148/2 713/149/3
f 711/151/2 781/148/2 712/150/2
f 710/152/2 781/148/2 711/151/2
f 709/153/2 781/148/2 710/152/2
f 709/153/2 782/154/2 781/148/2
f 708/155/2 782/154/2 709/153/2
f 707/156/2 782/154/2 708/155/2
f 706/157/2 782/154/2 707/156/2
f 705/158/2 782/154/2 706/157/2
f 704/159/2 782/154/2 705/158/2
f 704/159/2 783/160/2 782/154/2
f 703/161/2 783/160/2 704/159/2
f 702/162/2 783/160/2 703/161/2
f 701/163/2 783/160/2 702/162/2
f 701/163/2 784/164/2 783/160/2
f 700/165/2 784/164/2 701/163/2
f 699/166/2 784/164/2 700/165/2
f 699/166/2 785/167/2 784/164/2
f 698/168/2 785/167/2 699/166/2
f 697/169/2 785/167/2 698/168/2
f 697/169/2 786/170/2 785/167/2
f 696/171/2 786/170/2 697/169/2
f 695/172/2 786/170/2 696/171/2
f 695/172/2 787/173/2 786/170/2
f 694/174/2 787/173/2 695/172/2
f 693/175/2 787/173/2 694/174/2
f 693/175/2 788/176/2 787/173/2
f 692/177/2 788/176/2 693/175/2
f 691/178/2 788/176/2 692/177/2
f 691/178/2 568/6/2 788/176/2
f 690/179/2 568/6/2 691/178/2
f 688/180/2 690/179/2 689/181/2
f 688/180/2 814/182/2 690/179/2
f 814/182/2 568/6/2 690/179/2
f 687/183/2 814/182/2 688/180/2
f 686/184/2 814/182/2 687/183/2
f 685/185/2 814/182/2 686/184/2
f 684/186/2 814/182/2 685/185/2
f 683/187/2 814/182/2 684/186/2
f 682/188/2 814/182/2 683/187/2
f 681/189/2 814/182/2 682/188/2
f 680/190/2 814/182/2 681/189/2
f 679/191/2 814/182/2 680/190/2
f 678/192/2 814/182/2 679/191/2
f 677/193/2 814/182/2 678/192/2
f 676/194/2 814/182/2 677/193/2
f 675/195/2 814/182/2 676/194/2
f 674/196/2 814/182/2 675/195/2
f 673/197/2 816/198/2 674/196/2
f 816/198/2 815/199/2 674/196/2
f 815/199/2 814/182/2 674/196/2
f 813/200/2 568/6/2 814/182/2
f 673/197/2 817/201/5 816/198/2
f 673/197/2 818/202/2 817/201/5
f 673/197/2 819/203/2 818/202/2
f 673/197/2 820/204/2 819/203/2
f 673/197/2 821/205/2 820/204/2
f 673/197/2 822/206/2 821/205/2
f 673/197/2 823/207/2 822/206/2
f 672/208/2 823/207/2 673/197/2
f 672/208/2 824/209/2 823/207/2
f 672/208/2 825/210/2 824/209/2
f 672/208/2 826/211/2 825/210/2
f 671/212/2 826/211/2 672/208/2
f 671/212/2 827/213/2 826/211/2
f 671/212/2 828/214/2 827/213/2
f 670/215/2 828/214/2 671/212/2
f 670/215/2 829/216/2 828/214/2
f 670/215/2 830/217/2 829/216/2
f 669/218/2 830/217/2 670/215/2
f 669/218/2 831/219/2 830/217/2
f 669/218/2 832/220/2 831/219/2
f 669/218/2 833/221/2 832/220/2
f 668/222/2 833/221/2 669/218/2
f 668/222/2 834/223/2 833/221/2
f 668/222/2 835/224/2 834/223/2
f 667/225/2 835/224/2 668/222/2
f 667/225/2 836/226/2 835/224/2
f 667/225/2 837/227/2 836/226/2
f 666/228/2 837/227/2 667/225/2
f 666/228/2 838/229/2 837/227/2
f 665/230/2 838/229/2 666/228/2
f 665/230/2 839/231/2 838/229/2
f 665/230/2 840/232/2 839/231/2
f 664/233/2 840/232/2 665/230/2
f 664/233/2 841/234/2 840/232/2
f 663/235/2 841/234/2 664/233/2
f 812/236/2 568/6/2 813/200/2
f 811/237/2 568/6/2 812/236/2
f 811/237/2 569/238/2 568/6/2
f 663/235/2 842/239/2 841/234/2
f 810/240/2 569/238/2 811/237/2
f 662/241/2 842/239/2 663/235/2
f 810/240/2 570/242/2 569/238/2
f 809/243/2 570/242/2 810/240/2
f 809/243/2 571/244/2 570/242/2
f 662/241/2 843/245/2 842/239/2
f 808/246/2 571/244/2 809/243/2
f 661/247/2 843/245/2 662/241/2
f 808/246/2 572/248/2 571/244/2
f 807/249/2 572/248/2 808/246/2
f 807/249/2 573/250/2 572/248/2
f 806/251/2 573/250/2 807/249/2
f 661/247/2 844/252/2 843/245/2
f 806/251/2 574/253/2 573/250/2
f 660/254/2 844/252/2 661/247/2
f 805/255/2 574/253/2 806/251/2
f 805/255/2 575/256/2 574/253/2
f 804/257/2 575/256/2 805/255/2
f 804/257/2 576/258/2 575/256/2
f 660/254/2 845/259/2 844/252/2
f 803/260/2 576/258/2 804/257/2
f 803/260/2 577/261/2 576/258/2
f 659/262/2 845/259/2 660/254/2
f 802/263/2 577/261/2 803/260/2
f 802/263/2 578/264/2 577/261/2
f 659/262/2 846/265/2 845/259/2
f 801/266/2 578/264/2 802/263/2
f 801/266/2 579/267/2 578/264/2
f 800/268/2 579/267/2 801/266/2
f 800/268/2 580/269/2 579/267/2
f 799/270/2 580/269/2 800/268/2
f 658/271/2 846/265/2 659/262/2
f 658/271/2 847/272/2 846/265/2
f 799/270/2 581/273/2 580/269/2
f 799/270/2 582/274/2 581/273/2
f 798/275/2 582/274/2 799/270/2
f 798/275/2 583/276/2 582/274/2
f 797/277/2 583/276/2 798/275/2
f 658/271/2 848/278/2 847/272/2
f 797/277/2 584/279/2 583/276/2
f 796/280/2 584/279/2 797/277/2
f 796/280/2 585/281/2 584/279/2
f 795/282/2 585/281/2 796/280/2
f 658/271/2 849/283/2 848/278/2
f 657/284/2 849/283/2 658/271/2
f 795/282/2 586/285/2 585/281/2
f 794/286/2 586/285/2 795/282/2
f 793/287/2 586/285/2 794/286/2
f 793/287/2 587/288/2 586/285/2
f 657/284/2 850/5/2 849/283/2
f 792/289/2 587/288/2 793/287/2
f 791/290/2 587/288/2 792/289/2
f 791/290/2 588/291/2 587/288/2
f 657/284/2 789/292/2 850/5/2
f 790/293/2 588/291/2 791/290/2
f 789/292/2 588/291/2 790/293/2
f 657/284/2 588/291/2 789/292/2
f 657/284/2 589/294/2 588/291/2
f 657/284/2 590/295/2 589/294/2
f 657/284/2 591/296/2 590/295/2
f 656/297/2 591/296/2 657/284/2
f 656/297/2 592/298/2 591/296/2
f 656/297/2 617/299/2 592/298/2
f 617/299/2 593/300/2 592/298/2
f 656/297/2 618/301/2 617/299/2
f 616/302/2 593/300/2 617/299/2
f 655/303/2 618/301/2 656/297/2
f 615/304/2 593/300/2 616/302/2
f 655/303/2 619/305/2 618/301/2
f 614/306/2 593/300/2 615/304/2
f 655/303/2 620/307/2 619/305/2
f 654/308/2 620/307/2 655/303/2
f 613/309/2 593/300/2 614/306/2
f 654/308/2 621/310/2 620/307/2
f 653/311/2 621/310/2 654/308/2
f 612/312/2 593/300/2 613/309/2
f 653/311/2 622/313/2 621/310/2
f 611/314/2 593/300/2 612/312/2
f 653/311/2 623/315/2 622/313/2
f 652/316/2 623/315/2 653/311/2
f 610/317/2 593/300/2 611/314/2
f 652/316/2 624/318/2 623/315/2
f 609/319/2 593/300/2 610/317/2
f 651/320/2 624/318/2 652/316/2
f 651/320/2 625/321/2 624/318/2
f 608/322/2 593/300/2 609/319/2
f 651/320/2 626/323/2 625/321/2
f 607/324/2 593/300/2 608/322/2
f 650/325/2 626/323/2 651/320/2
f 650/325/2 627/326/2 626/323/2
f 606/327/2 593/300/2 607/324/2
f 649/328/2 627/326/2 650/325/2
f 605/329/2 593/300/2 606/327/2
f 649/328/2 628/330/2 627/326/2
f 604/331/2 593/300/2 605/329/2
f 649/328/2 629/332/2 628/330/2
f 648/333/2 629/332/2 649/328/2
f 603/334/2 593/300/2 604/331/2
f 648/333/2 630/335/2 629/332/2
f 602/336/2 593/300/2 603/334/2
f 647/337/2 630/335/2 648/333/2
f 647/337/2 631/338/2 630/335/2
f 601/339/2 593/300/2 602/336/2
f 647/337/2 632/340/2 631/338/2
f 600/341/2 593/300/2 601/339/2
f 646/342/2 632/340/2 647/337/2
f 646/342/2 633/343/2 632/340/2
f 599/344/2 593/300/2 600/341/2
f 598/345/2 593/300/2 599/344/2
f 646/342/2 634/346/2 633/343/2
f 645/347/2 634/346/2 646/342/2
f 597/348/2 593/300/2 598/345/2
f 645/347/2 635/349/2 634/346/2
f 644/350/2 635/349/2 645/347/2
f 596/351/2 593/300/2 597/348/2
f 644/350/2 636/352/2 635/349/2
f 595/353/2 593/300/2 596/351/2
f 644/350/2 637/354/2 636/352/2
f 643/355/2 637/354/2 644/350/2
f 594/356/2 593/300/2 595/353/2
f 643/355/2 638/357/2 637/354/2
f 642/358/2 638/357/2 643/355/2
f 642/358/2 639/359/2 638/357/2
f 642/358/2 640/360/2 639/359/2
f 641/361/6 640/360/2 642/358/2
f 881/362/2 932/364/2 882/363/2
f 932/364/2 883/365/2 882/363/2
f 932/364/2 884/366/2 883/365/2
f 932/364/2 885/367/2 884/366/2
f 932/364/2 886/368/2 885/367/2
f 932/364/2 887/369/2 886/368/2
f 932/364/2 888/370/2 887/369/2
f 932/364/2 889/371/2 888/370/2
f 932/364/2 890/372/2 889/371/2
f 932/364/2 891/373/2 890/372/2
f 932/364/2 892/374/2 891/373/2
f 932/364/2 893/375/2 892/374/2
f 932/364/2 894/376/2 893/375/2
f 932/364/2 895/377/2 894/376/2
f 932/364/2 896/378/2 895/377/2
f 932/364/2 897/379/2 896/378/2
f 932/364/2 898/380/2 897/379/2
f 932/364/2 931/381/2 898/380/2
f 931/381/2 899/382/2 898/380/2
f 881/362/2 933/383/2 932/364/2
f 930/384/2 899/382/2 931/381/2
f 929/385/5 899/382/2 930/384/2
f 928/386/2 899/382/2 929/385/5
f 927/387/2 899/382/2 928/386/2
f 927/387/2 900/388/2 899/382/2
f 926/389/2 900/388/2 927/387/2
f 925/390/2 900/388/2 926/389/2
f 924/391/2 900/388/2 925/390/2
f 923/392/2 900/388/2 924/391/2
f 922/393/2 900/388/2 923/392/2
f 922/393/2 901/394/2 900/388/2
f 921/395/2 901/394/2 922/393/2
f 920/396/2 901/394/2 921/395/2
f 919/397/2 901/394/2 920/396/2
f 919/397/2 902/398/2 901/394/2
f 918/399/2 902/398/2 919/397/2
f 917/400/2 902/398/2 918/399/2
f 916/401/2 902/398/2 917/400/2
f 916/401/2 903/402/2 902/398/2
f 915/403/2 903/402/2 916/401/2
f 914/404/2 903/402/2 915/403/2
f 914/404/2 904/153/2 903/402/2
f 913/405/2 904/153/2 914/404/2
f 912/406/2 904/153/2 913/405/2
f 912/406/2 905/407/2 904/153/2
f 911/408/2 905/407/2 912/406/2
f 910/409/2 905/407/2 911/408/2
f 910/409/2 906/410/2 905/407/2
f 909/411/2 906/410/2 910/409/2
f 908/412/2 906/410/2 909/411/2
f 908/412/2 851/6/2 906/410/2
f 907/413/2 851/6/2 908/412/2
f 957/5/2 851/6/2 907/413/2
f 957/5/2 852/414/2 851/6/2
f 956/415/2 852/414/2 957/5/2
f 956/415/2 853/416/2 852/414/2
f 955/417/2 853/416/2 956/415/2
f 955/417/2 854/418/2 853/416/2
f 954/419/2 854/418/2 955/417/2
f 954/419/2 855/420/2 854/418/2
f 953/421/2 855/420/2 954/419/2
f 953/421/2 856/422/2 855/420/2
f 952/423/2 856/422/2 953/421/2
f 951/424/2 856/422/2 952/423/2
f 951/424/2 857/425/2 856/422/2
f 950/426/2 857/425/2 951/424/2
f 950/426/2 858/427/2 857/425/2
f 949/428/2 858/427/2 950/426/2
f 948/429/2 858/427/2 949/428/2
f 948/429/2 859/430/2 858/427/2
f 947/431/2 859/430/2 948/429/2
f 946/432/2 859/430/2 947/431/2
f 946/432/2 860/433/2 859/430/2
f 945/434/2 860/433/2 946/432/2
f 944/435/2 860/433/2 945/434/2
f 944/435/2 861/436/2 860/433/2
f 943/437/2 861/436/2 944/435/2
f 942/438/2 861/436/2 943/437/2
f 942/438/2 862/439/2 861/436/2
f 941/440/2 862/439/2 942/438/2
f 940/441/2 862/439/2 941/440/2
f 939/442/2 862/439/2 940/441/2
f 939/442/2 863/443/2 862/439/2
f 938/444/2 863/443/2 939/442/2
f 937/445/2 863/443/2 938/444/2
f 936/446/2 863/443/2 937/445/2
f 935/447/2 863/443/2 936/446/2
f 934/448/2 863/443/2 935/447/2
f 881/362/2 879/449/2 933/383/2
f 879/449/2 934/448/2 933/383/2
f 879/449/2 863/443/2 934/448/2
f 879/449/2 864/450/2 863/443/2
f 879/449/2 865/451/2 864/450/2
f 879/449/2 866/452/2 865/451/2
f 879/449/2 867/453/2 866/452/2
f 879/449/2 868/454/2 867/453/2
f 879/449/2 869/455/2 868/454/2
f 879/449/2 870/456/2 869/455/2
f 879/449/2 871/457/2 870/456/2
f 879/449/2 872/458/2 871/457/2
f 879/449/2 873/459/2 872/458/2
f 879/449/2 874/460/2 873/459/2
f 879/449/2 875/461/2 874/460/2
f 879/449/2 878/462/2 875/461/2
f 878/462/2 876/463/2 875/461/2
f 881/362/2 880/464/2 879/449/2
f 877/465/2 876/463/2 878/462/2
f 967/5/2 965/466/2 964/93/2
f 966/467/2 965/466/2 967/5/2
f 962/468/2 958/6/2 963/469/2
f 962/468/2 959/470/2 958/6/2
f 962/468/2 960/471/2 959/470/2
f 961/241/2 960/471/2 962/468/2
f 972/93/2 974/5/2 973/260/2
f 972/93/2 968/6/2 974/5/2
f 968/6/2 970/241/2 969/304/2
f 968/6/2 971/153/2 970/241/2
f 972/93/2 971/153/2 968/6/2
f 203/179/7 202/181/7 689/181/7 690/179/7
f 34/77/8 33/76/8 520/76/8 521/77/8
f 441/386/9 440/387/9 927/387/9 928/386/9
f 35/78/10 34/77/10 521/77/10 522/78/10
f 99/285/11 98/281/11 585/281/11 586/285/11
f 308/282/12 307/286/12 794/286/12 795/282/12
f 201/180/13 200/183/13 687/183/13 688/180/13
f 36/79/14 35/78/14 522/78/14 523/79/14
f 413/388/15 412/382/15 899/382/15 900/388/15
f 38/61/16 37/80/16 524/80/16 525/61/16
f 440/387/17 439/389/17 926/389/17 927/387/17
f 307/286/18 306/287/18 793/287/18 794/286/18
f 200/183/19 199/184/19 686/184/19 687/183/19
f 37/80/20 36/79/20 523/79/20 524/80/20
f 277/82/21 276/81/21 763/81/21 764/82/21
f 439/389/22 438/390/22 925/390/22 926/389/22
f 199/184/23 198/185/23 685/185/23 686/184/23
f 100/288/24 99/285/24 586/285/24 587/288/24
f 278/83/25 277/82/25 764/82/25 765/83/25
f 438/390/26 437/391/26 924/391/26 925/390/26
f 198/185/27 197/186/27 684/186/27 685/185/27
f 276/81/28 275/84/28 762/84/28 763/81/28
f 363/5/29 362/283/29 849/283/29 850/5/29
f 437/391/30 436/392/30 923/392/30 924/391/30
f 306/287/31 305/289/31 792/289/31 793/287/31
f 197/186/32 196/187/32 683/187/32 684/186/32
f 275/84/33 274/85/33 761/85/33 762/84/33
f 436/392/34 435/393/34 922/393/34 923/392/34
f 305/289/35 304/290/35 791/290/35 792/289/35
f 196/187/36 195/188/36 682/188/36 683/187/36
f 279/86/37 278/83/37 765/83/37 766/86/37
f 195/188/38 194/189/38 681/189/38 682/188/38
f 274/85/39 273/87/39 760/87/39 761/85/39
f 414/394/40 413/388/40 900/388/40 901/394/40
f 101/291/41 100/288/41 587/288/41 588/291/41
f 435/393/42 434/395/42 921/395/42 922/393/42
f 194/189/43 193/190/43 680/190/43 681/189/43
f 273/87/44 272/88/44 759/88/44 760/87/44
f 302/292/45 363/5/45 850/5/45 789/292/45
f 434/395/46 433/396/46 920/396/46 921/395/46
f 304/290/47 303/293/47 790/293/47 791/290/47
f 193/190/48 192/191/48 679/191/48 680/190/48
f 280/89/49 279/86/49 766/86/49 767/89/49
f 433/396/50 432/397/50 919/397/50 920/396/50
f 303/293/51 302/292/51 789/292/51 790/293/51
f 192/191/52 191/192/52 678/192/52 679/191/52
f 272/88/53 271/90/53 758/90/53 759/88/53
f 191/192/54 190/193/54 677/193/54 678/192/54
f 271/90/55 270/91/55 757/91/55 758/90/55
f 415/398/56 414/394/56 901/394/56 902/398/56
f 432/397/57 431/399/57 918/399/57 919/397/57
f 102/294/58 101/291/58 588/291/58 589/294/58
f 190/193/59 189/194/59 676/194/59 677/193/59
f 281/92/60 280/89/60 767/89/60 768/92/60
f 431/399/61 430/400/61 917/400/61 918/399/61
f 103/295/62 102/294/62 589/294/62 590/295/62
f 189/194/63 188/195/63 675/195/63 676/194/63
f 270/91/64 269/93/64 756/93/64 757/91/64
f 430/400/65 429/401/65 916/401/65 917/400/65
f 104/296/66 103/295/66 590/295/66 591/296/66
f 188/195/67 187/196/67 674/196/67 675/195/67
f 269/93/68 268/94/69 755/94/69 756/93/68
f 170/284/70 169/297/70 656/297/70 657/284/70
f 187/196/71 186/197/71 673/197/71 674/196/71
f 268/94/69 267/95/72 754/95/72 755/94/69
f 416/402/73 415/398/73 902/398/73 903/402/73
f 429/401/74 428/403/74 915/403/74 916/401/74
f 105/298/75 104/296/75 591/296/75 592/298/75
f 329/198/76 328/199/76 815/199/76 816/198/76
f 282/96/77 281/92/77 768/92/77 769/96/77
f 428/403/78 427/404/78 914/404/78 915/403/78
f 267/95/72 266/97/79 753/97/79 754/95/72
f 328/199/80 327/182/80 814/182/80 815/199/80
f 106/300/81 105/298/81 592/298/81 593/300/81
f 327/182/82 326/200/82 813/200/82 814/182/82
f 266/97/79 265/98/83 752/98/83 753/97/79
f 417/153/84 416/402/84 903/402/84 904/153/84
f 427/404/85 426/405/85 913/405/85 914/404/85
f 131/301/86 130/299/86 617/299/86 618/301/86
f 130/299/87 129/302/87 616/302/87 617/299/87
f 330/201/88 329/198/88 816/198/88 817/201/88
f 283/99/89 282/96/89 769/96/89 770/99/89
f 426/405/90 425/406/90 912/406/90 913/405/90
f 265/98/91 264/100/91 751/100/91 752/98/91
f 169/297/92 168/303/92 655/303/92 656/297/92
f 331/202/93 330/201/93 817/201/93 818/202/93
f 264/100/94 263/101/94 750/101/94 751/100/94
f 418/407/95 417/153/95 904/153/95 905/407/95
f 129/302/96 128/304/96 615/304/96 616/302/96
f 332/203/97 331/202/97 818/202/97 819/203/97
f 425/406/98 424/408/98 911/408/98 912/406/98
f 333/204/99 332/203/99 819/203/99 820/204/99
f 284/102/100 283/99/100 770/99/100 771/102/100
f 424/408/101 423/409/101 910/409/101 911/408/101
f 132/305/102 131/301/102 618/301/102 619/305/102
f 263/101/103 262/103/103 749/103/103 750/101/103
f 128/304/104 127/306/104 614/306/104 615/304/104
f 334/205/105 333/204/105 820/204/105 821/205/105
f 262/103/106 261/104/106 748/104/106 749/103/106
f 419/410/107 418/407/107 905/407/107 906/410/107
f 335/206/108 334/205/108 821/205/108 822/206/108
f 423/409/109 422/411/109 909/411/109 910/409/109
f 133/307/110 132/305/110 619/305/110 620/307/110
f 261/104/111 260/105/111 747/105/111 748/104/111
f 168/303/112 167/308/112 654/308/112 655/303/112
f 336/207/113 335/206/113 822/206/113 823/207/113
f 422/411/114 421/412/114 908/412/114 909/411/114
f 186/197/115 185/208/115 672/208/115 673/197/115
f 127/306/116 126/309/116 613/309/116 614/306/116
f 285/106/117 284/102/117 771/102/117 772/106/117
f 260/105/118 259/107/118 746/107/118 747/105/118
f 77/2/119 76/1/119 563/1/119 564/2/119
f 364/6/120 419/410/120 906/410/120 851/6/120
f 337/209/121 336/207/121 823/207/121 824/209/121
f 421/412/122 420/413/122 907/413/122 908/412/122
f 134/310/123 133/307/123 620/307/123 621/310/123
f 259/107/124 258/108/124 745/108/124 746/107/124
f 78/3/7 77/2/7 564/2/7 565/3/7
f 167/308/125 166/311/125 653/311/125 654/308/125
f 338/210/126 337/209/126 824/209/126 825/210/126
f 420/413/127 470/5/127 957/5/127 907/413/127
f 79/4/128 78/3/128 565/3/128 566/4/128
f 126/309/129 125/312/129 612/312/129 613/309/129
f 339/211/130 338/210/130 825/210/130 826/211/130
f 286/109/131 285/106/131 772/106/131 773/109/131
f 80/5/132 79/4/132 566/4/132 567/5/132
f 185/208/133 184/212/133 671/212/133 672/208/133
f 258/108/134 257/110/135 744/110/135 745/108/134
f 365/414/136 364/6/136 851/6/136 852/414/136
f 1/6/7 80/5/7 567/5/7 488/6/7
f 470/5/137 469/415/137 956/415/137 957/5/137
f 135/313/138 134/310/138 621/310/138 622/313/138
f 257/110/135 256/111/139 743/111/139 744/110/135
f 125/312/140 124/314/140 611/314/140 612/312/140
f 340/213/141 339/211/141 826/211/141 827/213/141
f 2/7/142 1/6/143 488/6/143 489/7/142
f 76/1/80 75/8/80 562/8/80 563/1/80
f 366/416/144 365/414/144 852/414/144 853/416/144
f 341/214/145 340/213/145 827/213/145 828/214/145
f 287/112/146 286/109/146 773/109/146 774/112/146
f 469/415/147 468/417/147 955/417/147 956/415/147
f 136/315/148 135/313/148 622/313/148 623/315/148
f 184/212/149 183/215/149 670/215/149 671/212/149
f 256/111/139 255/113/150 742/113/150 743/111/139
f 166/311/151 165/316/151 652/316/151 653/311/151
f 75/8/152 74/9/152 561/9/152 562/8/152
f 255/113/150 254/114/153 741/114/153 742/113/150
f 367/418/154 366/416/154 853/416/154 854/418/154
f 124/314/155 123/317/155 610/317/155 611/314/155
f 342/216/156 341/214/156 828/214/156 829/216/156
f 468/417/157 467/419/157 954/419/157 955/417/157
f 3/10/158 2/7/142 489/7/142 490/10/158
f 343/217/159 342/216/159 829/216/159 830/217/159
f 288/115/160 287/112/160 774/112/160 775/115/160
f 74/9/161 73/11/161 560/11/161 561/9/161
f 137/318/162 136/315/162 623/315/162 624/318/162
f 183/215/163 182/218/163 669/218/163 670/215/163
f 254/114/153 253/116/164 740/116/164 741/114/153
f 368/420/165 367/418/165 854/418/165 855/420/165
f 123/317/166 122/319/166 609/319/166 610/317/166
f 467/419/167 466/421/167 953/421/167 954/419/167
f 253/116/168 252/117/168 739/117/168 740/116/168
f 4/12/169 3/10/169 490/10/169 491/12/169
f 165/316/170 164/320/170 651/320/170 652/316/170
f 344/219/171 343/217/171 830/217/171 831/219/171
f 252/117/172 251/118/173 738/118/173 739/117/172
f 73/11/174 72/13/174 559/13/174 560/11/174
f 369/422/175 368/420/175 855/420/175 856/422/175
f 345/220/176 344/219/176 831/219/176 832/220/176
f 251/118/173 250/119/177 737/119/177 738/118/173
f 72/13/178 71/14/178 558/14/178 559/13/178
f 466/421/179 465/423/179 952/423/179 953/421/179
f 138/321/180 137/318/180 624/318/180 625/321/180
f 122/319/181 121/322/181 608/322/181 609/319/181
f 346/221/182 345/220/182 832/220/182 833/221/182
f 250/119/177 249/120/183 736/120/183 737/119/177
f 465/423/184 464/424/184 951/424/184 952/423/184
f 182/218/185 181/222/185 668/222/185 669/218/185
f 5/15/186 4/12/186 491/12/186 492/15/186
f 249/120/183 248/121/187 735/121/187 736/120/183
f 71/14/188 70/16/188 557/16/188 558/14/188
f 139/323/189 138/321/189 625/321/189 626/323/189
f 370/425/190 369/422/190 856/422/190 857/425/190
f 121/322/191 120/324/191 607/324/191 608/322/191
f 347/223/192 346/221/192 833/221/192 834/223/192
f 248/121/187 247/122/193 734/122/193 735/121/187
f 70/16/194 69/17/194 556/17/194 557/16/194
f 464/424/195 463/426/195 950/426/195 951/424/195
f 164/320/196 163/325/196 650/325/196 651/320/196
f 348/224/197 347/223/197 834/223/197 835/224/197
f 247/122/193 246/123/198 733/123/198 734/122/193
f 181/222/199 180/225/199 667/225/199 668/222/199
f 6/18/200 5/15/200 492/15/200 493/18/200
f 371/427/201 370/425/201 857/425/201 858/427/201
f 246/123/198 245/124/202 732/124/202 733/123/198
f 69/17/203 68/19/203 555/19/203 556/17/203
f 463/426/204 462/428/204 949/428/204 950/426/204
f 140/326/205 139/323/205 626/323/205 627/326/205
f 120/324/206 119/327/206 606/327/206 607/324/206
f 349/226/207 348/224/207 835/224/207 836/226/207
f 245/124/202 244/125/208 731/125/208 732/124/202
f 462/428/209 461/429/209 948/429/209 949/428/209
f 7/20/210 6/18/210 493/18/210 494/20/210
f 163/325/211 162/328/211 649/328/211 650/325/211
f 350/227/212 349/226/212 836/226/212 837/227/212
f 68/19/213 67/21/213 554/21/213 555/19/213
f 180/225/214 179/228/214 666/228/214 667/225/214
f 244/125/208 243/126/215 730/126/215 731/125/208
f 372/430/216 371/427/216 858/427/216 859/430/216
f 119/327/217 118/329/217 605/329/217 606/327/217
f 67/21/218 66/22/218 553/22/218 554/21/218
f 461/429/219 460/431/219 947/431/219 948/429/219
f 243/126/215 242/127/220 729/127/220 730/126/215
f 351/229/221 350/227/221 837/227/221 838/229/221
f 460/431/222 459/432/222 946/432/222 947/431/222
f 141/330/223 140/326/223 627/326/223 628/330/223
f 179/228/224 178/230/224 665/230/224 666/228/224
f 242/127/220 241/128/225 728/128/225 729/127/220
f 8/23/226 7/20/226 494/20/226 495/23/226
f 118/329/227 117/331/227 604/331/227 605/329/227
f 66/22/228 65/24/228 552/24/228 553/22/228
f 373/433/229 372/430/229 859/430/229 860/433/229
f 352/231/230 351/229/230 838/229/230 839/231/230
f 289/129/231 288/115/231 775/115/231 776/129/231
f 65/24/232 64/25/232 551/25/232 552/24/232
f 459/432/233 458/434/233 945/434/233 946/432/233
f 142/332/234 141/330/234 628/330/234 629/332/234
f 241/128/235 240/130/236 727/130/236 728/128/235
f 162/328/237 161/333/237 648/333/237 649/328/237
f 353/232/238 352/231/238 839/231/238 840/232/238
f 458/434/239 457/435/239 944/435/239 945/434/239
f 178/230/240 177/233/240 664/233/240 665/230/240
f 240/130/236 239/131/241 726/131/241 727/130/236
f 9/26/242 8/23/242 495/23/242 496/26/242
f 117/331/243 116/334/243 603/334/243 604/331/243
f 64/25/244 63/27/244 550/27/244 551/25/244
f 239/131/241 238/132/245 725/132/245 726/131/241
f 374/436/246 373/433/246 860/433/246 861/436/246
f 354/234/247 353/232/247 840/232/247 841/234/247
f 63/27/248 62/28/248 549/28/248 550/27/248
f 457/435/249 456/437/249 943/437/249 944/435/249
f 143/335/250 142/332/250 629/332/250 630/335/250
f 177/233/251 176/235/251 663/235/251 664/233/251
f 116/334/252 115/336/252 602/336/252 603/334/252
f 290/133/253 289/129/253 776/129/253 777/133/253
f 456/437/254 455/438/254 942/438/254 943/437/254
f 326/200/255 325/236/255 812/236/255 813/200/255
f 238/132/245 237/134/256 724/134/256 725/132/245
f 10/29/257 9/26/257 496/26/257 497/29/257
f 161/333/258 160/337/258 647/337/258 648/333/258
f 62/28/259 61/30/259 548/30/259 549/28/259
f 325/236/260 324/237/260 811/237/260 812/236/260
f 237/134/256 236/135/261 723/135/261 724/134/256
f 375/439/262 374/436/262 861/436/262 862/439/262
f 61/30/263 60/31/263 547/31/263 548/30/263
f 455/438/264 454/440/264 941/440/264 942/438/264
f 144/338/265 143/335/265 630/335/265 631/338/265
f 236/135/261 235/136/266 722/136/266 723/135/261
f 115/336/267 114/339/267 601/339/267 602/336/267
f 82/238/268 81/6/269 568/6/269 569/238/268
f 454/440/270 453/441/270 940/441/270 941/440/270
f 11/32/271 10/29/271 497/29/271 498/32/271
f 355/239/272 354/234/272 841/234/272 842/239/272
f 291/137/273 290/133/273 777/133/273 778/137/273
f 60/31/274 59/33/274 546/33/274 547/31/274
f 453/441/275 452/442/275 939/442/275 940/441/275
f 145/340/276 144/338/276 631/338/276 632/340/276
f 324/237/277 323/240/277 810/240/277 811/237/277
f 235/136/266 234/138/278 721/138/278 722/136/266
f 114/339/279 113/341/279 600/341/279 601/339/279
f 59/33/280 58/34/280 545/34/280 546/33/280
f 176/235/281 175/241/281 662/241/281 663/235/281
f 234/138/282 233/139/282 720/139/282 721/138/282
f 376/443/283 375/439/283 862/439/283 863/443/283
f 160/337/284 159/342/284 646/342/284 647/337/284
f 452/442/285 451/444/285 938/444/285 939/442/285
f 233/139/286 232/140/286 719/140/286 720/139/286
f 12/35/287 11/32/287 498/32/287 499/35/287
f 83/242/288 82/238/288 569/238/288 570/242/288
f 58/34/289 57/36/289 544/36/289 545/34/289
f 451/444/290 450/445/290 937/445/290 938/444/290
f 146/343/291 145/340/291 632/340/291 633/343/291
f 323/240/292 322/243/292 809/243/292 810/240/292
f 113/341/293 112/344/293 599/344/293 600/341/293
f 292/141/294 291/137/294 778/137/294 779/141/294
f 57/36/295 56/37/295 543/37/295 544/36/295
f 450/445/296 449/446/296 936/446/296 937/445/296
f 232/140/297 231/142/297 718/142/297 719/140/297
f 112/344/298 111/345/298 598/345/298 599/344/298
f 84/244/299 83/242/299 570/242/299 571/244/299
f 56/37/300 55/38/300 542/38/300 543/37/300
f 449/446/301 448/447/301 935/447/301 936/446/301
f 231/142/302 230/143/302 717/143/302 718/142/302
f 356/245/303 355/239/303 842/239/303 843/245/303
f 448/447/304 447/448/304 934/448/304 935/447/304
f 147/346/305 146/343/305 633/343/305 634/346/305
f 322/243/306 321/246/306 808/246/306 809/243/306
f 230/143/307 229/144/307 716/144/307 717/143/307
f 13/39/308 12/35/308 499/35/308 500/39/308
f 159/342/309 158/347/309 645/347/309 646/342/309
f 55/38/310 54/40/310 541/40/310 542/38/310
f 175/241/311 174/247/311 661/247/311 662/241/311
f 111/345/312 110/348/312 597/348/312 598/345/312
f 293/145/313 292/141/313 779/141/313 780/145/313
f 54/40/314 53/41/314 540/41/314 541/40/314
f 229/144/315 228/146/315 715/146/315 716/144/315
f 447/448/7 446/383/7 933/383/7 934/448/7
f 85/248/316 84/244/316 571/244/316 572/248/316
f 148/349/317 147/346/317 634/346/317 635/349/317
f 321/246/318 320/249/318 807/249/318 808/246/318
f 228/146/319 227/147/319 714/147/319 715/146/319
f 14/42/320 13/39/320 500/39/320 501/42/320
f 158/347/321 157/350/321 644/350/321 645/347/321
f 53/41/322 52/43/322 539/43/322 540/41/322
f 377/450/323 376/443/323 863/443/323 864/450/323
f 110/348/324 109/351/324 596/351/324 597/348/324
f 86/250/325 85/248/325 572/248/325 573/250/325
f 294/148/326 293/145/326 780/145/326 781/148/326
f 52/43/327 51/44/327 538/44/327 539/43/327
f 378/451/328 377/450/328 864/450/328 865/451/328
f 320/249/329 319/251/329 806/251/329 807/249/329
f 227/147/330 226/149/330 713/149/330 714/147/330
f 51/44/331 50/45/331 537/45/331 538/44/331
f 379/452/332 378/451/332 865/451/332 866/452/332
f 149/352/333 148/349/333 635/349/333 636/352/333
f 226/149/334 225/150/334 712/150/334 713/149/334
f 109/351/335 108/353/335 595/353/335 596/351/335
f 357/252/336 356/245/336 843/245/336 844/252/336
f 380/453/337 379/452/337 866/452/337 867/453/337
f 225/150/338 224/151/338 711/151/338 712/150/338
f 15/46/339 14/42/339 501/42/339 502/46/339
f 87/253/340 86/250/340 573/250/340 574/253/340
f 50/45/341 49/47/341 536/47/341 537/45/341
f 381/454/342 380/453/342 867/453/342 868/454/342
f 150/354/343 149/352/343 636/352/343 637/354/343
f 174/247/344 173/254/344 660/254/344 661/247/344
f 224/151/345 223/152/345 710/152/345 711/151/345
f 157/350/346 156/355/346 643/355/346 644/350/346
f 49/47/347 48/48/347 535/48/347 536/47/347
f 382/455/348 381/454/348 868/454/348 869/455/348
f 319/251/349 318/255/349 805/255/349 806/251/349
f 223/152/350 222/153/350 709/153/350 710/152/350
f 108/353/351 107/356/351 594/356/351 595/353/351
f 48/48/352 47/49/352 534/49/352 535/48/352
f 383/456/353 382/455/353 869/455/353 870/456/353
f 107/356/354 106/300/354 593/300/354 594/356/354
f 88/256/355 87/253/355 574/253/355 575/256/355
f 295/154/356 294/148/356 781/148/356 782/154/356
f 384/457/357 383/456/357 870/456/357 871/457/357
f 151/357/358 150/354/358 637/354/358 638/357/358
f 318/255/359 317/257/359 804/257/359 805/255/359
f 222/153/360 221/155/360 708/155/360 709/153/360
f 16/50/361 15/46/361 502/46/361 503/50/361
f 156/355/362 155/358/362 642/358/362 643/355/362
f 47/49/363 46/51/363 533/51/363 534/49/363
f 385/458/364 384/457/364 871/457/364 872/458/364
f 221/155/365 220/156/365 707/156/365 708/155/365
f 89/258/366 88/256/366 575/256/366 576/258/366
f 46/51/134 45/52/134 532/52/134 533/51/134
f 386/459/367 385/458/367 872/458/367 873/459/367
f 152/359/368 151/357/368 638/357/368 639/359/368
f 220/156/369 219/157/369 706/157/369 707/156/369
f 358/259/370 357/252/370 844/252/370 845/259/370
f 45/52/371 44/53/371 531/53/371 532/52/371
f 387/460/372 386/459/372 873/459/372 874/460/372
f 153/360/373 152/359/373 639/359/373 640/360/373
f 317/257/374 316/260/374 803/260/374 804/257/374
f 219/157/375 218/158/375 705/158/375 706/157/375
f 155/358/376 154/361/376 641/361/376 642/358/376
f 388/461/377 387/460/377 874/460/377 875/461/377
f 154/361/378 153/360/378 640/360/378 641/361/378
f 218/158/379 217/159/379 704/159/379 705/158/379
f 17/54/380 16/50/380 503/50/380 504/54/380
f 392/449/80 391/462/80 878/462/80 879/449/80
f 395/363/82 394/362/82 881/362/82 882/363/82
f 90/261/381 89/258/381 576/258/381 577/261/381
f 44/53/382 43/55/382 530/55/382 531/53/382
f 173/254/383 172/262/383 659/262/383 660/254/383
f 296/160/384 295/154/384 782/154/384 783/160/384
f 43/55/385 42/56/385 529/56/385 530/55/385
f 389/463/386 388/461/386 875/461/386 876/463/386
f 316/260/387 315/263/387 802/263/387 803/260/387
f 217/159/388 216/161/388 703/161/388 704/159/388
f 394/362/80 393/464/80 880/464/80 881/362/80
f 396/365/7 395/363/7 882/363/7 883/365/7
f 42/56/389 41/57/389 528/57/389 529/56/389
f 393/464/390 392/449/390 879/449/390 880/464/390
f 216/161/391 215/162/391 702/162/391 703/161/391
f 391/462/392 390/465/392 877/465/392 878/462/392
f 397/366/393 396/365/393 883/365/393 884/366/393
f 91/264/394 90/261/394 577/261/394 578/264/394
f 41/57/395 40/58/395 527/58/395 528/57/395
f 390/465/80 389/463/80 876/463/80 877/465/80
f 215/162/396 214/163/396 701/163/396 702/162/396
f 477/93/397 480/5/397 967/5/397 964/93/397
f 398/367/398 397/366/398 884/366/398 885/367/398
f 359/265/399 358/259/399 845/259/399 846/265/399
f 315/263/400 314/266/400 801/266/400 802/263/400
f 18/59/401 17/54/401 504/54/401 505/59/401
f 478/466/390 477/93/390 964/93/390 965/466/390
f 399/368/402 398/367/402 885/367/402 886/368/402
f 297/164/403 296/160/403 783/160/403 784/164/403
f 40/58/404 39/60/404 526/60/404 527/58/404
f 480/5/82 479/467/82 966/467/82 967/5/82
f 214/163/405 213/165/405 700/165/405 701/163/405
f 479/467/80 478/466/80 965/466/80 966/467/80
f 400/369/406 399/368/406 886/368/406 887/369/406
f 92/267/407 91/264/407 578/264/407 579/267/407
f 39/60/408 38/61/408 525/61/408 526/60/408
f 476/469/409 475/468/409 962/468/409 963/469/409
f 314/266/410 313/268/410 800/268/410 801/266/410
f 213/165/411 212/166/411 699/166/411 700/165/411
f 401/370/412 400/369/412 887/369/412 888/370/412
f 471/6/7 476/469/7 963/469/7 958/6/7
f 19/62/413 18/59/413 505/59/413 506/62/413
f 402/371/414 401/370/414 888/370/414 889/371/414
f 93/269/415 92/267/415 579/267/415 580/269/415
f 298/167/416 297/164/416 784/164/416 785/167/416
f 472/470/417 471/6/417 958/6/417 959/470/417
f 313/268/418 312/270/418 799/270/418 800/268/418
f 212/166/419 211/168/419 698/168/419 699/166/419
f 20/63/420 19/62/420 506/62/420 507/63/420
f 403/372/421 402/371/421 889/371/421 890/372/421
f 473/471/422 472/470/422 959/470/422 960/471/422
f 172/262/423 171/271/423 658/271/423 659/262/423
f 211/168/424 210/169/424 697/169/424 698/168/424
f 21/64/425 20/63/425 507/63/425 508/64/425
f 475/468/426 474/241/426 961/241/426 962/468/426
f 404/373/427 403/372/427 890/372/427 891/373/427
f 474/241/80 473/471/80 960/471/80 961/241/80
f 22/65/428 21/64/428 508/64/428 509/65/428
f 486/260/429 485/93/429 972/93/429 973/260/429
f 405/374/430 404/373/430 891/373/430 892/374/430
f 360/272/431 359/265/431 846/265/431 847/272/431
f 299/170/432 298/167/432 785/167/432 786/170/432
f 210/169/433 209/171/433 696/171/433 697/169/433
f 23/66/434 22/65/434 509/65/434 510/66/434
f 487/5/7 486/260/7 973/260/7 974/5/7
f 406/375/435 405/374/435 892/374/435 893/375/435
f 94/273/436 93/269/436 580/269/436 581/273/436
f 209/171/437 208/172/437 695/172/437 696/171/437
f 24/67/438 23/66/438 510/66/438 511/67/438
f 481/6/439 487/5/439 974/5/439 968/6/439
f 407/376/440 406/375/440 893/375/440 894/376/440
f 95/274/441 94/273/441 581/273/441 582/274/441
f 482/304/442 481/6/442 968/6/442 969/304/442
f 312/270/443 311/275/443 798/275/443 799/270/443
f 25/68/444 24/67/444 511/67/444 512/68/444
f 408/377/445 407/376/445 894/376/445 895/377/445
f 300/173/446 299/170/446 786/170/446 787/173/446
f 483/241/7 482/304/7 969/304/7 970/241/7
f 208/172/447 207/174/447 694/174/447 695/172/447
f 26/69/448 25/68/448 512/68/448 513/69/448
f 409/378/449 408/377/449 895/377/449 896/378/449
f 96/276/450 95/274/450 582/274/450 583/276/450
f 484/153/451 483/241/451 970/241/451 971/153/451
f 311/275/452 310/277/452 797/277/452 798/275/452
f 207/174/453 206/175/453 693/175/453 694/174/453
f 27/70/454 26/69/454 513/69/454 514/70/454
f 485/93/80 484/153/80 971/153/80 972/93/80
f 410/379/455 409/378/455 896/378/455 897/379/455
f 28/71/456 27/70/456 514/70/456 515/71/456
f 411/380/457 410/379/457 897/379/457 898/380/457
f 361/278/458 360/272/458 847/272/458 848/278/458
f 301/176/459 300/173/459 787/173/459 788/176/459
f 445/364/80 444/381/80 931/381/80 932/364/80
f 206/175/460 205/177/460 692/177/460 693/175/460
f 29/72/461 28/71/461 515/71/461 516/72/461
f 97/279/462 96/276/462 583/276/462 584/279/462
f 310/277/463 309/280/463 796/280/463 797/277/463
f 205/177/464 204/178/464 691/178/464 692/177/464
f 30/73/465 29/72/465 516/72/465 517/73/465
f 412/382/466 411/380/466 898/380/466 899/382/466
f 31/74/467 30/73/467 517/73/467 518/74/467
f 446/383/390 445/364/390 932/364/390 933/383/390
f 98/281/468 97/279/468 584/279/468 585/281/468
f 81/6/269 301/176/390 788/176/390 568/6/269
f 444/381/469 443/384/469 930/384/469 931/381/469
f 309/280/470 308/282/470 795/282/470 796/280/470
f 204/178/82 203/179/82 690/179/82 691/178/82
f 32/75/471 31/74/471 518/74/471 519/75/471
f 443/384/472 442/385/472 929/385/472 930/384/472
f 202/181/473 201/180/473 688/180/473 689/181/473
f 33/76/474 32/75/474 519/75/474 520/76/474
f 362/283/475 361/278/475 848/278/475 849/283/475
f 442/385/476 441/386/476 928/386/476 929/385/476
f 171/271/477 170/284/477 657/284/477 658/271/477
