# Blender 5.0.1
# www.blender.org
mtllib bunny.mtl
o bunny
v 0.142332 0.340972 0.085912
v -0.487215 0.517168 0.154217
v -0.077943 0.297870 -0.078421
v -0.035501 0.192393 0.215496
v 0.023714 0.727081 -0.282800
v 0.317362 0.269573 0.170256
v 0.211475 0.294893 0.176496
v 0.056037 0.604690 -0.184627
v -0.106121 0.677611 -0.099877
v -0.510330 0.177800 -0.060241
v -0.173283 0.672122 -0.120350
v -0.344196 0.552196 -0.189316
v -0.448954 0.631652 -0.293733
v -0.409134 0.224844 0.327193
v 0.262174 0.200282 0.226781
v -0.145145 0.654012 -0.072720
v 0.206678 -0.395216 0.281674
v -0.291903 -0.375815 0.280506
v -0.200906 -0.386970 0.269714
v -0.108517 0.310394 -0.063932
v -0.237085 0.559972 -0.009608
v -0.007874 0.571811 -0.123835
v -0.276389 0.570150 -0.026400
v -0.261129 -0.370681 0.280199
v -0.230533 -0.361376 0.269146
v -0.071682 -0.406931 0.330888
v 0.134808 -0.363017 0.296792
v 0.202518 -0.367121 0.281967
v -0.147948 0.644195 -0.179734
v -0.284192 -0.342786 0.257392
v -0.166753 -0.363242 0.252404
v -0.049126 -0.345762 0.324178
v -0.001917 -0.352617 0.336811
v -0.131005 0.652908 -0.078556
v -0.370544 0.591531 -0.198846
v 0.565374 -0.143684 0.104554
v -0.232725 -0.331994 0.244655
v -0.196421 -0.349453 0.253141
v -0.181296 -0.327789 0.238346
v -0.012451 -0.333334 0.326188
v 0.113098 -0.344390 0.297438
v 0.172889 -0.341961 0.290113
v 0.439365 0.205830 0.107200
v -0.045123 0.746146 -0.153665
v 0.020512 -0.319037 0.306144
v 0.112456 -0.327162 0.299024
v 0.213636 -0.325511 0.305681
v 0.242725 -0.311185 0.308088
v -0.123387 0.194469 0.198204
v -0.442501 0.402750 0.307923
v 0.447115 -0.355313 0.147144
v -0.255610 -0.317311 0.224604
v -0.208195 -0.318246 0.231186
v -0.150879 -0.329961 0.237973
v -0.043567 -0.322411 0.306738
v -0.011820 -0.318129 0.311922
v 0.060063 -0.319073 0.300198
v 0.071746 -0.301718 0.311033
v 0.158776 -0.320794 0.311015
v 0.184543 -0.298276 0.332209
v -0.012636 -0.304800 0.288925
v 0.022618 -0.303537 0.292849
v 0.111161 -0.300222 0.322196
v 0.147845 -0.292365 0.336359
v -0.347270 0.590098 -0.247483
v 0.431741 -0.337245 0.158478
v -0.537564 0.295945 -0.081063
v -0.170291 0.631974 -0.057641
v -0.347877 0.526472 -0.135430
v -0.104254 -0.294897 0.222191
v -0.020066 -0.293853 0.267285
v 0.053977 -0.266342 0.321191
v 0.183577 -0.278425 0.341227
v 0.201604 -0.276854 0.339247
v 0.230920 -0.288957 0.326133
v -0.414655 0.342202 0.324785
v 0.478295 -0.298159 0.169678
v 0.475049 -0.319144 0.165004
v 0.340645 0.301326 0.084107
v -0.443411 0.484345 -0.157560
v -0.529698 0.257716 -0.085194
v -0.183037 0.641087 -0.065024
v -0.157651 0.278183 0.124049
v -0.211196 -0.262908 0.211468
v -0.185349 -0.291232 0.226977
v -0.139583 -0.292874 0.229688
v 0.002764 -0.288016 0.280754
v 0.032373 -0.284167 0.301936
v 0.036700 -0.260692 0.317314
v 0.088915 -0.268324 0.332460
v 0.134195 -0.266496 0.344140
v 0.230046 -0.260136 0.336255
v 0.467846 0.142414 -0.115820
v -0.464931 0.322275 0.337006
v -0.471987 0.378513 0.317816
v -0.311760 0.497579 0.189528
v -0.363627 0.490047 0.223033
v -0.096025 0.299358 0.071243
v -0.386273 0.587305 -0.170188
v -0.198718 0.334544 0.082265
v -0.165615 -0.242113 0.234539
v -0.078549 -0.261476 0.212095
v -0.032452 -0.278656 0.245083
v -0.005969 -0.249311 0.275537
v 0.166234 -0.267514 0.347762
v -0.480334 0.309211 0.331292
v -0.081065 0.719723 -0.127093
v 0.458657 -0.296659 0.166750
v 0.513627 -0.284734 0.171081
v -0.353413 0.520556 0.187495
v -0.190812 -0.217337 0.229081
v -0.139816 -0.242639 0.233635
v -0.464135 0.662894 -0.416484
v 0.126335 -0.240893 0.347912
v 0.154689 -0.255600 0.350779
v 0.204395 -0.247979 0.344143
v 0.163315 0.283624 0.191016
v 0.437691 0.218597 0.082753
v 0.476215 -0.253551 0.166135
v -0.108763 -0.261541 0.221408
v 0.098134 -0.220427 0.353210
v 0.161904 -0.238237 0.351601
v -0.560262 0.219431 0.234799
v 0.493670 -0.267340 0.169019
v 0.532950 -0.243347 0.166864
v 0.329571 0.294920 0.120568
v 0.043188 0.315328 -0.081159
v 0.069824 -0.239830 0.337667
v 0.190866 -0.223868 0.356782
v 0.078413 0.285019 0.177322
v 0.279570 0.283800 0.171938
v -0.452134 0.539248 0.108118
v -0.057502 -0.213867 0.218878
v 0.165116 -0.217663 0.360365
v -0.139257 0.220106 0.181195
v 0.034095 0.287913 0.147853
v -0.042616 0.563631 -0.099214
v -0.376608 0.535260 0.153417
v 0.138371 -0.213278 0.359193
v 0.146737 0.248705 0.220784
v 0.113779 0.270894 0.201232
v 0.509573 -0.224713 0.157810
v 0.559656 -0.209481 0.154130
v 0.575716 -0.216266 0.152218
v -0.144113 -0.195320 0.243148
v -0.111668 -0.209898 0.232121
v 0.052968 -0.172679 0.347385
v 0.181503 -0.201158 0.363929
v 0.058146 0.255655 0.201173
v 0.326598 0.206819 0.209298
v -0.095624 0.700550 -0.109904
v 0.151273 0.091713 0.312272
v -0.282657 -0.210517 0.131846
v -0.275188 -0.196106 0.162843
v -0.242785 -0.225859 0.164230
v -0.167833 -0.148687 0.247171
v -0.080648 -0.207304 0.220629
v 0.080042 -0.185837 0.354502
v 0.219249 -0.186065 0.358320
v 0.509697 0.080656 -0.081319
v 0.492254 -0.206904 0.156236
v 0.539478 -0.205014 0.152713
v 0.465270 0.149009 0.127723
v -0.461304 0.611701 -0.310616
v -0.331550 0.485254 -0.123139
v 0.125908 -0.178951 0.363493
v 0.175650 -0.175101 0.365635
v -0.001293 0.249180 0.181020
v 0.206000 0.320525 0.143099
v -0.209409 -0.160056 0.229980
v 0.025725 -0.149886 0.342542
v 0.043432 -0.130291 0.354986
v 0.086651 -0.151169 0.359279
v 0.164638 -0.146417 0.368371
v -0.129892 0.244527 0.161723
v -0.396661 -0.191694 0.073062
v 0.512356 -0.193223 0.140958
v 0.508886 -0.011986 0.136090
v 0.305568 0.314286 0.098031
v -0.167017 0.324558 -0.072317
v 0.299337 0.277539 0.167822
v -0.485773 0.528855 0.118530
v -0.093761 0.005979 -0.289507
v 0.058623 -0.134401 0.355088
v 0.208790 -0.155733 0.360983
v 0.230456 -0.125046 0.360337
v 0.193164 0.259928 0.209214
v 0.225171 0.233193 0.221590
v 0.535759 -0.174297 0.130223
v 0.586168 -0.188760 0.138903
v -0.329104 0.286674 -0.155614
v 0.107892 0.140780 -0.269654
v -0.117198 -0.153133 0.244237
v -0.093895 -0.160837 0.234705
v -0.070475 -0.150527 0.230504
v 0.126844 -0.145051 0.369847
v 0.299346 0.252260 0.191422
v -0.547881 0.089968 0.050390
v 0.537010 -0.144733 0.103294
v 0.603750 -0.157025 0.111376
v -0.192544 -0.120857 0.249710
v 0.131024 0.329462 0.121347
v -0.429127 0.267696 0.338848
v -0.422527 0.450578 0.272108
v 0.571080 -0.167312 0.127559
v -0.259776 0.558179 -0.109525
v 0.377289 0.259010 0.130345
v 0.077473 0.335983 0.002360
v -0.197559 -0.008518 -0.260147
v -0.139867 -0.150419 0.248583
v -0.068345 -0.108106 0.243139
v -0.208014 0.601851 -0.038063
v 0.078168 -0.116756 0.366463
v 0.114597 -0.124282 0.375696
v 0.143563 -0.125063 0.377907
v -0.039610 0.045291 -0.313259
v 0.028629 0.224637 0.215334
v -0.504857 0.160367 0.116902
v -0.428882 0.607327 -0.211900
v -0.586755 0.309644 0.064529
v -0.117555 0.296976 0.088899
v -0.235090 -0.110973 0.248483
v -0.097412 -0.095584 0.245144
v 0.106514 -0.108932 0.377163
v 0.167778 -0.110661 0.375513
v 0.198368 -0.117951 0.366152
v -0.453285 0.460787 0.259486
v 0.495465 0.005951 -0.163444
v 0.467191 0.161788 -0.090225
v -0.269404 -0.102976 0.249971
v -0.175349 -0.090629 0.255011
v -0.377214 0.548727 0.076540
v 0.091186 -0.091070 0.374563
v 0.135639 -0.099707 0.381454
v 0.269675 0.042954 0.326451
v -0.422730 0.048714 -0.201825
v -0.427723 0.383096 0.316082
v -0.034023 0.276347 0.122049
v -0.104856 0.706012 -0.114862
v -0.436612 0.641742 -0.292418
v -0.129819 -0.106364 0.250909
v 0.025478 -0.082070 0.362327
v 0.077219 -0.059645 0.374846
v 0.160149 -0.083757 0.378641
v 0.189994 -0.071158 0.369482
v 0.216120 -0.091099 0.363993
v -0.330279 0.532884 -0.242770
v -0.416261 0.423505 0.291260
v 0.291720 0.331053 0.022972
v 0.078300 0.075551 0.328235
v -0.301027 -0.078321 0.258529
v -0.256148 -0.077582 0.261920
v -0.240845 -0.091071 0.258252
v -0.214455 -0.098684 0.253006
v -0.191829 -0.076688 0.254463
v -0.151054 -0.077716 0.256802
v 0.046186 -0.044099 0.370546
v 0.054409 -0.091869 0.366071
v 0.120498 -0.064246 0.377590
v 0.460668 0.189464 0.061109
v 0.181464 0.350354 0.007255
v -0.582638 0.245623 0.063740
v -0.346125 -0.070317 0.249736
v -0.196601 -0.046701 0.260017
v -0.124361 -0.054567 0.257608
v -0.101095 -0.047239 0.251386
v -0.078529 -0.062253 0.253785
v 0.154390 -0.054965 0.375180
v 0.232755 -0.055118 0.358107
v 0.061790 0.214775 0.230787
v -0.462744 0.281922 0.328908
v -0.041696 0.549744 -0.121024
v -0.490379 0.232615 -0.106763
v -0.052401 -0.061440 0.295369
v 0.177620 -0.034738 0.372710
v 0.214949 -0.033200 0.365733
v -0.328636 -0.032481 0.266483
v -0.312116 -0.054806 0.262482
v -0.277653 -0.047697 0.271016
v -0.267747 -0.064874 0.267045
v -0.235690 -0.051689 0.268073
v -0.170933 -0.053115 0.256034
v -0.148417 -0.032127 0.260551
v -0.524690 0.163176 0.063770
v -0.528853 0.098600 -0.054441
v -0.011202 -0.036934 0.356920
v 0.030169 -0.040454 0.372012
v 0.066606 -0.019104 0.372222
v 0.106587 0.233281 0.227505
v 0.150592 0.192564 0.250263
v -0.438159 0.304987 0.337918
v -0.450578 0.353640 0.330913
v -0.329043 0.544730 0.092842
v -0.132287 0.315786 0.040003
v 0.147529 0.104243 0.283511
v -0.355221 -0.018892 0.264570
v -0.297060 -0.026786 0.269802
v -0.201068 -0.022419 0.266416
v -0.113032 -0.034589 0.257464
v -0.072351 -0.018838 0.270581
v -0.541983 0.094179 -0.013221
v 0.014090 -0.035803 0.368828
v -0.504451 0.150835 -0.078639
v -0.395403 0.244297 0.334187
v -0.116445 0.707265 -0.128301
v -0.401855 0.280336 0.336929
v 0.526845 0.047519 -0.033851
v -0.261039 -0.016773 0.274995
v -0.224990 -0.010726 0.273997
v -0.127153 -0.015883 0.261506
v 0.081759 0.007016 0.369217
v 0.141640 -0.023126 0.372655
v -0.229544 0.242580 0.168972
v -0.175579 0.246198 0.158703
v -0.297250 0.545394 0.019240
v -0.027845 0.297979 -0.085518
v 0.317720 0.317546 0.054503
v -0.311612 0.005648 0.273783
v -0.285211 0.003670 0.272840
v 0.197045 0.348377 -0.031278
v 0.035900 -0.007641 0.368764
v 0.097114 -0.027307 0.374464
v 0.195290 -0.008090 0.367522
v -0.060971 0.741671 -0.150469
v -0.447122 0.238003 0.324700
v 0.312524 0.022081 0.307389
v -0.161740 0.228121 0.176637
v 0.212633 0.349020 0.045493
v -0.522994 0.033769 -0.082101
v -0.239584 0.007228 0.275135
v -0.196118 0.000890 0.264359
v -0.174075 -0.002120 0.257234
v -0.100318 -0.017516 0.256824
v -0.068962 0.020313 0.271157
v 0.114740 -0.025843 0.373267
v 0.113204 0.012377 0.369413
v 0.157101 0.014432 0.365884
v 0.239472 0.021350 0.347496
v 0.487331 0.118461 -0.101771
v -0.521941 0.216012 -0.069541
v -0.548949 0.065931 0.026883
v -0.369554 0.559110 -0.145392
v -0.259173 0.026186 0.271413
v -0.122887 0.008280 0.261714
v 0.059443 0.013857 0.367700
v 0.354227 0.284184 0.114327
v -0.135353 0.315779 -0.084490
v -0.419514 0.547365 0.029918
v -0.355041 0.028687 0.265599
v -0.307762 0.034192 0.275454
v -0.097305 0.008761 0.264276
v -0.088026 0.027164 0.268341
v 0.007058 0.001598 0.357359
v 0.079281 0.035870 0.362400
v 0.483028 0.158074 0.022097
v 0.400635 0.249639 0.109854
v -0.385156 0.554794 -0.111674
v -0.331802 0.024456 0.273304
v 0.413604 0.245719 0.077969
v 0.042563 0.028405 0.360123
v 0.125245 0.042438 0.360612
v 0.203406 0.031812 0.351782
v -0.379360 0.038589 0.254216
v -0.286425 0.034953 0.273260
v -0.250685 0.063013 0.265429
v -0.222517 0.028381 0.268949
v -0.195072 0.022645 0.261087
v -0.193344 0.057309 0.258482
v -0.144513 0.017944 0.260235
v -0.113820 0.034004 0.266779
v 0.167494 0.043990 0.355616
v 0.237140 0.060237 0.324759
v 0.339419 0.028972 0.297681
v 0.092924 0.656641 -0.270962
v -0.414477 0.545438 0.095791
v -0.354116 0.526509 -0.101362
v -0.392869 0.063012 0.247500
v -0.315860 0.058326 0.267692
v -0.075275 0.051266 0.270870
v -0.046308 0.043872 0.278226
v 0.050891 0.053955 0.344269
v 0.098366 0.060762 0.348753
v 0.153604 0.067683 0.342579
v 0.196484 0.061580 0.338894
v 0.127310 0.293628 0.179130
v -0.458472 0.417689 0.296596
v 0.254617 0.343412 0.030763
v -0.283434 0.066510 0.264934
v -0.122789 0.066329 0.261287
v -0.031495 0.067922 0.272462
v 0.253402 0.307264 0.152748
v 0.118610 0.078766 0.331555
v 0.303933 0.066580 0.297745
v -0.372719 0.087326 0.246992
v -0.273714 0.093525 0.258099
v -0.224012 0.069802 0.264522
v -0.277206 0.534715 0.045601
v -0.585424 0.272787 0.102422
v 0.269762 0.073749 0.305760
v 0.327167 0.072767 0.290636
v 0.223220 0.266840 0.201366
v 0.056432 0.327031 -0.041276
v 0.000820 0.299140 0.097510
v -0.391066 0.619245 -0.229904
v -0.346982 0.078014 0.255301
v -0.248348 0.098018 0.255679
v -0.187363 0.094758 0.252585
v -0.146580 0.116927 0.239570
v -0.114361 0.102395 0.251166
v -0.083952 0.077776 0.266961
v -0.057155 0.076970 0.266847
v -0.037657 0.094003 0.265723
v -0.519021 0.185317 0.110534
v 0.228819 0.088548 0.302820
v 0.246702 0.107756 0.290238
v 0.284290 0.101234 0.291380
v 0.228332 0.348980 0.003023
v 0.177487 0.227997 0.233558
v -0.414810 0.620502 -0.227354
v 0.127796 0.345260 0.005464
v -0.046109 0.299185 0.053534
v -0.214799 0.107106 0.251209
v -0.165674 0.082735 0.249728
v -0.101154 0.131068 0.239244
v -0.013437 0.121781 0.261083
v -0.012620 0.086704 0.272222
v 0.013403 0.092629 0.272608
v -0.403492 -0.079327 0.218346
v -0.418586 0.244055 0.335857
v -0.380187 0.372298 -0.152608
v -0.429262 0.159325 -0.159367
v -0.355417 0.570712 -0.190815
v -0.467364 0.508230 0.189551
v -0.431413 0.094918 0.216317
v -0.395397 0.105757 0.232855
v -0.308274 0.100987 0.254915
v -0.227783 0.138143 0.236934
v -0.068512 0.117681 0.251926
v 0.074587 0.108791 0.272315
v 0.208267 0.111011 0.281367
v -0.246287 0.135651 0.239034
v 0.003896 0.112212 0.265053
v 0.201238 0.141668 0.257837
v 0.300224 0.125431 0.274563
v -0.020284 0.308419 -0.047057
v -0.412482 0.141187 0.216650
v -0.352780 0.125352 0.238985
v -0.317448 0.139400 0.238573
v -0.278604 0.128414 0.244698
v -0.189791 0.130262 0.243204
v 0.046771 0.131022 0.260159
v 0.110343 0.126289 0.265175
v 0.108095 0.140825 0.264897
v 0.243093 0.137161 0.264935
v 0.407805 0.223739 0.141657
v -0.213840 0.146479 0.236063
v -0.143128 0.154322 0.221248
v -0.035593 0.135676 0.250367
v 0.021088 0.133444 0.258536
v 0.044935 0.163731 0.251543
v 0.128676 0.150238 0.263659
v 0.161333 0.140591 0.262884
v 0.267313 0.128944 0.276687
v 0.285904 0.158083 0.248947
v 0.378679 0.275680 0.079516
v -0.122213 0.146730 0.225821
v 0.003719 0.175061 0.238992
v 0.068541 0.139479 0.261233
v 0.212853 0.174804 0.246430
v 0.241364 0.161049 0.244833
v -0.240069 0.589105 -0.031366
v -0.265497 0.212013 0.196402
v 0.277902 0.332588 0.068952
v -0.388698 0.167158 0.217623
v -0.377471 0.151322 0.221042
v -0.345389 0.175227 0.219001
v -0.242300 0.170880 0.221193
v 0.095393 0.155145 0.261497
v 0.181063 0.170413 0.254825
v 0.242380 0.182489 0.235360
v 0.331312 0.160802 0.234276
v 0.146004 0.143998 -0.265233
v -0.269337 0.156999 0.230409
v -0.201565 0.170268 0.223048
v -0.167024 0.154228 0.227583
v -0.088691 0.169711 0.218590
v -0.081465 0.228097 0.175345
v 0.074368 0.176372 0.252698
v -0.067379 0.045545 -0.288747
v -0.474220 0.030063 -0.161243
v -0.218133 0.211825 0.189974
v -0.185740 0.596288 -0.040619
v -0.293743 0.172719 0.220116
v -0.167458 0.197297 0.200646
v -0.037714 0.229490 0.184115
v 0.000129 0.212137 0.215134
v 0.105368 0.190956 0.249842
v 0.195962 0.199512 0.244202
v -0.336349 0.516207 -0.165777
v -0.309243 0.204787 0.209150
v -0.240953 0.049890 -0.261681
v -0.424318 -0.025911 -0.203825
v -0.409822 0.376553 -0.148340
v 0.008917 0.662040 -0.253711
v -0.271101 0.497360 -0.103821
v 0.300017 -0.404368 0.255691
v -0.256558 0.241219 0.189376
v -0.386352 0.049716 -0.217522
v 0.378849 0.234942 0.161207
v -0.016363 -0.403691 0.344100
v 0.105040 -0.393335 0.307479
v 0.267728 -0.390614 0.270381
v 0.320273 -0.376753 0.254993
v -0.344274 0.465773 0.223089
v -0.229078 -0.412091 0.278237
v -0.180617 -0.406875 0.265129
v -0.056117 0.303964 -0.020342
v 0.151253 -0.387037 0.294270
v -0.087087 0.528212 -0.121835
v 0.184367 0.162018 -0.252408
v -0.287132 0.461442 0.164162
v -0.287899 -0.399578 0.284380
v -0.244234 -0.394254 0.282696
v -0.238693 0.374570 0.129118
v -0.038324 -0.390859 0.345997
v -0.009853 -0.377699 0.343251
v 0.024301 -0.391834 0.334074
v 0.010946 0.648074 -0.191364
v 0.357352 0.057318 0.284112
v 0.275738 -0.360195 0.270370
v 0.341281 -0.380290 0.237406
v -0.349667 0.021313 -0.234876
v 0.328963 0.098978 0.280231
v -0.135486 0.050262 -0.272270
v 0.059088 -0.366833 0.321216
v -0.294316 0.286853 0.234713
v -0.267901 0.290041 0.211779
v 0.348926 -0.355340 0.238935
v 0.397629 -0.356737 0.171716
v -0.166620 0.561239 -0.047003
v 0.238939 -0.346984 0.278976
v 0.289166 -0.336715 0.265437
v -0.341262 0.120319 -0.223806
v -0.108498 0.590982 -0.194163
v -0.490036 -0.100774 0.045027
v -0.364779 0.287422 0.316237
v 0.040479 -0.338858 0.317902
v 0.319267 -0.350943 0.255415
v 0.370372 -0.327502 0.225264
v 0.384569 -0.342752 0.207102
v -0.188195 0.562623 -0.033629
v 0.366533 0.146647 0.226783
v 0.339183 -0.318384 0.243073
v 0.517560 -0.314847 0.158439
v 0.552870 -0.308043 0.138750
v 0.590531 -0.319527 0.081183
v -0.253511 -0.347520 0.266261
v -0.077353 0.680057 -0.132649
v -0.112827 0.537048 -0.070542
v 0.256908 -0.325101 0.286960
v 0.304364 -0.311551 0.266301
v 0.397731 0.034404 0.263790
v -0.310233 0.321212 0.235836
v -0.127915 0.560752 -0.056114
v -0.132773 0.601103 -0.084919
v -0.007984 0.769134 -0.189249
v -0.028473 0.746732 -0.168100
v -0.190689 0.504977 -0.027192
v 0.379710 -0.290672 0.229834
v 0.548997 -0.281349 0.158816
v 0.580565 -0.310897 0.106010
v -0.372834 0.214680 0.293228
v 0.031463 0.584101 -0.161873
v -0.346417 0.644047 -0.410878
v -0.161678 0.502170 -0.055208
v -0.107467 0.623230 -0.111868
v 0.498349 0.092946 0.103054
v 0.278809 -0.285058 0.301738
v 0.321933 -0.288009 0.274788
v 0.349893 -0.291236 0.249559
v 0.436789 -0.294818 0.177881
v 0.615514 -0.274062 0.097130
v -0.151847 0.495454 -0.075792
v -0.208290 0.307129 0.126085
v -0.051803 0.018704 -0.340022
v 0.319328 -0.258330 0.294947
v 0.343216 -0.269499 0.273103
v 0.415054 -0.282042 0.209716
v 0.542528 -0.263970 0.167571
v 0.584602 -0.274320 0.133570
v -0.060243 0.592293 -0.106948
v -0.389892 0.449513 0.264294
v -0.284740 0.493676 0.155935
v 0.525695 0.050907 0.010321
v -0.169807 0.543869 -0.035279
v -0.379684 0.283524 0.330104
v -0.351817 0.054711 -0.230042
v 0.017430 0.778279 -0.222941
v 0.261127 -0.251678 0.326219
v -0.306015 0.257880 0.236409
v 0.637588 -0.236003 0.080218
v 0.515373 0.075822 0.051513
v -0.047280 0.576571 -0.093305
v 0.289165 -0.249818 0.310938
v 0.364814 -0.265424 0.255902
v 0.398530 -0.247806 0.239991
v -0.231957 0.333446 0.155009
v 0.494670 0.061537 0.139956
v 0.309496 -0.231988 0.305608
v 0.434400 -0.236807 0.218396
v 0.457304 -0.243540 0.186544
v -0.348422 0.279097 0.296408
v -0.354293 0.415726 0.240764
v 0.571266 -0.243176 0.153953
v 0.618492 -0.247232 0.109991
v -0.226723 0.494280 0.004740
v -0.390245 0.372454 0.299015
v 0.327713 -0.224899 0.299171
v 0.385000 -0.216792 0.260691
v 0.628270 -0.216681 0.106271
v -0.288494 0.307644 0.227427
v 0.356410 0.226046 0.184641
v -0.306310 0.406874 0.183965
v 0.218998 -0.217040 0.352340
v 0.248448 -0.227210 0.336101
v 0.354346 -0.235406 0.278575
v 0.429275 -0.210818 0.231746
v -0.351584 0.310572 0.287298
v -0.290000 0.228177 0.208674
v 0.604864 -0.232977 0.131545
v -0.071348 0.661379 -0.145356
v -0.125399 0.580696 -0.075307
v -0.286694 0.391836 0.177729
v -0.374159 0.428886 0.263024
v 0.245914 -0.199379 0.346333
v 0.285465 -0.214067 0.319172
v 0.409627 -0.204481 0.245290
v 0.470573 -0.209863 0.186190
v 0.597338 -0.210958 0.139677
v 0.640255 -0.198325 0.084309
v -0.030751 0.714767 -0.176295
v 0.055051 0.628749 -0.197987
v 0.478826 0.153228 0.078410
v 0.020754 0.740239 -0.227591
v 0.342981 -0.212606 0.291418
v 0.451203 -0.205632 0.212758
v -0.324555 0.387602 0.205646
v 0.621443 -0.194154 0.115161
v -0.093128 0.575394 -0.073421
v 0.253159 -0.167735 0.347388
v 0.269490 -0.192537 0.334187
v 0.330554 -0.188874 0.298413
v 0.458455 -0.166808 0.211468
v 0.486521 -0.182124 0.169435
v -0.365461 0.361855 0.274800
v -0.162994 0.579317 -0.057677
v 0.433693 0.151591 0.172001
v 0.365663 -0.191248 0.275641
v 0.381827 -0.158736 0.263941
v 0.434113 -0.164098 0.232026
v 0.514077 -0.170528 0.131507
v 0.606662 -0.182751 0.126446
v 0.031949 0.604988 -0.162562
v 0.015434 0.589203 -0.139597
v 0.493041 0.080278 -0.123270
v 0.353722 -0.138270 0.292525
v 0.471524 -0.180298 0.194312
v 0.251886 0.271776 0.191479
v 0.635427 -0.167587 0.084619
v 0.477427 -0.023576 -0.192969
v 0.433529 0.087883 0.212784
v -0.082185 0.562536 -0.075400
v -0.301782 0.429326 0.178438
v -0.369504 0.258596 0.321848
v -0.382074 0.229990 0.320796
v 0.296007 -0.166652 0.325165
v 0.399425 -0.175156 0.254101
v 0.458854 0.051630 -0.185363
v 0.619704 -0.164817 0.106024
v -0.322453 0.462248 0.206396
v 0.231889 0.202088 0.233839
v 0.263547 -0.135806 0.347053
v 0.404623 -0.139720 0.250819
v 0.459870 -0.135024 0.209966
v 0.483884 -0.139703 0.179161
v -0.332276 0.404782 0.208071
v 0.030388 0.697470 -0.227113
v -0.569378 0.218927 0.052739
v 0.161212 0.113766 0.270311
v -0.343636 0.203005 0.224806
v -0.322281 0.231802 0.232568
v 0.330489 -0.141968 0.310497
v 0.372808 -0.142263 0.273146
v 0.429555 -0.111092 0.240295
v 0.507585 -0.144340 0.137404
v -0.279005 0.334431 0.206153
v -0.157477 0.614188 -0.060007
v 0.118408 0.108771 0.272199
v 0.077597 0.634308 -0.220100
v -0.072479 0.616928 -0.129244
v 0.375183 0.106420 0.247036
v -0.362695 0.203975 0.254243
v 0.400786 0.072558 0.249583
v 0.284538 -0.125087 0.338960
v 0.401585 -0.108918 0.261214
v 0.525085 -0.094009 0.101919
v -0.459784 0.493742 -0.111117
v -0.203822 0.527825 -0.015308
v -0.253696 0.476043 0.070912
v -0.004897 0.563473 -0.143998
v 0.304460 -0.122095 0.329680
v 0.348887 -0.101596 0.307593
v 0.452484 -0.115903 0.220116
v -0.553203 0.407629 0.114883
v -0.258022 0.357742 0.172485
v -0.144270 0.536848 -0.049147
v -0.560134 0.380526 0.087203
v -0.339414 0.337869 0.251172
v 0.285984 -0.091034 0.344283
v 0.316598 -0.096125 0.329807
v 0.503453 -0.074452 0.149283
v -0.249836 0.431693 0.081597
v 0.398990 0.194145 0.178842
v -0.274371 0.437900 0.148329
v 0.376137 -0.101476 0.284183
v 0.417043 -0.096250 0.255178
v 0.474838 -0.092176 0.194582
v 0.538798 -0.102378 0.060572
v -0.216671 0.344496 0.118807
v 0.069977 0.672871 -0.242157
v -0.120276 0.637231 -0.094353
v -0.209192 0.566714 -0.022086
v -0.198206 0.475419 -0.042374
v 0.496393 0.037722 -0.146013
v -0.345525 0.376601 0.234850
v -0.321119 0.358564 0.222177
v -0.217898 0.275618 0.149804
v -0.228608 0.297889 0.163747
v -0.402666 0.403192 0.295818
v 0.253166 -0.089623 0.353796
v 0.308463 -0.066717 0.335617
v 0.338830 -0.058822 0.317403
v 0.371753 -0.069037 0.295075
v 0.413211 -0.070851 0.260388
v -0.331556 0.432084 0.210026
v -0.333360 0.550311 -0.226468
v 0.332326 0.126814 0.259719
v -0.345968 0.224940 0.259577
v 0.284044 -0.061184 0.343152
v 0.393110 -0.035841 0.275188
v 0.521965 -0.043193 0.110047
v 0.531398 -0.035961 0.069433
v -0.237830 0.268563 0.177677
v -0.065296 0.713853 -0.135266
v -0.299324 0.355988 0.210428
v 0.477546 0.073208 -0.153585
v -0.271848 0.263762 0.212002
v 0.272422 -0.030575 0.341014
v -0.000597 0.617001 -0.159732
v 0.328840 0.245288 0.186695
v -0.280694 0.243966 0.211779
v 0.310125 -0.030229 0.324909
v -0.344225 0.573220 -0.484758
v 0.017308 0.712674 -0.221771
v 0.397748 0.121891 0.222428
v 0.498790 0.120205 0.048098
v 0.361304 0.084830 0.270021
v 0.334093 -0.012027 0.309908
v 0.409769 -0.021574 0.260844
v 0.431892 -0.025931 0.245853
v 0.456271 -0.064155 0.218838
v -0.458488 0.209589 0.299764
v 0.400736 0.149274 0.205815
v -0.258619 0.404319 0.135902
v -0.338539 0.256611 0.275084
v -0.358854 0.237738 0.300472
v 0.432779 0.191971 0.141707
v 0.475695 -0.010665 0.192709
v -0.332574 0.614662 -0.534897
v -0.012456 0.695681 -0.196474
v 0.515908 0.007825 -0.114977
v 0.481587 0.100111 0.140184
v 0.249502 -0.018161 0.353350
v 0.360355 -0.025383 0.299315
v 0.460574 0.094383 0.175797
v -0.249270 0.308547 0.187021
v -0.080256 0.635508 -0.136072
v 0.232142 -0.007491 0.360058
v 0.296729 0.006084 0.322011
v 0.446228 -0.005606 0.233785
v 0.455556 -0.025969 0.220868
v 0.494184 0.129537 -0.065048
v 0.363925 0.182294 0.208860
v -0.009078 0.599291 -0.135719
v 0.058275 0.728766 -0.260815
v -0.033243 0.660160 -0.174219
v -0.220759 0.464615 -0.019884
v 0.267567 0.012053 0.339891
v 0.375003 0.008060 0.284897
v 0.430255 0.012110 0.248427
v -0.020324 0.586846 -0.115209
v -0.575284 0.252374 0.126843
v -0.429871 0.401188 -0.139157
v -0.576076 0.272071 0.144568
v -0.451641 0.561226 -0.201905
v -0.576391 0.282617 0.212180
v 0.395612 -0.001568 0.269709
v 0.450670 0.032174 0.220869
v 0.291290 0.041896 0.314731
v 0.477764 0.054504 0.173347
v -0.326619 0.290987 0.260091
v -0.380398 0.318609 0.314458
v -0.001257 0.755906 -0.198922
v 0.286045 0.217989 0.214901
v -0.234544 0.525584 0.006442
v 0.408864 0.094062 0.232581
v -0.532570 0.058309 -0.056419
v -0.314579 0.444266 0.196611
v -0.302696 0.468087 0.183743
v 0.424349 0.050808 0.241190
v -0.437679 0.498428 -0.230422
v 0.317439 -0.417666 -0.155925
v 0.304381 -0.416884 -0.202512
v 0.520353 0.022903 0.091758
v 0.474178 -0.391673 -0.052640
v 0.350124 -0.409360 -0.101848
v 0.326088 -0.396688 -0.182737
v 0.359493 -0.383561 0.203750
v 0.542862 -0.359114 -0.033366
v 0.341744 -0.398805 -0.132423
v 0.297907 -0.392345 -0.248628
v -0.554047 0.208961 0.215812
v -0.556083 0.208415 -0.001038
v -0.336591 0.709918 -0.545084
v 0.076218 0.735464 -0.290794
v -0.334112 0.513744 -0.265868
v -0.167940 0.062575 -0.266600
v 0.513397 -0.366234 -0.070140
v 0.515443 -0.347650 -0.095297
v 0.344867 -0.376634 -0.164040
v 0.073800 0.617353 -0.213341
v -0.334216 0.525999 -0.315266
v 0.091094 0.712597 -0.307860
v 0.501755 -0.017024 -0.152419
v -0.485780 0.169041 0.151233
v 0.560226 -0.352391 0.025711
v 0.591093 -0.319463 -0.042353
v 0.340290 -0.364813 -0.203382
v 0.314978 -0.394241 -0.222348
v -0.119861 0.515649 -0.083181
v 0.552839 -0.339445 -0.070674
v 0.422033 0.099355 -0.203174
v 0.052607 0.596705 -0.195772
v -0.223019 0.392917 -0.032755
v 0.088603 0.695277 -0.310728
v 0.590817 -0.328173 0.002218
v 0.578300 -0.310471 -0.080373
v 0.360956 0.079844 -0.250746
v 0.366178 -0.346705 -0.179176
v 0.326257 -0.357498 -0.244745
v -0.007700 0.184070 -0.243221
v -0.266241 0.495044 0.112260
v 0.596398 -0.322248 0.052254
v 0.619953 -0.297031 -0.001623
v 0.537246 -0.318789 -0.109759
v -0.506253 0.187337 0.145989
v 0.400573 -0.321614 -0.160033
v 0.391957 -0.320827 -0.187722
v 0.380721 -0.317974 -0.215984
v 0.347505 -0.340163 -0.226157
v 0.320923 -0.325689 -0.264811
v 0.045546 0.112594 -0.275624
v -0.334412 0.675457 -0.509532
v -0.333818 0.482628 -0.156200
v 0.532435 0.000210 0.024702
v -0.229339 0.435761 -0.007349
v -0.490179 0.194267 0.269874
v -0.251217 0.501454 0.050366
v -0.343570 0.485180 -0.247983
v -0.244334 0.405205 0.098415
v -0.327953 0.696797 -0.570478
v 0.617372 -0.302994 0.035208
v 0.607039 -0.289013 -0.062702
v 0.569255 -0.281822 -0.110393
v -0.336787 0.646090 -0.458971
v 0.616371 -0.294445 0.071267
v 0.621551 -0.286560 -0.031263
v 0.591504 -0.286187 -0.088631
v -0.139542 -0.429218 -0.313620
v 0.404294 -0.301761 -0.194579
v -0.383439 -0.418737 -0.123276
v 0.637383 -0.258008 0.060364
v -0.047885 0.284502 -0.120149
v -0.259811 0.452966 0.105243
v 0.633109 -0.277520 0.033129
v 0.645961 -0.244631 0.022829
v 0.604283 -0.257544 -0.087495
v 0.378885 -0.290763 -0.245649
v 0.094929 0.682354 -0.296356
v -0.452257 -0.121223 0.125950
v -0.339047 0.572394 -0.429685
v 0.456221 -0.253275 -0.154544
v 0.426582 -0.273574 -0.178268
v 0.403964 -0.281967 -0.215708
v 0.639525 -0.254166 -0.010157
v 0.626839 -0.254479 -0.052132
v 0.396893 -0.266326 -0.233547
v 0.034447 0.060446 -0.340080
v -0.527627 0.176153 -0.021090
v 0.650174 -0.211846 0.043148
v 0.641489 -0.219499 -0.039888
v 0.623327 -0.223470 -0.072294
v 0.477775 -0.218588 -0.142496
v 0.408178 -0.246343 -0.224564
v -0.058831 0.265555 -0.156245
v -0.538013 0.121181 0.057959
v 0.651489 -0.206289 -0.002167
v 0.449858 -0.225242 -0.184082
v 0.362074 -0.251974 -0.276192
v -0.330006 0.644783 -0.505305
v -0.556247 0.200930 0.037079
v -0.541648 0.189029 0.016344
v 0.643915 -0.193224 -0.035848
v 0.417455 -0.212995 -0.228959
v -0.582229 0.295216 0.123892
v -0.577458 0.258905 0.216480
v 0.090801 0.684744 -0.278706
v -0.486631 -0.087953 0.100403
v -0.131045 0.505139 -0.097709
v 0.648034 -0.178755 0.059644
v 0.646816 -0.175578 -0.018480
v 0.493784 -0.179291 -0.134187
v 0.444598 -0.195106 -0.205540
v -0.331875 0.578805 -0.290502
v -0.447415 0.531412 -0.192995
v 0.470702 -0.187395 -0.173705
v 0.422176 -0.184601 -0.232264
v -0.499711 0.470326 -0.060891
v -0.532281 0.139984 -0.005526
v -0.403933 0.744485 -0.528806
v -0.519388 0.295297 -0.104895
v 0.652756 -0.178467 0.027672
v 0.484558 -0.158093 -0.163090
v 0.450601 -0.157555 -0.205973
v -0.569169 0.315703 0.199619
v -0.335321 0.603636 -0.484233
v -0.404369 0.479668 -0.310981
v -0.236758 0.397949 -0.071553
v -0.236815 0.427167 0.045872
v 0.645627 -0.156271 0.043259
v -0.326647 0.678270 -0.549897
v 0.371750 -0.172731 -0.274167
v -0.431808 0.499465 -0.296879
v -0.335822 -0.217441 0.079515
v -0.327951 -0.410618 0.262230
v 0.632946 -0.135470 0.017360
v -0.120486 0.281244 -0.151492
v 0.404645 -0.158054 -0.248780
v -0.168836 0.304965 -0.140479
v -0.425576 0.615764 -0.400326
v 0.085952 0.659332 -0.284724
v -0.553814 0.267715 -0.049362
v -0.334175 0.613275 -0.420358
v 0.513600 0.039351 -0.106338
v -0.221413 0.398573 0.017884
v -0.550892 0.389950 0.158648
v -0.428832 0.555351 -0.298653
v 0.465722 -0.115496 -0.188854
v 0.378979 -0.144020 -0.275544
v -0.216886 0.454981 -0.051184
v -0.569014 0.231236 0.202604
v -0.402547 -0.110664 0.199583
v -0.333431 0.551783 -0.358608
v 0.086315 0.641386 -0.243419
v 0.513586 -0.136885 -0.105030
v 0.501375 -0.141633 -0.135534
v 0.434310 -0.119027 -0.225035
v 0.402836 -0.127478 -0.257544
v -0.077573 0.540571 -0.096221
v -0.523896 0.137205 -0.041455
v -0.273290 0.471362 0.139994
v 0.520118 -0.022643 -0.104209
v 0.512115 -0.096175 -0.118702
v 0.268897 0.025981 -0.320488
v -0.369227 0.027295 -0.227052
v -0.562407 0.284917 -0.033322
v 0.532634 -0.107526 -0.065067
v -0.575518 0.269761 0.000179
v 0.525877 0.033131 0.052806
v 0.073093 0.616938 -0.229265
v 0.530186 -0.009227 -0.060911
v 0.536807 -0.070651 -0.031535
v 0.488058 -0.122949 -0.161096
v 0.513008 0.092533 -0.046698
v -0.242036 0.461299 0.034165
v 0.523220 0.040910 -0.070652
v 0.510290 0.035002 0.118636
v 0.490790 0.144950 -0.026339
v -0.521213 0.069290 -0.084207
v 0.488723 -0.082168 -0.159495
v 0.456942 -0.091547 -0.199401
v -0.574982 0.269288 0.180361
v -0.332807 0.512088 -0.198789
v 0.526243 -0.054836 -0.082962
v 0.470830 -0.062267 -0.191527
v 0.439885 -0.071932 -0.226042
v -0.562276 0.432045 0.087128
v -0.422882 0.720481 -0.514671
v -0.330539 0.583580 -0.357906
v -0.229505 0.430340 -0.043778
v 0.495952 0.024197 0.152916
v -0.417973 -0.180747 0.060111
v -0.561406 0.412877 0.055194
v 0.510046 0.103434 -0.003717
v -0.412604 0.695019 -0.505288
v -0.443354 0.508324 -0.167771
v -0.515228 0.115053 -0.078676
v -0.451690 0.212784 -0.124074
v 0.538618 -0.068242 0.024042
v 0.502854 -0.049917 -0.142012
v 0.457529 -0.042696 -0.216495
v -0.132804 -0.342022 -0.277901
v -0.516664 0.410521 -0.064364
v -0.340084 0.615591 -0.350395
v -0.328500 0.551851 -0.300162
v 0.534376 -0.007201 -0.014440
v 0.526442 -0.027631 -0.079812
v -0.187945 0.474348 -0.071780
v -0.348506 0.733984 -0.554887
v -0.371700 0.742231 -0.537778
v -0.353895 0.725495 -0.529266
v -0.350988 0.685246 -0.479686
v -0.398245 0.741114 -0.509332
v -0.434070 0.515310 0.191862
v 0.041938 0.326569 0.046819
v -0.331798 0.546877 0.053673
v -0.285824 0.530443 0.113541
v -0.133150 0.679073 -0.092965
v -0.424145 0.737656 -0.495707
v -0.461725 0.541512 0.042363
v -0.417595 0.534538 0.150237
v -0.379162 0.718626 -0.489141
v 0.105360 0.096174 0.298099
v -0.311612 0.535649 0.126379
v -0.454979 0.526481 0.157402
v -0.490023 0.534528 0.068987
v -0.412911 0.572888 -0.135390
v 0.059389 0.773236 -0.291797
v -0.181373 0.296853 0.096386
v -0.385871 0.544370 -0.075222
v -0.425841 0.543608 -0.071053
v -0.378781 0.693294 -0.446893
v -0.318868 0.520319 0.175266
v -0.013936 0.309596 0.045817
v -0.415364 0.723718 -0.467769
v -0.445181 0.715297 -0.461012
v 0.274050 0.322309 0.113191
v -0.528718 0.169814 0.015562
v -0.082232 0.273613 0.116018
v -0.227261 0.391474 0.071741
v -0.170141 0.330449 -0.014262
v -0.358415 0.533619 -0.072889
v -0.136270 0.291962 0.106673
v 0.243024 0.340467 0.079194
v 0.156708 0.347364 0.045551
v 0.196199 0.343672 0.083264
v -0.573171 0.238899 0.009667
v -0.358458 0.543257 0.120575
v -0.527261 0.439509 -0.023633
v -0.401821 0.545001 -0.026693
v 0.103659 0.340498 0.047099
v -0.189467 0.311100 0.084058
v -0.396561 0.508440 0.209217
v 0.045189 0.771945 -0.263125
v 0.026984 0.791482 -0.248211
v -0.503264 0.517940 -0.024412
v -0.536892 0.077239 -0.043941
v -0.541786 0.409520 -0.005077
v -0.373762 0.547855 0.023463
v 0.113954 0.309210 0.155010
v -0.545845 0.385502 -0.025350
v -0.449023 0.547673 -0.234795
v -0.578513 0.243805 0.096241
v -0.006240 0.315680 -0.000372
v -0.365409 0.671260 -0.419643
v -0.385029 0.676595 -0.392780
v 0.623597 -0.134622 -0.021060
v -0.434863 0.733428 -0.503075
v -0.085062 0.308084 -0.009774
v 0.092478 0.332583 0.089114
v 0.443940 0.191397 -0.101275
v -0.481086 0.078275 -0.144862
v -0.024402 0.759885 -0.227023
v -0.330181 0.545465 -0.003011
v -0.541689 0.024818 0.085246
v 0.634905 -0.158985 -0.034661
v -0.178325 0.324248 0.049390
v 0.414376 0.220848 -0.108287
v -0.542613 0.059510 -0.022207
v -0.567108 0.236946 0.157930
v -0.404431 0.698581 -0.424094
v -0.392113 0.524456 0.182200
v 0.647648 -0.161897 0.005038
v -0.152163 0.305395 0.077178
v 0.428754 0.230481 -0.045230
v -0.416407 0.465312 -0.220178
v -0.519533 0.137963 0.097993
v -0.442767 0.187335 -0.134766
v -0.519879 0.513173 0.121626
v 0.610461 -0.122501 -0.000136
v -0.268009 0.544675 0.011835
v 0.459954 0.185931 -0.059316
v 0.412560 0.241528 -0.072187
v -0.462409 0.057269 -0.170811
v -0.550994 0.442225 0.159656
v -0.002202 0.782832 -0.211066
v -0.397456 0.587781 -0.164266
v -0.402141 0.671899 -0.353904
v -0.083587 0.302583 0.048784
v -0.271404 0.522277 0.089452
v 0.159678 0.315375 0.151511
v 0.397115 0.262166 -0.039567
v 0.375901 0.265820 -0.084948
v -0.545460 0.102450 0.022490
v -0.436477 0.664241 -0.343888
v -0.054375 0.250941 0.155506
v 0.338033 0.296208 -0.075733
v -0.567058 0.241818 0.245257
v 0.179503 0.100592 0.291048
v -0.288448 0.518809 0.145155
v -0.295133 0.538988 0.073668
v -0.120487 0.272396 0.132797
v -0.428918 0.687100 -0.391567
v 0.580467 -0.115780 0.018470
v -0.363584 0.541984 -0.032335
v 0.457215 0.197939 -0.001684
v 0.300756 0.310133 -0.088733
v -0.477389 0.449753 -0.098568
v -0.566048 0.444123 0.058736
v -0.526360 0.522020 0.046994
v -0.361044 0.638891 -0.332326
v -0.455990 0.648929 -0.351394
v -0.414448 0.481837 0.243181
v 0.632536 -0.141713 0.059136
v 0.620083 -0.126892 0.051531
v 0.606370 -0.119039 0.033862
v 0.552191 -0.111258 0.013991
v 0.264613 0.328921 -0.074359
v -0.471256 0.127029 -0.137365
v -0.448297 0.539649 -0.017315
v 0.342813 0.267016 0.156445
v -0.434706 0.493252 0.227562
v -0.050408 0.754091 -0.184758
v -0.381837 0.657346 -0.335449
v 0.301624 0.295682 0.143282
v 0.598558 -0.120770 0.061277
v 0.578151 -0.116946 0.046138
v -0.307290 0.551640 -0.021844
v 0.366098 0.289771 -0.009068
v 0.320666 0.312687 -0.043548
v -0.558459 0.435639 0.121729
v -0.205783 0.362670 0.045561
v -0.028313 0.765504 -0.177024
v 0.232104 0.330340 0.119106
v 0.182322 0.334887 0.115487
v 0.623709 -0.148316 0.086476
v -0.515803 0.524963 0.081322
v 0.431440 0.232090 -0.004486
v 0.361314 0.287853 -0.048532
v -0.216345 0.363229 0.093427
v -0.343058 0.607282 -0.299867
v -0.368379 0.617340 -0.253877
v -0.380289 0.638107 -0.283661
v -0.415714 0.655150 -0.304672
v 0.554122 -0.121363 0.054285
v -0.057054 0.286081 0.086834
v -0.193610 0.345863 0.000673
v 0.402410 0.260826 0.015040
v 0.275886 0.335298 -0.021992
v 0.236305 0.344119 -0.038609
v 0.173786 0.341419 -0.068345
v 0.194017 0.084642 0.315952
v -0.252322 0.526983 0.019677
v -0.395280 0.650628 -0.297528
v 0.602058 -0.134702 0.084947
v 0.530854 -0.128763 0.092597
v 0.323143 0.316243 0.005131
v -0.579685 0.314397 0.027157
v -0.533833 0.143031 0.025311
v -0.012666 0.024434 0.331231
v -0.336093 0.532260 0.157698
v -0.200279 0.264663 0.140379
v 0.573328 -0.126678 0.077190
v -0.551893 0.417533 0.148840
v -0.262329 0.523324 0.044224
v 0.042172 0.317131 0.091063
v 0.435706 0.225110 0.045118
v 0.357840 0.295827 0.038110
v -0.504323 0.081215 -0.113924
v -0.122322 0.319044 -0.008065
v -0.143904 0.323183 -0.048257
v -0.101768 0.721345 -0.156833
v -0.432147 0.553898 -0.116651
v -0.208236 0.362525 -0.019403
v -0.506329 0.525330 0.012528
v 0.081226 0.313060 0.133117
v 0.137986 0.342391 -0.040505
v -0.542147 0.075293 0.081518
v -0.359034 -0.425813 0.028159
v -0.343936 -0.415863 0.108152
v -0.363701 -0.412288 0.186674
v 0.323669 0.070008 -0.269495
v -0.146720 0.584928 -0.181605
v -0.445885 0.347803 -0.140527
v -0.407678 -0.418278 -0.027055
v -0.384794 -0.416072 0.009561
v -0.348228 -0.414814 0.052128
v -0.363654 -0.396576 0.183461
v -0.334420 -0.389819 0.255667
v -0.404941 -0.405199 -0.019376
v -0.351392 -0.402109 0.124214
v -0.362166 -0.399576 0.154417
v -0.348221 -0.383172 0.225025
v -0.313101 -0.372108 0.267965
v -0.314187 -0.392792 0.274889
v -0.128477 0.012082 -0.275712
v -0.147253 -0.397202 0.261528
v -0.408429 -0.402341 -0.052330
v -0.404611 -0.386798 -0.037590
v -0.398509 -0.386310 -0.019743
v -0.387366 -0.395561 -0.000900
v -0.366897 -0.395622 0.022776
v -0.325357 -0.397308 0.073600
v -0.144077 -0.362108 0.249435
v -0.115348 -0.390843 0.292057
v -0.060800 -0.390151 0.339793
v 0.019438 0.076001 0.292573
v -0.367427 0.280102 -0.156740
v -0.344001 -0.396094 0.046003
v -0.346337 -0.376637 0.136484
v -0.519155 0.074653 0.132305
v -0.132065 -0.377198 0.268233
v -0.102687 -0.371761 0.302700
v -0.080786 -0.380063 0.322736
v -0.389084 -0.366116 -0.032935
v -0.477915 0.086012 0.178786
v -0.037929 -0.088654 0.303705
v -0.130729 -0.358065 0.258518
v -0.040269 -0.364372 0.339032
v -0.390947 -0.370160 -0.059919
v -0.374157 -0.372115 -0.004223
v -0.532630 0.113551 0.089542
v -0.024438 -0.069107 0.338275
v -0.321498 -0.359987 0.253118
v -0.080000 -0.350355 0.309524
v -0.446069 0.127394 0.198385
v -0.336842 -0.370824 0.029296
v -0.322314 -0.347526 0.011348
v 0.376200 0.010823 -0.266460
v -0.450110 -0.047540 0.200462
v -0.315405 -0.338356 0.228512
v -0.033324 -0.045026 0.335950
v -0.106972 -0.348782 0.278369
v -0.073732 -0.328572 0.292203
v 0.041133 0.100904 0.273597
v -0.362194 -0.350989 -0.018578
v -0.293642 -0.330509 0.006917
v -0.252328 0.605335 -0.069726
v -0.278132 -0.319167 0.222707
v -0.462667 0.249589 0.320473
v -0.050541 0.003524 0.295883
v -0.438261 0.579067 -0.177168
v -0.121463 -0.328446 0.242401
v -0.033933 0.022980 0.307162
v -0.472741 0.236826 0.308060
v -0.257448 -0.321623 0.034591
v -0.089244 -0.301938 0.233950
v -0.083608 -0.324376 0.274719
v 0.009808 0.051990 0.324121
v -0.407671 0.031922 0.245761
v -0.266186 -0.307224 0.010267
v -0.493782 0.269483 0.310528
v -0.228937 -0.303613 0.213281
v -0.092145 -0.316735 0.255996
v -0.015119 0.056052 0.293275
v -0.521121 0.032073 0.131217
v -0.297105 -0.311951 -0.027575
v -0.527264 0.006060 0.114026
v -0.569330 0.301593 0.237643
v 0.047083 0.077796 0.309726
v -0.056041 -0.302132 0.262756
v -0.519667 0.440208 0.232633
v -0.435800 0.021322 0.227087
v -0.548348 0.474114 0.139275
v -0.265177 -0.287108 0.002158
v -0.239111 -0.276315 0.050709
v -0.523159 0.471828 0.189507
v -0.397412 -0.006711 0.248528
v -0.236785 -0.287068 0.187595
v -0.500609 0.495165 0.181735
v -0.068315 -0.284749 0.221937
v -0.546427 0.258911 0.280948
v -0.452707 0.687822 -0.414507
v -0.497355 0.052488 0.164286
v -0.283047 -0.276705 -0.029200
v -0.464918 0.487646 0.223161
v -0.374515 0.003590 0.261521
v -0.187460 0.040022 -0.265785
v -0.528980 0.352110 0.285159
v -0.572236 0.268083 0.245845
v -0.246345 -0.284364 0.028075
v -0.233183 -0.255715 0.180592
v -0.550615 0.338085 0.255821
v -0.056208 -0.262607 0.215117
v -0.038883 -0.245537 0.232251
v -0.500199 0.277634 -0.115782
v -0.485124 0.339099 0.328314
v -0.250372 -0.258206 0.040851
v -0.459937 0.692719 -0.455357
v -0.258572 -0.246371 0.081805
v -0.259265 -0.222515 0.131114
v -0.250494 -0.253653 0.122000
v -0.217892 -0.211665 0.205363
v -0.498173 -0.054693 0.129549
v 0.021029 -0.243589 0.309668
v -0.477994 0.019166 0.185646
v -0.503579 -0.011693 0.147413
v -0.275635 -0.226258 0.104021
v -0.492576 0.457829 0.238835
v -0.025311 -0.124541 0.297939
v -0.032483 -0.204163 0.247288
v -0.560477 0.287250 0.265620
v -0.201668 0.642004 -0.079856
v -0.537089 0.444741 0.199479
v -0.529315 0.399600 0.253612
v 0.041174 -0.217612 0.331282
v -0.500821 0.304213 0.318401
v -0.339243 0.196633 -0.193268
v -0.478490 -0.022415 0.181477
v -0.540596 0.227885 0.274400
v 0.004420 -0.200155 0.301348
v 0.066727 -0.208722 0.347827
v -0.399576 -0.044830 0.236780
v -0.504943 0.367634 0.302957
v -0.288075 -0.318428 0.207664
v 0.244717 0.166219 -0.242652
v -0.274762 -0.413071 0.283274
v -0.441936 0.611513 -0.239172
v -0.502622 0.120278 0.139306
v -0.540102 0.308564 0.284235
v -0.473431 0.145049 0.165216
v -0.537157 0.052618 0.105698
v -0.546995 0.402637 0.214645
v 0.015411 0.034113 0.345562
v -0.298401 0.029735 -0.253388
v -0.050302 -0.161090 0.237585
v -0.003567 0.738628 -0.259696
v 0.105971 0.170735 -0.260958
v -0.026440 -0.011209 0.336786
v -0.315856 0.546171 -0.050369
v -0.521846 0.276500 0.301760
v -0.421985 0.500844 -0.356518
v 0.000782 -0.065834 0.359187
v -0.505779 0.415104 0.269625
v -0.016808 -0.416775 0.333921
v -0.521169 0.321467 0.303255
v -0.359235 0.151521 -0.203481
v -0.004859 -0.106397 0.336172
v -0.445622 0.550966 -0.152048
v -0.446008 -0.015754 0.214768
v -0.506357 0.333776 0.316957
v -0.480256 -0.052352 0.164822
v -0.480238 0.115715 0.167946
v -0.524392 0.106459 0.113363
v -0.481784 0.413637 0.288847
v -0.460981 0.056035 0.201058
v -0.421381 0.061504 0.233250
v -0.257318 0.004133 -0.260945
v -0.443364 -0.082939 0.183926
v -0.012077 0.147716 -0.264796
v -0.538077 0.496631 0.127603
v -0.025657 -0.160575 0.275664
v 0.000900 -0.154843 0.319470
v -0.505447 0.258180 0.305902
v 0.046179 0.695261 -0.289787
v -0.049776 -0.028475 0.306934
v -0.161587 -0.000622 -0.264081
v -0.089293 0.112746 -0.266127
v -0.055322 0.132007 -0.267475
v -0.422600 0.265951 -0.148301
v -0.200993 0.140432 -0.248980
v -0.050974 -0.111806 0.263246
v -0.197348 -0.422476 -0.252516
v -0.189198 -0.390404 -0.255801
v -0.203645 -0.402887 -0.224879
v -0.537807 0.204683 -0.039267
v 0.581181 -0.119598 -0.010966
v -0.392645 -0.399997 -0.098170
v -0.328670 -0.395365 0.098525
v -0.452144 0.664963 -0.436380
v -0.179006 0.654921 -0.145829
v -0.450047 0.715684 -0.486613
v -0.153402 -0.390888 -0.304253
v -0.181694 -0.408555 -0.282788
v -0.362574 -0.383239 -0.126425
v -0.386835 -0.373403 -0.084058
v -0.441131 0.582656 -0.316123
v -0.336924 -0.385714 0.114582
v -0.411992 0.517470 -0.413524
v -0.162711 -0.373121 -0.279977
v -0.208011 -0.391159 -0.199830
v -0.549552 0.318799 -0.053923
v -0.450235 0.528335 -0.102842
v -0.399701 0.650681 -0.488487
v -0.352141 -0.371704 0.167243
v -0.175058 0.292994 -0.158599
v -0.219549 0.296562 -0.152773
v -0.168873 -0.358099 -0.257067
v -0.370322 -0.353061 -0.075453
v -0.423785 0.535384 -0.318750
v -0.283621 -0.354512 0.060130
v -0.313674 -0.369111 0.102873
v -0.354019 -0.373040 0.197260
v -0.475459 0.499386 -0.080576
v -0.185479 -0.368754 -0.232701
v -0.193493 -0.365765 -0.204322
v -0.497814 0.125595 -0.107358
v -0.353923 -0.339798 -0.050880
v -0.439552 0.518403 -0.210501
v -0.269529 -0.332295 0.102113
v -0.328150 -0.352536 0.144419
v -0.332949 -0.344566 0.188673
v -0.341423 -0.356929 0.215847
v -0.318657 -0.341170 -0.111093
v -0.341122 -0.340878 -0.084802
v -0.330496 -0.332994 -0.023045
v -0.558267 0.490840 0.085603
v -0.291777 -0.335612 0.128933
v -0.294608 -0.325568 0.158695
v -0.139625 0.693851 -0.149764
v -0.551366 0.404627 0.184184
v -0.575843 0.337745 0.111523
v -0.573330 0.317735 0.147220
v -0.101283 -0.372610 -0.318941
v -0.551834 0.231522 -0.041122
v -0.308796 -0.321869 -0.077927
v -0.405815 0.470625 -0.264043
v -0.253391 -0.335138 0.055400
v -0.303604 -0.324765 0.191276
v -0.291172 0.569278 -0.053464
v -0.483541 0.166504 -0.102837
v -0.251335 -0.330292 0.070749
v -0.250368 -0.315273 0.087445
v -0.454241 0.554315 -0.223083
v -0.126625 -0.318131 -0.222583
v -0.469406 0.525622 -0.051308
v -0.293432 -0.297643 -0.055248
v -0.257386 -0.300372 0.148109
v -0.262721 -0.309995 0.189330
v -0.426070 0.653504 -0.446722
v -0.268528 -0.318512 -0.135104
v -0.251277 -0.293447 0.108512
v -0.464673 0.643589 -0.378138
v 0.239780 0.290075 -0.160238
v -0.097326 0.170575 -0.239195
v -0.089748 -0.304296 -0.235044
v 0.538867 -0.143406 -0.066171
v 0.438782 0.172252 -0.137264
v -0.271067 -0.277829 -0.123927
v -0.290688 -0.305063 -0.100893
v -0.240536 -0.309355 0.050623
v -0.241065 -0.301444 0.069963
v -0.247817 -0.269502 0.145354
v -0.379536 0.619856 -0.522411
v -0.077277 -0.282183 -0.227553
v 0.096169 0.190348 -0.249126
v -0.288940 -0.270746 -0.067287
v -0.089569 0.724231 -0.181505
v -0.067556 -0.290832 -0.265129
v -0.087936 -0.285216 -0.200387
v -0.279821 -0.246821 -0.110585
v -0.243902 -0.272971 0.079214
v -0.542103 0.511374 0.077869
v -0.448864 0.693093 -0.471961
v -0.460315 0.614176 -0.337726
v -0.056659 -0.264443 -0.282724
v -0.269610 -0.260446 0.001002
v -0.532214 0.346888 -0.074879
v -0.552405 0.354560 -0.039294
v -0.570458 0.355587 0.039669
v -0.222890 0.615086 -0.125178
v -0.269344 -0.223909 -0.140938
v -0.292851 -0.242480 -0.008189
v -0.530740 0.406310 -0.043083
v -0.577170 0.342672 0.074900
v -0.566790 0.356809 0.115086
v 0.340083 0.242661 -0.162942
v -0.071927 -0.236835 -0.257542
v -0.084519 -0.258119 -0.205751
v -0.310367 -0.229232 -0.059616
v -0.556781 0.386898 0.025839
v -0.329858 0.670096 -0.577942
v -0.362097 0.639086 -0.556510
v -0.042829 0.724977 -0.231177
v 0.038426 0.760445 -0.293024
v -0.078792 -0.252070 -0.230846
v 0.253153 0.066668 -0.293167
v -0.298556 -0.226343 -0.090445
v -0.550886 0.387912 0.126362
v 0.204939 0.131568 -0.257888
v -0.558813 0.359378 0.157042
v -0.559810 0.408054 0.082241
v -0.585550 0.308616 0.095427
v -0.557243 0.353960 0.211976
v -0.193978 0.272898 -0.179441
v 0.255849 0.083945 -0.273841
v -0.141785 0.094653 -0.262303
v -0.360493 0.567402 -0.528888
v -0.453026 0.602581 -0.258641
v -0.221807 0.631987 -0.105232
v -0.448664 0.530306 -0.163371
v -0.375175 0.560196 -0.518161
v 0.587526 -0.181823 -0.088016
v -0.063244 -0.225327 -0.285752
v -0.082402 -0.181610 -0.268486
v 0.356907 0.124793 -0.230371
v -0.268533 0.590480 -0.079728
v -0.365434 0.588848 -0.540658
v -0.456397 0.581394 -0.272316
v 0.020316 0.260225 -0.172032
v 0.339105 0.177017 -0.207394
v -0.380819 0.576953 -0.517035
v -0.034517 -0.221895 -0.332967
v -0.047942 -0.173510 -0.340753
v -0.058918 -0.206431 -0.308494
v -0.092644 -0.213651 -0.216107
v -0.409818 0.227446 -0.147350
v -0.392764 0.574327 -0.480513
v -0.073204 -0.157388 -0.312703
v -0.099932 -0.167684 -0.234234
v 0.278942 0.116434 -0.258265
v 0.524226 -0.147675 -0.082803
v 0.149905 0.197243 -0.241622
v -0.405650 -0.165570 -0.095923
v -0.462017 0.680791 -0.421870
v -0.499811 0.503124 -0.047954
v -0.531743 0.375427 -0.063770
v 0.380852 -0.027899 -0.270056
v -0.435524 -0.138559 -0.098558
v -0.270252 0.032503 -0.260638
v -0.419755 0.521167 -0.369839
v -0.432311 0.682531 -0.472147
v -0.062578 -0.154752 -0.332987
v 0.312722 0.117964 -0.254070
v -0.482584 -0.116805 -0.027943
v -0.435005 0.535321 -0.248847
v -0.565407 0.353008 0.000020
v 0.159671 0.055914 -0.341669
v -0.451576 -0.107935 -0.127699
v -0.476445 -0.115181 -0.059873
v -0.485784 -0.114753 0.006918
v -0.423498 0.480616 -0.245276
v -0.562701 0.486215 0.049043
v -0.560292 0.466368 0.034634
v -0.384913 0.692526 -0.540329
v -0.048612 0.159647 -0.254689
v 0.334273 0.281759 -0.110277
v -0.465383 -0.114082 -0.090192
v -0.488366 -0.093121 -0.074294
v -0.502652 -0.089112 -0.005943
v -0.554026 0.491310 0.019608
v 0.182494 0.233589 -0.222117
v -0.429932 0.509955 -0.310931
v -0.065472 -0.123231 -0.348205
v -0.083010 -0.112910 -0.325441
v -0.093298 -0.126359 -0.287424
v -0.479539 -0.085249 -0.106003
v -0.550027 0.447956 0.013971
v -0.453550 0.464347 -0.124186
v -0.416738 0.567599 -0.365863
v 0.218606 0.217660 -0.231571
v -0.108229 -0.094774 -0.268376
v -0.503317 -0.060671 -0.072209
v -0.502663 -0.082807 -0.044637
v -0.521051 -0.057073 0.000918
v -0.522526 -0.057534 0.033493
v -0.486284 -0.077651 0.127281
v 0.376131 0.196536 -0.175787
v -0.442659 0.555931 -0.263692
v -0.549310 0.505923 0.039459
v -0.404298 0.601732 -0.443512
v -0.097098 -0.083837 -0.308323
v -0.422343 -0.063328 -0.190887
v -0.466297 -0.059448 -0.143940
v -0.522442 -0.042931 0.060993
v -0.510662 -0.051831 0.092520
v -0.407494 0.554381 -0.417004
v -0.422945 0.586213 -0.364048
v 0.291325 0.182756 -0.223911
v -0.080126 -0.087131 -0.345188
v -0.335536 0.700076 -0.577287
v 0.024656 0.215109 -0.224155
v -0.493095 -0.054623 -0.105700
v -0.459078 0.425996 -0.122832
v -0.062403 -0.070836 -0.365887
v -0.081947 -0.056300 -0.341633
v -0.102374 -0.060366 -0.298909
v -0.195355 0.242396 -0.201937
v -0.468010 -0.025866 -0.159511
v -0.514485 -0.028076 -0.083960
v -0.530221 -0.026168 0.019571
v -0.526288 -0.043341 0.031646
v -0.515427 -0.022215 0.117537
v -0.449398 -0.036910 -0.177459
v -0.495968 -0.026493 -0.121181
v -0.523244 -0.039134 -0.036266
v -0.561449 0.434977 0.037710
v -0.430993 0.453242 -0.145912
v -0.504097 0.369279 -0.096944
v -0.436876 0.513835 -0.253670
v -0.433558 0.522675 -0.247532
v -0.253307 0.267209 -0.174702
v -0.079773 -0.023715 -0.331504
v -0.092812 -0.040825 -0.314490
v -0.525242 0.002299 -0.077882
v 0.066012 0.150332 -0.264421
v -0.542387 0.470372 -0.002894
v -0.520159 0.477366 -0.031166
v -0.530946 0.502089 -0.005588
v -0.306418 -0.416882 0.273486
v -0.539092 -0.008713 -0.014099
v -0.542888 0.001276 0.033248
v -0.536652 -0.010519 0.041326
v -0.529919 -0.012649 0.081630
v -0.427623 0.474631 -0.201691
v -0.110137 -0.029718 -0.284156
v -0.512357 0.019514 -0.108073
v -0.536456 0.000217 -0.042952
v -0.563357 0.462254 0.091650
v -0.586724 0.275796 0.054414
v -0.065306 -0.018958 -0.352355
v -0.074180 0.005916 -0.313495
v -0.457049 -0.001789 -0.177490
v -0.479213 -0.004192 -0.148953
v -0.496687 0.013784 -0.133665
v -0.547274 0.013540 0.004969
v -0.551244 0.419298 0.021586
v -0.450114 0.514501 -0.136022
v -0.249243 0.599862 -0.103487
v -0.524448 0.323356 -0.094324
v -0.389637 0.541775 -0.484835
v -0.533906 0.032868 -0.050554
v -0.545908 0.035539 -0.003351
v -0.549278 0.033311 0.047276
v -0.497916 0.428574 -0.076858
v -0.414847 0.453412 -0.176245
v -0.452371 0.629954 -0.383808
v 0.048457 0.047257 -0.360972
v -0.401674 0.538839 -0.452832
v -0.569470 0.308862 -0.014862
v -0.440798 0.021859 -0.193722
v -0.494607 0.045967 -0.137076
v 0.090623 0.052342 -0.357114
v -0.065683 0.212853 -0.215373
v -0.132276 0.221538 -0.209828
v 0.077526 0.121604 -0.275552
v 0.223232 0.005678 -0.347765
v 0.116518 0.035776 -0.366225
v 0.295429 0.254663 -0.177965
v 0.401453 0.117835 -0.210395
v 0.504918 -0.191773 -0.109812
v 0.404722 0.083207 -0.220320
v 0.008906 0.117939 -0.274475
v 0.436397 -0.034180 -0.234370
v 0.012984 0.789913 -0.243721
v 0.219965 0.241353 -0.214941
v 0.616747 -0.164419 -0.064588
v 0.121248 0.195310 -0.246921
v 0.537944 -0.184507 -0.095749
v 0.077936 0.081360 -0.309278
v -0.314773 0.237428 -0.178330
v 0.272618 0.245119 -0.198769
v 0.289206 0.058840 -0.283450
v -0.085415 -0.325394 -0.286709
v 0.021075 0.780532 -0.266140
v 0.070226 0.183881 -0.246993
v -0.402005 -0.392662 -0.076815
v 0.308828 0.150517 -0.230377
v -0.103414 0.245098 -0.183522
v -0.232796 0.242969 -0.199387
v 0.112238 0.237764 -0.209664
v 0.043024 0.783785 -0.282153
v -0.078096 -0.396977 -0.326171
v 0.059351 0.769966 -0.303769
v -0.212226 0.192474 -0.226075
v 0.067304 0.023118 -0.378252
v -0.338706 0.532259 -0.062446
v -0.271272 0.179722 -0.226687
v 0.074384 0.755623 -0.309219
v -0.049248 -0.424554 -0.318447
v 0.116019 0.119477 -0.273964
v -0.289551 0.557930 -0.080992
v 0.322168 0.035616 -0.283597
v 0.276597 0.291353 -0.140283
v -0.011086 0.090460 -0.280783
v 0.029855 0.086440 -0.287268
v -0.298417 0.516104 -0.092746
v 0.188781 0.315758 -0.127149
v 0.100562 0.098685 -0.283420
v 0.068223 0.747690 -0.315519
v -0.318908 0.522857 -0.079804
v -0.054998 0.239681 -0.189905
v 0.407659 0.194331 -0.154292
v -0.085569 -0.418652 -0.328720
v 0.054485 0.731825 -0.307046
v 0.257802 0.222875 -0.217132
v -0.330318 0.505142 -0.096279
v 0.461377 0.105374 -0.162404
v 0.559111 -0.127071 -0.037735
v 0.169932 0.258520 -0.195650
v 0.301399 0.022097 -0.301338
v 0.221396 0.079415 -0.288505
v -0.182877 -0.335482 -0.183389
v 0.101272 0.206796 -0.234220
v 0.065811 0.218013 -0.222640
v 0.543024 -0.103602 -0.011358
v 0.370154 0.169384 -0.197459
v -0.175972 0.210886 -0.216595
v 0.630902 -0.190757 -0.060567
v -0.305978 -0.410959 -0.163397
v 0.142002 0.175261 -0.256486
v 0.382472 -0.216976 -0.263070
v 0.233728 0.115837 -0.257633
v -0.139133 0.292699 -0.145936
v 0.375659 0.223330 -0.152719
v -0.318521 -0.430813 -0.152533
v -0.307069 0.480766 -0.101262
v 0.252078 0.103382 -0.264011
v 0.430017 0.122642 -0.186964
v 0.265629 0.136232 -0.246984
v 0.358361 0.043675 -0.264028
v 0.415164 0.038842 -0.232390
v 0.215749 0.099957 -0.267358
v -0.157798 -0.336078 -0.228853
v 0.447382 0.086308 -0.184084
v 0.244530 0.266237 -0.187381
v 0.598714 -0.128615 -0.031080
v 0.366506 0.250462 -0.127930
v -0.136100 -0.363568 -0.300417
v -0.061356 0.186024 -0.233039
v -0.314456 0.448620 -0.118241
v 0.312299 0.129640 -0.243290
v 0.224703 0.029616 -0.339200
v 0.105754 0.276780 -0.175116
v 0.011799 0.067717 -0.310789
v 0.026567 0.151118 -0.262191
v 0.160369 0.110682 -0.270574
v 0.096319 0.300153 -0.145773
v -0.381614 0.735111 -0.552868
v -0.019003 0.220287 -0.211817
v -0.311801 -0.355179 -0.134043
v 0.590282 -0.231532 -0.105517
v -0.129349 -0.408374 -0.321913
v -0.284539 0.429155 -0.108790
v 0.464217 0.127111 -0.142476
v -0.124220 0.266435 -0.168228
v 0.093030 -0.013638 -0.388881
v -0.317998 0.264601 -0.160333
v -0.154146 0.272940 -0.175049
v 0.395526 0.161185 -0.188627
v 0.153818 0.230719 -0.219445
v 0.474764 0.018462 -0.187559
v 0.152213 0.032245 -0.361263
v 0.566816 -0.210864 -0.111448
v 0.613934 -0.197741 -0.080515
v 0.335225 0.219280 -0.186155
v 0.050558 0.243633 -0.199804
v -0.399009 -0.130784 0.184086
v 0.344865 -0.002818 -0.286261
v 0.448812 -0.002627 -0.221489
v 0.319915 0.267625 -0.146180
v -0.034945 -0.374290 -0.318679
v 0.096537 0.069207 -0.335145
v -0.284426 -0.428501 -0.173135
v -0.109298 -0.346844 -0.302441
v -0.153826 0.246512 -0.193753
v 0.299456 0.214246 -0.206615
v 0.509256 -0.221850 -0.117569
v -0.243550 -0.414713 -0.184727
v 0.227527 0.055162 -0.319106
v 0.009934 0.039462 -0.362772
v 0.069407 0.276645 -0.165320
v 0.560661 -0.155383 -0.071155
v 0.138831 0.082947 -0.308334
v -0.260405 0.396014 -0.099960
v -0.216590 0.353756 -0.068798
v 0.201868 0.260679 -0.198017
v 0.150670 0.278631 -0.172846
v -0.026655 0.068080 -0.289987
v -0.166878 -0.411373 -0.304510
v -0.263297 0.369421 -0.114276
v -0.239269 0.367366 -0.093342
v 0.186880 0.074270 -0.311189
v 0.102017 0.322756 -0.098739
v 0.213705 0.336467 -0.080017
v 0.449703 0.031473 -0.208798
v -0.376960 0.745679 -0.551010
v -0.101249 0.197566 -0.224892
v 0.203162 0.289155 -0.164448
v -0.017216 0.041611 -0.344117
v -0.227874 0.338747 -0.100571
v 0.167138 0.327206 -0.106537
v 0.187349 0.014429 -0.355891
v 0.231431 0.194503 -0.239091
v 0.393798 0.025340 -0.251766
v -0.262457 0.291682 -0.148341
v -0.216647 0.261131 -0.189338
v 0.003331 0.268445 -0.159259
v -0.358067 0.737556 -0.562142
v -0.250433 -0.395480 -0.177058
v -0.256358 0.339194 -0.120447
v -0.195627 0.332878 -0.069476
v 0.143024 0.331320 -0.093735
v 0.231493 0.314276 -0.125237
v 0.264035 0.315383 -0.109600
v 0.591901 -0.146476 -0.059349
v -0.340214 0.721732 -0.568485
v 0.392354 -0.189312 -0.254849
v 0.442493 0.138779 -0.166344
v 0.419849 0.160805 -0.171424
v -0.227201 0.213753 -0.215455
v -0.096444 0.281233 -0.136949
v -0.243969 0.315760 -0.128252
v -0.117368 0.302763 -0.108482
v 0.617339 -0.143375 -0.045452
v 0.028268 0.294248 -0.121367
v 0.036259 0.186510 -0.243692
v -0.274721 -0.386250 -0.167391
v -0.107997 -0.320877 -0.259891
v 0.272768 0.047577 -0.301740
v 0.173285 0.091523 -0.284349
v -0.201607 0.315245 -0.125222
v -0.164000 0.313730 -0.114152
v -0.013628 0.279478 -0.137749
v 0.066813 0.300766 -0.129163
v 0.134579 0.309806 -0.137256
v 0.166784 -0.423371 -0.273267
v 0.054082 -0.418502 -0.294042
v -0.002590 -0.420994 -0.307313
v 0.259067 -0.412710 -0.258302
v 0.197736 -0.410944 -0.275544
v -0.235436 0.072240 -0.262296
v -0.270353 0.079294 -0.256652
v -0.047252 0.661328 -0.234077
v 0.263024 -0.382981 -0.270013
v 0.192874 -0.390551 -0.280932
v 0.117720 -0.413823 -0.285758
v 0.073167 -0.399092 -0.296560
v -0.215633 -0.409210 -0.196988
v -0.195548 0.170421 -0.236261
v -0.234019 0.179697 -0.232076
v -0.358140 -0.409930 -0.141721
v -0.028053 0.639982 -0.232240
v 0.133027 -0.396847 -0.288935
v -0.034670 -0.403860 -0.319974
v 0.400908 -0.398618 -0.091369
v 0.110030 -0.373723 -0.293787
v 0.028229 -0.388833 -0.307090
v -0.355162 0.417893 -0.148487
v -0.214109 -0.379742 -0.184025
v -0.379579 -0.403455 -0.124601
v 0.465232 -0.378901 -0.089840
v 0.446914 -0.371844 -0.107934
v 0.207132 -0.368492 -0.281642
v 0.318232 0.100607 -0.260504
v -0.316544 0.163900 -0.219008
v -0.321308 -0.382747 -0.148716
v 0.375194 -0.383655 -0.119131
v 0.166937 -0.353984 -0.290960
v 0.101092 -0.353145 -0.299669
v 0.028030 -0.356912 -0.307779
v -0.042552 -0.347469 -0.312237
v 0.198392 0.179592 -0.246831
v -0.296944 0.060227 -0.251392
v -0.359638 -0.363915 -0.105651
v -0.322464 0.046722 -0.240214
v 0.423740 -0.361583 -0.121054
v -0.097815 -0.409749 0.307013
v 0.303507 -0.354171 -0.266797
v 0.250826 -0.354508 -0.282997
v 0.198317 -0.333071 -0.302660
v 0.105950 -0.339074 -0.313602
v 0.050127 -0.339985 -0.311648
v 0.406681 -0.341405 -0.136311
v 0.231929 -0.337771 -0.292101
v 0.156710 -0.338653 -0.306441
v 0.149419 -0.319352 -0.324321
v -0.080969 -0.343272 -0.308108
v -0.103245 0.559763 -0.176073
v -0.245834 -0.356510 -0.163901
v 0.459733 -0.324150 -0.133831
v 0.368851 -0.362914 -0.143671
v 0.358028 -0.315083 -0.246397
v 0.279302 -0.337540 -0.283233
v 0.269116 -0.317017 -0.297123
v 0.189517 -0.317797 -0.317846
v 0.092868 -0.320207 -0.326927
v 0.058810 -0.279257 -0.346973
v -0.003799 -0.325167 -0.311106
v 0.483760 -0.340427 -0.119117
v 0.440377 -0.312948 -0.138234
v -0.353405 0.085371 -0.224080
v 0.176479 -0.299688 -0.328435
v 0.097666 -0.298772 -0.338267
v 0.031037 -0.308092 -0.327273
v -0.047130 -0.321027 -0.296985
v -0.508709 0.186437 0.231226
v -0.238786 -0.315742 -0.152821
v -0.497267 0.319945 -0.118579
v 0.479830 -0.289279 -0.138513
v -0.437603 0.097888 -0.178612
v 0.335302 -0.287831 -0.281301
v 0.212631 -0.292593 -0.320297
v -0.039690 -0.278232 -0.302076
v -0.111974 -0.304731 -0.196434
v -0.175501 0.595520 -0.167851
v -0.357346 0.707487 -0.568325
v -0.105027 0.696670 -0.191578
v 0.516477 -0.300837 -0.130983
v -0.228634 0.546448 -0.131533
v 0.374624 -0.268956 -0.256693
v 0.251304 -0.305118 -0.307526
v -0.008325 -0.266735 -0.331451
v -0.102159 -0.284279 -0.178033
v -0.135948 -0.305796 -0.184659
v -0.166766 -0.302249 -0.175445
v -0.205193 -0.322062 -0.167545
v 0.525641 -0.274337 -0.134543
v 0.436505 -0.294290 -0.146262
v 0.290106 -0.296592 -0.297659
v 0.227238 -0.260771 -0.329001
v 0.187247 -0.254677 -0.337434
v 0.173396 -0.276437 -0.333542
v 0.133471 -0.285188 -0.339502
v 0.096680 -0.256784 -0.355584
v 0.016391 -0.243814 -0.354387
v -0.324372 0.371711 -0.143650
v -0.179887 -0.252857 -0.178213
v -0.324982 0.645401 -0.553758
v 0.551995 -0.272022 -0.125529
v -0.140652 0.190762 -0.230245
v 0.331429 -0.262958 -0.298770
v 0.213202 -0.241107 -0.333682
v 0.086881 -0.273368 -0.351601
v -0.115778 -0.278747 -0.171943
v -0.207812 -0.291007 -0.164730
v -0.377533 0.214679 -0.163484
v -0.401937 0.516044 -0.443050
v 0.129325 -0.423652 -0.278454
v 0.304513 -0.260269 -0.308606
v 0.256673 -0.266925 -0.320735
v 0.160851 -0.231086 -0.350661
v 0.122648 -0.250439 -0.352479
v -0.246465 -0.281616 -0.147297
v -0.256304 -0.227271 -0.152633
v -0.412803 0.076164 -0.202377
v 0.519240 -0.253757 -0.131954
v 0.477659 -0.260556 -0.136296
v 0.481756 -0.235034 -0.129546
v 0.097067 -0.228523 -0.362657
v -0.120314 -0.259138 -0.172531
v -0.140515 -0.270861 -0.174647
v 0.028439 -0.411809 0.328577
v 0.558890 -0.242039 -0.123981
v 0.539115 -0.224470 -0.120549
v 0.286351 -0.225882 -0.317147
v 0.245380 -0.240044 -0.327759
v 0.122704 -0.218702 -0.362629
v 0.070530 -0.231185 -0.366652
v 0.053685 -0.187508 -0.381768
v -0.205965 -0.223524 -0.183161
v -0.291411 0.299072 -0.145270
v -0.467539 0.262330 -0.130420
v -0.467148 0.303836 -0.134563
v 0.340613 -0.232717 -0.295465
v 0.235026 -0.208516 -0.334721
v 0.196913 -0.219793 -0.344374
v 0.033434 -0.213196 -0.372466
v -0.094077 -0.248002 -0.187482
v -0.110564 -0.213270 -0.191726
v -0.107869 -0.250142 -0.176375
v -0.139037 -0.235027 -0.180358
v -0.194072 -0.202291 -0.192409
v -0.289352 0.371116 -0.130190
v -0.186313 0.561813 -0.157810
v -0.463055 -0.141659 0.006306
v -0.023684 0.115227 -0.275320
v -0.055641 0.091388 -0.276489
v -0.230619 0.505171 -0.118564
v -0.099209 0.062137 -0.274993
v 0.324326 -0.200830 -0.305554
v -0.141114 0.128422 -0.252697
v -0.222308 -0.247879 -0.169259
v -0.267733 0.457744 -0.096325
v -0.195360 0.084792 -0.261301
v -0.235635 0.107583 -0.256513
v 0.357480 -0.198256 -0.284482
v 0.246460 -0.189835 -0.336010
v 0.158192 -0.187986 -0.361068
v 0.101158 -0.190752 -0.372029
v -0.223809 -0.186884 -0.187799
v -0.249330 0.146841 -0.241230
v -0.274841 0.113932 -0.246386
v -0.307931 0.092515 -0.240068
v -0.295967 0.134542 -0.234543
v -0.044116 0.692968 -0.237723
v 0.351359 -0.162540 -0.294914
v 0.282324 -0.182939 -0.325599
v 0.252090 -0.166764 -0.336871
v 0.024863 -0.174999 -0.385528
v -0.356019 0.378357 -0.150525
v -0.437857 0.437205 -0.134667
v -0.167240 -0.202360 -0.193076
v -0.285251 -0.208864 -0.133079
v -0.328664 -0.197548 -0.122247
v -0.128593 0.617455 -0.194511
v 0.004406 0.622593 -0.228735
v 0.212952 -0.185938 -0.346551
v 0.121983 -0.145552 -0.374034
v 0.085303 -0.154548 -0.380814
v -0.115985 -0.170152 -0.212550
v -0.263379 -0.187631 -0.163747
v -0.340430 -0.173273 -0.147435
v -0.346833 0.324371 -0.152723
v -0.047314 -0.409821 0.339939
v 0.323661 -0.164896 -0.312149
v 0.264147 -0.142404 -0.337520
v 0.207484 -0.157552 -0.350732
v 0.142366 -0.166304 -0.365324
v -0.007420 -0.176198 -0.371959
v -0.199216 0.535379 -0.142671
v -0.253239 -0.162590 -0.186924
v -0.296720 -0.175438 -0.162077
v -0.291772 0.449170 -0.104913
v -0.478523 0.346947 -0.123041
v -0.287634 0.331107 -0.136270
v 0.306173 -0.143183 -0.321699
v 0.222587 -0.131230 -0.353191
v 0.173196 -0.138468 -0.363246
v 0.058933 -0.145995 -0.389487
v -0.375387 0.250069 -0.156333
v -0.138958 -0.185031 -0.199992
v 0.184947 0.204883 -0.240753
v -0.437974 -0.160109 0.055619
v 0.077595 -0.120160 -0.388990
v 0.020152 -0.136369 -0.392591
v -0.017505 -0.121596 -0.387899
v -0.041400 -0.128462 -0.369859
v -0.385309 0.405623 -0.149032
v -0.117614 -0.129978 -0.232197
v -0.167986 -0.143617 -0.218416
v -0.258046 -0.129570 -0.211454
v -0.374714 -0.158304 -0.140414
v 0.083435 0.730222 -0.317767
v -0.432954 0.310977 -0.149232
v -0.533634 0.202773 0.249498
v 0.233315 -0.100290 -0.353694
v -0.346491 0.590670 -0.545000
v -0.190525 -0.119145 -0.226024
v -0.195792 -0.154478 -0.210356
v -0.220345 -0.122881 -0.216359
v -0.301378 -0.145976 -0.195180
v -0.412775 -0.131785 -0.139963
v 0.374665 -0.110644 -0.282036
v 0.296303 -0.111527 -0.323675
v 0.199076 -0.109366 -0.363584
v 0.149460 -0.109202 -0.374263
v 0.104874 -0.106054 -0.384515
v 0.010305 -0.084156 -0.397684
v -0.104207 -0.128464 -0.253900
v -0.142805 -0.120755 -0.226582
v -0.348726 -0.117865 -0.205124
v -0.350080 -0.142825 -0.179158
v -0.017159 0.592506 -0.201408
v 0.338779 -0.119097 -0.304182
v 0.287124 -0.088104 -0.326276
v 0.260237 -0.105741 -0.339094
v 0.054243 -0.078679 -0.394804
v 0.042021 -0.111032 -0.395856
v -0.240570 -0.118374 -0.217183
v -0.303250 -0.108180 -0.223772
v -0.387497 -0.124147 -0.173666
v -0.444994 0.237111 -0.135440
v -0.140107 0.158093 -0.244964
v 0.257462 -0.066400 -0.340439
v 0.127609 -0.077051 -0.384441
v -0.040335 -0.092949 -0.381098
v -0.150403 0.553913 -0.166248
v -0.353145 -0.092387 -0.220235
v -0.391577 -0.095190 -0.197471
v -0.426089 -0.100405 -0.162822
v -0.343189 0.670946 -0.575222
v 0.411702 -0.093869 -0.252114
v 0.311407 -0.069796 -0.314156
v 0.098331 -0.067595 -0.390076
v -0.017753 -0.089748 -0.392216
v -0.134632 -0.093738 -0.236756
v -0.185011 -0.087804 -0.236469
v -0.242566 -0.100718 -0.228682
v -0.401949 0.338643 -0.153692
v 0.390124 -0.069509 -0.268021
v 0.224805 -0.062417 -0.355890
v 0.205535 -0.076928 -0.362529
v 0.044344 -0.046213 -0.398209
v 0.019683 -0.040829 -0.397343
v -0.471827 0.391404 -0.117064
v -0.080094 0.629345 -0.214719
v -0.120793 -0.088035 -0.246074
v -0.225334 -0.073384 -0.241646
v -0.269688 -0.079246 -0.241322
v 0.354293 -0.059657 -0.290978
v 0.268896 -0.033064 -0.331981
v 0.185306 -0.030764 -0.365398
v 0.166075 -0.069352 -0.373656
v 0.159445 -0.036599 -0.377173
v 0.127582 -0.042303 -0.385913
v -0.098081 0.144123 -0.252320
v -0.151535 -0.052492 -0.250488
v -0.318468 -0.060641 -0.240074
v -0.173070 0.124042 -0.254323
v 0.077125 -0.041896 -0.394091
v -0.017338 -0.049336 -0.391974
v -0.044823 -0.061052 -0.381521
v -0.118274 -0.058113 -0.269095
v -0.195558 -0.047588 -0.250575
v -0.237032 -0.044096 -0.255316
v -0.276196 -0.045473 -0.254740
v -0.541452 0.192436 0.062750
v -0.408920 0.187912 0.271865
v -0.092923 0.663619 -0.211614
v -0.365098 -0.203551 0.089515
v 0.412923 -0.048887 -0.248936
v 0.300927 -0.013811 -0.314824
v -0.389677 0.103487 -0.204862
v -0.349710 -0.043081 -0.235222
v -0.378151 -0.059633 -0.220890
v -0.202467 0.605127 -0.147391
v 0.256597 0.001084 -0.334700
v 0.227318 -0.021579 -0.349067
v 0.140514 -0.003721 -0.375996
v -0.043173 -0.025558 -0.376904
v -0.129775 -0.019251 -0.268744
v -0.141795 -0.025362 -0.262058
v -0.292852 -0.008028 -0.253884
v -0.335238 -0.011034 -0.239706
v -0.400147 0.299791 -0.154577
v 0.286319 0.090326 -0.268887
v -0.003474 0.697371 -0.261114
v 0.046094 -0.009837 -0.392582
v -0.016752 0.013598 -0.373168
v -0.247194 -0.019628 -0.259443
v -0.386798 -0.007180 -0.222819
v -0.395588 0.157122 -0.181393
v 0.409979 -0.007554 -0.248502
v -0.279068 0.220190 -0.202835
v 0.102501 0.010667 -0.379366
v -0.483922 0.196840 -0.096076
v 0.020490 0.018267 -0.380281
v -0.001173 -0.011324 -0.388553
v -0.040826 0.008123 -0.363392
v -0.229055 0.020075 -0.261780
v -0.116075 -0.425251 -0.327032
v -0.088671 -0.431163 -0.320762
v -0.040222 -0.433020 -0.299746
v 0.031609 -0.431992 -0.283498
v 0.120849 -0.429116 -0.269512
v 0.217327 -0.426840 -0.249332
v 0.280084 -0.419031 -0.233691
v -0.170063 -0.425957 -0.297156
v -0.099045 -0.433330 -0.298491
v 0.208376 -0.429227 -0.233986
v -0.186701 -0.432444 -0.252475
v -0.021178 -0.433145 -0.270887
v 0.071961 -0.431739 -0.258033
v 0.148640 -0.430020 -0.243331
v 0.179273 -0.425198 -0.219335
v -0.046397 -0.428591 -0.253267
v 0.060470 -0.426625 -0.240270
v 0.239793 -0.427714 -0.205812
v 0.048730 -0.413317 -0.228447
v 0.132589 -0.414043 -0.215857
v 0.184149 -0.411512 -0.203607
v -0.107520 -0.430414 -0.249423
v -0.027589 -0.415050 -0.239016
v 0.223929 -0.416494 -0.191325
v 0.243623 -0.421415 -0.167561
v 0.280721 -0.426197 -0.189111
v -0.127326 -0.416345 -0.201666
v 0.146496 -0.398174 -0.198384
v -0.151560 -0.433218 -0.266949
v -0.160187 -0.429527 -0.181284
v -0.084216 -0.416951 -0.236631
v 0.007144 -0.400765 -0.223131
v 0.077555 -0.398963 -0.210905
v 0.196721 -0.400784 -0.185223
v 0.293552 -0.427175 -0.118320
v -0.218081 -0.425722 -0.208122
v -0.214230 -0.433012 -0.186952
v -0.099167 -0.403056 -0.209503
v -0.050315 -0.398837 -0.219133
v 0.098414 -0.391760 -0.177966
v 0.220969 -0.403091 -0.168564
v 0.225635 -0.422648 -0.109140
v 0.263108 -0.427766 -0.134928
v 0.331859 -0.416027 -0.118892
v 0.018334 -0.393741 -0.190844
v 0.158135 -0.391603 -0.168843
v 0.192280 -0.393803 -0.144195
v 0.223315 -0.408072 -0.142564
v 0.322667 -0.423167 -0.108667
v -0.188821 -0.433701 -0.193691
v -0.081870 -0.395182 -0.177906
v -0.247478 -0.431596 -0.176690
v -0.028978 -0.394532 -0.161500
v 0.195929 -0.402102 -0.107127
v 0.247891 -0.426416 -0.074936
v 0.411485 -0.411746 -0.056772
v -0.282464 -0.434026 -0.150663
v 0.009861 -0.394526 -0.129691
v 0.299070 -0.425782 -0.073056
v 0.334301 -0.423761 -0.039811
v -0.149569 -0.416112 -0.152041
v 0.049806 -0.393800 -0.114041
v 0.188124 -0.417515 -0.068002
v 0.274386 -0.419164 -0.058481
v 0.301631 -0.417253 -0.050950
v 0.359375 -0.422541 -0.056232
v 0.430454 -0.413459 -0.031756
v -0.343375 -0.428347 -0.148359
v -0.347486 -0.433864 -0.120965
v -0.124860 -0.399736 -0.158203
v 0.093156 -0.392140 -0.130223
v 0.204695 -0.426601 -0.045650
v 0.239036 -0.419485 -0.050975
v 0.406128 -0.420758 -0.008079
v -0.247906 -0.434533 -0.094962
v -0.163065 -0.430066 -0.109553
v 0.136799 -0.391511 -0.117729
v 0.216805 -0.423381 -0.035081
v 0.335454 -0.417128 -0.016681
v 0.453248 -0.407698 -0.006853
v -0.370785 -0.429551 -0.128786
v 0.164846 -0.404465 -0.049335
v 0.187341 -0.426868 0.007548
v 0.208965 -0.428455 0.006829
v 0.365732 -0.423753 0.001401
v 0.391548 -0.420741 0.044822
v -0.372609 -0.181561 0.126740
v -0.197451 -0.433800 -0.108739
v -0.100536 -0.396056 -0.117536
v -0.071299 -0.396120 -0.098605
v -0.008687 -0.396510 -0.049160
v 0.354058 -0.422078 0.061950
v 0.507400 -0.382615 -0.007112
v -0.302593 -0.434667 -0.084047
v -0.145033 -0.433281 -0.043380
v 0.089302 -0.394340 -0.052223
v 0.150478 -0.394709 -0.062396
v 0.168495 -0.417379 -0.019869
v 0.160642 -0.414440 0.018302
v 0.344026 -0.415931 0.032129
v -0.397542 -0.424953 -0.093965
v -0.381023 -0.432339 -0.084647
v -0.345809 -0.434074 -0.052176
v -0.203975 -0.434471 -0.063693
v 0.143238 -0.400154 0.019407
v 0.436683 -0.408944 0.044276
v 0.475562 -0.396962 0.030691
v -0.195414 -0.430899 -0.036581
v -0.144937 -0.429664 -0.017690
v 0.094095 -0.395715 0.027791
v 0.338737 -0.418250 0.058441
v 0.523706 -0.372656 0.041865
v -0.408944 -0.411888 -0.074274
v -0.402497 -0.424727 -0.052203
v -0.050528 -0.398371 -0.014589
v 0.041810 -0.396100 -0.011443
v 0.235416 -0.426023 0.059488
v 0.361867 -0.415007 0.111697
v 0.494579 -0.378297 0.077814
v -0.237852 -0.431992 -0.027332
v -0.211533 -0.423429 -0.014554
v 0.158843 -0.407944 0.048571
v 0.175000 -0.421056 0.041952
v 0.196161 -0.424887 0.060232
v 0.264763 -0.426525 0.095295
v 0.288592 -0.426084 0.112684
v 0.319418 -0.422857 0.081911
v 0.402711 -0.409219 0.085121
v -0.151841 -0.419243 -0.002119
v -0.092103 -0.430405 0.045424
v 0.325960 -0.420861 0.136909
v 0.372682 -0.396083 0.148615
v 0.440777 -0.393291 0.096618
v 0.558404 -0.344629 0.076595
v -0.301183 -0.169715 0.190466
v -0.371190 -0.431053 -0.018530
v -0.116822 -0.428577 0.020821
v -0.077844 -0.426931 0.068369
v 0.182518 -0.413009 0.079503
v 0.528917 -0.342303 0.118648
v -0.382426 0.183739 0.233614
v -0.287484 -0.433752 0.028997
v -0.260959 -0.433181 -0.000814
v -0.129072 -0.418800 0.030117
v -0.070923 -0.416339 0.082576
v -0.052983 -0.402344 0.054553
v 0.164080 -0.399540 0.080514
v 0.449018 -0.373584 0.129428
v -0.389193 -0.426032 -0.008898
v -0.244289 -0.432586 0.036337
v 0.200984 -0.406159 0.109487
v 0.215313 -0.418291 0.105334
v 0.235160 -0.422974 0.101844
v 0.481716 -0.368698 0.117618
v 0.134914 -0.393347 0.112023
v 0.194936 -0.395047 0.125605
v 0.230046 -0.407393 0.134485
v 0.267134 -0.423317 0.154968
v 0.344837 -0.406893 0.177414
v 0.409296 -0.383011 0.132155
v -0.535895 0.195748 0.212150
v 0.031556 -0.396547 0.070894
v 0.244599 -0.409321 0.160240
v 0.504888 -0.341520 0.142304
v -0.509861 0.212689 0.284062
v -0.421913 0.171531 0.234718
v -0.247150 -0.187727 0.188993
v -0.330771 -0.429596 0.052093
v -0.124046 -0.422339 0.081341
v 0.056860 -0.392531 0.157327
v -0.481654 0.176717 0.216145
v -0.551463 0.210670 0.181932
v -0.391529 -0.151834 0.160142
v -0.463601 0.178655 0.247786
v -0.445109 0.161212 0.212789
v -0.273920 -0.429830 0.130221
v -0.138368 -0.423636 0.108699
v -0.118988 -0.428217 0.095882
v -0.032965 -0.398195 0.078136
v 0.224388 -0.394958 0.154439
v 0.288884 -0.423034 0.198434
v 0.319911 -0.416509 0.204019
v -0.344728 -0.173590 0.163990
v 0.482215 -0.344607 0.149650
v -0.472665 -0.128954 0.041182
v -0.271435 -0.160606 0.209588
v -0.420574 0.489219 -0.306848
v -0.309232 -0.109212 0.241794
v -0.315935 -0.212816 -0.101367
v -0.339208 -0.423391 0.107448
v -0.183473 -0.431084 0.123009
v 0.220600 -0.397418 0.175630
v 0.230639 -0.420417 0.205975
v -0.553044 0.220746 0.254489
v -0.357789 -0.107505 0.225556
v -0.350749 -0.206681 -0.086075
v 0.197658 -0.390013 0.168413
v 0.328761 -0.404551 0.226530
v -0.368221 -0.190482 -0.103481
v -0.343353 -0.217034 -0.056944
v -0.291976 -0.246559 -0.049018
v -0.427931 -0.121151 0.164469
v -0.327174 -0.427455 0.166761
v -0.211788 -0.428034 0.165379
v 0.003609 -0.394642 0.143773
v 0.300485 -0.416585 0.238558
v -0.386738 0.196672 0.275286
v -0.406711 0.489089 -0.356942
v -0.387917 -0.196694 -0.057047
v -0.511244 -0.072089 0.045906
v -0.562597 0.224691 0.109518
v -0.543365 0.205716 0.105913
v -0.404556 0.206335 0.306263
v -0.273446 -0.137038 0.226925
v -0.456671 0.155843 0.188439
v -0.324543 -0.230364 -0.020885
v -0.358051 -0.419203 0.145953
v -0.292873 -0.427467 0.201913
v -0.249823 -0.427274 0.193773
v -0.109069 -0.424740 0.152953
v -0.068723 -0.402146 0.144749
v 0.123796 -0.388927 0.187869
v 0.249015 -0.420345 0.250420
v -0.431187 0.216379 0.318231
v -0.482339 0.210961 0.290225
v -0.427315 -0.142860 0.131536
v -0.468014 -0.088677 0.145538
v -0.353085 -0.423238 0.181283
v -0.112685 -0.426102 0.222984
v 0.193223 -0.422087 0.266573
v 0.253293 -0.413003 0.268953
v -0.314824 -0.135756 0.220294
v -0.541213 0.209689 0.143072
v -0.378133 -0.211903 -0.004816
v -0.495953 0.233942 0.301219
v -0.164468 -0.427379 0.186685
v 0.071218 -0.388234 0.210518
v 0.140345 -0.421983 0.279969
v -0.348715 -0.225112 0.020944
v -0.307785 -0.237320 0.018420
v -0.022179 -0.392345 0.187972
v 0.023990 -0.389764 0.206663
v 0.084333 -0.424043 0.265500
v 0.195836 -0.412074 0.281206
v -0.513780 0.192901 0.161356
v -0.518435 0.190808 0.188732
v -0.425604 -0.169023 -0.050985
v -0.407521 -0.193800 -0.013335
v -0.322027 -0.229792 0.049977
v -0.208345 -0.425841 0.223586
v -0.162629 -0.424950 0.233221
v -0.043010 -0.424844 0.270451
v 0.137053 -0.411155 0.296066
v -0.479799 0.174256 0.183700
v -0.308859 -0.195793 0.145968
v -0.244037 -0.157574 0.215415
v -0.237308 -0.131915 0.233889
v -0.413004 -0.188353 0.031718
v -0.382450 -0.209973 0.036830
v -0.147266 -0.418742 0.255785
v 0.091113 -0.421508 0.295406
v -0.361144 -0.139947 0.197068
v -0.380964 0.501324 -0.397703
v -0.411151 -0.163426 0.110688
v -0.433557 -0.169759 -0.001802
v -0.351775 -0.411871 0.229004
v -0.126105 -0.412689 0.277171
v 0.087133 -0.412679 0.310464
v -0.518092 0.239371 0.297007
v -0.339231 -0.199932 0.118532
v -0.363010 -0.214755 0.057680
v -0.299487 -0.222070 0.094784
v -0.343447 -0.421959 0.225198
v -0.259538 -0.425706 0.246410
v 0.017383 -0.422456 0.306349
v 0.067595 -0.398065 0.319412
v -0.438344 0.192358 0.284209
v -0.453465 -0.141204 -0.046666
v -0.417446 -0.186435 0.007968
v -0.456723 -0.131874 0.086648
v -0.315602 -0.423952 0.244876
v -0.268804 -0.421506 0.271184
v -0.203938 -0.421090 0.260351
v -0.100966 -0.421011 0.280729
v -0.057211 -0.420038 0.315550
v 0.052468 -0.419757 0.313737
v -0.356226 0.547207 -0.477574
v -0.364961 0.492164 -0.337599
v -0.331155 0.617537 -0.555625
v -0.343555 0.518710 -0.347181
v -0.172785 0.489744 -0.107607
v -0.360432 0.464807 -0.230790
v -0.369787 0.528642 -0.475021
v 0.078982 0.634393 -0.255979
v -0.336015 0.615965 -0.561566
v -0.396388 0.432187 -0.157251
v -0.319409 0.417555 -0.133641
v 0.074250 0.678917 -0.298478
v -0.343610 0.627702 -0.565661
v -0.060100 0.560890 -0.172621
v 0.010701 0.577886 -0.176752
v -0.368683 0.520956 -0.447573
v -0.231944 0.477234 -0.102484
v -0.092626 0.532424 -0.143016
v -0.371698 0.542850 -0.498110
v 0.075631 0.713102 -0.315877
v -0.407366 0.500319 -0.402944
v -0.348921 0.492536 -0.292101
v -0.338284 0.449453 -0.148245
v -0.257189 0.426029 -0.089898
v -0.137564 0.524675 -0.145028
v -0.356315 0.513281 -0.376158
v -0.349129 0.571827 -0.516261
v -0.361330 0.438538 -0.162116
v -0.377028 0.470795 -0.274602
v -0.352273 0.532533 -0.409235
v -0.035353 0.553140 -0.148270
v 0.040141 0.607967 -0.219983
v -0.399684 0.457302 -0.214678
v -0.189499 0.509756 -0.130604
v -0.338042 0.480812 -0.199995
v -0.347961 0.454058 -0.181373
v -0.383324 0.449706 -0.199286
v -0.231630 0.447543 -0.076412
v -0.058249 0.598127 -0.204627
v -0.364723 0.447679 -0.187479
v -0.284354 0.399554 -0.118951
v -0.387955 0.479756 -0.321083
v -0.325913 0.654803 -0.569643
v 0.053582 0.646577 -0.262562
v -0.387331 0.514325 -0.448388
v -0.279237 -0.243111 0.044018
vn -0.8624 0.1364 -0.4875
vn -0.9216 0.0046 -0.3882
vn -0.8816 -0.0577 -0.4685
vn -0.9800 -0.1986 -0.0129
vn -0.9306 -0.2604 -0.2572
vn -0.9746 0.1759 -0.1388
vn -0.1214 0.9651 0.2321
vn -0.0529 0.9329 0.3561
vn -0.2226 0.8681 0.4437
vn 0.1111 0.8863 0.4497
vn 0.3186 0.8627 0.3927
vn 0.5058 0.7348 0.4520
vn 0.0695 0.8680 0.4916
vn -0.1997 0.7820 0.5904
vn -0.6206 0.5627 0.5461
vn -0.2197 0.7227 0.6553
vn -0.5440 0.7586 0.3586
vn -0.0777 0.9936 0.0814
vn -0.1753 0.9815 0.0769
vn -0.0963 0.9749 0.2006
vn 0.5432 0.8082 0.2274
vn 0.6712 0.6124 0.4176
vn 0.7551 0.6252 0.1973
vn -0.8500 -0.5264 -0.0197
vn -0.8320 -0.5369 0.1395
vn -0.9198 -0.3883 -0.0560
vn 0.3645 -0.8950 -0.2573
vn -0.0020 -0.9096 -0.4155
vn 0.5956 -0.7738 -0.2158
vn -0.9406 -0.3315 0.0739
vn -0.9930 -0.0813 0.0861
vn -0.9859 -0.1492 -0.0751
vn 0.7370 0.6094 0.2922
vn 0.6216 0.6269 0.4697
vn 0.8490 0.2948 0.4385
vn -0.5456 0.8380 0.0029
vn -0.6257 0.7440 -0.2344
vn -0.4561 0.8463 0.2752
vn -0.2141 0.9476 0.2369
vn -0.7693 -0.6284 -0.1151
vn -0.8650 -0.4661 -0.1861
vn 0.2429 0.9011 0.3591
vn -0.1202 0.9164 0.3818
vn 0.2863 0.8654 0.4111
vn 0.8039 0.5353 0.2590
vn 0.7471 0.5709 0.3405
vn 0.8468 0.4480 0.2867
vn 0.7499 0.5616 0.3497
vn 0.6667 0.6890 0.2842
vn 0.8594 0.4775 0.1829
vn -0.4373 0.0924 -0.8946
vn -0.7363 -0.4124 -0.5365
vn -0.1973 -0.8550 -0.4796
vn 0.5091 0.8199 0.2618
vn 0.2248 0.9215 0.3168
vn 0.7053 0.6754 0.2155
vn 0.5136 0.8097 0.2839
vn 0.4145 0.7771 0.4735
vn 0.1865 0.8550 0.4840
vn 0.6436 0.6804 0.3505
vn -0.1311 0.8956 0.4250
vn -0.4026 0.4186 -0.8141
vn -0.1992 0.2069 -0.9579
vn -0.1564 0.2579 -0.9534
vn -0.3035 0.9052 0.2976
vn -0.3147 0.8848 0.3436
vn -0.3136 0.8112 0.4936
vn -0.9419 0.3359 0.0034
vn -0.9700 0.2261 0.0893
vn -0.9415 0.3270 -0.0821
vn -0.1780 0.9290 -0.3243
vn -0.2055 0.9666 -0.1529
vn -0.1373 0.9796 -0.1467
vn -0.7672 -0.5526 -0.3257
vn -0.8147 0.3122 -0.4886
vn -0.7703 -0.1784 -0.6122
vn -0.8962 -0.4434 -0.0161
vn -0.9980 -0.0567 -0.0296
vn -0.9854 -0.0976 0.1393
vn -0.8679 -0.4344 0.2410
vn -0.9211 -0.3522 0.1659
vn -0.2056 0.9778 -0.0415
vn -0.1373 0.9899 -0.0347
vn -0.3961 0.8674 -0.3014
vn -0.2806 0.6339 -0.7207
vn -0.4189 0.8055 -0.4192
vn -0.2450 0.9651 -0.0928
vn -0.2094 0.9776 -0.0223
vn -0.0901 0.9956 -0.0240
vn -0.3871 0.3251 -0.8628
vn -0.3691 -0.0036 -0.9294
vn -0.1734 0.0887 -0.9808
vn -0.9795 0.1940 -0.0539
vn -0.9693 0.2453 0.0168
vn -0.1132 0.9391 -0.3244
vn -0.6766 0.6521 0.3420
vn -0.4940 0.7392 0.4577
vn -0.4916 0.8190 0.2960
vn 0.0818 0.6603 0.7466
vn 0.2330 0.5783 0.7819
vn 0.1306 0.7571 0.6401
vn -0.2694 0.9623 0.0378
vn -0.1758 0.9728 0.1510
vn -0.9868 0.1515 -0.0578
vn -0.9707 0.1516 -0.1866
vn -0.0396 0.9991 -0.0169
vn -0.2022 0.8906 0.4073
vn -0.2803 0.9460 0.1630
vn -0.3058 0.9274 0.2156
vn -0.3812 0.8531 0.3563
vn -0.0367 0.9692 -0.2437
vn 0.0086 0.9918 -0.1276
vn -0.8114 -0.5661 0.1453
vn -0.8129 -0.5818 0.0262
vn 0.6008 0.7105 0.3662
vn 0.8937 0.4339 0.1139
vn -0.8847 0.2343 -0.4029
vn -0.8872 0.3496 -0.3010
vn -0.7921 0.2889 -0.5378
vn 0.0952 0.9414 -0.3237
vn 0.1388 0.5799 -0.8028
vn 0.2896 0.5020 -0.8149
vn 0.2904 0.7022 -0.6500
vn 0.4647 0.8270 0.3164
vn -0.1625 0.8839 0.4385
vn -0.2592 0.8689 0.4217
vn -0.6445 0.7160 0.2683
vn -0.2781 0.9555 0.0985
vn -0.0045 0.9337 0.3580
vn -0.1203 0.9185 0.3768
vn -0.0251 0.8396 0.5427
vn -0.9786 0.0087 -0.2055
vn -0.9990 0.0320 -0.0315
vn -0.9701 0.1528 -0.1887
vn -0.4855 0.7982 0.3565
vn -0.7720 -0.6337 -0.0491
vn -0.7328 -0.6803 0.0098
vn -0.8325 -0.5112 -0.2137
vn -0.1518 0.8405 0.5201
vn -0.0774 0.7662 0.6380
vn 0.6156 0.3173 0.7214
vn 0.2589 0.5120 0.8190
vn 0.5369 0.6277 0.5637
vn -0.8971 -0.4135 0.1557
vn -0.9855 -0.1189 0.1207
vn -0.9524 -0.3048 -0.0114
vn -0.3885 -0.1575 0.9079
vn -0.1552 0.0466 0.9868
vn -0.3924 0.2075 0.8961
vn 0.0266 0.2928 0.9558
vn -0.2876 0.4360 0.8528
vn -0.4425 0.8127 -0.3790
vn -0.2105 0.9422 0.2605
vn 0.2096 0.9190 0.3340
vn -0.3338 0.7565 0.5624
vn -0.3114 0.8284 0.4656
vn 0.0633 0.5060 0.8602
vn -0.1877 0.7008 0.6882
vn 0.3349 0.9353 0.1142
vn -0.8333 -0.5520 0.0288
vn -0.3451 -0.2208 0.9122
vn -0.1932 0.5951 0.7801
vn -0.2329 0.6861 0.6892
vn -0.4316 0.5600 0.7072
vn 0.2546 0.9358 0.2438
vn 0.3864 0.7474 0.5404
vn -0.4621 0.7809 0.4203
vn -0.5238 0.5014 0.6886
vn -0.5883 0.1991 0.7838
vn -0.3594 0.5281 0.7694
vn -0.9342 0.2774 -0.2242
vn -0.0232 -0.5619 -0.8269
vn -0.0473 -0.4281 -0.9025
vn 0.0208 -0.4882 -0.8725
vn 0.1202 0.0889 -0.9888
vn -0.1174 0.0597 -0.9913
vn -0.0178 0.0789 -0.9967
vn -0.3964 0.8221 0.4086
vn 0.0376 0.9769 0.2102
vn 0.2268 0.7891 0.5709
vn 0.0023 0.0560 0.9984
vn 0.0167 0.5059 0.8625
vn 0.9193 0.2152 -0.3295
vn 0.8395 0.2642 -0.4748
vn 0.8551 0.3139 -0.4126
vn -0.9127 -0.3698 -0.1737
vn -0.9374 -0.3478 0.0175
vn -0.2312 0.9593 -0.1621
vn -0.2442 0.9697 -0.0012
vn -0.9877 -0.0008 -0.1567
vn -0.9937 -0.0581 -0.0956
vn 0.8534 0.4797 0.2037
vn 0.1364 0.9903 -0.0281
vn 0.0627 0.9938 0.0918
vn 0.0597 0.6409 0.7653
vn -0.6622 0.5467 0.5124
vn -0.9366 0.2836 0.2059
vn -0.8821 -0.0120 0.4709
vn 0.1736 0.9713 -0.1629
vn -0.3752 -0.3757 0.8474
vn -0.1367 -0.1078 0.9847
vn 0.3469 0.2682 0.8988
vn 0.2456 0.3785 0.8924
vn 0.0163 0.2679 -0.9633
vn 0.0424 0.4670 -0.8832
vn 0.1429 0.2154 -0.9660
vn 0.5299 -0.7896 0.3094
vn 0.4724 -0.8814 -0.0077
vn 0.5696 -0.7147 0.4059
vn -0.9380 0.0959 -0.3332
vn -0.9148 0.2569 -0.3117
vn -0.8542 0.3323 -0.3999
vn 0.0680 0.0233 -0.9974
vn 0.0119 -0.2972 -0.9547
vn -0.0202 -0.1527 -0.9881
vn -0.5562 0.2605 -0.7892
vn -0.2965 -0.0119 -0.9550
vn -0.0874 -0.2795 0.9562
vn -0.1406 0.7951 0.5900
vn 0.0464 0.7151 0.6974
vn -0.7932 0.2132 -0.5705
vn -0.8765 0.1016 -0.4705
vn -0.9541 -0.1688 -0.2474
vn 0.2983 0.1097 -0.9481
vn 0.2533 -0.1574 -0.9545
vn 0.4916 0.1629 -0.8554
vn 0.2293 0.0887 0.9693
vn 0.2248 0.5192 0.8246
vn -0.1856 -0.6479 0.7388
vn 0.0797 -0.5819 0.8094
vn 0.4501 -0.0774 -0.8896
vn 0.9192 0.2645 -0.2919
vn 0.8295 -0.1902 -0.5251
vn -0.9572 -0.0064 -0.2894
vn -0.2976 -0.2456 -0.9226
vn -0.2240 -0.4117 -0.8834
vn -0.0889 -0.5396 -0.8372
vn 0.9127 0.3095 -0.2668
vn 0.8741 0.4446 -0.1956
vn 0.9364 0.3343 -0.1072
vn 0.5686 -0.3469 -0.7459
vn 0.6769 -0.4156 -0.6075
vn 0.6166 -0.5992 -0.5106
vn -0.1968 -0.3871 -0.9008
vn 0.4401 -0.8605 -0.2567
vn 0.8049 -0.5683 -0.1707
vn 0.9190 -0.3593 -0.1623
vn 0.1667 0.3392 0.9258
vn 0.1865 0.4705 0.8625
vn 0.0657 0.4867 0.8711
vn 0.4670 -0.5514 -0.6913
vn 0.8741 0.4828 -0.0534
vn 0.9322 0.3612 0.0217
vn 0.7410 -0.2269 -0.6320
vn 0.6607 0.2693 -0.7007
vn 0.8534 0.1808 -0.4888
vn 0.7035 0.3762 -0.6030
vn -0.2586 0.9597 0.1102
vn 0.0213 0.9777 0.2092
vn -0.3280 0.1953 0.9243
vn -0.3585 0.2857 0.8887
vn -0.5409 0.1831 0.8209
vn 0.2893 -0.2355 0.9278
vn 0.1351 -0.3326 0.9333
vn 0.0853 -0.5539 0.8282
vn 0.1854 -0.3080 0.9332
vn 0.3844 0.5086 0.7704
vn 0.5603 -0.8276 0.0342
vn 0.4608 -0.8853 -0.0617
vn 0.5404 -0.8246 -0.1675
vn 0.8039 -0.0815 -0.5892
vn 0.8711 -0.2906 -0.3959
vn 0.9598 0.0029 -0.2805
vn 0.9839 0.0676 -0.1654
vn 0.9899 0.0695 -0.1235
vn -0.6686 0.6394 -0.3796
vn -0.5877 0.7943 0.1538
vn -0.7792 0.6077 0.1536
vn -0.9306 0.1712 -0.3235
vn -0.8419 -0.1158 -0.5271
vn -0.8534 0.2315 -0.4670
vn -0.7067 -0.7062 -0.0419
vn -0.6905 -0.6968 -0.1944
vn -0.6597 -0.7153 -0.2306
vn -0.2562 0.2674 0.9289
vn -0.1839 0.2650 0.9466
vn -0.2583 -0.0731 0.9633
vn 0.1081 -0.3500 0.9305
vn 0.0171 0.1967 0.9803
vn 0.1006 0.2348 0.9668
vn 0.0357 0.4140 0.9096
vn 0.2705 0.3902 0.8801
vn 0.3596 0.4448 0.8203
vn 0.2325 0.5685 0.7891
vn 0.2922 -0.2803 0.9144
vn 0.0823 -0.1469 0.9857
vn 0.1322 -0.3308 0.9344
vn 0.5658 0.3326 0.7545
vn 0.4357 0.1395 0.8892
vn 0.9023 0.4076 -0.1404
vn 0.9886 0.1443 0.0431
vn -0.9720 0.2274 0.0591
vn -0.9624 0.2368 0.1330
vn -0.9522 0.2940 0.0830
vn -0.8394 0.0628 -0.5399
vn -0.7981 0.1505 -0.5835
vn -0.0052 0.9085 -0.4179
vn 0.0570 0.8508 0.5225
vn -0.2073 0.3500 0.9135
vn 0.8266 -0.5313 -0.1858
vn 0.8104 -0.5419 -0.2229
vn 0.9622 -0.2533 -0.1003
vn 0.0698 -0.4500 0.8903
vn -0.0513 -0.6953 0.7169
vn -0.0353 -0.3974 0.9170
vn 0.1218 0.6012 0.7897
vn 0.0802 0.7410 0.6667
vn 0.0789 0.6052 0.7922
vn 0.9846 -0.1439 -0.0992
vn 0.7467 -0.6621 0.0627
vn 0.8597 -0.3549 0.3675
vn -0.9858 0.1392 0.0935
vn -0.0061 -0.5516 -0.8341
vn -0.0779 -0.6125 -0.7866
vn 0.2508 -0.8451 -0.4721
vn 0.9743 0.2214 0.0403
vn 0.9778 0.2009 -0.0598
vn 0.9950 0.0953 -0.0307
vn -0.2096 0.9329 -0.2928
vn -0.9339 -0.3468 -0.0871
vn 0.2709 0.9220 -0.2767
vn 0.0223 -0.9980 0.0588
vn 0.0532 -0.9735 -0.2225
vn 0.0190 -0.9985 0.0521
vn 0.3148 -0.4240 0.8492
vn 0.2271 -0.3632 0.9036
vn 0.1456 -0.6627 0.7346
vn 0.1807 -0.0496 0.9823
vn 0.9908 -0.0694 -0.1162
vn 0.9471 0.2103 -0.2425
vn 0.9241 0.3582 -0.1334
vn 0.7765 -0.4741 -0.4151
vn 0.8069 -0.5440 -0.2303
vn 0.4415 -0.6108 -0.6572
vn 0.9514 -0.3079 -0.0000
vn -0.3226 0.1330 0.9371
vn -0.3771 -0.0261 0.9258
vn -0.2994 0.1402 0.9438
vn 0.2221 0.5716 0.7899
vn 0.3773 0.5565 0.7403
vn 0.1118 0.5766 0.8093
vn 0.1505 0.2036 0.9674
vn 0.2252 0.3855 0.8948
vn 0.2908 -0.2248 0.9300
vn 0.2003 -0.2567 0.9455
vn 0.6559 0.2784 0.7017
vn 0.3164 0.5912 0.7419
vn 0.9509 -0.0070 -0.3094
vn 0.9726 0.0298 -0.2306
vn 0.8909 -0.0850 -0.4462
vn 0.1654 0.9619 0.2179
vn 0.3299 0.9383 -0.1041
vn 0.4626 0.8859 -0.0359
vn 0.4403 0.8849 -0.1520
vn -0.3034 -0.3699 0.8781
vn -0.2732 -0.1948 0.9420
vn -0.4606 -0.3110 0.8314
vn -0.4688 -0.1370 0.8726
vn -0.2148 0.2613 0.9411
vn 0.9092 -0.0408 -0.4144
vn 0.9147 0.1290 -0.3829
vn -0.0057 -0.2621 0.9650
vn -0.0304 -0.2855 0.9579
vn -0.0847 -0.2456 0.9657
vn -0.0285 0.5586 0.8290
vn -0.0749 0.6832 0.7264
vn 0.1079 0.6347 0.7652
vn 0.1975 -0.0789 0.9771
vn 0.2569 -0.0728 0.9637
vn 0.2221 0.0029 0.9750
vn 0.5170 0.2916 0.8048
vn 0.5469 0.2693 0.7927
vn 0.3539 0.5812 0.7328
vn -0.1150 -0.2924 0.9494
vn -0.1874 -0.2888 0.9389
vn 0.7301 -0.1548 0.6656
vn 0.7462 -0.2007 0.6348
vn 0.6899 -0.0575 0.7216
vn -0.7274 -0.6419 0.2425
vn -0.8011 -0.4796 0.3580
vn 0.8474 0.4178 0.3277
vn 0.8504 0.5140 0.1125
vn 0.8341 0.4771 0.2770
vn -0.5340 -0.1614 -0.8299
vn -0.4365 -0.1761 -0.8823
vn -0.5635 -0.3079 -0.7665
vn -0.1475 -0.2268 0.9627
vn -0.2041 0.0709 0.9764
vn -0.0809 0.3266 0.9417
vn 0.1369 -0.1426 0.9803
vn 0.3559 -0.4966 0.7917
vn 0.4893 -0.3459 0.8006
vn -0.3351 -0.4157 -0.8455
vn -0.4949 -0.3449 -0.7976
vn -0.2581 -0.6208 -0.7403
vn -0.1316 -0.0980 0.9865
vn 0.8857 -0.3894 -0.2528
vn 0.7797 0.5554 0.2890
vn 0.7322 0.4952 0.4676
vn 0.8189 0.4231 0.3878
vn -0.1074 0.2758 0.9552
vn -0.0660 0.4202 0.9050
vn 0.0912 0.0840 0.9923
vn 0.0434 -0.3366 0.9406
vn -0.0736 -0.0863 0.9935
vn 0.1407 -0.1737 0.9747
vn 0.4993 0.2405 -0.8324
vn 0.5876 0.0370 -0.8083
vn -0.9859 -0.0919 0.1398
vn -0.9923 -0.0416 0.1169
vn -0.9543 0.2408 -0.1770
vn -0.2968 0.7099 0.6387
vn 0.3914 -0.6647 -0.6364
vn 0.2515 -0.8179 -0.5175
vn 0.4419 -0.8093 -0.3869
vn -0.3358 -0.7890 -0.5145
vn -0.3559 -0.8481 -0.3924
vn -0.3666 -0.8760 -0.3135
vn -0.1675 -0.3577 0.9187
vn -0.1823 -0.2489 0.9512
vn -0.0428 -0.0934 0.9947
vn -0.0055 0.1348 0.9909
vn -0.0854 0.6474 0.7573
vn 0.0240 0.4553 0.8900
vn 0.2907 0.1746 0.9408
vn -0.7320 -0.2129 -0.6472
vn -0.6869 -0.1662 -0.7075
vn -0.8926 -0.1183 -0.4351
vn -0.1050 -0.1239 0.9867
vn 0.0174 0.2428 0.9699
vn 0.3104 -0.0600 0.9487
vn 0.0586 -0.2799 0.9583
vn 0.0378 0.1223 0.9918
vn -0.9172 -0.3575 -0.1756
vn -0.9831 -0.0759 -0.1664
vn -0.7012 -0.6916 -0.1734
vn 0.0162 0.3343 0.9423
vn 0.6084 0.0846 0.7891
vn 0.3372 -0.0252 0.9411
vn 0.0365 0.4235 0.9052
vn -0.5034 0.1189 -0.8558
vn -0.7145 0.3181 -0.6231
vn -0.5621 0.5314 -0.6338
vn -0.0070 -0.0174 0.9998
vn 0.3915 -0.5397 0.7453
vn -0.3920 -0.3245 0.8609
vn -0.7125 -0.1791 0.6784
vn -0.4819 -0.1111 0.8691
vn 0.2512 0.9627 0.1009
vn 0.2841 0.8970 0.3386
vn -0.2945 0.3142 -0.9025
vn -0.3762 0.4116 -0.8301
vn -0.3539 0.3522 -0.8664
vn -0.1955 -0.5121 0.8364
vn -0.0852 -0.4795 0.8734
vn 0.0843 0.1346 0.9873
vn 0.0101 0.4120 0.9111
vn 0.1960 -0.0681 0.9782
vn 0.2248 0.2652 0.9376
vn 0.1195 0.2464 0.9618
vn 0.9961 -0.0667 -0.0570
vn 0.8788 0.3431 -0.3316
vn 0.8146 -0.2043 -0.5428
vn -0.0046 0.6177 0.7864
vn -0.1087 -0.5219 0.8461
vn -0.0314 0.8425 0.5377
vn -0.6788 -0.5881 -0.4397
vn -0.7302 -0.4557 -0.5090
vn -0.0603 0.0443 -0.9972
vn 0.0956 0.1914 -0.9769
vn -0.0861 -0.1766 0.9805
vn 0.0049 0.4823 0.8760
vn 0.1746 0.0532 0.9832
vn 0.0851 0.0881 0.9925
vn -0.0273 0.0713 0.9971
vn 0.9845 -0.1090 0.1374
vn 0.9930 0.1159 0.0228
vn 0.9565 0.1306 0.2609
vn 0.0438 0.3620 0.9312
vn -0.2226 0.3632 0.9047
vn 0.0958 0.7857 0.6111
vn -0.0829 0.6798 0.7287
vn 0.1315 0.0657 -0.9891
vn 0.2720 -0.8995 -0.3420
vn -0.0559 -0.9318 -0.3588
vn -0.1081 -0.5776 0.8091
vn -0.0150 -0.3031 0.9528
vn -0.0276 -0.0530 0.9982
vn 0.0062 0.3010 0.9536
vn 0.2698 0.3094 0.9119
vn 0.0760 0.2161 0.9734
vn -0.0569 0.1324 0.9896
vn 0.3440 0.2149 0.9140
vn 0.2808 0.2850 0.9165
vn 0.2835 0.3085 0.9080
vn 0.0513 0.6549 0.7540
vn 0.3854 -0.9161 0.1108
vn 0.3496 -0.9365 -0.0268
vn -0.2226 0.9011 0.3720
vn -0.3787 0.0810 -0.9220
vn -0.0115 -0.3360 0.9418
vn 0.0299 0.1315 0.9909
vn -0.1858 -0.5546 0.8111
vn 0.2250 0.4770 0.8496
vn 0.1586 0.4257 0.8909
vn -0.0791 0.4824 0.8724
vn 0.0069 0.5934 0.8049
vn 0.3978 0.2229 0.8900
vn 0.3956 0.2573 0.8816
vn 0.5129 0.2619 0.8175
vn 0.2303 0.4039 0.8854
vn 0.3226 0.6869 0.6513
vn 0.6769 -0.6915 -0.2523
vn 0.8423 -0.4836 -0.2381
vn 0.8132 -0.5730 -0.1018
vn 0.3463 0.4289 0.8343
vn -0.5729 0.7526 -0.3246
vn -0.4884 0.7384 -0.4650
vn -0.6855 0.6094 -0.3983
vn 0.7923 0.4509 0.4111
vn 0.8429 0.3684 0.3922
vn -0.1731 -0.2661 0.9483
vn -0.3551 -0.2184 0.9090
vn -0.3376 -0.3265 0.8829
vn -0.4382 0.0787 0.8954
vn -0.5040 -0.4707 0.7242
vn 0.1246 -0.2067 0.9704
vn 0.0093 0.1934 0.9811
vn 0.0275 0.3382 0.9407
vn 0.0114 0.5186 0.8549
vn 0.0632 0.6157 0.7854
vn -0.1087 -0.1423 0.9838
vn 0.1066 -0.1672 0.9801
vn -0.0903 -0.2768 0.9567
vn 0.3062 0.5069 0.8058
vn 0.2940 0.4811 0.8259
vn 0.2058 0.4714 0.8576
vn 0.8730 0.4470 0.1953
vn 0.8352 0.5387 0.1105
vn 0.0089 -0.3497 0.9368
vn 0.0520 0.4268 0.9029
vn 0.2281 0.0008 0.9736
vn 0.0480 0.4913 0.8697
vn -0.1406 0.8713 0.4702
vn 0.0483 0.7135 0.6990
vn -0.4176 0.6201 0.6642
vn 0.1783 -0.0425 0.9831
vn 0.0535 0.1036 0.9932
vn 0.1789 0.1275 0.9756
vn 0.1217 0.4007 0.9081
vn 0.1522 0.4064 0.9009
vn 0.0162 0.3612 0.9324
vn 0.9991 -0.0295 0.0303
vn 0.9513 0.2620 0.1625
vn 0.9991 -0.0316 0.0298
vn 0.2304 0.4506 0.8625
vn 0.9195 0.0117 0.3930
vn 0.2135 -0.9487 -0.2332
vn 0.1007 -0.9689 -0.2260
vn 0.5334 -0.8123 -0.2358
vn -0.0593 0.4030 0.9133
vn 0.3220 -0.0711 0.9441
vn -0.2127 0.9206 0.3274
vn -0.1488 0.8752 0.4604
vn 0.2568 -0.1049 -0.9608
vn 0.6160 -0.5284 -0.5842
vn -0.8821 -0.4238 0.2058
vn -0.9918 0.1241 -0.0292
vn -0.6788 -0.7342 0.0134
vn 0.1224 0.2128 0.9694
vn 0.0429 0.3155 0.9480
vn 0.1093 -0.5810 0.8065
vn 0.3029 -0.4681 0.8301
vn 0.0569 -0.2329 0.9708
vn -0.1674 -0.2542 0.9525
vn 0.2558 0.1687 0.9519
vn 0.1879 0.1229 0.9745
vn 0.2983 0.1664 0.9398
vn -0.1227 0.5467 0.8283
vn -0.6603 0.0831 0.7464
vn -0.7747 0.4389 0.4551
vn 0.0315 -0.2829 0.9586
vn 0.0329 -0.5258 0.8500
vn -0.0576 0.4176 0.9068
vn 0.0374 0.5427 0.8391
vn 0.3358 -0.7368 -0.5868
vn 0.6484 -0.6920 -0.3175
vn -0.2272 0.1434 0.9632
vn 0.2014 -0.1508 0.9678
vn 0.3135 -0.1157 0.9425
vn 0.2314 0.1108 0.9665
vn 0.2797 0.0861 0.9562
vn -0.9861 0.1003 0.1326
vn -0.9600 0.0188 -0.2794
vn -0.9988 0.0067 -0.0492
vn 0.3564 -0.5610 0.7471
vn -0.2131 0.7143 0.6666
vn 0.1705 0.4871 0.8566
vn 0.3051 0.0771 0.9492
vn 0.3306 0.5782 0.7459
vn 0.4814 0.3378 0.8088
vn 0.7442 0.5656 -0.3554
vn 0.6314 0.2495 -0.7342
vn -0.1417 0.2487 -0.9582
vn 0.0650 0.2291 0.9712
vn 0.1430 -0.8244 -0.5476
vn 0.4022 -0.8139 -0.4192
vn 0.3972 0.3017 0.8668
vn -0.8575 0.3360 -0.3897
vn -0.7137 0.5388 -0.4477
vn 0.0190 0.3990 0.9168
vn 0.5025 0.8039 0.3181
vn 0.7078 -0.1153 -0.6970
vn 0.5890 0.0225 -0.8078
vn 0.5866 -0.0007 -0.8098
vn -0.1454 -0.2395 0.9600
vn 0.0252 -0.1147 0.9931
vn 0.1470 0.2034 0.9680
vn 0.1411 0.3490 0.9265
vn -0.0131 0.7079 0.7062
vn -0.1472 -0.5885 -0.7949
vn 0.0127 -0.8014 -0.5980
vn 0.2512 -0.8611 -0.4421
vn 0.1347 -0.7593 -0.6367
vn 0.2975 -0.9167 -0.2669
vn 0.4972 0.2290 0.8369
vn 0.3614 0.2585 0.8959
vn -0.0580 -0.0913 0.9941
vn 0.0579 0.5812 0.8117
vn 0.0105 0.6499 0.7599
vn 0.9913 0.0369 0.1261
vn 0.9465 0.0859 0.3109
vn 0.6577 -0.7499 -0.0713
vn 0.1408 0.3319 0.9327
vn -0.1492 -0.1578 0.9761
vn -0.0206 -0.0606 0.9980
vn 0.1630 0.4369 0.8846
vn 0.7275 -0.6595 -0.1893
vn 0.2616 -0.0886 0.9611
vn 0.0658 -0.0590 0.9961
vn 0.1849 0.4160 0.8904
vn -0.9674 -0.2313 0.1035
vn -0.1274 -0.1093 0.9858
vn 0.0881 0.0264 0.9958
vn 0.0460 0.2060 0.9775
vn -0.9676 0.1992 0.1551
vn 0.9773 -0.2095 -0.0327
vn -0.0399 0.5979 0.8006
vn 0.1448 0.3374 0.9301
vn 0.1610 -0.1404 0.9769
vn 0.0723 -0.1561 0.9851
vn 0.0091 -0.0989 0.9951
vn 0.9947 0.0211 0.1008
vn -0.6693 0.7420 -0.0382
vn -0.4780 0.8780 -0.0237
vn 0.0278 0.1832 0.9827
vn -0.0779 0.2232 0.9717
vn -0.1142 0.0582 0.9918
vn -0.0524 0.3047 0.9510
vn 0.0730 0.1291 0.9889
vn 0.0550 -0.0943 0.9940
vn -0.0667 -0.0482 0.9966
vn -0.1519 0.0326 0.9879
vn -0.0494 0.3729 0.9266
vn 0.9473 0.2723 -0.1689
vn 0.9346 0.3509 0.0577
vn 0.9466 -0.3103 -0.0882
vn 0.3795 -0.7776 -0.5013
vn 0.2770 -0.6830 -0.6759
vn 0.4215 -0.9061 -0.0359
vn 0.5009 -0.7196 0.4810
vn 0.1332 -0.1188 0.9840
vn -0.2005 0.1863 0.9618
vn 0.1207 0.4381 0.8908
vn 0.0090 0.5573 0.8303
vn 0.0803 0.5988 0.7968
vn 0.0097 0.6797 0.7335
vn -0.0242 0.7936 0.6079
vn -0.3915 0.9117 0.1249
vn -0.4459 0.8922 -0.0718
vn -0.6279 0.7675 0.1294
vn 0.5805 0.0566 0.8123
vn 0.1965 0.4500 0.8711
vn -0.0708 0.6915 0.7189
vn -0.0166 0.5672 0.8234
vn 0.0169 0.7089 0.7051
vn -0.1104 0.6624 0.7410
vn -0.2510 0.3923 0.8849
vn 0.9307 0.0818 -0.3564
vn 0.9280 -0.1400 -0.3452
vn 0.5622 0.1369 0.8156
vn 0.2528 -0.1320 0.9585
vn 0.1599 -0.1136 0.9806
vn 0.0607 -0.0412 0.9973
vn -0.0582 -0.1080 0.9924
vn -0.1591 -0.0131 0.9872
vn -0.1763 0.3818 0.9073
vn -0.1031 0.4823 0.8699
vn 0.2313 -0.1093 0.9667
vn 0.9121 0.3909 0.1237
vn 0.9442 0.2969 0.1428
vn 0.2905 -0.9504 -0.1109
vn 0.5740 -0.7826 -0.2408
vn -0.3293 0.5142 0.7920
vn 0.0220 0.3916 0.9199
vn 0.2907 -0.0605 0.9549
vn 0.3014 -0.1744 0.9374
vn 0.1035 -0.1705 0.9799
vn -0.1476 0.5294 0.8354
vn 0.1717 0.3208 0.9314
vn 0.2446 0.3174 0.9162
vn -0.0028 -0.0271 0.9996
vn 0.7388 -0.1369 0.6599
vn 0.2285 -0.1289 0.9650
vn -0.1356 -0.1869 0.9730
vn -0.1870 -0.1553 0.9700
vn -0.1678 0.4742 0.8643
vn 0.5555 0.0753 0.8281
vn 0.6565 0.0461 0.7529
vn 0.7188 0.6319 0.2898
vn 0.4597 0.8621 0.2132
vn 0.2965 -0.1680 0.9401
vn 0.0507 -0.1559 0.9865
vn -0.0801 0.6347 0.7686
vn -0.0437 0.7945 0.6056
vn -0.1304 -0.0919 0.9872
vn -0.1033 0.5236 0.8457
vn -0.0632 0.4015 0.9137
vn 0.0563 0.0721 0.9958
vn 0.1920 -0.1723 0.9662
vn -0.1485 0.0864 0.9851
vn -0.1035 0.2483 0.9631
vn -0.4728 -0.8259 -0.3073
vn -0.9571 -0.1545 -0.2451
vn -0.9905 0.1341 0.0292
vn -0.5154 -0.2241 0.8271
vn -0.1488 0.4159 0.8971
vn 0.2854 0.4192 0.8618
vn 0.0671 0.6310 0.7728
vn 0.6622 -0.6506 -0.3717
vn -0.1076 -0.2236 0.9687
vn -0.4392 -0.3082 0.8439
vn -0.6546 -0.0792 0.7518
vn -0.4229 0.0733 0.9032
vn -0.0949 0.2658 0.9594
vn 0.9916 0.1138 0.0616
vn 0.9745 0.1806 0.1329
vn 0.5781 -0.3771 0.7236
vn 0.0358 0.1094 0.9934
vn 0.3318 0.3940 0.8571
vn 0.1396 0.6537 0.7438
vn -0.8437 -0.2141 0.4922
vn -0.8521 0.0438 0.5215
vn 0.8124 0.1595 -0.5608
vn 0.8224 0.4181 -0.3859
vn 0.2446 0.9687 0.0421
vn -0.3769 -0.1561 0.9130
vn -0.4378 0.1795 0.8810
vn 0.8522 0.3993 -0.3382
vn 0.8127 0.5063 -0.2884
vn 0.2021 0.8043 0.5588
vn 0.1914 0.6201 0.7608
vn 0.9184 0.2705 0.2889
vn 0.9809 0.0835 0.1756
vn 0.6971 -0.6668 -0.2636
vn 0.8388 -0.5050 -0.2033
vn -0.3553 0.7938 0.4936
vn -0.4856 0.6940 0.5316
vn -0.3051 0.7362 0.6041
vn -0.6538 -0.2474 0.7151
vn -0.1739 0.2792 0.9443
vn -0.2404 0.5591 0.7935
vn -0.2090 0.4385 0.8741
vn -0.1023 0.7105 -0.6962
vn -0.0654 0.6134 -0.7871
vn -0.1036 0.6174 -0.7798
vn 0.1107 0.0598 0.9921
vn -0.0482 -0.0852 -0.9952
vn 0.9526 -0.2918 -0.0860
vn -0.7458 -0.0215 0.6658
vn -0.7756 -0.1577 0.6111
vn -0.8049 -0.2697 0.5285
vn -0.9303 -0.0337 0.3652
vn -0.9889 -0.1372 0.0576
vn -0.8865 -0.2833 0.3658
vn 0.7027 -0.3059 0.6424
vn -0.4352 0.3453 0.8315
vn -0.2061 0.4568 0.8654
vn -0.2338 0.6556 0.7180
vn -0.2019 0.7855 0.5850
vn -0.2251 -0.1075 -0.9684
vn -0.2542 -0.3962 -0.8823
vn 0.0345 0.7691 0.6382
vn 0.1427 0.9136 0.3807
vn 0.3729 0.9278 0.0132
vn -0.3216 0.3757 0.8692
vn -0.0316 0.5977 0.8011
vn -0.3933 0.6973 0.5992
vn -0.6151 0.4213 0.6665
vn 0.6011 0.2279 0.7660
vn -0.1280 0.3542 0.9264
vn 0.2512 -0.8896 -0.3815
vn 0.5143 -0.8473 -0.1329
vn 0.6997 0.0456 0.7129
vn 0.3170 0.4864 0.8142
vn -0.0270 0.8272 0.5612
vn -0.2405 0.3746 0.8955
vn 0.1300 0.3590 0.9242
vn -0.0316 0.7778 0.6277
vn -0.0805 0.3259 0.9420
vn -0.1700 0.6047 0.7781
vn -0.0809 0.6168 0.7830
vn -0.9501 0.0938 -0.2974
vn 0.1761 0.9009 0.3968
vn 0.7116 0.3654 0.6001
vn 0.7928 0.3886 0.4696
vn 0.3606 0.9265 0.1076
vn -0.1930 0.4013 0.8954
vn 0.3900 -0.1188 0.9131
vn 0.3653 0.8920 0.2663
vn -0.9566 0.2321 -0.1762
vn -0.9795 -0.1623 0.1195
vn -0.9661 -0.2243 -0.1281
vn -0.2851 0.5757 0.7664
vn 0.6190 0.2796 -0.7340
vn 0.5028 0.2165 0.8368
vn 0.4013 0.2253 0.8878
vn -0.5222 0.2607 0.8120
vn -0.7538 -0.1096 0.6479
vn -0.1456 -0.3366 -0.9303
vn -0.6011 -0.3431 -0.7218
vn -0.5085 -0.3924 -0.7665
vn 0.2960 0.7103 0.6386
vn 0.2712 0.7069 0.6533
vn 0.2460 0.5594 0.7916
vn -0.0557 0.3211 0.9454
vn 0.4740 -0.0814 0.8768
vn 0.3330 0.1287 0.9341
vn 0.0996 0.6687 0.7368
vn -0.9613 0.2653 -0.0747
vn -0.8778 0.4479 0.1700
vn -0.7040 0.6967 -0.1375
vn 0.3857 0.8558 -0.3446
vn -0.4437 0.8800 0.1695
vn -0.5221 0.8330 -0.1829
vn 0.5626 -0.8244 0.0622
vn -0.0786 0.3533 0.9322
vn -0.3453 0.1273 -0.9298
vn -0.5435 0.3980 -0.7390
vn -0.1857 0.3336 -0.9242
vn 0.2970 0.0070 0.9549
vn 0.3211 -0.0004 0.9470
vn 0.2336 0.4593 0.8570
vn -0.2480 0.2838 0.9262
vn -0.4914 -0.2857 0.8228
vn -0.0469 0.9974 -0.0550
vn 0.1821 0.9621 0.2031
vn -0.2511 -0.6012 -0.7586
vn -0.5676 0.0355 0.8225
vn -0.4401 -0.2562 0.8606
vn -0.3096 0.0260 0.9505
vn -0.2079 -0.1200 0.9708
vn 0.4694 0.3454 0.8127
vn -0.1740 0.1749 0.9691
vn -0.4398 0.3051 0.8447
vn -0.1803 0.5136 0.8388
vn -0.2561 0.5748 0.7772
vn 0.6827 -0.1056 -0.7231
vn 0.6372 -0.1320 -0.7593
vn 0.5792 -0.0011 -0.8152
vn 0.2572 -0.0058 0.9663
vn -0.6046 0.7965 -0.0032
vn -0.2783 -0.2427 0.9293
vn -0.0683 -0.0582 0.9960
vn -0.4808 -0.3288 0.8128
vn -0.6837 -0.2158 0.6971
vn -0.4964 -0.2766 0.8229
vn -0.2173 -0.2439 0.9452
vn -0.2404 0.4269 0.8717
vn -0.4207 0.5309 0.7357
vn 0.3006 0.8856 0.3541
vn 0.0062 -0.9946 0.1032
vn -0.0636 -0.8674 0.4935
vn 0.0039 -0.9941 0.1087
vn -0.1541 0.3373 0.9287
vn -0.2447 0.6549 0.7150
vn -0.0003 0.0958 0.9954
vn -0.5311 -0.2316 0.8150
vn -0.3376 -0.3756 0.8631
vn -0.3233 -0.1757 0.9298
vn -0.2028 -0.1784 0.9628
vn -0.0639 -0.0570 0.9963
vn -0.0928 0.2309 0.9685
vn -0.2486 0.6699 0.6996
vn -0.7995 0.1889 -0.5702
vn -0.7708 0.2380 -0.5910
vn 0.3274 0.9316 0.1578
vn -0.1807 0.5016 0.8460
vn -0.2457 0.7598 0.6019
vn 0.5565 -0.7249 -0.4061
vn 0.9109 -0.0908 -0.4026
vn -0.1785 -0.2236 0.9582
vn -0.0705 0.0797 0.9943
vn -0.2408 -0.4525 0.8586
vn -0.2804 -0.2325 0.9313
vn -0.1273 -0.0332 0.9913
vn -0.1117 0.2565 0.9601
vn -0.1473 0.3595 0.9214
vn 0.4035 0.4694 0.7854
vn -0.2418 -0.3805 0.8926
vn -0.2435 -0.1910 0.9509
vn -0.1912 -0.0782 0.9784
vn -0.0849 0.4128 0.9068
vn -0.0274 0.1743 0.9843
vn 0.9645 0.1802 -0.1932
vn -0.0137 0.2287 0.9734
vn -0.2601 -0.3471 -0.9010
vn -0.3573 0.9231 0.1423
vn -0.2357 -0.1098 0.9656
vn -0.0112 0.0941 0.9955
vn -0.0764 0.8790 0.4706
vn -0.2779 0.7985 0.5341
vn -0.0131 0.6866 0.7269
vn -0.9476 0.2720 0.1676
vn 0.3832 -0.1484 0.9117
vn 0.2663 -0.0289 0.9635
vn 0.4298 0.0263 0.9025
vn 0.7719 -0.0945 0.6286
vn -0.4746 0.8067 0.3521
vn 0.5700 0.4272 0.7018
vn 0.4775 0.4542 0.7521
vn 0.4616 0.3361 0.8209
vn 0.4614 -0.1779 0.8691
vn 0.5545 -0.4569 0.6955
vn 0.4568 0.3054 0.8355
vn 0.3984 -0.2267 0.8887
vn 0.4197 -0.2000 0.8854
vn 0.1140 -0.8782 0.4646
vn 0.2730 -0.5239 0.8068
vn 0.2001 -0.6013 0.7735
vn 0.5100 0.3959 0.7636
vn 0.4477 0.2681 0.8530
vn 0.5324 0.3330 0.7783
vn 0.5751 0.0791 0.8142
vn 0.4474 -0.1874 0.8745
vn 0.4800 -0.1235 0.8686
vn 0.3333 -0.0701 0.9402
vn 0.6819 -0.1630 0.7130
vn 0.8495 -0.0902 0.5197
vn 0.7894 -0.2358 0.5668
vn 0.9409 0.0952 -0.3251
vn -0.3418 0.0594 0.9379
vn 0.1889 -0.1753 0.9662
vn 0.7672 0.1114 0.6317
vn 0.6388 -0.3795 0.6692
vn -0.1805 -0.4980 -0.8482
vn -0.0187 -0.6134 -0.7896
vn 0.4449 -0.4426 0.7786
vn 0.4704 -0.5397 0.6982
vn 0.4610 -0.3360 0.8213
vn 0.6662 -0.6115 -0.4269
vn 0.6699 -0.6690 -0.3221
vn 0.6656 -0.5891 -0.4581
vn 0.6840 -0.1020 -0.7223
vn 0.7003 -0.2314 -0.6754
vn 0.7603 -0.2598 -0.5954
vn 0.4564 0.4605 0.7613
vn 0.2289 0.7377 0.6351
vn 0.4661 -0.1730 0.8676
vn 0.4813 -0.1900 0.8558
vn 0.4818 -0.2007 0.8530
vn 0.9246 0.3053 0.2280
vn -0.6858 0.4154 -0.5975
vn 0.4656 0.3650 0.8062
vn 0.4270 -0.2498 0.8691
vn 0.4291 -0.2445 0.8695
vn 0.8199 -0.0457 0.5707
vn 0.1157 -0.3242 0.9389
vn -0.2060 -0.5950 0.7769
vn 0.0434 -0.8421 0.5375
vn 0.6098 0.2868 0.7389
vn 0.7186 0.5321 -0.4476
vn 0.8016 0.4761 -0.3616
vn 0.7997 0.4072 -0.4413
vn 0.7134 0.1957 0.6729
vn -0.9324 0.3580 0.0487
vn -0.9298 0.1194 0.3483
vn -0.9968 0.0684 -0.0419
vn 0.3545 0.5565 0.7514
vn 0.6798 0.3661 0.6355
vn 0.5454 0.4256 0.7221
vn 0.5180 0.4366 0.7355
vn 0.4046 -0.1452 0.9029
vn 0.2478 0.6215 0.7432
vn 0.3171 -0.7738 0.5483
vn 0.0243 -0.7236 -0.6898
vn 0.7729 -0.4217 0.4741
vn 0.6128 -0.6088 0.5038
vn -0.7152 -0.6987 -0.0189
vn 0.6480 -0.1358 0.7494
vn 0.7660 0.2753 0.5809
vn 0.6442 0.1520 0.7496
vn 0.7649 -0.3778 0.5217
vn 0.4957 -0.5151 0.6992
vn 0.5701 -0.6820 0.4580
vn 0.2566 0.5588 0.7886
vn 0.8248 0.0373 0.5642
vn 0.9310 0.0268 0.3642
vn 0.4853 -0.7431 0.4607
vn 0.5254 -0.8014 0.2858
vn 0.8167 -0.2323 0.5283
vn 0.7603 0.3113 0.5701
vn 0.8376 -0.0844 0.5397
vn 0.7868 -0.2773 0.5514
vn 0.8041 -0.1057 0.5850
vn 0.7132 -0.0454 0.6995
vn 0.7164 -0.1866 0.6723
vn 0.8164 0.2300 0.5297
vn 0.8355 0.3442 0.4283
vn 0.7574 0.3451 0.5543
vn -0.1194 0.1221 -0.9853
vn -0.0900 0.2297 -0.9691
vn 0.5792 -0.7313 0.3602
vn 0.4049 -0.8333 0.3765
vn 0.7203 -0.5388 0.4369
vn 0.8087 0.0995 0.5798
vn 0.9325 -0.3216 -0.1643
vn 0.6552 0.4181 0.6292
vn 0.8105 -0.0200 0.5853
vn 0.7496 -0.0292 0.6613
vn 0.7113 -0.0514 0.7010
vn 0.6224 0.0621 0.7802
vn 0.6164 0.0873 0.7826
vn 0.5323 0.1424 0.8345
vn 0.3073 0.6503 0.6947
vn 0.7082 0.3548 0.6103
vn 0.5783 -0.2315 0.7823
vn 0.5619 -0.0412 0.8262
vn 0.5536 -0.0696 0.8299
vn 0.7808 -0.0249 0.6243
vn 0.8347 0.0585 0.5476
vn 0.7496 0.0193 0.6616
vn 0.7427 0.1334 0.6562
vn -0.0261 0.4183 -0.9079
vn -0.0124 0.4088 -0.9125
vn -0.0080 0.3174 -0.9483
vn 0.4165 0.0967 0.9040
vn 0.7219 0.2887 0.6289
vn 0.8582 0.3461 0.3790
vn 0.7774 0.2630 0.5714
vn 0.4551 0.2255 0.8614
vn 0.5222 -0.1063 0.8461
vn 0.5420 -0.5645 0.6226
vn 0.4018 0.5082 0.7618
vn 0.6486 0.4065 0.6435
vn 0.5509 0.2790 0.7865
vn 0.4960 -0.4807 0.7232
vn 0.8780 -0.0028 0.4786
vn 0.7590 0.0817 0.6460
vn -0.0376 0.2642 -0.9637
vn -0.1275 0.3947 -0.9099
vn 0.8346 -0.0375 0.5496
vn 0.5160 -0.3391 0.7866
vn 0.6245 -0.3723 0.6865
vn 0.5588 -0.3366 0.7579
vn 0.4559 -0.1786 0.8719
vn 0.6619 -0.4176 0.6225
vn 0.5983 -0.1120 0.7934
vn 0.5661 -0.1972 0.8004
vn 0.3984 0.0368 0.9165
vn 0.4789 -0.1816 0.8588
vn 0.7034 -0.4016 0.5865
vn 0.5555 -0.5649 -0.6102
vn 0.5866 -0.4938 0.6419
vn 0.6230 -0.2984 0.7231
vn 0.5586 0.3378 0.7575
vn 0.5577 0.4356 0.7066
vn 0.6223 0.3468 0.7018
vn 0.7373 -0.0598 0.6729
vn 0.5656 -0.4130 0.7138
vn 0.6686 0.0299 0.7430
vn -0.0285 0.3592 -0.9328
vn 0.6077 -0.0076 0.7942
vn -0.1856 -0.0610 0.9807
vn 0.1643 0.0684 0.9840
vn -0.8285 -0.3084 -0.4675
vn 0.4463 -0.1212 0.8867
vn 0.7215 -0.6083 0.3309
vn 0.6226 -0.4249 0.6571
vn 0.4807 -0.8723 0.0897
vn 0.5339 0.4821 0.6946
vn 0.8028 0.2240 0.5526
vn -0.5151 -0.5437 -0.6626
vn 0.1954 -0.7116 -0.6749
vn 0.4699 -0.3219 0.8219
vn 0.6405 0.0606 0.7656
vn 0.7253 0.0571 0.6860
vn 0.4650 -0.4405 0.7679
vn 0.4335 0.5317 0.7276
vn 0.5903 0.2385 0.7712
vn 0.7034 0.0340 0.7099
vn 0.7282 -0.1203 0.6747
vn 0.6171 0.3665 0.6963
vn 0.5764 -0.5803 0.5753
vn 0.5601 0.4039 0.7233
vn 0.3096 0.7096 0.6329
vn 0.6496 0.1357 0.7480
vn 0.5713 -0.3773 0.7288
vn 0.6555 -0.1895 0.7311
vn 0.6290 0.3487 0.6948
vn 0.5180 0.4407 0.7331
vn 0.6141 0.3621 0.7013
vn 0.5547 0.1848 0.8112
vn 0.7719 0.0355 0.6347
vn 0.5453 0.4675 -0.6957
vn 0.0519 -0.7148 -0.6974
vn 0.7054 0.0630 0.7060
vn -0.1592 -0.4983 0.8523
vn 0.2790 0.1928 0.9407
vn 0.4702 -0.8461 0.2511
vn 0.3105 0.6659 0.6783
vn 0.8955 0.2888 0.3386
vn 0.5607 -0.8040 -0.1981
vn 0.5275 0.1317 0.8393
vn 0.6095 -0.0395 0.7918
vn 0.2538 -0.1394 0.9572
vn 0.6926 0.3977 0.6018
vn 0.8022 0.0312 0.5962
vn 0.1226 -0.8826 0.4538
vn 0.0056 -0.9194 0.3932
vn 0.0067 -0.9939 0.1100
vn 0.5588 -0.4267 0.7111
vn -0.4393 0.1657 -0.8829
vn -0.3528 0.2401 -0.9044
vn 0.7356 0.2011 0.6469
vn 0.8316 0.2189 0.5105
vn 0.1975 -0.4628 0.8642
vn 0.2894 0.1421 0.9466
vn 0.6472 -0.5649 0.5119
vn 0.7002 0.4113 0.5835
vn 0.5749 0.4880 0.6568
vn 0.7471 -0.0439 0.6632
vn 0.5985 -0.0572 0.7990
vn 0.5522 -0.2027 0.8087
vn 0.5887 -0.1525 0.7939
vn 0.6453 -0.2238 0.7304
vn 0.6226 -0.1116 0.7746
vn 0.8369 0.1398 0.5292
vn 0.9019 0.0739 0.4255
vn -0.3250 -0.9283 -0.1805
vn -0.3548 -0.9125 -0.2039
vn 0.5131 0.0725 0.8553
vn 0.7471 -0.0134 0.6646
vn 0.9047 0.1050 0.4130
vn 0.5145 -0.4212 0.7469
vn 0.5498 -0.1307 0.8250
vn 0.5348 -0.0195 0.8447
vn 0.5704 0.4259 0.7024
vn -0.0216 -0.4913 -0.8707
vn 0.6271 -0.1071 0.7716
vn 0.5385 -0.1131 0.8350
vn 0.3392 -0.7891 -0.5121
vn 0.4255 -0.6852 -0.5912
vn 0.4609 -0.8061 -0.3713
vn -0.4995 0.4361 0.7485
vn 0.8258 0.3395 0.4503
vn 0.9742 -0.1187 0.1920
vn 0.8802 -0.3151 0.3550
vn 0.6241 0.2857 0.7272
vn 0.8711 0.4888 0.0465
vn 0.5957 -0.1714 0.7847
vn 0.5586 0.1346 0.8185
vn -0.7962 0.3227 -0.5117
vn -0.6856 -0.1779 -0.7059
vn -0.3510 0.3639 -0.8628
vn 0.8118 0.1256 0.5702
vn 0.7865 0.3166 0.5303
vn 0.4102 0.1091 0.9055
vn 0.5801 -0.2120 0.7865
vn 0.5402 0.2007 0.8172
vn 0.6454 -0.0574 0.7617
vn 0.6328 -0.2024 0.7474
vn 0.6525 -0.3297 0.6823
vn 0.5864 0.0844 0.8056
vn 0.5930 0.0637 0.8027
vn 0.9211 0.2459 0.3019
vn -0.7657 -0.6266 0.1454
vn 0.8123 0.3079 0.4954
vn 0.4071 0.4542 0.7924
vn 0.5753 -0.1571 0.8027
vn -0.9875 -0.1111 0.1117
vn -0.9915 -0.0890 -0.0947
vn 0.5752 -0.0397 0.8170
vn 0.6225 -0.1766 0.7624
vn 0.7271 0.1861 0.6609
vn 0.2472 -0.0141 0.9689
vn 0.5172 -0.4603 0.7216
vn 0.6815 -0.2354 -0.6929
vn 0.7655 -0.1947 -0.6132
vn 0.6763 -0.3791 -0.6316
vn -0.5574 0.7409 -0.3747
vn -0.6204 0.7131 -0.3264
vn -0.3443 -0.2565 -0.9031
vn 0.8676 0.1360 0.4783
vn -0.4957 0.1279 -0.8590
vn -0.5766 0.2734 -0.7699
vn -0.4616 0.2202 -0.8593
vn 0.1552 -0.9759 -0.1536
vn 0.2298 -0.9247 -0.3035
vn 0.7660 0.2065 0.6088
vn 0.8961 -0.4416 0.0446
vn 0.9650 -0.2623 0.0048
vn 0.6384 -0.0179 0.7695
vn -0.4226 -0.0674 -0.9038
vn -0.5648 -0.5052 0.6525
vn -0.7220 0.0797 0.6873
vn -0.5510 -0.5036 0.6654
vn -0.9758 -0.2116 0.0545
vn 0.8373 0.0272 0.5460
vn 0.1970 -0.0720 0.9778
vn -0.1688 -0.6750 -0.7182
vn -0.2437 -0.5564 -0.7944
vn -0.2867 0.2855 -0.9145
vn -0.5474 0.3543 -0.7582
vn -0.2521 -0.9387 -0.2353
vn 0.4183 0.7845 -0.4579
vn 0.2184 -0.6276 0.7473
vn 0.1363 0.1243 0.9828
vn -0.1182 0.0069 0.9930
vn 0.4067 -0.6861 0.6032
vn 0.7866 -0.5643 -0.2508
vn 0.7728 -0.5489 -0.3185
vn 0.7468 -0.5894 -0.3079
vn -0.8959 -0.4409 0.0553
vn 0.0435 0.7133 -0.6995
vn 0.7038 0.7029 0.1026
vn 0.3917 -0.1033 0.9143
vn 0.1312 0.8286 0.5443
vn 0.9161 -0.2093 0.3421
vn 0.7904 -0.5368 0.2951
vn 0.9177 -0.3267 0.2261
vn 0.6202 0.7312 -0.2840
vn 0.4993 0.6785 -0.5389
vn 0.2158 0.8855 -0.4115
vn 0.7821 -0.6207 0.0545
vn 0.7222 0.6896 -0.0539
vn 0.8995 0.4137 0.1402
vn -0.2131 -0.2812 -0.9357
vn 0.2195 0.2434 -0.9448
vn 0.5348 0.5621 -0.6309
vn 0.2920 -0.0563 0.9548
vn 0.0941 -0.9383 -0.3328
vn -0.8259 0.4961 0.2681
vn -0.5042 0.8004 0.3242
vn -0.0902 0.9592 0.2679
vn 0.6107 -0.1350 0.7803
vn 0.5638 0.0920 0.8208
vn -0.5070 0.0972 -0.8564
vn -0.6126 0.3059 -0.7288
vn -0.5263 0.0648 -0.8478
vn -0.7685 -0.6241 0.1409
vn 0.6288 -0.2849 0.7235
vn 0.9839 0.1449 0.1044
vn 0.8778 0.4195 0.2314
vn 0.9203 0.2985 0.2530
vn 0.5862 -0.6338 -0.5047
vn 0.6775 -0.7145 0.1745
vn 0.2708 -0.9612 0.0525
vn 0.4872 -0.8730 0.0220
vn -0.1804 0.2717 -0.9453
vn 0.4522 0.7048 0.5465
vn 0.3133 0.6983 0.6436
vn 0.4051 -0.1440 0.9028
vn 0.3368 -0.4944 -0.8013
vn -0.9197 0.0307 0.3914
vn -0.9598 0.1028 0.2613
vn -0.9545 -0.1599 0.2517
vn -0.3470 0.7075 -0.6157
vn 0.9427 0.0417 0.3310
vn 0.8762 0.2500 0.4121
vn 0.0546 -0.8170 0.5741
vn 0.8016 0.3514 0.4837
vn 0.6710 -0.6229 0.4022
vn 0.4409 0.1732 0.8807
vn 0.3776 0.4588 0.8043
vn -0.1024 -0.0108 -0.9947
vn -0.0826 0.0110 -0.9965
vn -0.0871 0.0827 -0.9928
vn 0.3031 -0.0859 0.9491
vn 0.0089 -0.9997 -0.0247
vn 0.0162 -0.9998 -0.0119
vn 0.0260 -0.9995 -0.0172
vn 0.9614 0.1137 0.2506
vn -0.1574 0.5576 -0.8151
vn 0.3849 -0.8852 -0.2613
vn 0.2857 -0.0631 0.9562
vn 0.5758 0.1882 0.7957
vn 0.8347 -0.0619 -0.5472
vn 0.5192 -0.2167 0.8267
vn -0.5383 0.7693 -0.3442
vn -0.5141 0.8139 -0.2708
vn -0.6918 0.4639 -0.5533
vn 0.8991 -0.0370 -0.4361
vn -0.0969 -0.0166 -0.9952
vn 0.3486 0.2862 0.8925
vn 0.9649 0.2007 -0.1692
vn 0.4187 -0.3285 -0.8467
vn 0.5836 0.2329 0.7779
vn 0.9950 -0.0979 -0.0183
vn -0.2142 0.7901 0.5743
vn -0.5753 -0.8137 -0.0832
vn -0.1264 0.1981 -0.9720
vn 0.3629 0.7736 0.5195
vn -0.7138 0.6136 0.3376
vn -0.7665 0.5766 0.2828
vn -0.9360 0.2821 0.2104
vn 0.8291 -0.1395 0.5414
vn -0.2217 0.1633 -0.9613
vn 0.0748 0.9394 -0.3346
vn -0.7590 -0.6320 0.1562
vn 0.8607 0.4942 -0.1224
vn -0.0391 -0.1095 -0.9932
vn -0.0855 -0.0660 -0.9941
vn -0.0358 -0.0464 -0.9983
vn -0.8176 0.4255 0.3879
vn -0.9627 0.1570 0.2203
vn -0.9178 0.2662 0.2945
vn 0.9269 -0.3583 -0.1117
vn -0.9176 -0.3430 0.2010
vn -0.9853 0.1187 0.1231
vn 0.9381 -0.3275 -0.1130
vn 0.9648 -0.2220 -0.1412
vn 0.9993 -0.0363 -0.0102
vn 0.9961 0.0860 -0.0215
vn 0.9562 0.2695 0.1143
vn -0.9087 -0.4164 -0.0303
vn -0.5074 0.0193 0.8615
vn -0.7825 0.1798 0.5961
vn -0.6199 -0.4445 0.6466
vn -0.7412 -0.6084 0.2838
vn -0.9706 -0.1058 0.2162
vn -0.3553 -0.6200 0.6995
vn 0.0217 -0.9996 0.0164
vn 0.1029 -0.9945 0.0175
vn -0.8796 0.2936 0.3744
vn -0.8781 -0.0599 0.4747
vn -0.9741 0.0531 0.2200
vn -0.9303 0.3274 0.1652
vn -0.5227 0.5147 -0.6796
vn -0.9103 0.3861 0.1492
vn 0.9930 0.1102 0.0427
vn -0.9955 0.0953 0.0002
vn 0.6119 0.2089 -0.7629
vn -0.9294 -0.2881 -0.2308
vn 0.6598 -0.2110 -0.7213
vn 0.2457 -0.7786 0.5774
vn 0.3737 -0.7541 0.5400
vn 0.2928 -0.8880 0.3546
vn 0.0940 -0.9956 -0.0047
vn 0.0184 -0.9992 0.0350
vn 0.5465 0.1373 -0.8261
vn 0.6459 0.1607 -0.7463
vn 0.8900 0.2605 0.3741
vn 0.9236 -0.2177 -0.3155
vn -0.9527 -0.0758 -0.2944
vn -0.9403 0.2314 0.2495
vn -0.8726 0.2724 0.4055
vn -0.6761 0.6659 -0.3154
vn 0.9602 0.2384 0.1456
vn 0.7272 -0.5712 -0.3807
vn -0.8505 0.3805 -0.3632
vn -0.8496 -0.3041 -0.4310
vn 0.5529 -0.5362 -0.6378
vn 0.3864 -0.8441 -0.3717
vn 0.1311 0.7691 -0.6256
vn 0.1959 0.7670 -0.6109
vn 0.1833 0.8086 -0.5590
vn 0.8040 -0.1844 -0.5654
vn 0.8080 -0.0154 -0.5890
vn 0.7262 -0.0940 -0.6811
vn 0.7581 -0.4397 -0.4816
vn 0.7036 -0.3393 -0.6244
vn 0.4784 -0.4161 -0.7733
vn 0.3041 -0.6586 -0.6883
vn -0.9199 0.1959 -0.3397
vn 0.7710 -0.0052 -0.6368
vn 0.7464 -0.0720 -0.6616
vn 0.7346 -0.0731 -0.6746
vn -0.0345 0.3253 -0.9450
vn -0.8764 -0.3312 0.3498
vn -0.7832 -0.4523 -0.4267
vn -0.8145 0.5801 0.0006
vn -0.8869 -0.4501 0.1040
vn 0.8563 0.1350 -0.4986
vn 0.7498 0.2573 -0.6097
vn 0.0970 0.2790 -0.9554
vn 0.0125 0.6359 -0.7717
vn -0.0402 0.3055 -0.9513
vn -0.1891 -0.8138 -0.5496
vn -0.3438 -0.5949 -0.7266
vn 0.5883 0.0636 -0.8062
vn 0.6707 -0.0240 -0.7413
vn 0.7832 0.2750 -0.5577
vn 0.6799 0.2374 -0.6939
vn 0.7615 0.2887 -0.5803
vn -0.6992 -0.6962 0.1626
vn -0.8821 -0.0922 -0.4619
vn -0.8427 -0.3039 -0.4444
vn 0.7779 -0.0990 -0.6205
vn -0.9440 0.0004 -0.3298
vn 0.7512 -0.2116 -0.6253
vn 0.8124 -0.2253 -0.5379
vn 0.6586 -0.1277 -0.7415
vn 0.6665 -0.1118 -0.7371
vn 0.6488 -0.0762 -0.7571
vn -0.9044 -0.0034 -0.4267
vn 0.2038 0.9267 -0.3157
vn 0.2227 0.9610 -0.1637
vn 0.2642 0.9399 -0.2161
vn -0.0493 0.8386 -0.5426
vn 0.0273 0.8536 -0.5202
vn -0.0242 0.7335 -0.6792
vn -0.2813 -0.5285 -0.8010
vn -0.2282 -0.2329 -0.9453
vn -0.1806 0.8074 0.5616
vn 0.5907 -0.7026 0.3967
vn 0.7054 -0.6029 0.3727
vn -0.9960 -0.0449 0.0766
vn -0.9941 0.0872 0.0639
vn 0.6932 0.3339 -0.6387
vn 0.8037 -0.3483 -0.4825
vn 0.7873 -0.5134 -0.3416
vn -0.9848 -0.0845 0.1519
vn 0.5504 -0.7986 -0.2434
vn -0.4805 -0.4184 0.7708
vn -0.3467 -0.5152 0.7838
vn -0.5736 0.5926 -0.5656
vn -0.2356 0.6006 -0.7640
vn -0.2516 0.8527 -0.4578
vn -0.4858 0.7231 -0.4910
vn 0.8295 -0.0208 -0.5581
vn 0.8367 -0.1354 -0.5306
vn -0.6843 0.2868 -0.6704
vn -0.5501 0.3529 -0.7569
vn 0.8708 -0.2007 -0.4489
vn 0.7648 -0.3378 -0.5486
vn 0.6949 -0.6598 -0.2860
vn 0.6637 -0.6042 -0.4409
vn 0.5444 -0.7833 -0.3000
vn -0.5697 0.7305 0.3765
vn -0.9027 0.4009 0.1566
vn 0.8184 -0.2653 -0.5098
vn 0.3888 -0.5468 0.7415
vn 0.5309 -0.8199 0.2144
vn 0.3739 -0.9139 0.1581
vn -0.4422 0.7602 0.4759
vn -0.4951 0.7415 0.4528
vn -0.9729 0.1421 -0.1825
vn 0.0344 -0.9334 -0.3571
vn 0.1307 -0.7582 -0.6388
vn 0.1331 -0.9309 -0.3402
vn 0.5994 0.0040 -0.8004
vn 0.3405 0.0609 -0.9383
vn -0.2388 -0.3248 -0.9151
vn -0.6530 -0.3579 -0.6675
vn -0.5058 0.8627 -0.0049
vn -0.4527 0.8296 0.3269
vn -0.7031 0.6437 0.3022
vn -0.9425 -0.1045 -0.3175
vn 0.1942 -0.8001 0.5676
vn -0.8806 0.1705 -0.4421
vn -0.7740 0.5112 -0.3736
vn -0.7082 0.4417 -0.5508
vn -0.2302 0.7070 -0.6687
vn -0.1126 0.4771 -0.8716
vn -0.3466 0.5054 -0.7902
vn 0.6860 0.4316 -0.5858
vn 0.6091 0.3551 -0.7091
vn -0.7171 -0.6559 0.2356
vn 0.9254 0.1862 0.3302
vn -0.3790 -0.3852 0.8414
vn -0.5345 -0.2581 0.8048
vn -0.0230 0.3597 -0.9328
vn 0.0160 -0.7184 -0.6954
vn 0.2354 -0.4903 0.8392
vn 0.6104 -0.0673 -0.7893
vn -0.0849 -0.3982 -0.9134
vn -0.0343 -0.3707 -0.9281
vn 0.5485 -0.7570 0.3552
vn -0.1139 0.6374 -0.7620
vn 0.9292 0.3225 0.1807
vn -0.7758 0.5927 -0.2165
vn -0.6768 0.7064 0.2073
vn 0.9019 -0.1185 -0.4154
vn 0.8541 0.4625 0.2381
vn -0.0907 0.8751 -0.4753
vn 0.0787 0.8544 -0.5137
vn 0.0094 0.8403 -0.5421
vn 0.7217 -0.4107 -0.5573
vn 0.2820 0.4895 -0.8251
vn 0.5823 0.0595 -0.8108
vn 0.2548 0.4166 -0.8726
vn 0.6727 -0.1168 -0.7307
vn -0.8590 0.3995 0.3202
vn 0.8023 0.5733 -0.1663
vn 0.4886 -0.3486 -0.7998
vn -0.0031 -0.9937 0.1120
vn 0.0089 -0.9944 0.1055
vn -0.0697 -0.8623 0.5015
vn -0.1249 -0.8086 0.5749
vn 0.0181 -0.9895 0.1433
vn -0.6959 -0.3658 -0.6180
vn -0.5561 -0.6344 -0.5369
vn -0.3332 -0.7098 -0.6206
vn -0.9840 0.0879 -0.1552
vn -0.8806 -0.4359 -0.1859
vn -0.8727 -0.3867 -0.2981
vn -0.1738 -0.4915 -0.8534
vn 0.9074 0.3266 0.2643
vn 0.1976 -0.4955 -0.8459
vn 0.9476 0.1413 0.2866
vn -0.2211 -0.7266 0.6505
vn -0.3629 -0.8305 0.4225
vn -0.2383 -0.8856 0.3987
vn -0.5441 0.6360 0.5472
vn 0.2528 0.4516 -0.8557
vn 0.1441 0.5020 -0.8528
vn 0.1928 0.6760 -0.7112
vn 0.6429 0.0862 -0.7611
vn 0.9569 0.1635 0.2399
vn 0.6629 -0.7381 0.1261
vn -0.3649 -0.2485 -0.8973
vn -0.7454 -0.2332 -0.6245
vn 0.9258 0.2586 0.2756
vn 0.8480 0.4267 0.3143
vn -0.7776 -0.5367 0.3275
vn -0.8412 -0.4045 0.3587
vn -0.7953 -0.5601 0.2321
vn -0.1799 -0.2132 -0.9603
vn -0.4933 -0.1879 -0.8493
vn 0.6380 -0.6854 0.3511
vn 0.0877 -0.9638 -0.2517
vn -0.0329 -0.9972 -0.0674
vn 0.0224 -0.8593 -0.5110
vn 0.5223 -0.4233 -0.7403
vn 0.8149 0.5431 0.2025
vn -0.7400 0.0148 -0.6725
vn 0.5649 0.7405 0.3640
vn 0.6523 0.7567 0.0434
vn 0.6511 0.6451 0.3998
vn 0.6798 0.7322 -0.0423
vn -0.5968 -0.7350 -0.3218
vn -0.5297 0.7907 0.3070
vn 0.4595 0.8485 -0.2624
vn 0.7087 0.7053 -0.0174
vn 0.5452 0.8091 0.2192
vn 0.2893 0.7995 0.5264
vn -0.0827 0.9900 0.1144
vn -0.0921 0.9558 0.2792
vn -0.5546 0.8301 -0.0581
vn 0.1502 0.9325 0.3285
vn -0.0025 0.9568 0.2908
vn 0.3578 0.9220 -0.1477
vn 0.3080 0.9511 0.0222
vn 0.2035 0.9282 0.3117
vn -0.0322 0.9037 0.4269
vn -0.2113 0.7832 0.5848
vn 0.1161 0.9932 -0.0079
vn -0.0393 0.9902 0.1341
vn 0.1158 0.9638 -0.2402
vn 0.3541 0.8762 0.3269
vn -0.6313 0.4226 -0.6503
vn 0.6437 0.7652 -0.0129
vn -0.0282 0.4545 -0.8903
vn 0.0880 0.9957 0.0292
vn 0.2107 0.9775 -0.0110
vn -0.8039 0.4802 -0.3509
vn -0.4139 0.8944 -0.1696
vn 0.1433 0.9836 0.1091
vn 0.0392 0.9819 0.1854
vn 0.1011 0.8991 0.4258
vn 0.3145 0.8894 -0.3319
vn 0.3094 0.9407 -0.1388
vn 0.1480 0.9657 -0.2135
vn -0.0227 0.9992 -0.0327
vn -0.6761 0.5183 -0.5236
vn 0.1060 0.9867 -0.1230
vn 0.0125 0.9990 -0.0440
vn -0.0738 0.9966 -0.0373
vn 0.2582 0.9657 0.0262
vn 0.3523 0.9358 -0.0123
vn 0.2078 0.9551 0.2110
vn 0.6134 0.7213 0.3216
vn 0.0377 0.8695 0.4924
vn -0.9358 -0.3179 0.1526
vn -0.7516 0.5516 0.3618
vn -0.4628 -0.5918 0.6600
vn -0.8749 -0.2189 0.4320
vn -0.7346 0.5828 -0.3474
vn -0.9168 0.1779 -0.3575
vn 0.5368 0.7954 0.2816
vn 0.7177 0.5541 0.4216
vn -0.0298 0.9044 0.4256
vn -0.4094 0.9059 0.1082
vn 0.0813 0.7382 -0.6696
vn -0.0008 0.9985 0.0541
vn 0.2745 0.9447 -0.1796
vn -0.0377 0.8803 0.4729
vn -0.7419 0.5798 0.3368
vn 0.0258 0.9301 -0.3663
vn -0.3741 -0.1888 -0.9080
vn -0.9854 0.1415 0.0948
vn 0.0254 0.8109 0.5846
vn -0.5540 0.8008 -0.2277
vn -0.8792 0.2858 0.3811
vn -0.8997 0.4179 0.1262
vn -0.9797 0.1806 0.0865
vn -0.1309 0.9525 -0.2751
vn 0.2351 0.9679 -0.0885
vn -0.8384 0.5267 -0.1407
vn 0.6578 0.5936 0.4636
vn -0.5504 0.4915 -0.6749
vn -0.5379 0.2326 -0.8103
vn -0.7545 0.2955 -0.5860
vn 0.8172 0.5758 -0.0244
vn -0.8599 0.2276 0.4568
vn -0.9145 0.2695 0.3019
vn 0.7675 0.6140 0.1844
vn -0.9904 -0.1339 -0.0333
vn 0.7652 0.6423 0.0443
vn -0.0973 -0.2098 -0.9729
vn -0.0043 -0.3428 -0.9394
vn -0.6716 0.7409 -0.0035
vn 0.7480 0.5907 -0.3026
vn 0.5350 0.6067 0.5880
vn 0.5704 0.7170 0.4007
vn -0.6048 0.5798 0.5459
vn -0.5188 0.7754 0.3600
vn 0.1012 0.4011 -0.9104
vn 0.0628 0.4738 -0.8784
vn 0.2552 0.3716 -0.8926
vn 0.7458 0.6653 -0.0326
vn 0.6984 0.7031 0.1336
vn 0.6529 0.7016 0.2854
vn 0.7512 0.6451 -0.1401
vn 0.6697 0.7426 0.0072
vn 0.6107 0.7776 0.1496
vn 0.6640 0.6467 -0.3754
vn 0.6945 0.6717 -0.2578
vn -0.8880 0.2190 -0.4044
vn -0.1216 0.8842 -0.4511
vn -0.5713 0.1372 -0.8092
vn 0.6457 0.7540 -0.1204
vn 0.5243 0.7877 0.3234
vn 0.7600 0.5231 -0.3856
vn -0.7988 -0.5661 0.2036
vn 0.4097 0.8305 0.3774
vn 0.0246 0.8597 0.5101
vn 0.5723 0.8182 -0.0542
vn 0.5606 0.8269 0.0440
vn 0.4884 0.8529 0.1842
vn 0.3412 0.8053 0.4849
vn 0.5749 0.7546 -0.3163
vn 0.5582 0.8128 -0.1666
vn 0.4375 0.8940 0.0967
vn 0.3880 0.8802 0.2733
vn 0.4874 0.8260 -0.2831
vn -0.0197 0.2457 -0.9691
vn -0.7571 0.3496 -0.5519
vn -0.7717 -0.2002 -0.6037
vn -0.4436 -0.4138 -0.7949
vn -0.8360 -0.5475 -0.0365
vn -0.4888 0.6102 0.6235
vn -0.8711 -0.2973 0.3908
vn -0.9759 0.0272 -0.2163
vn -0.3743 -0.8274 0.4186
vn -0.2997 -0.8869 0.3515
vn -0.3645 0.7374 0.5687
vn -0.4783 0.7242 0.4967
vn -0.6455 0.5110 0.5677
vn -0.3451 0.7351 0.5836
vn -0.3120 0.5921 0.7431
vn -0.4389 0.0347 0.8979
vn -0.5608 -0.0669 -0.8253
vn -0.3314 -0.0637 -0.9413
vn -0.5851 0.2274 -0.7784
vn -0.4443 0.6959 0.5642
vn -0.8013 -0.3379 0.4938
vn -0.7098 -0.2944 0.6400
vn -0.7715 0.2321 0.5923
vn -0.2506 -0.7101 -0.6580
vn -0.7881 -0.3169 0.5277
vn -0.7911 -0.3218 0.5202
vn -0.8677 0.0768 0.4911
vn -0.6933 0.4324 0.5765
vn 0.1422 0.3288 -0.9336
vn 0.0212 -0.9996 -0.0184
vn 0.2287 -0.9709 -0.0714
vn 0.1219 -0.9874 -0.1011
vn -0.7393 0.4464 -0.5041
vn -0.6062 0.4719 0.6402
vn -0.5601 0.2032 0.8031
vn -0.7462 -0.2150 0.6300
vn -0.6297 0.4513 0.6323
vn -0.4320 0.2598 -0.8637
vn -0.7080 0.2486 0.6611
vn -0.6769 0.7182 -0.1614
vn -0.6333 -0.3331 0.6986
vn -0.9772 0.1351 0.1637
vn -0.9319 0.3219 0.1670
vn -0.5990 0.3817 0.7040
vn -0.6705 0.3308 0.6640
vn -0.7866 -0.0608 0.6145
vn -0.2968 0.0618 -0.9530
vn -0.3199 0.1449 -0.9363
vn -0.3623 0.0928 -0.9274
vn -0.3928 -0.0031 -0.9196
vn -0.3765 0.1326 -0.9169
vn -0.3632 0.0942 -0.9269
vn -0.7735 0.0219 -0.6334
vn -0.6274 -0.2676 -0.7312
vn -0.6726 -0.6224 0.4003
vn -0.3279 -0.8450 0.4224
vn -0.7127 0.2752 0.6452
vn -0.9750 0.1443 0.1689
vn -0.5119 0.7065 0.4887
vn -0.2712 -0.8140 0.5136
vn -0.7053 -0.3128 0.6361
vn -0.8312 0.5517 -0.0692
vn -0.5850 0.5119 0.6291
vn -0.4688 0.6577 0.5897
vn 0.5384 0.7066 -0.4591
vn -0.3323 -0.2460 0.9105
vn -0.5072 -0.1426 0.8499
vn -0.5383 -0.0958 0.8373
vn -0.9697 0.1391 -0.2008
vn -0.2762 -0.1803 0.9440
vn -0.6192 0.1449 0.7717
vn -0.7022 0.0873 0.7066
vn -0.8973 -0.2552 -0.3603
vn -0.6234 -0.3380 0.7051
vn -0.6303 -0.4814 0.6090
vn -0.8701 0.4028 -0.2841
vn -0.9721 -0.1106 -0.2070
vn 0.1944 -0.5640 -0.8026
vn 0.2481 -0.6738 -0.6960
vn -0.6254 -0.1639 0.7629
vn -0.4297 -0.3322 0.8396
vn -0.7584 0.2807 0.5882
vn -0.6174 -0.0112 0.7866
vn -0.3700 0.2300 -0.9001
vn -0.4309 0.3402 -0.8358
vn -0.3298 0.3564 -0.8742
vn -0.7432 -0.0294 0.6684
vn -0.7060 -0.1385 0.6945
vn -0.2301 -0.3967 0.8887
vn -0.5386 -0.3239 -0.7778
vn -0.0224 -0.4942 0.8691
vn -0.0555 0.2485 -0.9671
vn -0.0801 0.3314 -0.9401
vn -0.9136 0.4018 0.0627
vn -0.7627 0.6364 -0.1151
vn -0.5356 0.1281 -0.8347
vn -0.6608 0.2650 -0.7022
vn -0.5108 0.1852 -0.8395
vn -0.7731 0.3803 0.5076
vn 0.2958 0.3403 -0.8926
vn 0.4406 0.3431 -0.8296
vn 0.4254 0.3031 -0.8528
vn -0.7882 -0.5856 -0.1895
vn -0.8188 0.1096 0.5635
vn -0.5927 0.1756 -0.7860
vn -0.9045 0.1145 0.4109
vn -0.7820 0.4378 0.4437
vn -0.6942 0.6959 0.1840
vn -0.7516 0.1264 0.6473
vn -0.3650 -0.2408 -0.8993
vn -0.5672 0.3590 -0.7412
vn -0.3627 0.1509 -0.9196
vn -0.9269 -0.3469 0.1431
vn -0.6751 0.1099 0.7295
vn -0.4526 -0.8897 0.0598
vn -0.8952 -0.2153 0.3902
vn -0.8437 -0.0657 0.5327
vn -0.8292 0.1239 0.5450
vn -0.7192 0.3325 0.6100
vn -0.7078 0.4757 -0.5222
vn -0.7570 -0.2273 0.6126
vn -0.8313 -0.1934 0.5212
vn -0.7859 0.2375 0.5709
vn -0.4691 -0.7699 -0.4326
vn -0.6531 0.0253 0.7569
vn -0.6726 0.3947 0.6259
vn -0.7678 0.0492 0.6388
vn -0.5261 0.0041 -0.8504
vn -0.2609 -0.0515 -0.9640
vn -0.1367 -0.2246 -0.9648
vn -0.7071 0.1627 0.6882
vn -0.1060 -0.8879 0.4477
vn -0.1056 0.1294 -0.9859
vn 0.4542 0.7808 -0.4291
vn -0.6400 0.6196 0.4544
vn -0.8368 -0.1537 0.5256
vn -0.7599 -0.3807 0.5270
vn -0.7285 0.2024 0.6545
vn -0.3983 0.8968 -0.1923
vn -0.7249 0.4285 0.5393
vn -0.6555 0.5401 0.5279
vn -0.6850 0.4533 0.5704
vn -0.7575 -0.1747 0.6290
vn -0.7804 0.0764 0.6206
vn -0.7789 -0.3701 0.5063
vn 0.1330 0.2544 -0.9579
vn 0.1396 0.4051 -0.9035
vn 0.1342 0.2939 -0.9464
vn -0.3911 0.0425 -0.9194
vn -0.6062 0.0719 -0.7921
vn -0.5447 -0.0843 -0.8344
vn -0.7221 -0.5443 0.4269
vn 0.0530 -0.2014 -0.9781
vn 0.2167 -0.5959 -0.7733
vn 0.0353 0.2657 -0.9634
vn -0.8254 0.1020 0.5553
vn -0.0377 0.1506 -0.9879
vn -0.5978 0.7820 0.1766
vn -0.7046 -0.0259 -0.7092
vn -0.5595 -0.1509 -0.8150
vn -0.6062 -0.2884 -0.7412
vn -0.4229 -0.0030 -0.9062
vn -0.0876 -0.9907 0.1044
vn 0.0211 -0.9998 -0.0015
vn -0.3776 0.4386 -0.8155
vn -0.3047 -0.6427 0.7030
vn -0.0088 0.4016 -0.9158
vn -0.6201 -0.4556 0.6386
vn -0.5455 0.0389 -0.8372
vn 0.3635 -0.5240 -0.7703
vn -0.3976 -0.1019 -0.9119
vn 0.3497 0.4646 -0.8136
vn 0.3599 0.4449 -0.8201
vn 0.3030 0.3561 -0.8839
vn -0.0587 0.6486 -0.7588
vn -0.0456 0.6150 -0.7872
vn -0.0440 0.6457 -0.7623
vn -0.4704 0.0563 -0.8807
vn 0.0375 0.6402 -0.7673
vn -0.0291 0.3901 -0.9203
vn -0.1432 0.5843 -0.7988
vn 0.1313 0.8662 -0.4820
vn 0.1809 0.7126 -0.6778
vn 0.1232 0.6208 -0.7743
vn -0.0120 0.7245 -0.6892
vn 0.1724 0.7139 -0.6787
vn 0.2950 0.6673 -0.6839
vn 0.3845 0.4429 -0.8100
vn 0.5497 0.3048 -0.7778
vn -0.8519 -0.3115 -0.4210
vn -0.4376 0.5786 -0.6883
vn -0.6828 -0.1988 -0.7031
vn -0.7000 -0.4644 -0.5425
vn -0.6505 -0.3104 -0.6932
vn -0.4694 -0.3664 -0.8034
vn -0.9553 -0.0202 -0.2950
vn -0.8741 -0.1160 -0.4718
vn -0.5051 -0.6266 -0.5935
vn -0.9395 -0.1676 -0.2986
vn -0.6039 -0.5397 -0.5865
vn -0.6393 -0.5880 -0.4956
vn -0.9814 0.0368 -0.1885
vn -0.9577 -0.0252 -0.2867
vn -0.7588 -0.5253 -0.3852
vn -0.6225 0.7429 -0.2464
vn -0.5965 -0.6239 -0.5049
vn -0.9261 -0.2956 -0.2343
vn -0.9664 -0.1525 -0.2069
vn -0.6771 -0.6297 -0.3808
vn -0.8681 -0.3988 -0.2956
vn 0.0003 0.7871 -0.6169
vn 0.2755 0.6004 -0.7507
vn 0.2608 0.4857 -0.8343
vn -0.5410 0.7046 -0.4592
vn -0.5505 0.6701 -0.4979
vn -0.3050 -0.9258 -0.2233
vn -0.9859 0.0686 -0.1529
vn -0.0623 0.6379 -0.7676
vn 0.0039 0.5496 -0.8354
vn -0.0375 0.7415 -0.6699
vn -0.0727 -0.9969 0.0309
vn -0.1613 -0.9796 0.1197
vn -0.1236 -0.9826 0.1389
vn -0.5500 -0.8285 0.1057
vn -0.0763 -0.9970 -0.0148
vn -0.3514 -0.9188 -0.1797
vn -0.1049 0.7104 -0.6960
vn -0.0713 0.3826 -0.9211
vn -0.6939 -0.3280 -0.6411
vn -0.7424 -0.2814 -0.6080
vn -0.8129 -0.1321 -0.5671
vn -0.8403 0.0943 -0.5338
vn -0.9316 -0.3193 -0.1738
vn 0.6292 0.3670 -0.6851
vn 0.5630 0.3070 -0.7673
vn -0.7856 -0.3563 -0.5059
vn -0.8679 -0.2711 -0.4163
vn -0.3966 0.7669 -0.5046
vn -0.6665 0.5864 -0.4603
vn -0.8444 0.3155 -0.4330
vn -0.7459 -0.5885 -0.3119
vn 0.1408 0.4830 -0.8642
vn 0.0179 0.4442 -0.8957
vn 0.1351 0.5480 -0.8255
vn 0.0945 0.3838 -0.9186
vn -0.8537 -0.3071 -0.4207
vn -0.9116 -0.1318 -0.3895
vn -0.8660 0.1600 -0.4737
vn -0.9947 0.0704 0.0751
vn -0.8355 -0.2759 -0.4751
vn -0.8719 0.0056 -0.4897
vn -0.9123 -0.3267 -0.2471
vn -0.8897 -0.2364 -0.3906
vn -0.9053 -0.2695 -0.3285
vn -0.9619 -0.2586 -0.0885
vn 0.1214 0.4204 -0.8992
vn -0.8292 -0.1077 -0.5485
vn -0.8988 -0.2703 -0.3452
vn -0.8357 0.1627 -0.5246
vn -0.8734 -0.2866 -0.3938
vn -0.6283 0.0547 -0.7760
vn -0.6718 0.5037 -0.5431
vn -0.4898 0.5188 -0.7007
vn -0.9211 -0.1599 -0.3551
vn -0.7937 -0.4479 0.4117
vn -0.6172 0.1825 -0.7654
vn -0.6907 0.4066 -0.5980
vn -0.7902 -0.5274 -0.3121
vn 0.0220 0.1636 -0.9863
vn 0.1032 -0.4911 -0.8650
vn -0.2369 -0.9353 0.2630
vn -0.1228 -0.9708 -0.2062
vn -0.0278 -0.9971 0.0710
vn -0.9493 -0.2940 -0.1113
vn 0.3149 0.7886 -0.5281
vn 0.1669 0.7897 -0.5903
vn -0.8503 0.3611 -0.3828
vn -0.4683 0.8097 -0.3536
vn -0.8692 -0.2778 -0.4090
vn -0.3337 0.6281 -0.7029
vn -0.7497 -0.6402 -0.1676
vn -0.9864 0.1357 -0.0926
vn -0.9086 -0.3351 -0.2493
vn -0.9809 0.1458 -0.1291
vn -0.6092 0.2419 -0.7552
vn -0.5973 -0.0590 -0.7998
vn -0.6464 0.1936 -0.7380
vn -0.8861 0.3248 -0.3308
vn 0.1648 -0.5270 -0.8338
vn -0.8512 -0.4679 -0.2377
vn -0.6590 0.5916 -0.4645
vn -0.8047 0.5254 -0.2763
vn -0.9288 0.2303 -0.2904
vn -0.9513 -0.1318 -0.2787
vn -0.2859 -0.5508 -0.7841
vn -0.9814 -0.1914 -0.0156
vn 0.4837 0.3648 -0.7956
vn 0.6069 0.2353 -0.7592
vn -0.1463 0.3382 -0.9296
vn -0.7460 -0.6453 -0.1645
vn -0.7811 0.5002 -0.3738
vn -0.9301 -0.0938 -0.3550
vn 0.5340 0.6225 -0.5721
vn 0.4656 0.5313 -0.7077
vn 0.4235 0.5247 -0.7385
vn 0.0127 -0.9972 0.0739
vn -0.6697 -0.5640 -0.4832
vn -0.6128 -0.5153 -0.5991
vn -0.5399 -0.6793 -0.4971
vn -0.6009 -0.7775 0.1855
vn -0.9723 -0.1921 -0.1330
vn -0.8360 0.3404 -0.4305
vn -0.8230 0.3751 -0.4266
vn 0.1511 0.2841 -0.9468
vn 0.0391 0.6933 -0.7195
vn -0.0601 0.7068 -0.7049
vn 0.4734 0.4798 -0.7387
vn 0.3984 0.4917 -0.7743
vn -0.9614 -0.2643 -0.0764
vn -0.6045 -0.3584 -0.7115
vn -0.6996 -0.2695 -0.6618
vn -0.5522 -0.1409 -0.8218
vn -0.1935 -0.9461 0.2597
vn -0.1694 0.8584 -0.4842
vn -0.6407 0.6751 -0.3657
vn 0.2589 0.8643 -0.4312
vn -0.4570 -0.8474 -0.2704
vn -0.5044 -0.8184 -0.2751
vn -0.5557 -0.8036 -0.2133
vn -0.9177 -0.2765 -0.2851
vn -0.7183 -0.0902 -0.6898
vn -0.7361 -0.0078 -0.6768
vn -0.5903 0.0365 -0.8063
vn -0.6675 0.1604 -0.7271
vn -0.0899 0.5527 -0.8286
vn -0.9983 -0.0572 -0.0135
vn -0.8028 -0.2140 -0.5566
vn -0.7289 0.2159 -0.6497
vn -0.9834 -0.1310 -0.1255
vn -0.1043 0.5276 -0.8431
vn -0.7697 -0.1651 -0.6167
vn -0.0145 0.9269 -0.3750
vn 0.2120 0.8474 -0.4868
vn 0.2117 -0.5520 -0.8066
vn 0.2052 -0.0931 -0.9743
vn 0.4698 0.1776 -0.8647
vn 0.4384 0.4187 -0.7953
vn 0.4612 0.3950 -0.7945
vn 0.1948 -0.1172 -0.9738
vn -0.8070 0.0753 -0.5857
vn 0.3496 0.6764 -0.6483
vn -0.6795 -0.4412 -0.5862
vn 0.3833 0.3670 -0.8476
vn 0.4707 0.2253 -0.8530
vn 0.1257 0.6574 -0.7430
vn 0.0177 -0.9997 0.0138
vn 0.1515 0.3490 -0.9248
vn -0.9852 0.0666 -0.1580
vn -0.0784 0.5617 -0.8236
vn -0.1432 0.5143 -0.8456
vn -0.7458 -0.3512 -0.5661
vn -0.8070 -0.1045 -0.5812
vn 0.0192 -0.9997 -0.0156
vn -0.0716 0.6306 -0.7728
vn -0.0892 0.6757 -0.7317
vn -0.1207 0.7874 -0.6045
vn 0.2042 0.3123 -0.9278
vn -0.8929 -0.1903 -0.4080
vn -0.6708 -0.4276 -0.6059
vn -0.6251 -0.6954 -0.3545
vn -0.8133 -0.2544 -0.5233
vn -0.0347 0.5194 -0.8538
vn -0.7971 -0.0569 -0.6012
vn -0.8395 0.4007 -0.3670
vn -0.7922 -0.4436 -0.4191
vn -0.8293 -0.3638 -0.4242
vn -0.8860 -0.0525 -0.4607
vn -0.8360 0.1611 -0.5246
vn -0.7494 0.2460 -0.6147
vn -0.5930 0.2511 -0.7651
vn -0.6419 0.7521 -0.1492
vn -0.0683 0.7199 -0.6907
vn -0.4704 -0.7080 -0.5267
vn -0.5756 -0.7169 -0.3934
vn -0.7987 0.2578 -0.5436
vn -0.6906 -0.1148 -0.7140
vn -0.8944 0.1794 -0.4098
vn -0.7254 0.4516 -0.5195
vn -0.4567 0.8296 -0.3214
vn -0.5725 0.3182 -0.7557
vn -0.6217 -0.7149 -0.3200
vn -0.5405 -0.5850 -0.6046
vn -0.7009 -0.6385 -0.3179
vn -0.8811 -0.3092 -0.3579
vn -0.9056 0.0936 -0.4137
vn -0.7790 0.1558 -0.6074
vn -0.9183 -0.1279 -0.3746
vn -0.9310 0.0158 -0.3646
vn -0.1948 0.7746 -0.6017
vn 0.2523 -0.9656 -0.0635
vn -0.6148 0.1619 -0.7719
vn -0.7156 0.5673 -0.4076
vn -0.5806 0.7775 -0.2416
vn -0.7292 -0.2397 -0.6410
vn -0.8439 0.0183 -0.5361
vn -0.6758 -0.0240 -0.7367
vn -0.7447 0.1842 -0.6415
vn 0.4776 0.2207 -0.8504
vn 0.5141 0.2821 -0.8100
vn -0.7881 0.3827 -0.4821
vn -0.8186 -0.4960 -0.2896
vn 0.5767 0.4991 -0.6468
vn -0.7423 0.6367 -0.2088
vn -0.7329 -0.6415 -0.2264
vn 0.5337 0.1123 -0.8382
vn 0.3174 0.4377 -0.8412
vn 0.4132 0.1874 -0.8911
vn 0.5851 0.5827 -0.5640
vn -0.1670 0.8259 -0.5385
vn -0.0758 0.8263 -0.5581
vn 0.4550 0.6490 -0.6097
vn 0.1312 0.3649 -0.9218
vn 0.4000 0.7522 -0.5236
vn 0.4016 0.5815 -0.7075
vn 0.7624 0.1835 -0.6206
vn -0.0095 -0.9882 0.1529
vn -0.0953 -0.9763 0.1943
vn 0.0225 -0.9797 0.1992
vn -0.2390 -0.9704 -0.0338
vn -0.2072 -0.9721 -0.1098
vn 0.2551 0.4372 -0.8624
vn 0.2027 0.5993 -0.7744
vn 0.1971 0.5334 -0.8226
vn -0.1053 0.8797 -0.4638
vn 0.2727 0.6845 -0.6761
vn 0.3211 0.7142 -0.6220
vn 0.1848 0.5012 -0.8454
vn -0.0839 -0.9796 -0.1825
vn 0.0320 0.5231 -0.8517
vn 0.5453 0.4312 -0.7189
vn 0.0353 0.4184 -0.9076
vn -0.1638 -0.9840 -0.0694
vn -0.1930 0.8755 -0.4430
vn 0.4921 0.6349 -0.5955
vn -0.3119 0.6060 -0.7318
vn -0.3402 -0.9251 0.1684
vn 0.1671 -0.9853 -0.0360
vn 0.2939 0.3138 -0.9028
vn -0.4123 0.2456 -0.8773
vn 0.1076 0.1533 -0.9823
vn 0.0151 0.8243 -0.5660
vn -0.2343 0.8578 -0.4574
vn 0.2922 -0.5612 -0.7744
vn 0.3580 0.2890 -0.8879
vn 0.5436 0.2672 -0.7957
vn 0.4344 0.2009 -0.8780
vn -0.0712 0.3781 -0.9230
vn 0.0035 0.4355 -0.9002
vn -0.0431 0.4048 -0.9134
vn -0.5475 -0.8246 -0.1424
vn -0.1130 0.3889 -0.9143
vn 0.5728 0.3026 -0.7618
vn 0.1012 0.7078 -0.6992
vn 0.1403 0.3980 -0.9066
vn -0.0760 0.6415 -0.7633
vn -0.1864 0.6479 -0.7385
vn -0.2413 0.5094 -0.8260
vn -0.3027 0.5158 -0.8015
vn 0.1609 -0.2173 -0.9628
vn 0.2879 0.3052 -0.9077
vn 0.4587 0.3569 -0.8138
vn 0.1511 0.6294 -0.7623
vn 0.3048 0.2054 -0.9300
vn 0.5204 0.6207 -0.5865
vn -0.1458 0.5318 -0.8343
vn -0.0644 0.7508 -0.6574
vn -0.0738 0.4554 -0.8872
vn -0.0866 0.6473 -0.7573
vn 0.0076 0.6647 -0.7471
vn 0.1213 0.8684 -0.4807
vn 0.0393 0.5118 -0.8582
vn 0.0867 0.7664 -0.6365
vn 0.0048 0.4796 -0.8775
vn 0.1639 0.8675 -0.4696
vn -0.4563 -0.6998 0.5496
vn 0.0842 0.2405 -0.9670
vn 0.1286 0.5789 -0.8052
vn 0.2390 -0.6506 0.7209
vn 0.2029 0.6487 -0.7335
vn 0.2735 0.8089 -0.5204
vn 0.3342 0.1348 -0.9328
vn -0.6536 -0.7537 -0.0690
vn 0.2050 0.2531 -0.9455
vn 0.0753 0.5959 -0.7996
vn -0.0047 0.4729 -0.8811
vn 0.5069 0.0959 -0.8567
vn -0.4187 0.4443 -0.7920
vn -0.5530 -0.0920 -0.8281
vn -0.4723 0.3527 -0.8078
vn -0.2685 -0.0923 -0.9589
vn -0.4092 -0.2239 -0.8846
vn -0.2927 0.0082 -0.9562
vn -0.3880 0.1256 -0.9131
vn 0.4460 -0.2045 -0.8714
vn -0.1472 0.3134 -0.9381
vn -0.2085 0.3881 -0.8977
vn 0.2004 -0.0400 -0.9789
vn 0.0626 0.2614 -0.9632
vn 0.2890 -0.3478 -0.8919
vn -0.1477 -0.4316 -0.8899
vn 0.5148 -0.0583 -0.8553
vn -0.4216 -0.2429 -0.8736
vn -0.4055 -0.2375 -0.8827
vn -0.3398 0.1776 -0.9236
vn -0.4797 -0.6450 -0.5948
vn -0.3192 -0.5977 -0.7354
vn -0.3503 -0.7003 -0.6220
vn -0.4993 -0.1031 -0.8602
vn -0.5017 -0.4765 -0.7219
vn 0.1637 -0.3407 -0.9258
vn -0.2675 0.2631 -0.9269
vn -0.2217 0.1604 -0.9618
vn -0.3571 0.1260 -0.9255
vn 0.1354 -0.0744 -0.9880
vn -0.1313 -0.5015 -0.8551
vn -0.0637 -0.9928 -0.1014
vn -0.2175 0.1157 -0.9692
vn -0.2896 -0.0080 -0.9571
vn -0.2507 0.2617 -0.9320
vn -0.1529 0.0194 -0.9881
vn -0.3803 0.0016 -0.9248
vn -0.0530 -0.3498 -0.9353
vn -0.4180 -0.4980 -0.7598
vn 0.1707 -0.2753 -0.9461
vn -0.2936 -0.1276 -0.9474
vn 0.0273 -0.4133 -0.9102
vn -0.0613 0.3333 -0.9408
vn 0.0353 -0.2844 -0.9581
vn -0.3222 -0.3780 -0.8679
vn 0.0170 -0.2954 -0.9552
vn -0.3351 -0.7379 -0.5859
vn -0.3985 -0.2447 -0.8839
vn -0.2584 -0.3026 -0.9174
vn -0.3769 -0.3487 -0.8581
vn -0.1555 -0.3087 -0.9383
vn 0.0283 -0.9995 0.0162
vn -0.2330 -0.2501 -0.9398
vn -0.0195 -0.1607 -0.9868
vn -0.1540 -0.3194 -0.9350
vn 0.2743 -0.3663 -0.8891
vn 0.2486 0.2472 -0.9366
vn -0.3208 -0.4080 -0.8548
vn 0.5808 -0.0994 -0.8080
vn 0.4865 0.0264 -0.8733
vn -0.1067 0.2377 -0.9655
vn 0.4868 -0.4358 -0.7570
vn -0.1920 -0.3781 -0.9056
vn 0.4436 0.0639 -0.8940
vn 0.4394 -0.2849 -0.8519
vn 0.4412 -0.1145 -0.8901
vn 0.4564 -0.0976 -0.8844
vn 0.3972 -0.0193 -0.9175
vn 0.4018 0.0511 -0.9143
vn 0.3547 -0.3952 -0.8474
vn 0.3152 -0.1161 -0.9419
vn 0.3239 -0.2265 -0.9186
vn -0.2175 0.2862 -0.9331
vn 0.3262 -0.1467 -0.9339
vn 0.4204 0.0333 -0.9067
vn -0.6658 -0.7290 0.1588
vn 0.3201 -0.3759 -0.8696
vn 0.4218 0.0799 -0.9032
vn -0.5544 -0.8320 0.0206
vn -0.3658 -0.9307 0.0053
vn 0.2612 -0.4235 -0.8674
vn 0.2526 -0.2535 -0.9338
vn 0.4181 -0.0134 -0.9083
vn 0.2770 -0.1322 -0.9517
vn 0.3296 -0.0795 -0.9408
vn 0.4356 0.0551 -0.8984
vn 0.1456 -0.3497 -0.9255
vn 0.1419 -0.4435 -0.8850
vn 0.2087 -0.4132 -0.8864
vn 0.2445 -0.1306 -0.9608
vn 0.2720 -0.1915 -0.9430
vn 0.2959 -0.1834 -0.9375
vn 0.1201 -0.2617 -0.9577
vn 0.2714 -0.1457 -0.9514
vn 0.1514 -0.1671 -0.9742
vn 0.2540 -0.1543 -0.9548
vn 0.2989 -0.1752 -0.9381
vn 0.3905 -0.0601 -0.9186
vn 0.3569 0.1152 -0.9270
vn 0.3152 0.1913 -0.9296
vn 0.2145 -0.3525 -0.9109
vn 0.2208 -0.2117 -0.9521
vn 0.3656 0.0773 -0.9276
vn 0.1232 -0.2281 -0.9658
vn 0.2500 -0.1156 -0.9613
vn 0.2857 0.0173 -0.9582
vn 0.2040 -0.5850 -0.7850
vn 0.2725 -0.5030 -0.8202
vn 0.2570 -0.2113 -0.9431
vn 0.3345 0.1291 -0.9335
vn 0.2253 -0.1943 -0.9547
vn 0.2003 -0.2933 -0.9348
vn 0.2050 -0.2499 -0.9463
vn 0.2316 -0.2717 -0.9341
vn 0.1289 -0.4572 -0.8800
vn 0.2834 -0.0313 -0.9585
vn 0.1233 -0.6608 -0.7403
vn 0.2217 -0.2529 -0.9417
vn 0.2275 -0.1257 -0.9656
vn 0.1359 -0.1831 -0.9737
vn 0.1094 -0.5106 -0.8528
vn 0.2258 -0.1443 -0.9634
vn 0.3286 0.0886 -0.9403
vn 0.2226 -0.1173 -0.9678
vn 0.1342 -0.1498 -0.9796
vn 0.1447 -0.3392 -0.9295
vn 0.2199 0.0512 -0.9742
vn 0.1779 -0.2871 -0.9412
vn 0.2213 -0.0921 -0.9708
vn 0.2241 -0.1627 -0.9609
vn 0.0880 -0.4709 -0.8778
vn -0.0007 -0.5110 -0.8596
vn 0.1654 -0.2462 -0.9550
vn 0.1924 -0.1324 -0.9723
vn -0.0493 -0.8496 0.5250
vn 0.0442 -0.6471 -0.7611
vn 0.0699 -0.4637 -0.8832
vn 0.1850 -0.1857 -0.9650
vn 0.1538 -0.2821 -0.9470
vn 0.0391 -0.3855 -0.9219
vn 0.1475 -0.2574 -0.9550
vn 0.1482 -0.0708 -0.9864
vn 0.2253 -0.1658 -0.9601
vn 0.2070 -0.1055 -0.9726
vn 0.1071 -0.0461 -0.9932
vn 0.1258 0.0414 -0.9912
vn -0.1093 -0.4329 -0.8948
vn 0.0638 -0.3112 -0.9482
vn 0.1479 -0.1695 -0.9744
vn 0.4458 -0.8949 -0.0209
vn -0.1003 -0.6863 0.7204
vn -0.5570 -0.0892 -0.8257
vn 0.0882 -0.0866 -0.9923
vn -0.0100 -0.4269 -0.9043
vn 0.0867 -0.2509 -0.9641
vn 0.3654 -0.9300 0.0390
vn 0.0772 -0.0761 -0.9941
vn 0.0322 0.0120 -0.9994
vn -0.4478 -0.7195 -0.5309
vn -0.1816 -0.4481 -0.8753
vn -0.1651 -0.3584 -0.9189
vn 0.3650 -0.8204 0.4401
vn -0.1118 -0.1916 -0.9751
vn 0.1291 -0.9815 0.1417
vn -0.0862 -0.9949 -0.0524
vn 0.0119 -0.9924 0.1229
vn -0.3141 -0.3952 -0.8632
vn -0.1725 -0.2638 -0.9490
vn -0.0764 0.0989 -0.9922
vn -0.4892 -0.1430 -0.8604
vn -0.6980 -0.6961 -0.1680
vn -0.8575 -0.1385 -0.4956
vn -0.0781 -0.0357 -0.9963
vn -0.1930 -0.1473 -0.9701
vn -0.4461 -0.3273 -0.8330
vn -0.4771 -0.8294 0.2906
vn -0.3602 -0.2286 -0.9044
vn -0.2963 -0.0730 -0.9523
vn -0.2799 0.1030 -0.9545
vn -0.2664 -0.5993 0.7549
vn -0.2623 -0.8469 0.4626
vn -0.3290 0.6145 -0.7170
vn 0.0502 -0.9986 0.0142
vn 0.0775 -0.9948 0.0666
vn -0.2110 -0.9768 0.0362
vn -0.1537 -0.9677 -0.1998
vn 0.1018 -0.9757 0.1940
vn -0.0288 -0.9786 -0.2038
vn 0.1764 -0.5327 0.8277
vn 0.0501 -0.9986 -0.0150
vn -0.2466 -0.9691 -0.0078
vn 0.0309 -0.9782 0.2054
vn -0.1516 -0.9440 0.2930
vn -0.0904 -0.9954 -0.0308
vn -0.0342 -0.9867 -0.1590
vn 0.0608 -0.9977 -0.0289
vn 0.4687 -0.8744 0.1256
vn -0.6699 -0.7025 0.2403
vn -0.4685 -0.8082 0.3568
vn -0.3318 -0.9163 0.2244
vn -0.2130 -0.9631 0.1643
vn -0.4288 -0.8918 0.1446
vn 0.4049 -0.8723 0.2742
vn 0.0414 -0.9943 -0.0986
vn -0.0203 -0.9998 0.0021
vn -0.1212 -0.6936 0.7101
vn -0.0314 -0.9995 -0.0102
vn -0.5728 -0.8173 -0.0623
vn 0.1058 -0.9433 0.3145
vn 0.0842 -0.9397 0.3314
vn 0.2059 -0.9743 0.0910
vn -0.0208 -0.9997 0.0110
vn -0.4462 -0.8647 0.2305
vn -0.4607 -0.8753 0.1473
vn 0.1767 -0.9839 -0.0254
vn -0.0188 -0.9995 -0.0273
vn 0.0264 -0.9996 -0.0137
vn -0.3309 -0.8613 -0.3856
vn -0.1720 -0.9678 0.1837
vn -0.5270 -0.8385 0.1387
vn -0.4811 -0.8754 -0.0459
vn -0.4800 -0.8748 0.0659
vn 0.3023 -0.8815 0.3626
vn 0.0738 -0.9631 0.2588
vn 0.2010 -0.9787 -0.0415
vn -0.6330 -0.7734 0.0331
vn 0.2679 -0.9496 -0.1628
vn 0.1668 -0.9805 0.1044
vn -0.4857 -0.7996 0.3533
vn 0.2961 -0.9322 0.2084
vn -0.6729 -0.7286 -0.1280
vn -0.2154 -0.9765 0.0057
vn -0.6982 -0.7144 0.0460
vn -0.5740 -0.7959 -0.1927
vn -0.4140 -0.9057 -0.0910
vn 0.0783 -0.9969 -0.0029
vn 0.1759 -0.9806 -0.0867
vn -0.4767 -0.8790 0.0144
vn -0.0726 -0.9898 0.1228
vn -0.4835 -0.7976 0.3607
vn -0.1056 -0.8637 0.4929
vn -0.4613 -0.7998 0.3841
vn -0.7004 -0.5402 0.4664
vn -0.3342 -0.9269 0.1708
vn -0.0218 -0.9595 -0.2807
vn 0.2985 -0.9413 0.1579
vn 0.0049 -0.9968 0.0793
vn -0.3391 -0.9339 0.1134
vn -0.2660 -0.8308 0.4888
vn -0.3547 -0.6431 0.6787
vn -0.4129 -0.9054 0.0984
vn -0.4560 -0.7715 0.4437
vn -0.1767 -0.9195 0.3512
vn 0.2937 -0.9126 0.2846
vn 0.1592 -0.9803 -0.1169
vn -0.6877 -0.7042 0.1767
vn -0.5118 -0.8221 -0.2493
vn -0.7061 -0.6262 0.3307
vn -0.5912 -0.8009 -0.0951
vn -0.6590 -0.7518 0.0222
vn -0.6337 -0.7700 0.0739
vn -0.0787 -0.8618 0.5010
vn -0.3174 -0.8660 0.3864
vn -0.6540 -0.6726 0.3463
vn -0.5755 -0.7502 0.3255
vn -0.5966 -0.7201 0.3543
vn 0.1752 -0.9046 0.3885
vn -0.3703 -0.9062 -0.2040
vn -0.4482 -0.8905 -0.0786
vn -0.5483 -0.7871 0.2827
vn -0.6122 -0.6143 0.4979
vn -0.4697 -0.8513 -0.2337
vn -0.2255 -0.9736 -0.0366
vn -0.4912 -0.8653 0.0998
vn -0.3763 -0.9228 -0.0825
vn -0.3364 -0.9413 0.0288
vn -0.3765 -0.9002 0.2189
vn -0.4627 -0.7503 0.4722
vn -0.0426 -0.9989 0.0202
vn -0.3963 -0.8508 0.3451
vn -0.4762 -0.6596 0.5815
vn -0.4931 -0.5305 0.6895
vn -0.1541 -0.9851 0.0762
vn -0.4354 -0.7985 0.4157
vn -0.0045 -0.9999 0.0159
vn -0.0409 -0.9932 -0.1086
vn -0.0055 -1.0000 -0.0070
vn -0.2761 -0.9416 0.1927
vn -0.3446 -0.6759 0.6514
vn -0.2936 -0.9492 0.1133
vn -0.2832 -0.9582 0.0411
vn -0.2800 -0.9081 0.3113
vn -0.3017 -0.8593 0.4131
vn -0.3278 -0.7889 0.5198
vn 0.0078 -1.0000 0.0023
vn -0.0204 -0.9994 0.0277
vn -0.2539 -0.7507 0.6099
vn -0.2347 -0.6319 0.7387
vn -0.1039 -0.9875 -0.1185
vn -0.3644 -0.9098 -0.1987
vn -0.0332 -0.9982 -0.0491
vn 0.0397 -0.9992 0.0068
vn 0.0833 -0.9965 0.0070
vn -0.1070 -0.9941 0.0171
vn 0.0489 -0.9986 -0.0184
vn -0.0420 -0.9958 0.0814
vn 0.0876 -0.9955 -0.0364
vn -0.0178 -0.9992 0.0358
vn -0.1588 -0.6539 0.7397
vn 0.3085 -0.9445 0.1128
vn 0.1180 -0.9871 0.1082
vn -0.0087 -0.9756 0.2194
vn 0.1086 -0.9825 0.1515
vn -0.0228 -0.9988 0.0437
vn -0.1927 -0.9552 0.2244
vn 0.1214 -0.9655 0.2302
vn 0.2942 -0.9519 -0.0855
vn 0.5035 -0.7786 0.3747
vn 0.6062 -0.7950 0.0218
vn -0.2202 -0.5868 0.7792
vn 0.1713 -0.7959 0.5807
vn 0.3185 -0.8605 0.3975
vn 0.4055 -0.9127 0.0498
vn 0.0304 -0.8720 0.4886
vn -0.1449 -0.9684 0.2029
vn -0.0033 -0.9987 0.0505
vn 0.0098 -0.9993 0.0349
vn -0.0176 -0.7184 0.6954
vn 0.0794 -0.9934 0.0831
vn 0.2259 -0.9637 -0.1422
vn 0.0575 -0.9166 0.3957
vn -0.1880 -0.9448 0.2685
vn -0.3951 -0.9001 0.1835
vn 0.0595 -0.9947 -0.0842
s 1
f 1069//1 1647//2 1578//3
f 1058//4 909//5 939//6
f 421//7 1176//8 238//9
f 1055//10 1101//11 1042//12
f 238//9 1059//13 1126//14
f 1254//15 30//16 1261//17
f 1065//18 1071//19 1//20
f 1037//21 1130//22 1120//23
f 1570//24 2381//25 1585//26
f 2434//27 2502//28 2473//29
f 1632//30 1654//31 1646//32
f 1144//33 1166//34 669//35
f 1202//36 1440//37 305//38
f 1071//19 1090//39 1//20
f 1555//40 1570//24 1584//41
f 1184//42 1174//43 404//44
f 65//45 432//46 12//47
f 1032//48 1085//49 574//50
f 1789//51 2207//52 2223//53
f 1154//54 1118//55 1184//42
f 1141//56 1086//57 1154//54
f 99//58 1117//59 342//60
f 404//44 1174//43 419//61
f 489//62 2000//63 1998//64
f 1118//55 1174//43 1184//42
f 1196//65 403//66 136//67
f 1495//68 717//69 1490//70
f 1804//71 402//72 1207//73
f 2272//74 1398//75 891//76
f 1100//77 1002//78 804//79
f 1596//80 1595//81 2381//25
f 208//82 420//83 1207//73
f 402//72 208//82 1207//73
f 1455//84 1935//85 1925//86
f 1176//8 1059//13 238//9
f 1150//87 1040//88 348//89
f 1957//90 1537//91 2051//92
f 1124//93 1189//94 939//6
f 1804//71 1207//73 1823//95
f 1381//96 1300//97 1109//98
f 383//99 384//100 1182//101
f 1085//49 1086//57 1141//56
f 1040//88 1046//102 132//103
f 220//104 1495//68 1188//105
f 420//83 261//106 1207//73
f 261//106 420//83 1065//18
f 1055//10 1133//107 1101//11
f 1054//108 421//7 403//66
f 182//109 1109//98 2//110
f 1181//111 1207//73 320//112
f 545//113 1570//24 1561//114
f 35//115 342//60 432//46
f 1024//116 574//50 1141//56
f 432//46 342//60 12//47
f 1489//117 1081//118 1547//119
f 1181//111 320//112 1805//120
f 1516//121 1683//122 1507//123
f 357//124 1117//59 1047//125
f 1561//114 1570//24 1555//40
f 1090//39 1196//65 1206//126
f 1047//125 1203//127 1051//128
f 1165//129 202//130 1121//131
f 1099//132 341//133 301//134
f 1174//43 240//135 419//61
f 922//136 921//137 833//138
f 1121//131 1080//139 385//140
f 815//141 21//142 1183//143
f 35//115 99//58 342//60
f 1083//144 398//145 262//146
f 106//147 94//148 1317//149
f 94//148 292//150 1317//149
f 292//150 95//151 1317//149
f 940//152 1039//153 1033//154
f 1300//97 1306//155 433//156
f 21//142 212//157 471//158
f 1120//23 1131//159 1037//21
f 833//138 921//137 688//160
f 1117//59 357//124 342//60
f 106//147 271//161 94//148
f 386//162 227//163 1375//164
f 1130//22 1044//165 1053//166
f 419//61 240//135 219//167
f 1255//168 1244//169 32//170
f 1557//171 1081//118 1489//117
f 2062//172 2120//173 2109//174
f 2034//175 2110//176 430//177
f 23//178 315//179 1111//180
f 291//181 94//148 271//161
f 291//181 292//150 94//148
f 50//182 386//162 95//151
f 964//183 734//184 665//185
f 1616//186 1585//26 1611//187
f 445//188 1084//189 402//72
f 574//50 1085//49 1141//56
f 1654//31 341//133 1653//190
f 220//104 1188//105 1640//191
f 342//60 69//192 12//47
f 417//193 261//106 328//194
f 292//150 50//182 95//151
f 204//195 227//163 386//162
f 50//182 204//195 386//162
f 1276//196 1471//197 1311//198
f 1206//126 1196//65 136//67
f 1033//154 1055//10 1042//12
f 1037//21 1044//165 1130//22
f 1180//199 320//112 417//193
f 1121//131 202//130 1080//139
f 325//200 203//201 271//161
f 291//181 76//202 292//150
f 292//150 237//203 50//182
f 2159//204 1696//205 1767//206
f 583//207 929//208 850//209
f 1584//41 1585//26 1616//186
f 1495//68 1490//70 1188//105
f 1557//171 1489//117 1660//210
f 1078//211 1069//1 1494//212
f 1972//213 1992//214 1971//215
f 183//216 1226//217 2000//63
f 325//200 429//218 203//201
f 292//150 76//202 237//203
f 1152//219 227//163 1143//220
f 1488//221 1412//222 1489//117
f 1638//223 1646//32 1653//190
f 1947//224 1869//225 2468//226
f 203//201 306//227 291//181
f 306//227 76//202 291//181
f 237//203 248//228 50//182
f 204//195 1143//220 227//163
f 2395//229 14//230 429//218
f 1502//231 881//232 2500//233
f 1//20 1090//39 202//130
f 1652//234 1653//190 1099//132
f 2117//235 1863//236 2496//237
f 50//182 248//228 204//195
f 160//238 792//239 994//240
f 884//241 888//242 857//243
f 544//244 2117//235 2496//237
f 1090//39 1206//126 202//130
f 2463//245 879//246 2492//247
f 429//218 306//227 203//201
f 498//248 188//249 418//250
f 865//251 884//241 857//243
f 994//240 998//252 1014//253
f 884//241 897//254 888//242
f 1795//255 948//256 1802//257
f 208//82 1035//258 1071//19
f 1065//18 1//20 1066//259
f 377//260 435//261 1377//262
f 304//263 429//218 14//230
f 304//263 306//227 429//218
f 73//264 60//265 74//266
f 248//228 592//267 204//195
f 846//268 2264//269 829//270
f 897//254 912//271 906//272
f 1004//273 991//274 992//275
f 1422//276 1421//277 1233//278
f 980//279 10//280 303//281
f 1058//4 922//136 909//5
f 2436//282 2449//283 2418//284
f 394//285 435//261 377//260
f 435//261 475//286 446//287
f 475//286 474//288 446//287
f 336//289 337//290 361//291
f 338//292 235//293 372//294
f 624//295 148//296 129//297
f 812//298 306//227 596//299
f 1726//300 992//275 1019//301
f 945//302 1514//303 1511//304
f 1069//1 1627//305 1628//306
f 1812//307 1823//95 1181//111
f 1165//129 1121//131 169//308
f 447//309 475//286 435//261
f 2487//310 2458//311 901//312
f 42//313 59//314 46//315
f 401//316 7//317 187//318
f 1010//319 970//320 797//321
f 1513//322 220//104 1640//191
f 2474//323 2491//324 2462//325
f 594//326 307//327 1014//253
f 398//145 1513//322 1640//191
f 307//327 594//326 1026//328
f 545//113 2381//25 1570//24
f 403//66 421//7 238//9
f 445//188 402//72 127//329
f 1611//187 1631//330 1616//186
f 1805//120 1180//199 1148//331
f 394//285 447//309 435//261
f 2341//332 2413//333 2376//334
f 75//335 74//266 60//265
f 541//336 47//337 42//313
f 47//337 59//314 42//313
f 541//336 42//313 28//338
f 917//339 931//340 1103//341
f 897//254 906//272 883//342
f 2484//343 2068//344 779//345
f 888//242 883//342 857//243
f 261//106 1065//18 328//194
f 363//346 1307//347 349//348
f 377//260 363//346 394//285
f 444//349 747//350 464//351
f 323//352 338//292 362//353
f 92//354 116//355 74//266
f 592//267 634//356 97//357
f 982//358 1027//359 1004//273
f 1020//360 982//358 1004//273
f 1084//189 1054//108 1035//258
f 208//82 402//72 1084//189
f 421//7 1119//361 1176//8
f 1207//73 1181//111 1823//95
f 1179//362 1187//363 1160//364
f 263//365 296//366 1343//367
f 1298//368 296//366 1307//347
f 1307//347 296//366 349//348
f 405//369 363//346 349//348
f 405//369 394//285 363//346
f 405//369 447//309 394//285
f 362//353 372//294 384//100
f 338//292 372//294 362//353
f 983//370 1004//273 987//371
f 122//372 134//373 139//374
f 415//375 440//376 414//377
f 75//335 92//354 74//266
f 226//378 186//379 246//380
f 796//381 787//382 700//383
f 1119//361 1059//13 1176//8
f 122//372 114//384 91//385
f 624//295 129//297 116//355
f 641//386 558//387 631//388
f 1311//198 1318//389 1487//390
f 100//391 1162//392 1170//393
f 1653//190 341//133 1099//132
f 1316//394 1983//395 273//396
f 263//365 277//397 296//366
f 296//366 358//398 349//348
f 436//399 447//309 405//369
f 109//400 554//401 570//402
f 504//403 1385//404 2501//405
f 115//406 122//372 91//385
f 2068//344 2460//407 779//345
f 43//408 777//409 163//410
f 378//411 405//369 349//348
f 358//398 378//411 349//348
f 448//412 447//309 436//399
f 448//412 476//413 447//309
f 78//414 77//415 108//416
f 75//335 60//265 47//337
f 1764//417 2481//418 1795//255
f 717//69 714//419 1512//420
f 1490//70 717//69 1501//421
f 238//9 1126//14 168//422
f 1878//423 1866//424 826//425
f 2025//426 2360//427 2367//428
f 251//429 278//430 263//365
f 278//430 277//397 263//365
f 277//397 318//431 296//366
f 296//366 318//431 358//398
f 318//431 350//432 358//398
f 378//411 436//399 405//369
f 384//100 372//294 1182//101
f 454//433 440//376 415//375
f 987//371 1004//273 992//275
f 493//434 476//413 448//412
f 323//352 788//435 338//292
f 403//66 238//9 136//67
f 1565//436 1503//437 1474//438
f 297//439 277//397 278//430
f 297//439 318//431 277//397
f 358//398 350//432 378//411
f 378//411 388//440 436//399
f 476//413 493//434 500//441
f 73//264 105//442 60//265
f 323//352 337//290 312//443
f 953//444 1573//445 2358//446
f 142//447 161//448 119//449
f 454//433 443//450 440//376
f 1862//451 1871//452 1405//453
f 297//439 319//454 318//431
f 560//455 47//337 541//336
f 170//456 1323//457 111//458
f 357//124 1047//125 1050//459
f 1119//361 98//460 1059//13
f 1838//461 1877//462 1900//463
f 2359//464 230//465 251//429
f 350//432 364//466 378//411
f 449//467 448//412 436//399
f 449//467 493//434 448//412
f 185//468 186//379 226//378
f 443//450 469//469 479//470
f 874//471 165//472 2480//473
f 463//474 444//349 464//351
f 64//475 105//442 91//385
f 1182//101 440//376 1129//476
f 1958//477 1651//478 2502//28
f 1238//479 2034//175 191//480
f 251//429 279//481 278//430
f 278//430 279//481 297//439
f 364//466 388//440 378//411
f 483//482 493//434 449//467
f 134//373 148//296 139//374
f 244//483 268//484 259//485
f 910//486 942//487 930//488
f 105//442 115//406 91//385
f 24//489 30//16 18//490
f 1132//491 487//492 1059//13
f 1869//225 1947//224 2021//493
f 2497//494 2494//495 2463//245
f 2359//464 2385//496 230//465
f 230//465 280//497 251//429
f 251//429 280//497 279//481
f 279//481 308//498 297//439
f 297//439 308//498 319//454
f 319//454 364//466 318//431
f 364//466 350//432 318//431
f 388//440 395//499 436//399
f 436//399 395//499 449//467
f 493//434 472//500 500//441
f 122//372 129//297 134//373
f 125//501 142//447 124//502
f 373//503 400//504 393//505
f 24//489 557//506 30//16
f 2264//269 2278//507 2251//508
f 1261//17 30//16 1269//509
f 1730//510 1862//451 1877//462
f 252//511 280//497 230//465
f 343//512 364//466 319//454
f 364//466 343//512 388//440
f 63//513 64//475 91//385
f 399//514 393//505 416//515
f 416//515 444//349 463//474
f 162//516 189//517 142//447
f 768//518 373//503 326//519
f 189//517 661//520 177//521
f 189//517 199//522 661//520
f 847//523 887//524 864//525
f 533//526 747//350 444//349
f 1744//527 1022//528 1418//529
f 1170//393 524//530 729//531
f 121//532 1342//533 128//534
f 1236//535 1244//169 26//536
f 280//497 281//537 279//481
f 281//537 308//498 279//481
f 343//512 319//454 308//498
f 343//512 365//538 388//440
f 388//440 365//538 395//499
f 365//538 406//539 395//499
f 406//539 449//467 395//499
f 483//482 477//540 493//434
f 477//540 491//541 472//500
f 493//434 477//540 472//500
f 78//414 109//400 77//415
f 166//542 174//543 196//544
f 481//545 150//546 814//547
f 63//513 59//314 64//475
f 326//519 373//503 393//505
f 643//548 260//549 43//408
f 230//465 253//550 252//511
f 449//467 441//551 483//482
f 441//551 477//540 483//482
f 415//375 416//515 463//474
f 226//378 246//380 245//552
f 464//351 470//553 454//433
f 323//352 362//353 337//290
f 52//554 37//555 1283//556
f 253//550 281//537 252//511
f 281//537 280//497 252//511
f 309//557 308//498 281//537
f 330//558 343//512 308//498
f 366//559 365//538 343//512
f 441//551 449//467 406//539
f 464//351 814//547 15//560
f 883//342 906//272 887//524
f 337//290 362//353 371//561
f 479//470 498//248 290//562
f 247//563 746//564 1003//565
f 25//566 37//555 557//506
f 640//567 930//488 669//35
f 2486//568 2499//569 2459//570
f 309//557 330//558 308//498
f 343//512 330//558 366//559
f 441//551 437//571 477//540
f 290//562 498//248 418//250
f 124//502 119//449 108//416
f 77//415 124//502 108//416
f 589//572 125//501 109//400
f 570//402 589//572 109//400
f 125//501 162//516 142//447
f 1045//573 433//156 1034//574
f 1207//73 261//106 320//112
f 2004//575 2474//323 2495//576
f 1215//577 1228//578 2285//579
f 365//538 396//580 406//539
f 396//580 422//581 406//539
f 422//581 437//571 441//551
f 406//539 422//581 441//551
f 59//314 47//337 60//265
f 51//582 78//414 66//583
f 361//291 371//561 383//99
f 196//544 215//584 214//585
f 463//474 454//433 415//375
f 27//586 41//587 535//588
f 53//589 1283//556 37//555
f 84//590 1299//591 1283//556
f 1805//120 320//112 1180//199
f 254//592 253//550 222//593
f 254//592 281//537 253//550
f 309//557 366//559 330//558
f 396//580 365//538 366//559
f 456//594 477//540 437//571
f 484//595 491//541 477//540
f 2480//473 2485//596 2493//597
f 418//250 188//249 187//318
f 53//589 85//598 1283//556
f 85//598 84//590 1283//556
f 420//83 1071//19 1065//18
f 264//599 281//537 254//592
f 298//600 309//557 281//537
f 368//601 366//559 367//602
f 368//601 396//580 366//559
f 1639//603 1564//604 1139//605
f 560//455 48//606 47//337
f 82//607 471//158 212//157
f 25//566 38//608 37//555
f 202//130 1206//126 1080//139
f 264//599 298//600 281//537
f 298//600 331//609 309//557
f 309//557 331//609 366//559
f 331//609 367//602 366//559
f 396//580 368//601 422//581
f 422//581 456//594 437//571
f 491//541 1192//610 313//611
f 1699//612 2064//613 1710//614
f 462//615 443//450 479//470
f 371//561 362//353 384//100
f 2502//28 2476//616 2464//617
f 371//561 384//100 383//99
f 21//142 732//618 212//157
f 1571//619 1629//620 1627//305
f 38//608 39//621 53//589
f 37//555 38//608 53//589
f 39//621 85//598 53//589
f 1173//622 1184//42 404//44
f 1006//623 2142//624 1674//625
f 201//626 255//627 254//592
f 255//627 264//599 254//592
f 368//601 407//628 422//581
f 450//629 456//594 422//581
f 450//629 484//595 456//594
f 456//594 484//595 477//540
f 314//630 1192//610 491//541
f 2027//631 2501//405 2489//632
f 2475//633 2471//634 2488//635
f 551//636 492//637 732//618
f 464//351 481//545 814//547
f 1081//118 1494//212 1547//119
f 201//626 231//638 255//627
f 407//628 450//629 422//581
f 484//595 494//639 491//541
f 494//639 327//640 491//541
f 327//640 314//630 491//541
f 876//641 797//321 995//642
f 847//523 856//643 829//270
f 125//501 143//644 162//516
f 134//373 129//297 148//296
f 1564//604 1571//619 1627//305
f 417//193 320//112 261//106
f 328//194 1065//18 1066//259
f 170//456 156//645 201//626
f 156//645 231//638 201//626
f 231//638 282//646 255//627
f 282//646 264//599 255//627
f 450//629 485//647 484//595
f 484//595 485//647 494//639
f 2463//245 2486//568 2479//648
f 159//649 185//468 167//650
f 492//637 68//651 212//157
f 732//618 492//637 212//157
f 68//651 82//607 212//157
f 1311//198 1471//197 1296//652
f 101//653 156//645 111//458
f 332//654 264//599 282//646
f 332//654 298//600 264//599
f 332//654 331//609 298//600
f 331//609 332//654 367//602
f 407//628 423//655 450//629
f 450//629 423//655 485//647
f 804//79 1002//78 1443//656
f 2484//343 779//345 946//657
f 689//658 443//450 462//615
f 440//376 689//658 1129//476
f 166//542 167//650 174//543
f 38//608 31//659 39//621
f 112//660 145//661 101//653
f 101//653 145//661 156//645
f 156//645 256//662 231//638
f 332//654 423//655 368//601
f 367//602 332//654 368//601
f 368//601 423//655 407//628
f 946//657 779//345 920//663
f 1432//664 1261//17 1449//665
f 461//666 478//667 453//668
f 464//351 15//560 470//553
f 31//659 54//669 39//621
f 39//621 54//669 85//598
f 86//670 101//653 85//598
f 145//661 210//671 156//645
f 282//646 283//672 332//654
f 283//672 369//673 332//654
f 369//673 423//655 332//654
f 423//655 408//674 485//647
f 854//675 876//641 965//676
f 78//414 108//416 66//583
f 440//376 443//450 689//658
f 374//677 2465//678 961//679
f 929//208 519//680 979//681
f 54//669 86//670 85//598
f 156//645 241//682 256//662
f 256//662 282//646 231//638
f 256//662 283//672 282//646
f 389//683 423//655 369//673
f 389//683 408//674 423//655
f 408//674 457//684 485//647
f 457//684 49//685 485//647
f 485//647 49//685 494//639
f 494//639 135//686 327//640
f 175//687 83//688 314//630
f 1167//689 1140//690 1483//691
f 196//544 174//543 215//584
f 697//692 16//693 68//651
f 1038//694 82//607 16//693
f 140//695 117//696 141//697
f 1654//31 1653//190 1646//32
f 1234//698 54//669 31//659
f 86//670 112//660 101//653
f 210//671 241//682 156//645
f 923//699 917//339 911//700
f 697//692 34//701 16//693
f 145//661 193//702 210//671
f 256//662 265//703 283//672
f 265//703 310//704 283//672
f 283//672 310//704 369//673
f 310//704 344//705 369//673
f 344//705 370//706 369//673
f 370//706 389//683 369//673
f 409//707 408//674 389//683
f 409//707 466//708 408//674
f 466//708 457//684 408//674
f 466//708 49//685 457//684
f 49//685 135//686 494//639
f 174//543 225//709 215//584
f 1014//253 766//710 602//711
f 826//425 2220//712 2215//713
f 1078//211 1494//212 1081//118
f 1273//714 70//715 86//670
f 120//716 112//660 86//670
f 146//717 145//661 112//660
f 146//717 193//702 145//661
f 265//703 256//662 241//682
f 223//718 265//703 241//682
f 486//719 49//685 466//708
f 175//687 327//640 135//686
f 105//442 122//372 115//406
f 480//720 15//560 681//721
f 225//709 234//722 215//584
f 731//723 34//701 697//692
f 86//670 54//669 1273//714
f 70//715 120//716 86//670
f 193//702 241//682 210//671
f 299//724 310//704 265//703
f 310//704 333//725 344//705
f 344//705 351//726 370//706
f 424//727 466//708 409//707
f 135//686 49//685 175//687
f 214//585 215//584 234//722
f 48//606 75//335 47//337
f 34//701 9//728 1038//694
f 16//693 34//701 1038//694
f 203//201 291//181 271//161
f 9//728 558//387 754//729
f 1195//730 397//731 1120//23
f 120//716 146//717 112//660
f 146//717 194//732 193//702
f 266//733 265//703 223//718
f 266//733 299//724 265//703
f 299//724 333//725 310//704
f 333//725 351//726 344//705
f 382//734 383//99 392//735
f 399//514 416//515 415//375
f 266//733 333//725 299//724
f 351//726 352//736 370//706
f 424//727 486//719 466//708
f 487//492 175//687 49//685
f 7//317 117//696 187//318
f 1182//101 414//377 440//376
f 41//587 42//313 46//315
f 290//562 289//737 497//738
f 2502//28 2464//617 2473//29
f 372//294 399//514 414//377
f 1570//24 1585//26 1584//41
f 1066//259 1//20 1165//129
f 1//20 202//130 1165//129
f 120//716 70//715 102//739
f 157//740 146//717 120//716
f 194//732 223//718 193//702
f 223//718 241//682 193//702
f 352//736 379//741 370//706
f 370//706 379//741 389//683
f 410//742 409//707 389//683
f 2478//743 1409//744 1958//477
f 806//745 945//302 1002//78
f 157//740 194//732 146//717
f 267//746 266//733 223//718
f 267//746 333//725 266//733
f 379//741 410//742 389//683
f 410//742 438//747 409//707
f 438//747 424//727 409//707
f 190//748 205//749 143//644
f 337//290 371//561 361//291
f 2215//713 830//750 826//425
f 1631//330 1646//32 1638//223
f 102//739 157//740 120//716
f 157//740 195//751 194//732
f 195//751 223//718 194//732
f 195//751 211//752 223//718
f 223//718 211//752 267//746
f 267//746 300//753 333//725
f 300//753 334//754 351//726
f 333//725 300//753 351//726
f 351//726 334//754 352//736
f 410//742 411//755 438//747
f 438//747 486//719 424//727
f 487//492 49//685 486//719
f 875//756 594//326 989//757
f 108//416 581//758 66//583
f 225//709 245//552 244//483
f 312//443 336//289 335//759
f 151//760 754//729 107//761
f 274//762 1386//763 300//753
f 352//736 334//754 379//741
f 923//699 1729//764 1096//765
f 244//483 245//552 268//484
f 463//474 464//351 454//433
f 414//377 399//514 415//375
f 15//560 480//720 470//553
f 1647//2 1069//1 1078//211
f 909//5 922//136 833//138
f 387//766 417//193 328//194
f 133//767 157//740 102//739
f 1314//768 133//767 102//739
f 133//767 195//751 157//740
f 1148//331 1179//362 1160//364
f 1046//102 1167//689 182//109
f 379//741 411//755 410//742
f 792//239 339//769 229//770
f 391//771 7//317 668//772
f 185//468 226//378 174//543
f 461//666 290//562 497//738
f 2027//631 504//403 2501//405
f 1196//65 1054//108 403//66
f 728//773 1019//301 752//774
f 2459//570 2483//775 2461//776
f 1291//777 1264//778 55//779
f 133//767 1356//780 195//751
f 195//751 1356//780 211//752
f 412//781 438//747 411//755
f 4//782 486//719 438//747
f 458//783 4//782 438//747
f 4//782 487//492 486//719
f 1720//784 1572//785 1771//786
f 245//552 275//787 268//484
f 1869//225 2021//493 2059//788
f 235//293 399//514 372//294
f 64//475 60//265 105//442
f 836//789 2492//247 879//246
f 1315//790 133//767 1314//768
f 1331//791 1382//792 1356//780
f 1310//793 926//794 1128//795
f 7//317 1121//131 117//696
f 119//449 161//448 611//796
f 380//797 379//741 334//754
f 379//741 380//797 411//755
f 467//798 4//782 458//783
f 495//799 487//492 4//782
f 495//799 1126//14 487//492
f 416//515 400//504 533//526
f 479//470 469//469 498//248
f 74//266 116//355 73//264
f 478//667 461//666 497//738
f 393//505 400//504 416//515
f 61//800 1291//777 55//779
f 505//801 1999//802 2474//323
f 1999//802 2491//324 2474//323
f 199//522 189//517 36//803
f 1164//804 1165//129 169//308
f 1179//362 387//766 249//805
f 390//806 411//755 380//797
f 411//755 390//806 412//781
f 458//783 438//747 412//781
f 495//799 168//422 1126//14
f 480//720 469//469 470//553
f 116//355 122//372 105//442
f 418//250 187//318 140//695
f 185//468 174//543 167//650
f 166//542 148//296 167//650
f 470//553 469//469 443//450
f 40//807 55//779 32//170
f 61//800 71//808 1291//777
f 71//808 103//809 1291//777
f 1184//42 1173//622 1154//54
f 634//356 514//810 97//357
f 425//811 458//783 412//781
f 917//339 923//699 931//340
f 2472//812 2489//632 853//813
f 754//729 641//386 567//814
f 44//815 567//814 1163//816
f 454//433 470//553 443//450
f 40//807 32//170 1249//817
f 33//818 40//807 1249//817
f 56//819 55//779 40//807
f 56//819 61//800 55//779
f 451//820 1265//821 439//822
f 1180//199 417//193 1179//362
f 1099//132 301//134 1077//823
f 1189//94 1058//4 939//6
f 1059//13 221//824 1132//491
f 598//825 1074//826 1075//827
f 412//781 426//828 425//811
f 650//829 186//379 185//468
f 234//722 244//483 259//485
f 226//378 245//552 225//709
f 1033//154 1042//12 1030//830
f 2492//247 836//789 247//563
f 7//317 169//308 1121//131
f 1462//831 1322//832 1482//833
f 425//811 467//798 458//783
f 496//834 4//782 467//798
f 1751//835 2468//226 2480//473
f 290//562 418//250 140//695
f 326//519 789//836 762//837
f 142//447 177//521 161//448
f 165//472 1751//835 2480//473
f 87//838 103//809 71//808
f 103//809 87//838 104//839
f 1180//199 1179//362 1148//331
f 417//193 387//766 1179//362
f 2081//840 2060//841 2031//842
f 1154//54 1173//622 1141//56
f 181//843 131//844 197//845
f 442//846 425//811 426//828
f 614//847 144//848 143//644
f 876//641 1010//319 797//321
f 40//807 45//849 56//819
f 56//819 45//849 61//800
f 87//838 71//808 61//800
f 1563//850 1437//851 1590//852
f 1121//131 385//140 117//696
f 1148//331 1160//364 1137//853
f 1449//665 1459//854 1439//855
f 1028//856 2462//325 929//208
f 442//846 459//857 425//811
f 459//857 467//798 425//811
f 168//422 495//799 4//782
f 496//834 168//422 4//782
f 1763//858 1403//859 1444//860
f 140//695 187//318 117//696
f 244//483 234//722 225//709
f 246//380 740//861 269//862
f 372//294 414//377 1182//101
f 40//807 547//863 45//849
f 45//849 62//864 61//800
f 62//864 87//838 61//800
f 87//838 88//865 104//839
f 1084//189 517//866 1054//108
f 387//766 328//194 1064//867
f 2467//868 2497//494 2485//596
f 286//869 1363//870 302//871
f 205//749 189//517 162//516
f 290//562 140//695 289//737
f 214//585 234//722 224//872
f 393//505 399//514 809//873
f 315//179 1131//159 397//731
f 302//871 321//874 353//875
f 1164//804 169//308 391//771
f 427//876 459//857 442//846
f 217//877 496//834 467//798
f 217//877 168//422 496//834
f 978//878 969//879 2074//880
f 361//291 383//99 382//734
f 269//862 276//881 245//552
f 1440//37 11//882 305//38
f 62//864 88//865 87//838
f 328//194 1066//259 1064//867
f 1066//259 1165//129 1164//804
f 242//883 287//884 302//871
f 1363//870 242//883 302//871
f 287//884 321//874 302//871
f 1179//362 249//805 1187//363
f 983//370 1020//360 1004//273
f 464//351 747//350 481//545
f 788//435 323//352 276//881
f 269//862 245//552 246//380
f 88//865 89//885 1325//886
f 171//887 172//888 242//883
f 360//889 353//875 321//874
f 360//889 1354//890 353//875
f 1057//891 1064//867 1164//804
f 2184//892 2188//893 2183//894
f 460//895 459//857 451//820
f 460//895 467//798 459//857
f 149//896 168//422 217//877
f 149//896 136//67 168//422
f 116//355 129//297 122//372
f 109//400 124//502 77//415
f 159//649 167//650 148//296
f 28//338 42//313 41//587
f 57//897 88//865 62//864
f 45//849 57//897 62//864
f 1336//898 1325//886 89//885
f 89//885 72//899 1336//898
f 147//900 172//888 171//887
f 172//888 258//901 242//883
f 258//901 257//902 242//883
f 257//902 287//884 242//883
f 257//902 321//874 287//884
f 345//903 360//889 321//874
f 360//889 381//904 1354//890
f 1069//1 938//905 1655//906
f 387//766 473//907 249//805
f 270//908 217//877 467//798
f 130//909 136//67 149//896
f 851//910 847//523 829//270
f 983//370 987//371 975//911
f 189//517 177//521 142//447
f 88//865 72//899 89//885
f 184//912 258//901 172//888
f 257//902 288//913 321//874
f 1265//821 451//820 459//857
f 270//908 149//896 217//877
f 226//378 225//709 174//543
f 27//586 28//338 41//587
f 109//400 125//501 124//502
f 547//863 57//897 45//849
f 57//897 58//914 88//865
f 88//865 58//914 72//899
f 2476//616 2484//343 2458//311
f 147//900 184//912 172//888
f 184//912 213//915 258//901
f 258//901 243//916 257//902
f 243//916 288//913 257//902
f 345//903 321//874 288//913
f 391//771 169//308 7//317
f 468//917 460//895 451//820
f 468//917 488//918 460//895
f 270//908 467//798 460//895
f 488//918 270//908 460//895
f 1206//126 136//67 130//909
f 481//545 793//919 150//546
f 143//644 205//749 162//516
f 142//447 119//449 124//502
f 58//914 90//920 72//899
f 90//920 128//534 72//899
f 147//900 173//921 184//912
f 173//921 213//915 184//912
f 213//915 233//922 258//901
f 258//901 233//922 243//916
f 354//923 360//889 345//903
f 354//923 381//904 360//889
f 1026//328 991//274 307//327
f 268//484 312//443 259//485
f 1206//126 130//909 1080//139
f 116//355 105//442 73//264
f 139//374 148//296 166//542
f 275//787 312//443 268//484
f 188//249 401//316 187//318
f 2479//648 2459//570 2461//776
f 58//914 63//513 90//920
f 1064//867 1066//259 1164//804
f 1064//867 473//907 387//766
f 288//913 311//924 345//903
f 311//924 354//923 345//903
f 996//925 994//240 307//327
f 452//926 468//917 439//822
f 452//926 478//667 468//917
f 478//667 488//918 468//917
f 141//697 130//909 149//896
f 1564//604 1639//603 1563//850
f 547//863 41//587 57//897
f 2081//840 2107//927 2060//841
f 382//734 381//904 354//923
f 497//738 270//908 488//918
f 289//737 149//896 270//908
f 289//737 141//697 149//896
f 114//384 122//372 139//374
f 59//314 60//265 64//475
f 275//787 323//352 312//443
f 401//316 668//772 7//317
f 41//587 46//315 57//897
f 57//897 46//315 58//914
f 1459//854 1345//928 1269//509
f 1342//533 121//532 158//929
f 166//542 173//921 158//929
f 213//915 224//872 233//922
f 233//922 259//485 243//916
f 243//916 322//930 288//913
f 322//930 311//924 288//913
f 453//668 478//667 452//926
f 497//738 289//737 270//908
f 912//271 911//700 906//272
f 276//881 323//352 275//787
f 276//881 275//787 245//552
f 46//315 63//513 58//914
f 90//920 121//532 128//534
f 173//921 214//585 213//915
f 213//915 214//585 224//872
f 259//485 322//930 243//916
f 336//289 311//924 322//930
f 336//289 354//923 311//924
f 361//291 382//734 354//923
f 1043//931 439//822 1290//932
f 497//738 488//918 478//667
f 385//140 130//909 141//697
f 385//140 1080//139 130//909
f 144//848 190//748 143//644
f 535//588 41//587 547//863
f 121//532 166//542 158//929
f 335//759 336//289 322//930
f 354//923 336//289 361//291
f 2004//575 2481//418 1764//417
f 698//933 439//822 1043//931
f 289//737 140//695 141//697
f 923//699 1096//765 931//340
f 650//829 185//468 159//649
f 46//315 59//314 63//513
f 63//513 91//385 90//920
f 90//920 114//384 121//532
f 121//532 139//374 166//542
f 173//921 196//544 214//585
f 259//485 335//759 322//930
f 2478//743 2502//28 2434//27
f 312//443 337//290 336//289
f 90//920 91//385 114//384
f 114//384 139//374 121//532
f 166//542 196//544 173//921
f 224//872 234//722 233//922
f 234//722 259//485 233//922
f 259//485 312//443 335//759
f 1124//93 916//934 1189//94
f 542//935 541//336 530//936
f 462//615 479//470 290//562
f 269//862 783//937 276//881
f 813//938 567//814 641//386
f 276//881 783//937 788//435
f 82//607 1038//694 1333//939
f 816//940 701//941 703//942
f 672//943 137//944 603//945
f 625//946 635//947 624//295
f 2457//948 2439//949 1973//950
f 767//951 533//526 529//952
f 2468//226 1869//225 2480//473
f 662//953 190//748 639//954
f 711//955 720//956 719//957
f 630//958 639//954 614//847
f 161//448 654//959 638//960
f 781//961 991//274 982//358
f 1227//962 31//659 516//963
f 648//964 639//954 630//958
f 630//958 614//847 590//965
f 2098//966 544//244 1899//967
f 578//968 579//969 586//970
f 697//692 492//637 551//636
f 529//952 533//526 400//504
f 869//971 859//972 870//973
f 1732//974 924//975 914//976
f 1004//273 1027//359 991//274
f 801//977 591//978 603//945
f 636//979 676//980 651//981
f 876//641 949//982 965//676
f 2207//52 1789//51 1859//983
f 76//202 739//984 237//203
f 188//249 681//721 15//560
f 578//968 604//985 599//986
f 797//321 616//987 995//642
f 510//988 2035//989 1365//990
f 76//202 812//298 617//991
f 617//991 739//984 76//202
f 1468//992 93//993 1765//994
f 596//299 546//995 812//298
f 1457//996 1305//997 1477//998
f 760//999 197//845 150//546
f 671//1000 773//1001 765//1002
f 586//970 609//1003 604//985
f 591//978 700//383 632//1004
f 476//413 2312//1005 474//288
f 2084//1006 2027//631 2489//632
f 582//1007 590//965 571//1008
f 1555//40 2449//283 1996//1009
f 674//1010 546//995 596//299
f 812//298 655//1011 617//991
f 161//448 177//521 661//520
f 599//986 604//985 636//979
f 700//383 787//382 576//1012
f 776//1013 675//1014 572//1015
f 776//1013 674//1010 675//1014
f 617//991 634//356 739//984
f 591//978 632//1004 649//1016
f 612//1017 546//995 674//1010
f 617//991 655//1011 634//356
f 728//773 752//774 706//1018
f 571//1008 2311//1019 2305//1020
f 775//1021 674//1010 776//1013
f 775//1021 612//1017 674//1010
f 612//1017 628//1022 546//995
f 546//995 628//1022 812//298
f 812//298 628//1022 655//1011
f 620//1023 630//958 615//1024
f 620//1023 648//964 630//958
f 667//1025 653//1026 646//1027
f 810//1028 782//1029 785//1030
f 150//546 197//845 814//547
f 534//1031 1517//1032 2000//63
f 702//1033 572//1015 2378//1034
f 748//1035 776//1013 572//1015
f 655//1011 613//1036 634//356
f 911//700 917//339 905//1037
f 648//964 679//1038 662//953
f 727//1039 771//1040 713//1041
f 750//1042 807//1043 799//1044
f 639//954 190//748 144//848
f 662//953 679//1038 200//1045
f 702//1033 748//1035 572//1015
f 775//1021 776//1013 748//1035
f 628//1022 718//1046 655//1011
f 626//1047 658//1048 645//1049
f 791//1050 778//1051 790//1052
f 612//1017 811//1053 628//1022
f 613//1036 514//810 634//356
f 1380//1054 1756//1055 1673//1056
f 570//402 590//965 614//847
f 720//956 741//1057 719//957
f 1074//826 795//1058 835//1059
f 614//847 639//954 144//848
f 612//1017 775//1021 811//1053
f 718//1046 735//1060 655//1011
f 655//1011 735//1060 613//1036
f 798//1061 338//292 788//435
f 636//979 652//1062 676//980
f 571//1008 590//965 555//1063
f 528//1064 730//1065 687//1066
f 690//1067 702//1033 2312//1005
f 476//413 690//1067 2312//1005
f 811//1053 718//1046 628//1022
f 721//1068 778//1051 727//1039
f 748//1035 702//1033 690//1067
f 735//1060 686//1069 613//1036
f 1517//1032 2002//1070 2127//1071
f 654//959 685//1072 667//1025
f 569//1073 588//1074 606//1075
f 513//1076 531//1077 538//1078
f 538//1078 549//1079 548//1080
f 549//1079 553//1081 548//1080
f 550//1082 588//1074 549//1079
f 1903//1083 869//971 870//973
f 691//1084 775//1021 748//1035
f 691//1084 600//1085 775//1021
f 600//1085 811//1053 775//1021
f 811//1053 563//1086 718//1046
f 563//1086 736//1087 718//1046
f 718//1046 736//1087 735//1060
f 736//1087 647//1088 735//1060
f 735//1060 647//1088 686//1069
f 686//1069 745//1089 613//1036
f 745//1089 514//810 613//1036
f 569//1073 606//1075 605//1090
f 654//959 667//1025 638//960
f 851//910 857//243 847//523
f 588//1074 569//1073 549//1079
f 690//1067 691//1084 748//1035
f 680//1091 514//810 745//1089
f 2127//1071 2002//1070 2094//1092
f 747//350 701//941 481//545
f 400//504 373//503 529//952
f 600//1085 536//1093 811//1053
f 536//1093 563//1086 811//1053
f 1306//155 227//163 1152//219
f 522//1094 24//489 18//490
f 523//1095 24//489 522//1094
f 865//251 857//243 851//910
f 2031//842 2060//841 1540//1096
f 767//951 701//941 747//350
f 618//1097 652//1062 609//1003
f 652//1062 636//979 609//1003
f 573//1098 22//1099 710//1100
f 642//1101 699//1102 730//1065
f 1522//1103 1518//1104 2476//616
f 500//441 629//1105 691//1084
f 690//1067 500//441 691//1084
f 691//1084 629//1105 600//1085
f 780//1106 644//1107 641//386
f 579//969 578//968 561//1108
f 131//844 668//772 197//845
f 197//845 668//772 814//547
f 789//836 809//873 798//1061
f 622//1109 760//999 150//546
f 621//1110 563//1086 536//1093
f 673//1111 745//1089 686//1069
f 673//1111 818//1112 745//1089
f 818//1112 680//1091 745//1089
f 680//1091 96//1113 514//810
f 2495//576 2462//325 1028//856
f 1028//856 583//207 575//1114
f 663//1115 794//1116 664//1117
f 629//1105 761//1118 600//1085
f 761//1118 757//1119 600//1085
f 600//1085 757//1119 536//1093
f 621//1110 696//1120 563//1086
f 755//1121 736//1087 563//1086
f 696//1120 755//1121 563//1086
f 633//1122 736//1087 755//1121
f 633//1122 647//1088 736//1087
f 623//1123 686//1069 647//1088
f 633//1122 623//1123 647//1088
f 686//1069 623//1123 673//1111
f 819//1124 680//1091 818//1112
f 680//1091 819//1124 96//1113
f 1729//764 1677//1125 1096//765
f 2482//1126 1899//967 2471//634
f 537//1127 536//1093 757//1119
f 536//1093 537//1127 621//1110
f 673//1111 819//1124 818//1112
f 2428//1128 222//593 230//465
f 25//566 24//489 523//1095
f 25//566 557//506 24//489
f 38//608 25//566 19//1129
f 710//1100 22//1099 272//1130
f 663//1115 759//1131 794//1116
f 1120//23 878//1132 1195//730
f 537//1127 696//1120 621//1110
f 696//1120 633//1122 755//1121
f 822//1133 2215//713 2220//712
f 97//357 96//1113 1053//166
f 750//1042 784//1134 743//1135
f 887//524 905//1037 864//525
f 768//518 784//1134 373//503
f 512//1136 513//1076 548//1080
f 573//1098 664//1117 22//1099
f 696//1120 715//1137 633//1122
f 673//1111 521//1138 819//1124
f 2454//1139 2453//1140 2445//1141
f 883//342 887//524 847//523
f 306//227 812//298 76//202
f 642//1101 528//1064 759//1131
f 798//1061 809//873 235//293
f 994//240 792//239 998//252
f 587//1142 626//1047 586//970
f 1900//463 1918//1143 1937//1144
f 645//1049 652//1062 618//1097
f 537//1127 786//1145 696//1120
f 521//1138 593//1146 819//1124
f 515//1147 19//1129 523//1095
f 741//1057 749//1148 719//957
f 789//836 326//519 809//873
f 539//1149 581//758 550//1082
f 657//1150 777//409 723//1151
f 684//1152 713//1041 660//1153
f 692//1154 712//1155 720//956
f 652//1062 666//1156 692//1154
f 507//1157 761//1118 629//1105
f 472//500 507//1157 629//1105
f 507//1157 757//1119 761//1118
f 623//1123 633//1122 673//1111
f 724//1158 521//1138 673//1111
f 515//1147 516//963 19//1129
f 304//263 675//1014 674//1010
f 178//1159 778//1051 721//1068
f 947//1160 1447//1161 2358//446
f 626//1047 645//1049 618//1097
f 586//970 626//1047 618//1097
f 784//1134 768//518 742//1162
f 753//1163 537//1127 757//1119
f 537//1127 753//1163 786//1145
f 724//1158 981//1164 521//1138
f 521//1138 981//1164 593//1146
f 979//681 559//1165 850//209
f 637//1166 660//1153 677//1167
f 787//382 631//388 576//1012
f 141//697 117//696 385//140
f 809//873 399//514 235//293
f 641//386 754//729 558//387
f 542//935 553//1081 561//1108
f 742//1162 768//518 762//837
f 444//349 416//515 533//526
f 528//1064 687//1066 796//381
f 813//938 598//825 566//1168
f 1490//70 1501//421 1557//171
f 753//1163 757//1119 507//1157
f 786//1145 715//1137 696//1120
f 633//1122 724//1158 673//1111
f 2090//1169 2062//172 2109//174
f 646//1027 653//1026 660//1153
f 660//1153 694//1170 683//1171
f 677//1167 660//1153 683//1171
f 1872//1172 839//1173 838//1174
f 1224//1175 18//490 30//16
f 326//519 393//505 809//873
f 799//1044 529//952 373//503
f 313//611 507//1157 472//500
f 715//1137 774//1176 633//1122
f 974//1177 699//1102 841//1178
f 703//942 820//1179 816//940
f 692//1154 711//955 676//980
f 1014//253 355//1180 766//710
f 875//756 752//774 1019//301
f 627//1181 646//1027 660//1153
f 711//955 692//1154 720//956
f 652//1062 692//1154 676//980
f 799//1044 373//503 784//1134
f 813//938 566//1168 567//814
f 2462//325 2482//1126 2475//633
f 764//1182 644//1107 780//1106
f 1479//1183 1924//1184 1916//1185
f 753//1163 738//1186 786//1145
f 738//1186 607//1187 786//1145
f 786//1145 607//1187 715//1137
f 715//1137 524//530 774//1176
f 633//1122 774//1176 724//1158
f 559//1165 979//681 672//943
f 758//1188 798//1061 783//937
f 683//1171 694//1170 705//1189
f 820//1179 703//942 562//1190
f 764//1182 687//1066 644//1107
f 744//1191 743//1135 725//1192
f 313//611 753//1163 507//1157
f 607//1187 524//530 715//1137
f 664//1117 801//977 22//1099
f 646//1027 627//1181 610//1193
f 800//1194 820//1179 562//1190
f 750//1042 769//1195 807//1043
f 767//951 747//350 533//526
f 578//968 586//970 604//985
f 862//1196 593//1146 981//1164
f 688//160 2382//1197 1083//144
f 306//227 304//263 674//1010
f 738//1186 584//1198 607//1187
f 168//422 136//67 238//9
f 773//1001 552//1199 765//1002
f 2473//29 2464//617 2458//311
f 773//1001 793//919 552//1199
f 626//1047 619//1200 658//1048
f 1007//1201 1139//605 1013//1202
f 562//1190 529//952 799//1044
f 744//1191 750//1042 743//1135
f 659//1203 683//1171 693//1204
f 677//1167 683//1171 659//1203
f 313//611 737//1205 753//1163
f 753//1163 737//1205 738//1186
f 607//1187 729//531 524//530
f 27//586 518//1206 28//338
f 553//1081 569//1073 580//1207
f 657//1150 163//410 777//409
f 580//1207 569//1073 605//1090
f 789//836 798//1061 758//1188
f 769//1195 562//1190 807//1043
f 820//1179 671//1000 816//940
f 638//960 646//1027 611//796
f 1074//826 598//825 644//1107
f 750//1042 799//1044 784//1134
f 1931//1208 907//1209 898//1210
f 2483//775 2487//310 2461//776
f 737//1205 584//1198 738//1186
f 1439//855 1438//1211 1431//1212
f 2098//966 1213//1213 544//244
f 48//606 578//968 75//335
f 796//381 631//388 787//382
f 815//141 732//618 21//142
f 581//758 588//1074 550//1082
f 625//946 636//979 651//981
f 778//1051 1011//1214 810//1028
f 693//1204 705//1189 725//1192
f 693//1204 683//1171 705//1189
f 236//1215 1921//1216 1966//1217
f 584//1198 729//531 607//1187
f 2237//1218 1866//424 2227//1219
f 530//936 541//336 28//338
f 237//203 739//984 248//228
f 512//1136 530//936 28//338
f 727//1039 778//1051 771//1040
f 684//1152 727//1039 713//1041
f 2237//1218 2220//712 826//425
f 542//935 561//1108 560//455
f 528//1064 796//381 700//383
f 808//1220 785//1030 671//1000
f 739//984 592//267 248//228
f 895//1221 905//1037 896//1222
f 740//861 246//380 186//379
f 272//1130 137//944 979//681
f 770//1223 769//1195 744//1191
f 712//1155 742//1162 720//956
f 1213//1213 2026//1224 544//244
f 1888//1225 1235//1226 2438//1227
f 555//1063 554//401 2311//1019
f 737//1205 313//611 1192//610
f 1585//26 1612//1228 1611//187
f 695//1229 721//1068 685//1072
f 518//1206 17//1230 28//338
f 769//1195 770//1223 562//1190
f 719//957 749//1148 740//861
f 648//964 669//35 679//1038
f 773//1001 657//1150 723//1151
f 606//1075 637//1166 619//1200
f 2072//1231 2062//172 2042//1232
f 606//1075 619//1200 626//1047
f 549//1079 569//1073 553//1081
f 161//448 638//960 611//796
f 910//486 917//339 942//487
f 917//339 1103//341 942//487
f 991//274 1026//328 992//275
f 979//681 137//944 672//943
f 785//1030 163//410 657//1150
f 710//1100 2488//635 2472//812
f 611//796 581//758 119//449
f 808//1220 671//1000 820//1179
f 1820//1233 1900//463 1870//1234
f 759//1131 700//383 591//978
f 637//1166 677//1167 619//1200
f 2494//495 2490//1235 2463//245
f 671//1000 765//1002 816//940
f 687//1066 764//1182 780//1106
f 1019//301 992//275 1026//328
f 1726//300 1719//1236 987//371
f 713//1041 771//1040 694//1170
f 51//582 2355//1237 78//414
f 510//988 526//1238 525//1239
f 525//1239 526//1238 1249//817
f 526//1238 33//818 1249//817
f 2311//1019 554//401 2335//1240
f 827//1241 848//1242 840//1243
f 603//945 591//978 649//1016
f 758//1188 269//862 740//861
f 1595//81 1612//1228 1586//1244
f 1694//1245 1048//1246 1699//612
f 682//1247 740//861 186//379
f 22//1099 801//977 603//945
f 555//1063 570//402 554//401
f 1053//166 110//1248 97//357
f 615//1024 582//1007 601//1249
f 814//547 668//772 188//249
f 725//1192 705//1189 744//1191
f 528//1064 700//383 759//1131
f 640//567 648//964 620//1023
f 703//942 701//941 562//1190
f 886//1250 892//1251 582//1007
f 631//388 731//723 576//1012
f 1087//1252 1835//1253 1747//1254
f 882//1255 864//525 895//1221
f 956//1256 950//1257 1103//341
f 1502//231 2500//233 2470//1258
f 205//749 190//748 200//1045
f 815//141 878//1132 616//987
f 616//987 878//1132 995//642
f 1183//143 878//1132 815//141
f 1601//1259 1827//1260 881//232
f 527//1261 535//588 526//1238
f 2184//892 2183//894 2175//1262
f 1142//1263 1125//1264 1133//107
f 235//293 338//292 798//1061
f 160//238 339//769 792//239
f 599//986 92//354 75//335
f 598//825 1116//1265 566//1168
f 631//388 558//387 731//723
f 771//1040 770//1223 744//1191
f 730//1065 528//1064 642//1101
f 841//1178 699//1102 642//1101
f 668//772 401//316 188//249
f 510//988 527//1261 526//1238
f 749//1148 758//1188 740//861
f 706//1018 721//1068 695//1229
f 694//1170 726//1266 705//1189
f 694//1170 744//1191 726//1266
f 906//272 911//700 905//1037
f 661//520 695//1229 161//448
f 708//1267 815//141 616//987
f 535//588 547//863 33//818
f 794//1116 759//1131 591//978
f 778//1051 808//1220 790//1052
f 269//862 758//1188 783//937
f 771//1040 744//1191 694//1170
f 800//1194 808//1220 820//1179
f 571//1008 886//1250 582//1007
f 854//675 948//256 1010//319
f 906//272 905//1037 887//524
f 625//946 651//981 635//947
f 2000//63 1226//217 534//1031
f 2140//1268 1504//1269 2016//1270
f 601//1249 620//1023 615//1024
f 620//1023 601//1249 640//567
f 648//964 640//567 669//35
f 698//933 452//926 439//822
f 671//1000 785//1030 657//1150
f 1561//114 2356//1271 545//113
f 685//1072 653//1026 667//1025
f 685//1072 727//1039 684//1152
f 568//1272 616//987 797//321
f 708//1267 732//618 815//141
f 93//993 229//770 339//769
f 865//251 851//910 839//1173
f 942//487 1103//341 950//1257
f 589//572 614//847 125//501
f 606//1075 610//1193 627//1181
f 951//1273 834//1274 873//1275
f 92//354 599//986 625//946
f 1878//423 830//750 1902//1276
f 2482//1126 2098//966 1899//967
f 568//1272 708//1267 616//987
f 708//1267 551//636 732//618
f 2434//27 2487//310 2483//775
f 160//238 964//183 665//185
f 2316//1277 2391//1278 2309//1279
f 762//837 758//1188 749//1148
f 570//402 614//847 589//572
f 888//242 897//254 883//342
f 2000//63 1517//1032 1388//1280
f 685//1072 721//1068 727//1039
f 588//1074 610//1193 606//1075
f 653//1026 685//1072 684//1152
f 651//981 650//829 635//947
f 760//999 1151//1281 6//1282
f 793//919 622//1109 150//546
f 651//981 676//980 650//829
f 744//1191 769//1195 750//1042
f 541//336 542//935 560//455
f 476//413 500//441 690//1067
f 473//907 1064//867 1057//891
f 561//1108 578//968 560//455
f 636//979 625//946 599//986
f 876//641 995//642 949//982
f 829//270 856//643 846//268
f 682//1247 704//1283 740//861
f 791//1050 790//1052 770//1223
f 2466//1284 2500//233 2460//407
f 579//969 587//1142 586//970
f 1352//1285 1208//1286 1095//1287
f 1684//1288 1479//1183 1916//1185
f 604//985 609//1003 636//979
f 751//1289 721//1068 706//1018
f 810//1028 608//1290 782//1029
f 672//943 603//945 649//1016
f 475//286 447//309 476//413
f 794//1116 591//978 801//977
f 682//1247 186//379 650//829
f 808//1220 800//1194 790//1052
f 644//1107 598//825 813//938
f 704//1283 719//957 740//861
f 1011//1214 608//1290 810//1028
f 1192//610 584//1198 737//1205
f 687//1066 780//1106 796//381
f 2337//1291 474//288 2312//1005
f 638//960 667//1025 646//1027
f 706//1018 1186//1292 728//773
f 733//1293 575//1114 568//1272
f 595//1294 551//636 708//1267
f 595//1294 540//1295 551//636
f 1308//1296 501//1297 1852//1298
f 665//185 339//769 160//238
f 527//1261 2447//1299 535//588
f 558//387 9//728 731//723
f 723//1151 793//919 773//1001
f 660//1153 713//1041 694//1170
f 693//1204 725//1192 666//1156
f 562//1190 767//951 529//952
f 550//1082 538//1078 531//1077
f 2267//1300 2287//1301 2233//1302
f 996//925 964//183 160//238
f 2068//344 2470//1258 2466//1284
f 704//1283 711//955 719//957
f 741//1057 762//837 749//1148
f 605//1090 606//1075 626//1047
f 548//1080 542//935 530//936
f 995//642 878//1132 709//1303
f 1898//1304 1684//1288 1916//1185
f 778//1051 791//1050 771//1040
f 782//1029 163//410 785//1030
f 789//836 758//1188 762//837
f 857//243 883//342 847//523
f 733//1293 970//320 1028//856
f 838//1174 829//270 825//1305
f 2447//1299 511//1306 535//588
f 22//1099 603//945 137//944
f 705//1189 726//1266 744//1191
f 605//1090 587//1142 580//1207
f 512//1136 548//1080 530//936
f 743//1135 784//1134 742//1162
f 790//1052 800//1194 770//1223
f 778//1051 810//1028 808//1220
f 1014//253 998//252 355//1180
f 708//1267 568//1272 595//1294
f 656//1307 697//692 551//636
f 540//1295 656//1307 551//636
f 143//644 125//501 614//847
f 1000//1308 1020//360 983//370
f 778//1051 178//1159 1011//1214
f 676//980 704//1283 682//1247
f 637//1166 627//1181 660//1153
f 606//1075 627//1181 637//1166
f 701//941 552//1199 481//545
f 808//1220 810//1028 785//1030
f 590//965 570//402 555//1063
f 716//1309 595//1294 568//1272
f 2355//1237 2335//1240 554//401
f 912//271 1729//764 911//700
f 1076//1310 1456//1311 1546//1312
f 697//692 68//651 492//637
f 676//980 711//955 704//1283
f 839//1173 851//910 838//1174
f 1028//856 575//1114 733//1293
f 1020//360 844//1313 982//358
f 716//1309 568//1272 575//1114
f 844//1313 781//961 982//358
f 1238//479 2156//1314 2034//175
f 553//1081 580//1207 561//1108
f 580//1207 579//969 561//1108
f 452//926 461//666 453//668
f 560//455 578//968 48//606
f 564//1315 540//1295 595//1294
f 632//1004 656//1307 540//1295
f 564//1315 632//1004 540//1295
f 75//335 578//968 599//986
f 518//1206 27//586 535//588
f 511//1306 518//1206 535//588
f 783//937 798//1061 788//435
f 642//1101 759//1131 663//1115
f 720//956 742//1162 741//1057
f 605//1090 626//1047 587//1142
f 580//1207 587//1142 579//969
f 725//1192 712//1155 666//1156
f 562//1190 701//941 767//951
f 1729//764 923//699 911//700
f 712//1155 743//1135 742//1162
f 619//1200 677//1167 658//1048
f 161//448 695//1229 654//959
f 770//1223 800//1194 562//1190
f 2084//1006 2489//632 2472//812
f 575//1114 559//1165 716//1309
f 716//1309 564//1315 595//1294
f 654//959 695//1229 685//1072
f 843//1316 855//1317 2064//613
f 34//701 731//723 9//728
f 527//1261 510//988 1973//950
f 723//1151 622//1109 793//919
f 992//275 1726//300 987//371
f 693//1204 666//1156 652//1062
f 2472//812 853//813 573//1098
f 624//295 159//649 148//296
f 671//1000 657//1150 773//1001
f 681//721 188//249 498//248
f 797//321 970//320 733//1293
f 565//1318 656//1307 632//1004
f 565//1318 697//692 656//1307
f 565//1318 731//723 697//692
f 1949//1319 951//1273 920//663
f 85//598 111//458 84//590
f 662//953 200//1045 190//748
f 44//815 324//1320 754//729
f 33//818 547//863 40//807
f 658//1048 693//1204 652//1062
f 658//1048 652//1062 645//1049
f 664//1117 794//1116 801//977
f 666//1156 712//1155 692//1154
f 639//954 648//964 662//953
f 611//796 646//1027 610//1193
f 850//209 559//1165 575//1114
f 1447//1161 2490//1235 1106//1321
f 1972//213 1955//1322 1935//85
f 582//1007 615//1024 590//965
f 66//583 581//758 539//1149
f 780//1106 641//386 631//388
f 796//381 780//1106 631//388
f 1049//1323 1192//610 83//688
f 1348//1324 13//1325 1519//1326
f 799//1044 807//1043 562//1190
f 581//758 611//796 588//1074
f 687//1066 795//1058 644//1107
f 663//1115 8//1327 642//1101
f 1936//1328 1972//213 1935//85
f 650//829 676//980 682//1247
f 615//1024 630//958 590//965
f 730//1065 795//1058 687//1066
f 742//1162 762//837 741//1057
f 548//1080 553//1081 542//935
f 1048//1246 1692//1329 1074//826
f 658//1048 659//1203 693//1204
f 37//555 52//554 30//16
f 611//796 610//1193 588//1074
f 649//1016 632//1004 564//1315
f 565//1318 576//1012 731//723
f 2138//1330 922//136 1058//4
f 1204//1331 854//675 965//676
f 725//1192 743//1135 712//1155
f 644//1107 813//938 641//386
f 660//1153 653//1026 684//1152
f 771//1040 791//1050 770//1223
f 644//1107 795//1058 1074//826
f 469//469 480//720 681//721
f 559//1165 672//943 564//1315
f 716//1309 559//1165 564//1315
f 672//943 649//1016 564//1315
f 2161//1332 1378//1333 2171//1334
f 474//288 475//286 476//413
f 816//940 765//1002 701//941
f 765//1002 552//1199 701//941
f 513//1076 538//1078 548//1080
f 754//729 324//1320 107//761
f 609//1003 586//970 618//1097
f 25//566 523//1095 19//1129
f 677//1167 659//1203 658//1048
f 689//658 452//926 698//933
f 1334//1335 1115//1336 1353//1337
f 700//383 565//1318 632//1004
f 700//383 576//1012 565//1318
f 481//545 552//1199 793//919
f 763//1338 901//312 2458//311
f 550//1082 549//1079 538//1078
f 781//961 964//183 996//925
f 1596//80 1634//1339 1595//81
f 198//1340 916//934 1124//93
f 198//1340 1124//93 341//133
f 842//1341 973//1342 1025//1343
f 842//1341 1025//1343 836//789
f 1009//1344 1024//116 934//1345
f 573//1098 710//1100 2472//812
f 1100//77 971//1346 1002//78
f 1501//421 1081//118 1557//171
f 1225//1347 1219//1348 955//1349
f 413//1350 2138//1330 284//1351
f 955//1349 1630//1352 522//1094
f 341//133 1124//93 301//134
f 2333//1353 2376//334 2350//1354
f 1107//1355 218//1356 284//1351
f 398//145 925//1357 1513//322
f 1513//322 1442//1358 1495//68
f 1935//85 1455//84 1744//527
f 1723//1359 1935//85 1744//527
f 825//1305 1872//1172 838//1174
f 1495//68 1442//1358 1496//1360
f 963//1361 1024//116 1009//1344
f 1511//304 1514//303 966//1362
f 1775//1363 1729//764 912//271
f 688//160 262//146 1067//1364
f 714//419 1007//1201 1512//420
f 919//1365 1732//974 914//976
f 2319//1366 2331//1367 2304//1368
f 2400//1369 2407//1370 2391//1278
f 1674//625 2164//1371 1780//1372
f 843//1316 927//1373 899//1374
f 1660//210 988//1375 1188//105
f 1067//1364 262//146 1640//191
f 1381//96 1109//98 1483//691
f 1437//851 1381//96 1483//691
f 2495//576 1010//319 948//256
f 1514//303 1289//1376 1313//1377
f 899//1374 374//677 961//679
f 1438//1211 1430//1378 1422//276
f 1634//1339 1095//1287 1632//30
f 2487//310 973//1342 2461//776
f 1003//565 499//1379 874//471
f 849//1380 848//1242 827//1241
f 1430//1378 1462//831 1453//1381
f 2496//237 2084//1006 2471//634
f 909//5 10//280 980//279
f 730//1065 927//1373 835//1059
f 2031//842 1540//1096 1536//1382
f 831//1383 849//1380 2178//1384
f 881//232 834//1274 951//1273
f 1841//1385 1722//1386 1803//1387
f 1005//1388 670//1389 1020//360
f 1021//1390 670//1389 1005//1388
f 1869//225 2059//788 2467//868
f 903//1391 902//1392 1939//1393
f 2476//616 2502//28 1651//478
f 853//813 8//1327 573//1098
f 1850//1394 831//1383 2178//1384
f 934//1345 746//564 247//563
f 934//1345 65//45 746//564
f 301//134 285//1395 1077//823
f 968//1396 944//1397 977//1398
f 970//320 2495//576 1028//856
f 974//1177 2465//678 374//677
f 899//1374 927//1373 374//677
f 1882//1399 1898//1304 1916//1185
f 1613//1400 1634//1339 1596//80
f 909//5 833//138 1396//1401
f 2492//247 247//563 1003//565
f 919//1365 914//976 1931//1208
f 1459//854 1299//591 1458//1402
f 1634//1339 1632//30 1633//1403
f 844//1313 670//1389 228//1404
f 2494//495 2497//494 2467//868
f 901//312 973//1342 2487//310
f 228//1404 1772//1405 734//184
f 1701//1406 1709//1407 1666//1408
f 963//1361 574//50 1024//116
f 847//523 864//525 856//643
f 1730//510 1736//1409 2239//1410
f 870//973 859//972 848//1242
f 2074//880 2111//1411 2103//1412
f 1140//690 1590//852 1483//691
f 927//1373 730//1065 974//1177
f 2103//1412 978//878 2074//880
f 756//1413 1745//1414 1718//1415
f 848//1242 859//972 840//1243
f 1296//652 1482//833 1320//1416
f 2331//1367 51//582 66//583
f 1067//1364 988//1375 962//1417
f 1396//1401 833//138 1445//1418
f 1001//1419 1005//1388 1000//1308
f 901//312 1009//1344 973//1342
f 1099//132 1077//823 817//1420
f 933//1421 944//1397 936//1422
f 952//1423 958//1424 1828//1425
f 988//1375 1660//210 986//1426
f 833//138 1067//1364 1445//1418
f 1067//1364 1640//191 988//1375
f 218//1356 413//1350 284//1351
f 1843//1427 180//1428 347//1429
f 1846//1430 1708//1431 1798//1432
f 2469//1433 2477//1434 855//1317
f 1006//623 1021//1390 1005//1388
f 381//904 382//734 250//1435
f 2369//1436 828//1437 531//1077
f 968//1396 977//1398 1001//1419
f 2460//407 1949//1319 779//345
f 1194//1438 1441//1439 1115//1336
f 1001//1419 1000//1308 968//1396
f 756//1413 678//1440 1745//1414
f 963//1361 1009//1344 901//312
f 2471//634 2084//1006 2472//812
f 841//1178 642//1101 8//1327
f 982//358 991//274 1027//359
f 670//1389 844//1313 1020//360
f 1289//1376 1514//303 945//302
f 869//971 904//1441 890//1442
f 1161//1443 1115//1336 1639//603
f 823//1444 2178//1384 849//1380
f 746//564 12//47 499//1379
f 263//365 428//1445 2366//1446
f 1685//1447 1075//827 1692//1329
f 1002//78 926//794 806//745
f 1799//1448 1755//1449 216//1450
f 944//1397 968//1396 993//1451
f 943//1452 944//1397 993//1451
f 31//659 38//608 19//1129
f 531//1077 828//1437 550//1082
f 1501//421 1078//211 1081//118
f 1921//1216 1149//1453 431//1454
f 936//1422 943//1452 932//1455
f 1660//210 1489//117 1412//222
f 301//134 980//279 285//1395
f 903//1391 918//1456 902//1392
f 869//971 890//1442 868//1457
f 890//1442 903//1391 867//1458
f 1003//565 746//564 499//1379
f 951//1273 1949//1319 2500//233
f 990//1459 841//1178 853//813
f 1595//81 1634//1339 1611//187
f 374//677 927//1373 974//1177
f 836//789 1025//1343 247//563
f 1653//190 1652//234 1638//223
f 1303//1460 1545//1461 1142//1263
f 1616//186 1631//330 1638//223
f 1629//620 1546//1312 1628//306
f 936//1422 932//1455 913//1462
f 513//1076 506//1463 531//1077
f 868//1457 890//1442 867//1458
f 2330//1464 2369//1436 2353//1465
f 924//975 918//1456 914//976
f 907//1209 914//976 904//1441
f 1258//1466 1421//277 1267//1467
f 301//134 939//6 980//279
f 1472//1468 1482//833 1296//652
f 868//1457 867//1458 859//972
f 472//500 491//541 313//611
f 272//1130 519//680 2488//635
f 1471//197 1472//1468 1296//652
f 1025//1343 934//1345 247//563
f 1634//1339 1633//1403 1611//187
f 2176//1469 1847//1470 2177//1471
f 1310//793 1289//1376 806//745
f 924//975 933//1421 918//1456
f 1969//1472 1968//1473 902//1392
f 2107//927 2128//1474 2118//1475
f 1428//1476 1436//1477 1287//1478
f 1139//605 1564//604 1617//1479
f 2378//1034 572//1015 2384//1480
f 853//813 841//1178 8//1327
f 2501//405 961//679 2465//678
f 1221//1481 1240//1482 1408//1483
f 1069//1 1578//3 1627//305
f 1006//623 1005//1388 1001//1419
f 1617//1479 1564//604 1578//3
f 828//1437 539//1149 550//1082
f 1791//1484 2168//1485 2160//1486
f 1829//1487 1718//1415 1739//1488
f 1968//1473 1939//1393 902//1392
f 756//1413 1718//1415 665//185
f 1998//64 2000//63 1388//1280
f 2451//1489 545//113 2356//1271
f 178//1159 997//1490 1011//1214
f 1275//1491 325//200 1270//1492
f 1709//1407 872//1493 1666//1408
f 2176//1469 1959//1494 1847//1470
f 944//1397 943//1452 936//1422
f 2424//1495 518//1206 511//1306
f 1445//1418 1067//1364 962//1417
f 2007//1496 952//1423 1828//1425
f 2052//1497 2061//1498 2081//840
f 828//1437 2303//1499 539//1149
f 835//1059 1699//612 1048//1246
f 1709//1407 1706//1500 872//1493
f 885//1501 574//50 963//1361
f 1318//389 1296//652 1320//1416
f 859//972 867//1458 1902//1276
f 1452//1502 1448//1503 1421//277
f 943//1452 993//1451 976//1504
f 993//1451 1000//1308 983//370
f 854//675 1010//319 876//641
f 988//1375 986//1426 962//1417
f 2031//842 2052//1497 2081//840
f 924//975 1732//974 1828//1425
f 965//676 949//982 1060//1505
f 781//961 228//1404 734//184
f 1718//1415 1765//994 665//185
f 943//1452 976//1504 932//1455
f 1680//1506 1794//1507 1783//1508
f 1448//1503 1471//197 1276//196
f 1276//196 1267//1467 1421//277
f 1931//1208 914//976 907//1209
f 991//274 781//961 996//925
f 1276//196 1421//277 1448//1503
f 10//280 909//5 1396//1401
f 831//1383 860//1509 849//1380
f 1523//1510 1762//1511 1774//1512
f 924//975 1828//1425 937//1513
f 307//327 994//240 1014//253
f 946//657 963//1361 901//312
f 978//878 2103//1412 977//1398
f 977//1398 1006//623 1001//1419
f 1007//1201 1161//1443 1639//603
f 1639//603 1294//1514 1437//851
f 885//1501 1032//48 574//50
f 1294//1514 1381//96 1437//851
f 733//1293 568//1272 797//321
f 792//239 229//770 1112//1515
f 119//449 581//758 108//416
f 843//1316 835//1059 927//1373
f 1889//1516 860//1509 831//1383
f 2211//1517 2216//1518 2204//1519
f 2400//1369 2431//1520 2422//1521
f 2103//1412 1006//623 977//1398
f 840//1243 1902//1276 830//750
f 827//1241 840//1243 830//750
f 827//1241 830//750 822//1133
f 1003//565 874//471 2492//247
f 1432//664 1439//855 1431//1212
f 781//961 734//184 964//183
f 1937//1144 1936//1328 1723//1359
f 918//1456 913//1462 902//1392
f 958//1424 977//1398 944//1397
f 1850//1394 2178//1384 2177//1471
f 1005//1388 1020//360 1000//1308
f 991//274 996//925 307//327
f 1396//1401 1445//1418 340//1522
f 2179//1523 1763//858 889//1524
f 939//6 909//5 980//279
f 1828//1425 958//1424 937//1513
f 978//878 977//1398 958//1424
f 1590//852 1571//619 1563//850
f 779//345 1949//1319 920//663
f 1551//1525 1362//1526 1573//445
f 2103//1412 2142//624 1006//623
f 920//663 885//1501 963//1361
f 946//657 920//663 963//1361
f 1584//41 1616//186 1583//1527
f 1453//1381 1472//1468 1452//1502
f 1647//2 1617//1479 1578//3
f 1578//3 1564//604 1627//305
f 1628//306 938//905 1069//1
f 869//971 868//1457 859//972
f 993//1451 983//370 976//1504
f 912//271 1762//1511 1775//1363
f 752//774 751//1289 706//1018
f 1628//306 1546//1312 938//905
f 844//1313 228//1404 781//961
f 840//1243 859//972 1902//1276
f 898//1210 907//1209 904//1441
f 1025//1343 973//1342 1009//1344
f 663//1115 664//1117 573//1098
f 763//1338 946//657 901//312
f 898//1210 904//1441 869//971
f 2172//1528 889//1524 1763//858
f 1128//795 926//794 971//1346
f 860//1509 848//1242 849//1380
f 904//1441 903//1391 890//1442
f 2486//568 2459//570 2479//648
f 577//1529 782//1029 608//1290
f 933//1421 936//1422 918//1456
f 2177//1471 1847//1470 1851//1530
f 665//185 1765//994 339//769
f 937//1513 958//1424 944//1397
f 894//1531 981//1164 724//1158
f 968//1396 1000//1308 993//1451
f 2192//1532 2195//1533 2205//1534
f 1652//234 1099//132 817//1420
f 997//1490 608//1290 1011//1214
f 997//1490 577//1529 608//1290
f 577//1529 163//410 782//1029
f 1112//1515 998//252 792//239
f 2177//1471 1851//1530 1850//1394
f 1257//1535 1421//277 1258//1466
f 951//1273 873//1275 920//663
f 822//1133 830//750 2215//713
f 1899//967 2496//237 2471//634
f 1773//1536 1668//1537 1558//1538
f 904//1441 914//976 903//1391
f 932//1455 1671//1539 913//1462
f 873//1275 885//1501 920//663
f 1013//1202 1617//1479 1647//2
f 873//1275 1032//48 885//1501
f 894//1531 862//1196 981//1164
f 2469//1433 855//1317 961//679
f 913//1462 1671//1539 1969//1472
f 2477//1434 2064//613 855//1317
f 918//1456 936//1422 913//1462
f 860//1509 870//973 848//1242
f 937//1513 944//1397 933//1421
f 1501//421 1013//1202 1647//2
f 824//1540 178//1159 751//1289
f 824//1540 997//1490 178//1159
f 824//1540 577//1529 997//1490
f 643//548 163//410 577//1529
f 863//1541 856//643 882//1255
f 2128//1474 2153//1542 2134//1543
f 722//1544 774//1176 880//1545
f 722//1544 894//1531 774//1176
f 864//525 905//1037 895//1221
f 850//209 575//1114 583//207
f 914//976 918//1456 903//1391
f 924//975 937//1513 933//1421
f 1501//421 717//69 1013//1202
f 1587//1546 1324//1547 928//1548
f 717//69 1512//420 1013//1202
f 602//711 577//1529 824//1540
f 766//710 643//548 577//1529
f 894//1531 709//1303 862//1196
f 709//1303 878//1132 862//1196
f 976//1504 975//911 932//1455
f 1324//1547 1596//80 928//1548
f 880//1545 524//530 1060//1505
f 2434//27 2459//570 2499//569
f 1324//1547 1613//1400 1596//80
f 752//774 824//1540 751//1289
f 602//711 766//710 577//1529
f 1014//253 602//711 594//326
f 1387//1549 1226//217 2152//1550
f 2153//1542 1387//1549 2152//1550
f 669//35 930//488 950//1257
f 1710//614 1694//1245 1699//612
f 768//518 326//519 762//837
f 582//1007 892//1251 601//1249
f 974//1177 990//1459 2465//678
f 624//295 116//355 625//946
f 835//1059 795//1058 730//1065
f 2458//311 2484//343 763//1338
f 989//757 602//711 824//1540
f 2064//613 2477//1434 1710//614
f 976//1504 983//370 975//911
f 949//982 722//1544 880//1545
f 996//925 160//238 994//240
f 2305//1020 863//1541 556//1551
f 556//1551 863//1541 886//1250
f 601//1249 910//486 640//567
f 2264//269 825//1305 829//270
f 989//757 824//1540 752//774
f 856//643 864//525 882//1255
f 1595//81 1586//1244 2381//25
f 1627//305 1629//620 1628//306
f 2174//1552 2180//1553 2173//1554
f 2128//1474 2134//1543 2118//1475
f 137//944 272//1130 22//1099
f 949//982 880//1545 1060//1505
f 995//642 894//1531 722//1544
f 894//1531 995//642 709//1303
f 894//1531 724//1158 774//1176
f 886//1250 895//1221 892//1251
f 640//567 910//486 930//488
f 871//1555 870//973 860//1509
f 846//268 856//643 863//1541
f 1026//328 875//756 1019//301
f 838//1174 851//910 829//270
f 1024//116 1171//1556 934//1345
f 36//803 189//517 205//749
f 863//1541 882//1255 886//1250
f 886//1250 882//1255 895//1221
f 875//756 1026//328 594//326
f 52//554 1459//854 1269//509
f 896//1222 917//339 910//486
f 1025//1343 1009//1344 934//1345
f 949//982 995//642 722//1544
f 2152//1550 1226//217 1636//1557
f 895//1221 896//1222 892//1251
f 892//1251 910//486 601//1249
f 942//487 950//1257 930//488
f 875//756 989//757 752//774
f 594//326 602//711 989//757
f 766//710 355//1180 643//548
f 355//1180 260//549 643//548
f 905//1037 917//339 896//1222
f 965//676 1060//1505 1162//392
f 892//1251 896//1222 910//486
f 1101//11 1052//1558 1042//12
f 1029//1559 1031//1560 834//1274
f 1101//11 1133//107 1118//55
f 342//60 357//124 376//1561
f 516//963 515//1147 2454//1139
f 1656//1562 2494//495 2467//868
f 1056//1563 1303//1460 1133//107
f 1120//23 1130//22 862//1196
f 69//192 342//60 376//1561
f 1055//10 1056//1563 1133//107
f 499//1379 69//192 165//472
f 85//598 101//653 111//458
f 1031//1560 1032//48 834//1274
f 200//1045 679//1038 1166//34
f 1031//1560 1042//12 1032//48
f 1171//1556 65//45 934//1345
f 1822//1564 1204//1331 1177//1565
f 1096//765 956//1256 1103//341
f 514//810 96//1113 97//357
f 956//1256 1145//1566 1144//33
f 1185//1567 1166//34 1144//33
f 1145//1566 1185//1567 1144//33
f 1185//1567 200//1045 1166//34
f 375//1568 132//103 1041//1569
f 1153//1570 1202//36 305//38
f 32//170 1244//169 1249//817
f 1096//765 1087//1252 956//1256
f 554//401 78//414 2355//1237
f 1191//1571 138//1572 110//1248
f 65//45 35//115 432//46
f 1087//1252 1110//1573 956//1256
f 1110//1573 1146//1574 956//1256
f 956//1256 1146//1574 1145//1566
f 1146//1574 1156//1575 1145//1566
f 1145//1566 1156//1575 1185//1567
f 950//1257 956//1256 1144//33
f 2481//418 2495//576 948//256
f 1156//1575 1193//1576 1185//1567
f 1050//459 1047//125 1051//128
f 239//1577 151//760 107//761
f 1185//1567 1193//1576 36//803
f 1747//1254 1110//1573 1087//1252
f 1134//1578 1146//1574 1110//1573
f 1146//1574 1157//1579 1156//1575
f 1156//1575 1157//1579 1193//1576
f 1041//1569 1045//573 1034//574
f 1397//1580 1134//1578 1110//1573
f 1157//1579 1146//1574 1134//1578
f 1157//1579 1175//1581 1193//1576
f 1193//1576 199//522 36//803
f 1090//39 1035//258 1196//65
f 1456//1311 1150//87 1051//128
f 1175//1581 199//522 1193//1576
f 1186//1292 695//1229 199//522
f 1186//1292 199//522 1175//1581
f 1175//1581 1157//1579 1134//1578
f 728//773 1186//1292 1175//1581
f 197//845 760//999 6//1282
f 1130//22 593//1146 862//1196
f 1167//689 1109//98 182//109
f 1194//1438 1115//1336 1161//1443
f 2140//1268 1928//1582 1504//1269
f 921//137 922//136 2138//1330
f 1147//1583 1134//1578 1397//1580
f 1719//1236 1147//1583 1397//1580
f 1147//1583 1175//1581 1134//1578
f 1175//1581 1147//1583 728//773
f 341//133 1654//31 1208//1286
f 754//729 151//760 9//728
f 284//1351 2138//1330 1058//4
f 1188//105 1557//171 1660//210
f 1191//1571 110//1248 1053//166
f 916//934 284//1351 1189//94
f 284//1351 1058//4 1189//94
f 2094//1092 1465//1584 2127//1071
f 1726//300 1019//301 1147//1583
f 1147//1583 1019//301 728//773
f 593//1146 1130//22 96//1113
f 239//1577 305//38 1038//694
f 1036//1585 1131//159 315//179
f 397//731 1131//159 1120//23
f 1053//166 96//1113 1130//22
f 2467//868 2485//596 1869//225
f 517//866 1089//1586 421//7
f 834//1274 1827//1260 1029//1559
f 419//61 1047//125 1117//59
f 1034//574 433//156 1306//155
f 2239//1410 1862//451 1730//510
f 1453//1381 1462//831 1472//1468
f 1408//1483 1422//276 1399//1587
f 471//158 23//178 1111//180
f 1205//1588 1150//87 1456//1311
f 1205//1588 1040//88 1150//87
f 1131//159 1036//1585 293//1589
f 293//1589 1068//1590 1044//165
f 375//1568 1041//1569 138//1572
f 1205//1588 1140//690 1046//102
f 1040//88 1205//1588 1046//102
f 1140//690 1167//689 1046//102
f 1104//1591 1049//1323 83//688
f 1052//1558 1085//49 1032//48
f 1044//165 1068//1590 1191//1571
f 1167//689 1483//691 1109//98
f 208//82 1084//189 1035//258
f 1040//88 132//103 375//1568
f 1834//1592 20//1593 3//1594
f 1050//459 1051//128 1070//1595
f 1133//107 1125//1264 1174//43
f 11//882 1440//37 1401//1596
f 420//83 208//82 1071//19
f 1135//1597 1079//1598 1094//1599
f 1086//57 1101//11 1118//55
f 1029//1559 1030//830 1031//1560
f 1200//1600 1061//1601 294//1602
f 1191//1571 1068//1590 138//1572
f 1171//1556 1141//56 65//45
f 1141//56 1172//1603 65//45
f 1172//1603 35//115 65//45
f 1172//1603 404//44 35//115
f 404//44 99//58 35//115
f 221//824 1104//1591 1063//1604
f 802//1605 398//145 1083//144
f 20//1593 1089//1586 3//1594
f 2064//613 1699//612 835//1059
f 1042//12 1052//1558 1032//48
f 1433//1606 1261//17 1432//664
f 1323//457 2338//1607 155//1608
f 1076//1310 1205//1588 1456//1311
f 1088//1609 1402//1610 1056//1563
f 1150//87 348//89 1070//1595
f 1200//1600 1089//1586 20//1593
f 1097//1611 1162//392 100//391
f 1032//48 873//1275 834//1274
f 21//142 471//158 1111//180
f 294//1602 1097//1611 1104//1591
f 1072//1612 100//391 584//1198
f 1151//1281 760//999 622//1109
f 132//103 1045//573 1041//1569
f 1050//459 1070//1595 1135//1597
f 1088//1609 1039//153 940//152
f 650//829 159//649 635//947
f 100//391 1170//393 729//531
f 729//531 584//1198 100//391
f 1103//341 931//340 1096//765
f 925//1357 1443//656 1513//322
f 138//1572 1102//1613 110//1248
f 1034//574 1306//155 1152//219
f 1071//19 1035//258 1090//39
f 100//391 1072//1612 1097//1611
f 23//178 1158//1614 315//179
f 1068//1590 375//1568 138//1572
f 1586//1244 1612//1228 1585//26
f 1819//1615 1030//830 1029//1559
f 1041//1569 1034//574 1102//1613
f 232//1616 375//1568 1068//1590
f 348//89 1079//1598 1070//1595
f 1061//1601 1097//1611 294//1602
f 1513//322 1443//656 1442//1358
f 1200//1600 294//1602 1119//361
f 376//1561 1050//459 1062//1617
f 1094//1599 1036//1585 315//179
f 1200//1600 1119//361 1089//1586
f 1111//180 1183//143 21//142
f 1044//165 1191//1571 1053//166
f 698//933 295//1618 689//658
f 1079//1598 232//1616 1036//1585
f 404//44 1117//59 99//58
f 1495//68 1496//1360 717//69
f 1119//361 294//1602 98//460
f 3//1594 1089//1586 517//866
f 1132//491 1063//1604 83//688
f 1132//491 83//688 175//687
f 132//103 1046//102 182//109
f 1111//180 1195//730 1183//143
f 1131//159 1044//165 1037//21
f 127//329 402//72 1804//71
f 219//167 1272//1619 1047//125
f 1697//1620 1135//1597 1094//1599
f 2140//1268 1854//1621 2117//235
f 1111//180 397//731 1195//730
f 1177//1565 1162//392 1097//1611
f 1061//1601 1177//1565 1097//1611
f 717//69 1509//1622 714//419
f 2//110 1300//97 433//156
f 462//615 290//562 461//666
f 98//460 294//1602 221//824
f 294//1602 1104//1591 221//824
f 714//419 1161//1443 1007//1201
f 1073//1623 1152//219 1143//220
f 1697//1620 1094//1599 1360//1624
f 1223//1625 1423//1626 1218//1627
f 836//789 2479//648 842//1341
f 1097//1611 1072//1612 1049//1323
f 348//89 1040//88 375//1568
f 3//1594 517//866 316//1628
f 180//1428 1061//1601 1201//1629
f 348//89 375//1568 232//1616
f 1432//664 1431//1212 1415//1630
f 220//104 1513//322 1495//68
f 1104//1591 1097//1611 1049//1323
f 306//227 674//1010 596//299
f 777//409 455//1631 723//1151
f 2170//1632 2151//1633 1641//1634
f 1047//125 419//61 219//167
f 1102//1613 1034//574 1073//1623
f 1073//1623 1034//574 1152//219
f 1035//258 1054//108 1196//65
f 1177//1565 1204//1331 1162//392
f 746//564 65//45 12//47
f 751//1289 178//1159 721//1068
f 1054//108 517//866 421//7
f 1051//128 1150//87 1070//1595
f 1102//1613 1073//1623 110//1248
f 998//252 1136//1635 355//1180
f 567//814 566//1168 1163//816
f 1111//180 315//179 397//731
f 1048//1246 1074//826 835//1059
f 1158//1614 1094//1599 315//179
f 1374//1636 1107//1355 1252//1637
f 1112//1515 1136//1635 998//252
f 472//500 629//1105 500//441
f 355//1180 1136//1635 260//549
f 260//549 118//1638 43//408
f 1104//1591 83//688 1063//1604
f 376//1561 357//124 1050//459
f 1463//1639 1142//1263 1545//1461
f 1036//1585 232//1616 293//1589
f 1030//830 1042//12 1031//1560
f 1079//1598 348//89 232//1616
f 221//824 1063//1604 1132//491
f 1094//1599 1079//1598 1036//1585
f 1076//1310 1629//620 1205//1588
f 1136//1635 1197//1640 260//549
f 260//549 1197//1640 118//1638
f 1204//1331 965//676 1162//392
f 293//1589 232//1616 1068//1590
f 1590//852 1205//1588 1629//620
f 1205//1588 1590//852 1140//690
f 250//1435 382//734 392//735
f 1296//652 1318//389 1311//198
f 347//1429 1201//1629 20//1593
f 1201//1629 1200//1600 20//1593
f 132//103 182//109 1045//573
f 1101//11 1086//57 1052//1558
f 1033//154 1039//153 1055//10
f 138//1572 1041//1569 1102//1613
f 970//320 1010//319 2495//576
f 455//1631 777//409 43//408
f 1992//214 1948//1641 2023//1642
f 20//1593 1834//1592 347//1429
f 1072//1612 584//1198 1049//1323
f 584//1198 1192//610 1049//1323
f 182//109 2//110 1045//573
f 1163//816 324//1320 44//815
f 1360//1624 1094//1599 1158//1614
f 1450//1643 1360//1624 1158//1614
f 1091//1644 1112//1515 229//770
f 509//1645 723//1151 455//1631
f 207//1646 509//1645 455//1631
f 1251//1647 1257//1535 1266//1648
f 1488//221 1489//117 1547//119
f 2157//1649 1541//1650 1875//1651
f 305//38 107//761 324//1320
f 1045//573 2//110 433//156
f 1070//1595 1079//1598 1135//1597
f 1136//1635 1168//1652 1197//1640
f 1197//1640 359//1653 118//1638
f 118//1638 359//1653 43//408
f 359//1653 356//1654 43//408
f 356//1654 455//1631 43//408
f 356//1654 207//1646 455//1631
f 1240//1482 1422//276 1408//1483
f 1163//816 1153//1570 324//1320
f 1201//1629 1061//1601 1200//1600
f 1052//1558 1086//57 1085//49
f 1024//116 1141//56 1171//1556
f 1112//1515 1105//1655 1136//1635
f 1050//459 1135//1597 1062//1617
f 1105//1655 1168//1652 1136//1635
f 1168//1652 1178//1656 1197//1640
f 1197//1640 1178//1656 359//1653
f 1173//622 404//44 1172//1603
f 465//1657 356//1654 359//1653
f 1174//43 1125//1264 240//135
f 1240//1482 1431//1212 1422//276
f 1098//1658 1113//1659 1105//1655
f 1112//1515 1098//1658 1105//1655
f 1105//1655 1178//1656 1168//1652
f 1178//1656 465//1657 359//1653
f 1091//1644 1098//1658 1112//1515
f 1133//107 1174//43 1118//55
f 98//460 221//824 1059//13
f 487//492 1132//491 175//687
f 980//279 1017//1660 285//1395
f 465//1657 207//1646 356//1654
f 180//1428 1201//1629 347//1429
f 1060//1505 524//530 1170//393
f 445//188 127//329 316//1628
f 1431//1212 1438//1211 1422//276
f 498//248 469//469 681//721
f 940//152 1807//1661 1759//1662
f 381//904 250//1435 1290//932
f 1113//1659 1122//1663 1105//1655
f 1105//1655 1122//1663 1178//1656
f 1151//1281 509//1645 207//1646
f 1236//535 2035//989 525//1239
f 1131//159 293//1589 1044//165
f 346//1664 207//1646 465//1657
f 346//1664 1151//1281 207//1646
f 1822//1564 1796//1665 1204//1331
f 1143//220 204//195 97//357
f 123//1666 1128//795 971//1346
f 2153//1542 2152//1550 2134//1543
f 126//1667 1151//1281 346//1664
f 517//866 445//188 316//1628
f 1450//1643 1158//1614 23//178
f 1458//1402 1462//831 1430//1378
f 1129//476 152//1668 1182//101
f 1122//1663 1159//1669 1178//1656
f 1178//1656 1198//1670 465//1657
f 79//1671 346//1664 465//1657
f 126//1667 1155//1672 1151//1281
f 1151//1281 1155//1672 6//1282
f 295//1618 1129//476 689//658
f 1073//1623 1143//220 97//357
f 1098//1658 1123//1673 1113//1659
f 1113//1659 1123//1673 1122//1663
f 1123//1673 1169//1674 1122//1663
f 1178//1656 1159//1669 1198//1670
f 1198//1670 79//1671 465//1657
f 392//735 383//99 152//1668
f 1822//1564 1061//1601 180//1428
f 116//355 92//354 625//946
f 421//7 1089//1586 1119//361
f 1129//476 295//1618 152//1668
f 110//1248 1073//1623 97//357
f 1173//622 1172//1603 1141//56
f 1122//1663 1169//1674 1159//1669
f 79//1671 126//1667 346//1664
f 1155//1672 181//843 6//1282
f 971//1346 926//794 1002//78
f 295//1618 1043//931 152//1668
f 1039//153 1088//1609 1056//1563
f 1428//1476 1266//1648 1436//1477
f 404//44 419//61 1117//59
f 836//789 879//246 2479//648
f 2464//617 2476//616 2458//311
f 1198//1670 317//1675 79//1671
f 1124//93 939//6 301//134
f 44//815 754//729 567//814
f 1039//153 1056//1563 1055//10
f 1439//855 1459//854 1458//1402
f 1660//210 1412//222 986//1426
f 1169//1674 1160//364 1159//1669
f 179//1676 1155//1672 126//1667
f 1155//1672 131//844 181//843
f 1061//1601 1822//1564 1177//1565
f 1153//1570 305//38 324//1320
f 175//687 314//630 327//640
f 1160//364 1187//363 1159//1669
f 1159//1669 1187//363 1198//1670
f 1198//1670 1187//363 317//1675
f 79//1671 179//1676 126//1667
f 1043//931 250//1435 392//735
f 152//1668 1043//931 392//735
f 96//1113 819//1124 593//1146
f 1123//1673 1127//1677 1169//1674
f 317//1675 179//1676 79//1671
f 1057//891 1155//1672 179//1676
f 1155//1672 391//771 131//844
f 131//844 391//771 668//772
f 2381//25 1586//1244 1585//26
f 12//47 69//192 499//1379
f 262//146 398//145 1640//191
f 2107//927 2118//1475 2060//841
f 2130//1678 2094//1092 2002//1070
f 1187//363 249//805 317//1675
f 1155//1672 1057//891 391//771
f 1290//932 439//822 1265//821
f 305//38 239//1577 107//761
f 1127//1677 1160//364 1169//1674
f 317//1675 473//907 179//1676
f 473//907 1057//891 179//1676
f 83//688 1192//610 314//630
f 1043//931 1290//932 250//1435
f 1807//1661 940//152 1030//830
f 517//866 1084//189 445//188
f 1057//891 1164//804 391//771
f 2492//247 2480//473 2493//597
f 163//410 643//548 43//408
f 1056//1563 1545//1461 1303//1460
f 1069//1 1655//906 1023//1679
f 249//805 473//907 317//1675
f 1162//392 1060//1505 1170//393
f 1086//57 1118//55 1154//54
f 82//607 68//651 16//693
f 1989//1680 1990//1681 1536//1382
f 1633//1403 1632//30 1611//187
f 1487//390 2372//1682 1305//997
f 1494//212 1069//1 1023//1679
f 1137//853 1160//364 1127//1677
f 669//35 1166//34 679//1038
f 390//806 1285//1683 426//828
f 1955//1322 1972//213 1971//215
f 1219//1348 1223//1625 2437//1684
f 1254//15 1261//17 1223//1625
f 1319//1685 1545//1461 1056//1563
f 1320//1416 1328//1686 2443//1687
f 1261//17 1433//1606 1223//1625
f 1219//1348 1254//15 1223//1625
f 254//592 222//593 2428//1128
f 1237//1688 1290//932 1265//821
f 1284//1689 1273//714 1263//1690
f 1277//1691 1291//777 1301//1692
f 1314//768 102//739 1301//1692
f 1280//1693 363//346 377//260
f 1313//1377 1353//1337 1514//303
f 468//917 451//820 439//822
f 1918//1143 1964//1694 1956//1695
f 2026//1224 29//1696 2140//1268
f 1354//890 381//904 1279//1697
f 1224//1175 30//16 1254//15
f 147//900 158//929 173//921
f 1247//1698 1253//1699 274//762
f 1271//1700 380//797 334//754
f 2043//1701 2072//1231 2042//1232
f 274//762 300//753 267//746
f 1356//780 1392//1702 211//752
f 13//1325 240//135 1142//1263
f 1382//792 1330//1703 1392//1702
f 1312//1704 1323//457 155//1608
f 240//135 1125//1264 1142//1263
f 2358//446 1573//445 1362//1526
f 1236//535 1249//817 1244//169
f 1272//1619 219//167 1348//1324
f 1271//1700 1274//1705 380//797
f 191//480 2034//175 1982//1706
f 1992//214 2052//1497 1990//1681
f 462//615 452//926 689//658
f 2262//1707 2286//1708 2261//1709
f 183//216 489//62 1642//1710
f 2485//596 2480//473 1869//225
f 84//590 111//458 1323//457
f 1190//1711 353//875 1354//890
f 446//287 434//1712 435//261
f 1336//898 171//887 1341//1713
f 2021//493 430//177 2059//788
f 862//1196 878//1132 1120//23
f 1263//1690 1273//714 1248//1714
f 1966//1217 1921//1216 2144//1715
f 1312//1704 84//590 1323//457
f 240//135 13//1325 1348//1324
f 1359//1716 1274//1705 1271//1700
f 1392//1702 1330//1703 1247//1698
f 1520//1717 1333//939 11//882
f 1368//1718 1253//1699 1247//1698
f 1279//1697 1285//1683 1190//1711
f 2465//678 990//1459 2489//632
f 1272//1619 1519//1326 805//1719
f 1369//1720 1272//1619 805//1719
f 1317//149 95//151 1344//1721
f 1242//1722 1248//1714 1234//698
f 1368//1718 242//883 1363//870
f 274//762 1262//1723 1386//763
f 532//1724 597//1725 1886//1726
f 2117//235 2026//1224 2140//1268
f 1392//1702 1247//1698 274//762
f 2162//1727 508//1728 985//1729
f 1964//1694 1469//1730 1965//1731
f 1315//790 104//839 1331//791
f 1392//1702 1356//780 1382//792
f 128//534 1342//533 1336//898
f 1285//1683 427//876 426//828
f 1219//1348 1224//1175 1254//15
f 1320//1416 1322//832 1321//1732
f 1320//1416 1321//1732 1328//1686
f 153//1733 2443//1687 1328//1686
f 1321//1732 153//1733 1328//1686
f 1235//1226 1244//169 1243//1734
f 1225//1347 1224//1175 1219//1348
f 1359//1716 353//875 1190//1711
f 1312//1704 1473//1735 1458//1402
f 1336//898 1342//533 147//900
f 305//38 1333//939 1038//694
f 1336//898 147//900 171//887
f 516//963 31//659 19//1129
f 2479//648 2461//776 842//1341
f 1237//1688 1265//821 427//876
f 1263//1690 1278//1736 1284//1689
f 881//232 1827//1260 834//1274
f 1237//1688 427//876 1285//1683
f 1299//591 1312//1704 1458//1402
f 1190//1711 1285//1683 1274//1705
f 1363//870 286//869 1253//1699
f 2330//1464 2303//1499 828//1437
f 427//876 442//846 426//828
f 2493//597 2463//245 2492//247
f 1285//1683 380//797 1274//1705
f 522//1094 18//490 1225//1347
f 2471//634 2472//812 2488//635
f 2338//1607 154//1737 1321//1732
f 1423//1626 1415//1630 1218//1627
f 1225//1347 18//490 1224//1175
f 1253//1699 286//869 1262//1723
f 286//869 353//875 1359//1716
f 171//887 1368//1718 1383//1738
f 1273//714 54//669 1234//698
f 1973//950 2447//1299 527//1261
f 1322//832 155//1608 1321//1732
f 1203//127 1369//1720 1413//1739
f 1307//347 363//346 1298//368
f 1364//1740 1375//164 1329//1741
f 1329//1741 227//163 1306//155
f 296//366 1298//368 1343//367
f 947//1160 2499//569 1447//1161
f 1203//127 1047//125 1272//1619
f 1098//1658 1748//1742 1123//1673
f 1519//1326 1272//1619 1348//1324
f 1277//1691 70//715 1273//714
f 1282//1743 1337//1744 1361//1745
f 286//869 302//871 353//875
f 103//809 104//839 1315//790
f 1377//262 435//261 434//1712
f 1449//665 1261//17 1345//928
f 926//794 1310//793 806//745
f 1263//1690 1248//1714 1242//1722
f 985//1729 508//1728 597//1725
f 1415//1630 1222//1746 1218//1627
f 88//865 1325//886 104//839
f 170//456 111//458 156//645
f 1384//1747 1282//1743 1361//1745
f 274//762 1253//1699 1262//1723
f 1371//1748 1317//149 1344//1721
f 1371//1748 1366//1749 1337//1744
f 1345//928 1459//854 1449//665
f 171//887 1383//1738 1341//1713
f 2438//1227 1235//1226 1227//962
f 2134//1543 1582//1750 2118//1475
f 428//1445 1260//1751 1379//1752
f 1336//898 1341//1713 1325//886
f 1235//1226 1242//1722 1227//962
f 1228//578 1687//1753 2284//1754
f 1854//1621 2140//1268 2016//1270
f 1866//424 1887//1755 1873//1756
f 1343//367 1298//368 1370//1757
f 1384//1747 1361//1745 2440//1758
f 171//887 242//883 1368//1718
f 1344//1721 1309//1759 1366//1749
f 1371//1748 1344//1721 1366//1749
f 1280//1693 1377//262 1293//1760
f 200//1045 1185//1567 205//749
f 1330//1703 1383//1738 1368//1718
f 1255//168 1264//778 1263//1690
f 543//1761 1367//1762 1876//1763
f 1343//367 1370//1757 1260//1751
f 1293//1760 1326//1764 1370//1757
f 2440//1758 1361//1745 1302//1765
f 1282//1743 1384//1747 2406//1766
f 271//161 1337//1744 1282//1743
f 170//456 2338//1607 1323//457
f 1528//1767 1503//437 2470//1258
f 515//1147 1347//1768 2453//1140
f 1997//1769 1705//1770 1998//64
f 2285//579 1228//578 2284//1754
f 1229//1771 1250//1772 1228//578
f 1330//1703 1368//1718 1247//1698
f 1919//1773 1619//1774 2045//1775
f 1344//1721 1364//1740 1335//1776
f 1222//1746 1240//1482 1221//1481
f 1212//1777 858//1778 1741//1779
f 2388//1780 1222//1746 1221//1481
f 1528//1767 2470//1258 2068//344
f 501//1297 1308//1296 2171//1334
f 1295//1781 1311//198 1487//390
f 2116//1782 1619//1774 1655//906
f 1220//1783 1229//1771 1228//578
f 8//1327 663//1115 573//1098
f 1343//367 1260//1751 428//1445
f 1337//1744 1366//1749 1361//1745
f 1298//368 1280//1693 1293//1760
f 1269//509 1345//928 1261//17
f 1279//1697 381//904 1290//932
f 1230//1784 1229//1771 1220//1783
f 1230//1784 1245//1785 1229//1771
f 1245//1785 1250//1772 1229//1771
f 1227//962 1234//698 31//659
f 1302//1765 1361//1745 1350//1786
f 1245//1785 1266//1648 1428//1476
f 1992//214 2023//1642 2052//1497
f 2482//1126 2471//634 2475//633
f 452//926 462//615 461//666
f 271//161 1282//1743 1275//1491
f 1991//1787 1989//1680 1934//1788
f 1366//1749 1309//1759 1350//1786
f 1344//1721 1335//1776 1309//1759
f 730//1065 699//1102 974//1177
f 1374//1636 1252//1637 1208//1286
f 597//1725 508//1728 1912//1789
f 1363//870 1253//1699 1368//1718
f 1386//763 1271//1700 300//753
f 1211//1790 1218//1627 1222//1746
f 1376//1791 1377//262 434//1712
f 2399//1792 2437//1684 1211//1790
f 1284//1689 1291//777 1277//1691
f 1230//1784 1251//1647 1245//1785
f 1251//1647 1266//1648 1245//1785
f 1317//149 1371//1748 1337//1744
f 1288//1793 1286//1794 1095//1287
f 1095//1287 1286//1794 1352//1285
f 1241//1795 1208//1286 1352//1285
f 1241//1795 1374//1636 1208//1286
f 1284//1689 1278//1736 1291//777
f 211//752 1392//1702 267//746
f 1344//1721 1375//164 1364//1740
f 929//208 583//207 1028//856
f 1361//1745 1366//1749 1350//1786
f 1115//1336 1294//1514 1639//603
f 1291//777 103//809 1301//1692
f 1220//1783 1231//1796 1230//1784
f 1231//1796 1251//1647 1230//1784
f 1234//698 1248//1714 1273//714
f 1255//168 55//779 1264//778
f 1360//1624 1450//1643 1702//1797
f 363//346 1280//1693 1298//368
f 1369//1720 1203//127 1272//1619
f 1415//1630 1240//1482 1222//1746
f 1216//1798 1231//1796 1220//1783
f 1243//1734 1263//1690 1235//1226
f 1375//164 227//163 1329//1741
f 1264//778 1278//1736 1263//1690
f 855//1317 899//1374 961//679
f 1286//1794 1241//1795 1352//1285
f 2081//840 2128//1474 2107//927
f 1223//1625 1433//1606 1423//1626
f 1473//1735 1312//1704 155//1608
f 154//1737 153//1733 1321//1732
f 1377//262 1376//1791 1293//1760
f 1392//1702 274//762 267//746
f 334//754 300//753 1271//1700
f 1955//1322 1991//1787 1934//1788
f 1613//1400 1327//1799 1288//1793
f 1327//1799 1286//1794 1288//1793
f 1349//1800 1374//1636 1241//1795
f 2370//1801 2025//426 2367//428
f 1315//790 1331//791 133//767
f 434//1712 446//287 1256//1802
f 1232//1803 1251//1647 1231//1796
f 1243//1734 1244//169 1255//168
f 1286//1794 1304//1804 1241//1795
f 1349//1800 1107//1355 1374//1636
f 1359//1716 1271//1700 1386//763
f 1227//962 516//963 2431//1520
f 219//167 240//135 1348//1324
f 1270//1492 271//161 1275//1491
f 1255//168 1263//1690 1243//1734
f 2026//1224 1926//1805 29//1696
f 1683//122 2157//1649 1212//1777
f 1326//1764 1293//1760 1376//1791
f 1255//168 32//170 55//779
f 104//839 1325//886 1341//1713
f 519//680 2462//325 2475//633
f 2154//1806 2161//1332 2137//1807
f 1376//1791 434//1712 1246//1808
f 1246//1808 434//1712 1256//1802
f 1257//1535 1251//1647 1232//1803
f 1262//1723 1359//1716 1386//763
f 2195//1533 2192//1532 2186//1809
f 1308//1296 534//1031 1226//217
f 2026//1224 2117//235 544//244
f 1327//1799 1613//1400 1324//1547
f 1327//1799 1326//1764 1286//1794
f 1286//1794 1326//1764 1304//1804
f 104//839 1341//1713 1331//791
f 774//1176 524//530 880//1545
f 837//1810 1517//1032 534//1031
f 1127//1677 1123//1673 1567//1811
f 1279//1697 1237//1688 1285//1683
f 1297//1812 1381//96 1294//1514
f 1217//1813 1232//1803 1216//1798
f 1142//1263 1519//1326 13//1325
f 1436//1477 1267//1467 1287//1478
f 1324//1547 1372//1814 1327//1799
f 1304//1804 1246//1808 1241//1795
f 1246//1808 1349//1800 1241//1795
f 1246//1808 1373//1815 1349//1800
f 286//869 1359//1716 1262//1723
f 1382//792 1383//1738 1330//1703
f 1284//1689 1277//1691 1273//714
f 489//62 1998//64 1799//1448
f 1675//1816 1116//1265 1075//827
f 106//147 1317//149 1337//1744
f 1311//198 1295//1781 1281//1817
f 1292//1818 1364//1740 1329//1741
f 1335//1776 1364//1740 1292//1818
f 1334//1335 1294//1514 1115//1336
f 1334//1335 1297//1812 1294//1514
f 1300//97 1381//96 1297//1812
f 973//1342 842//1341 2461//776
f 1217//1813 1239//1819 1232//1803
f 1232//1803 1239//1819 1257//1535
f 1258//1466 1267//1467 1436//1477
f 1359//1716 1190//1711 1274//1705
f 1862//451 1405//453 1877//462
f 1372//1814 1339//1820 1327//1799
f 1339//1820 1326//1764 1327//1799
f 1373//1815 1351//1821 1349//1800
f 1276//196 1311//198 1281//1817
f 1256//1802 2386//1822 1351//1821
f 2//110 1109//98 1300//97
f 482//1823 1731//1824 520//1825
f 803//1826 1604//1827 2022//1828
f 1223//1625 1218//1627 1211//1790
f 1341//1713 1383//1738 1382//792
f 1298//368 1293//1760 1370//1757
f 1190//1711 1354//890 1279//1697
f 1324//1547 2398//1829 1372//1814
f 1714//1830 1700//1831 2173//1554
f 183//216 2000//63 489//62
f 1701//1406 1666//1408 192//1832
f 1227//962 1242//1722 1234//698
f 1332//1833 1289//1376 1310//793
f 1517//1032 2005//1834 2130//1678
f 1331//791 1341//1713 1382//792
f 525//1239 1249//817 1236//535
f 23//178 1268//1835 1450//1643
f 1264//778 1291//777 1278//1736
f 1281//1817 1287//1478 1267//1467
f 1295//1781 1305//997 1287//1478
f 1281//1817 1295//1781 1287//1478
f 1487//390 1305//997 1295//1781
f 1605//1836 2097//1837 2058//1838
f 1326//1764 1376//1791 1304//1804
f 1304//1804 1376//1791 1246//1808
f 1316//394 1919//1773 1984//1839
f 2500//233 1949//1319 2460//407
f 1332//1833 1313//1377 1289//1376
f 2189//1840 2181//1841 2177//1471
f 1335//1776 1334//1335 1353//1337
f 1292//1818 1297//1812 1334//1335
f 1428//1476 1250//1772 1245//1785
f 969//879 958//1424 952//1423
f 1217//1813 1233//278 1239//1819
f 1233//278 1257//1535 1239//1819
f 1876//1763 1367//1762 1338//1842
f 1379//1752 1260//1751 1372//1814
f 1372//1814 1260//1751 1339//1820
f 1128//795 1302//1765 1310//793
f 1310//793 1302//1765 1332//1833
f 1335//1776 1353//1337 1313//1377
f 1292//1818 1334//1335 1335//1776
f 1297//1812 1329//1741 1300//97
f 1279//1697 1290//932 1237//1688
f 1301//1692 103//809 1314//768
f 70//715 1301//1692 102//739
f 23//178 1333//939 1268//1835
f 380//797 1285//1683 390//806
f 772//1843 325//200 1275//1491
f 1314//768 103//809 1315//790
f 2473//29 2458//311 2487//310
f 1276//196 1281//1817 1267//1467
f 1344//1721 95//151 1375//164
f 2053//1844 1771//786 1572//785
f 1246//1808 1256//1802 1373//1815
f 1373//1815 1256//1802 1351//1821
f 1340//1845 1302//1765 1128//795
f 1350//1786 1313//1377 1332//1833
f 1329//1741 1297//1812 1292//1818
f 2434//27 2473//29 2487//310
f 106//147 1337//1744 271//161
f 23//178 471//158 1333//939
f 622//1109 723//1151 509//1645
f 1388//1280 1517//1032 2127//1071
f 1991//1787 1990//1681 1989//1680
f 183//216 1636//1557 1226//217
f 2133//1846 1605//1836 2151//1633
f 1260//1751 1370//1757 1339//1820
f 1339//1820 1370//1757 1326//1764
f 867//1458 1894//1847 1902//1276
f 390//806 426//828 412//781
f 1235//1226 1263//1690 1242//1722
f 1399//1587 1422//276 1233//278
f 305//38 11//882 1333//939
f 1300//97 1329//1741 1306//155
f 1302//1765 1350//1786 1332//1833
f 1350//1786 1309//1759 1313//1377
f 1309//1759 1335//1776 1313//1377
f 2470//1258 2102//1848 1502//231
f 1787//1849 1531//1850 1599//1851
f 1724//1852 1725//1853 1691//1854
f 1827//1260 1601//1259 1927//1855
f 1678//1856 1358//1857 1476//1858
f 1823//95 1812//307 1846//1430
f 1805//120 1824//1859 1708//1431
f 1746//1860 1676//1861 1797//1862
f 325//200 2395//229 429//218
f 1835//1253 1677//1125 1826//1863
f 1507//123 1790//1864 1722//1386
f 1526//1865 1672//1866 858//1778
f 158//929 147//900 1342//533
f 1462//831 1473//1735 1322//832
f 1474//438 1414//1867 1565//436
f 1761//1868 1900//463 1877//462
f 940//152 1759//1662 1008//1869
f 1565//436 1015//1870 1008//1869
f 1924//1184 1533//1871 1933//1872
f 1878//423 826//425 830//750
f 1565//436 1414//1867 1015//1870
f 1402//1610 1088//1609 1008//1869
f 1538//1873 1532//1874 1651//478
f 1015//1870 1552//1875 1008//1869
f 1538//1873 1591//1876 1474//438
f 1532//1874 1538//1873 1474//438
f 1474//438 1591//1876 1414//1867
f 1484//1877 1402//1610 1008//1869
f 1552//1875 1484//1877 1008//1869
f 1414//1867 1460//1878 1015//1870
f 1015//1870 1460//1878 1552//1875
f 806//745 1289//1376 945//302
f 1597//1879 1538//1873 1659//1880
f 1484//1877 1319//1685 1402//1610
f 1056//1563 1402//1610 1319//1685
f 1538//1873 1597//1879 1591//1876
f 1591//1876 960//1881 1414//1867
f 1414//1867 960//1881 1460//1878
f 1925//86 1466//1882 1455//84
f 1552//1875 1400//1883 1484//1877
f 1484//1877 1400//1883 1319//1685
f 1400//1883 113//1884 1319//1685
f 1597//1879 1580//1885 1591//1876
f 1460//1878 1400//1883 1552//1875
f 1514//303 1441//1439 966//1362
f 1597//1879 1659//1880 1409//744
f 1657//1886 113//1884 1400//1883
f 1460//1878 1657//1886 1400//1883
f 1288//1793 1095//1287 1634//1339
f 1551//1525 1597//1879 1409//744
f 1580//1885 1598//1887 1591//1876
f 1591//1876 1598//1887 960//1881
f 1536//1382 1990//1681 2031//842
f 960//1881 1657//1886 1460//1878
f 1809//1888 1746//1860 1797//1862
f 1423//1626 1433//1606 1432//664
f 2478//743 1362//1526 1409//744
f 1463//1639 1545//1461 113//1884
f 1657//1886 1463//1639 113//1884
f 1457//996 1287//1478 1305//997
f 1682//1889 1716//1890 1746//1860
f 1434//1891 1761//1868 1885//1892
f 1013//1202 1139//605 1617//1479
f 2379//1893 1362//1526 2478//743
f 1420//1894 1597//1879 1551//1525
f 1420//1894 1580//1885 1597//1879
f 1664//1895 1808//1896 1712//1897
f 2256//1898 2250//1899 2231//1900
f 1362//1526 1551//1525 1409//744
f 2196//1901 2214//1902 2213//1903
f 1691//1854 1725//1853 1777//1904
f 1626//1905 192//1832 1666//1408
f 1534//1906 1574//1907 2058//1838
f 1574//1907 1600//1908 1605//1836
f 1600//1908 1606//1909 1605//1836
f 1606//1909 1641//1634 1605//1836
f 1573//445 1420//1894 1551//1525
f 1657//1886 1485//1910 1463//1639
f 678//1440 1806//1911 1742//1912
f 1534//1906 1553//1913 1574//1907
f 1574//1907 1575//1914 1600//1908
f 1810//1915 2170//1632 585//1916
f 1623//1917 1641//1634 1606//1909
f 1407//1918 1657//1886 960//1881
f 1598//1887 1407//1918 960//1881
f 1485//1910 1142//1263 1463//1639
f 1716//1890 1581//1919 1676//1861
f 1738//1920 1743//1921 1733//1922
f 843//1316 2064//613 835//1059
f 1539//1923 1575//1914 1574//1907
f 1553//1913 1539//1923 1574//1907
f 1575//1914 1592//1924 1600//1908
f 1592//1924 1624//1925 1606//1909
f 1600//1908 1592//1924 1606//1909
f 1642//1710 585//1916 1641//1634
f 1623//1917 1642//1710 1641//1634
f 1485//1910 164//1926 1142//1263
f 1738//1920 1516//121 1743//1921
f 1809//1888 1720//784 1798//1432
f 1533//1871 1535//1927 1534//1906
f 1592//1924 1607//1928 1624//1925
f 1624//1925 1623//1917 1606//1909
f 1163//816 566//1168 1116//1265
f 1407//1918 1485//1910 1657//1886
f 1432//664 1449//665 1439//855
f 1100//77 802//1605 2382//1197
f 1743//1921 1516//121 1722//1386
f 1746//1860 1716//1890 1676//1861
f 1535//1927 1539//1923 1534//1906
f 1534//1906 1539//1923 1553//1913
f 1642//1710 1623//1917 1624//1925
f 1095//1287 1208//1286 1654//31
f 967//1929 1407//1918 1598//1887
f 1580//1885 967//1929 1598//1887
f 1809//1888 1797//1862 1720//784
f 1924//1184 1524//1930 1535//1927
f 1533//1871 1924//1184 1535//1927
f 1539//1923 1576//1931 1575//1914
f 1642//1710 216//1450 585//1916
f 1407//1918 1529//1932 1485//1910
f 1485//1910 1529//1932 164//1926
f 1472//1468 1462//831 1482//833
f 1415//1630 1431//1212 1240//1482
f 966//1362 1194//1438 714//419
f 383//99 1182//101 152//1668
f 474//288 2337//1291 446//287
f 1743//1921 1841//1385 1757//1933
f 1486//1934 1524//1930 1924//1184
f 1535//1927 1525//1935 1539//1923
f 1575//1914 1576//1931 1592//1924
f 1420//1894 967//1929 1580//1885
f 1288//1793 1634//1339 1613//1400
f 459//857 427//876 1265//821
f 1404//1936 2179//1523 1393//1937
f 1404//1936 1403//859 1800//1938
f 1404//1936 1410//1939 1403//859
f 1410//1939 1749//1940 1403//859
f 1349//1800 1351//1821 218//1356
f 1486//1934 1498//1941 1524//1930
f 1535//1927 1524//1930 1525//1935
f 1607//1928 1636//1557 1624//1925
f 183//216 1642//1710 1624//1925
f 1636//1557 183//216 1624//1925
f 1107//1355 1349//1800 218//1356
f 1351//1821 845//1942 218//1356
f 164//1926 1519//1326 1142//1263
f 845//1942 413//1350 218//1356
f 1525//1935 1576//1931 1539//1923
f 1576//1931 1582//1750 1592//1924
f 1592//1924 2134//1543 1607//1928
f 2134//1543 1636//1557 1607//1928
f 2147//1943 1491//1944 1401//1596
f 1407//1918 1589//1945 1529//1932
f 1529//1932 1519//1326 164//1926
f 1693//1946 1763//858 1444//860
f 1924//1184 1479//1183 1486//1934
f 1592//1924 1582//1750 2134//1543
f 499//1379 165//472 874//471
f 2176//1469 1857//1947 1959//1494
f 2327//1948 2368//1949 2326//1950
f 2358//446 821//1951 953//444
f 953//444 821//1951 1573//445
f 1824//1859 1704//1952 1464//1953
f 1731//1824 1358//1857 1678//1856
f 1394//1954 1410//1939 1404//1936
f 1394//1954 1418//529 1410//1939
f 1466//1882 1479//1183 1839//1955
f 1486//1934 1479//1183 1498//1941
f 1498//1941 1525//1935 1524//1930
f 1576//1931 2080//1956 1582//1750
f 1785//1957 1684//1288 1898//1304
f 804//79 398//145 802//1605
f 804//79 925//1357 398//145
f 1447//1161 1562//1958 2358//446
f 2358//446 1562//1958 821//1951
f 821//1951 1620//1959 1573//445
f 1620//1959 1420//1894 1573//445
f 1420//1894 1556//1960 967//1929
f 1393//1937 1394//1954 1404//1936
f 1525//1935 2080//1956 1576//1931
f 1621//1961 1420//1894 1620//1959
f 1621//1961 1556//1960 1420//1894
f 967//1929 1589//1945 1407//1918
f 1505//1962 5//1963 1357//1964
f 1266//1648 1258//1466 1436//1477
f 1393//1937 1395//1965 1394//1954
f 2176//1469 2175//1262 1848//1966
f 1455//84 1466//1882 1839//1955
f 1525//1935 1540//1096 2080//1956
f 1582//1750 2080//1956 2118//1475
f 1100//77 804//79 802//1605
f 1556//1960 1589//1945 967//1929
f 1589//1945 1082//1967 1529//1932
f 1093//1968 1685//1447 1357//1964
f 1504//1269 1093//1968 1357//1964
f 1425//1969 1418//529 1394//1954
f 1475//1970 1479//1183 1466//1882
f 1479//1183 1506//1971 1498//1941
f 1789//51 1784//1972 1730//510
f 2501//405 2465//678 2489//632
f 1438//1211 1458//1402 1430//1378
f 1462//831 1458//1402 1473//1735
f 1454//1973 805//1719 1529//1932
f 1082//1967 1454//1973 1529//1932
f 1529//1932 805//1719 1519//1326
f 1425//1969 1394//1954 1395//1965
f 1425//1969 1744//527 1418//529
f 1479//1183 1475//1970 1506//1971
f 1540//1096 2060//841 2080//1956
f 1556//1960 1082//1967 1589//1945
f 1443//656 945//302 1511//304
f 1506//1971 1536//1382 1498//1941
f 1498//1941 1536//1382 1525//1935
f 1525//1935 1536//1382 1540//1096
f 1670//1974 852//1975 1672//1866
f 1998//64 1388//1280 1389//1976
f 1511//304 966//1362 1509//1622
f 1509//1622 966//1362 714//419
f 1442//1358 1443//656 1496//1360
f 1562//1958 1635//1977 821//1951
f 155//1608 1322//832 1473//1735
f 1439//855 1458//1402 1438//1211
f 1426//1978 1425//1969 1395//1965
f 1475//1970 1499//1979 1506//1971
f 1735//1980 1588//1981 1776//1982
f 2422//1521 2454//1139 2421//1983
f 1423//1626 1432//664 1415//1630
f 1559//1984 2101//1985 2073//1986
f 845//1942 866//1987 413//1350
f 1429//1988 1620//1959 821//1951
f 1620//1959 1429//1988 1621//1961
f 1228//578 1250//1772 1687//1753
f 1002//78 945//302 1443//656
f 2382//1197 802//1605 1083//144
f 1859//983 1411//1989 1395//1965
f 1411//1989 1426//1978 1395//1965
f 1426//1978 1744//527 1425//1969
f 1590//852 1437//851 1483//691
f 1480//1990 1475//1970 1466//1882
f 1480//1990 1499//1979 1475//1970
f 1510//1991 1733//1922 1743//1921
f 1663//1992 1696//205 1658//1993
f 1430//1378 1453//1381 1452//1502
f 1452//1502 1472//1468 1471//197
f 1452//1502 1471//197 1448//1503
f 1430//1378 1452//1502 1421//277
f 1430//1378 1421//277 1422//276
f 1429//1988 1082//1967 1556//1960
f 1621//1961 1429//1988 1556//1960
f 1351//1821 2386//1822 845//1942
f 1126//14 1059//13 487//492
f 1639//603 1437//851 1563//850
f 1504//1269 1928//1582 1093//1968
f 1499//1979 1536//1382 1506//1971
f 1588//1981 1770//1994 1727//1995
f 1110//1573 1747//1254 1397//1580
f 1776//1982 1588//1981 1531//1850
f 1322//832 1320//1416 1482//833
f 1590//852 1629//620 1571//619
f 1730//510 1877//462 1838//461
f 1429//1988 935//1996 1082//1967
f 1082//1967 935//1996 1454//1973
f 804//79 1443//656 925//1357
f 1139//605 1007//1201 1639//603
f 1925//86 1480//1990 1466//1882
f 1934//1788 1989//1680 1480//1990
f 1499//1979 1989//1680 1536//1382
f 1727//1995 1526//1865 1531//1850
f 1593//1997 1614//1998 502//1999
f 2455//2000 2431//1520 2400//1369
f 1755//1449 1680//1506 908//2001
f 1563//850 1571//619 1564//604
f 1647//2 1078//211 1501//421
f 2490//1235 1635//1977 1106//1321
f 1496//1360 1511//304 717//69
f 2454//1139 2431//1520 516//963
f 1478//2002 1153//1570 1093//1968
f 1870//1234 1426//1978 1411//1989
f 1426//1978 1723//1359 1744//527
f 962//1417 986//1426 1412//222
f 717//69 1511//304 1509//1622
f 1825//2003 1704//1952 1824//1859
f 2225//2004 2234//2005 2253//2006
f 1490//70 1557//171 1188//105
f 1635//1977 80//2007 821//1951
f 805//1719 1454//1973 935//1996
f 1186//1292 706//1018 695//1229
f 1194//1438 1161//1443 714//419
f 1512//420 1007//1201 1013//1202
f 592//267 97//357 204//195
f 1258//1466 1266//1648 1257//1535
f 82//607 1333//939 471//158
f 1694//1245 1710//614 1505//1962
f 1643//2008 490//2009 1661//2010
f 1661//2010 490//2009 1114//2011
f 1518//1104 2068//344 2484//343
f 1750//2012 1808//1896 1664//1895
f 1656//1562 1635//1977 2490//1235
f 935//1996 1521//2013 805//1719
f 1546//1312 1629//620 1076//1310
f 1301//1692 70//715 1277//1691
f 966//1362 1441//1439 1194//1438
f 1148//331 1825//2003 1824//1859
f 1614//1998 1609//2014 1643//2008
f 1114//2011 1092//2015 1921//1216
f 1770//1994 1739//1488 1670//1974
f 1631//330 1632//30 1646//32
f 821//1951 1016//2016 1429//1988
f 1429//1988 1016//2016 935//1996
f 1632//30 1095//1287 1654//31
f 1083//144 262//146 688//160
f 1724//1852 1686//2017 1725//1853
f 1644//2018 490//2009 1643//2008
f 1092//2015 1149//1453 1921//1216
f 3//1594 893//2019 1832//2020
f 988//1375 1640//191 1188//105
f 916//934 1107//1355 284//1351
f 1656//1562 80//2007 1635//1977
f 1016//2016 821//1951 80//2007
f 1016//2016 1521//2013 935//1996
f 1478//2002 1202//36 1153//1570
f 1401//1596 1928//1582 29//1696
f 1440//37 1478//2002 1928//1582
f 1849//2021 1700//1831 1865//2022
f 1595//81 1611//187 1612//1228
f 1208//1286 198//1340 341//133
f 1464//1953 1704//1952 1746//1860
f 2143//2023 984//2024 1721//2025
f 1848//1966 1849//2021 1868//2026
f 1662//2027 1114//2011 490//2009
f 1669//2028 1787//1849 1682//1889
f 1656//1562 1618//2029 80//2007
f 198//1340 1208//1286 916//934
f 1440//37 1928//1582 1401//1596
f 1521//2013 1369//1720 805//1719
f 1252//1637 1107//1355 916//934
f 1745//1414 678//1440 1672//1866
f 1703//2030 1779//2031 1721//2025
f 1750//2012 1465//1584 1808//1896
f 1609//2014 1644//2018 1643//2008
f 1092//2015 1114//2011 1662//2027
f 1826//1863 1523//1510 1793//2032
f 2262//1707 2261//1709 2224//2033
f 1696//205 2166//2034 1767//206
f 1016//2016 1648//2035 1521//2013
f 1208//1286 1252//1637 916//934
f 833//138 688//160 1067//1364
f 1794//1507 1803//1387 1558//1538
f 28//338 17//1230 512//1136
f 1750//2012 861//2036 1566//2037
f 1594//2038 1644//2018 1609//2014
f 1644//2018 1645//2039 490//2009
f 490//2009 1645//2039 1662//2027
f 2229//2040 2262//1707 2224//2033
f 1602//2041 861//2036 1760//2042
f 1530//2043 1777//1904 1760//2042
f 872//1493 1706//1500 1673//1056
f 1696//205 1668//1537 2166//2034
f 1708//1431 1809//1888 1798//1432
f 1581//1919 1716//1890 1814//2044
f 1709//1407 1794//1507 1680//1506
f 1233//278 1421//277 1257//1535
f 1724//1852 1476//1858 1686//2017
f 1469//1730 1481//2045 1965//1731
f 1965//1731 1481//2045 1492//2046
f 2073//1986 1549//2047 1559//1984
f 1594//2038 1615//2048 1644//2018
f 1799//1448 1706//1500 1755//1449
f 1725//1853 1686//2017 1837//2049
f 1720//784 1797//1862 1572//785
f 1618//2029 2467//868 2022//1828
f 1618//2029 1579//2050 80//2007
f 1648//2035 1016//2016 80//2007
f 2134//1543 2152//1550 1636//1557
f 1611//187 1632//30 1631//330
f 1761//1868 1434//1891 1470//2051
f 1559//1984 1577//2052 1594//2038
f 1603//2053 1615//2048 1594//2038
f 1615//2048 1645//2039 1644//2018
f 1637//2054 1662//2027 1645//2039
f 1662//2027 1199//2055 1092//2015
f 1199//2055 1149//1453 1092//2015
f 1451//2056 1108//2057 1149//1453
f 665//185 734//184 756//1413
f 1865//2022 1700//1831 1714//1830
f 1709//1407 1841//1385 1794//1507
f 1618//2029 2022//1828 1579//2050
f 1648//2035 1413//1739 1369//1720
f 1521//2013 1648//2035 1369//1720
f 1520//1717 11//882 1401//1596
f 1446//2058 1470//2051 1434//1891
f 1798//1432 1691//1854 1754//2059
f 2063//2060 1544//2061 2073//1986
f 2073//1986 1544//2061 1549//2047
f 1594//2038 1577//2052 1603//2053
f 1615//2048 1637//2054 1645//2039
f 1637//2054 1199//2055 1662//2027
f 1427//2062 1149//1453 1199//2055
f 2167//2063 1108//2057 1451//2056
f 1997//1769 1673//1056 1705//1770
f 1706//1500 1799//1448 1705//1770
f 1841//1385 1709//1407 1757//1933
f 1604//1827 1579//2050 2022//1828
f 1579//2050 707//2064 80//2007
f 80//2007 707//2064 1648//2035
f 1520//1717 1401//1596 1491//1944
f 1649//2065 1520//1717 1491//1944
f 1435//2066 1434//1891 1885//1892
f 1470//2051 1469//1730 1461//2067
f 1481//2045 1508//2068 2024//2069
f 2370//1801 1544//2061 2063//2060
f 1549//2047 1568//2070 1559//1984
f 1559//1984 1568//2070 1577//2052
f 1603//2053 1610//2071 1615//2048
f 1615//2048 1610//2071 1637//2054
f 999//2072 1199//2055 1637//2054
f 1451//2056 1149//1453 1427//2062
f 1137//853 1825//2003 1148//331
f 1706//1500 1705//1770 1673//1056
f 1138//2073 1604//1827 2116//1782
f 1138//2073 1579//2050 1604//1827
f 1413//1739 1648//2035 707//2064
f 2360//427 2024//2069 1508//2068
f 598//825 1075//827 1116//1265
f 229//770 93//993 1468//992
f 1839//1955 1479//1183 1684//1288
f 2216//1518 2229//2040 2224//2033
f 1610//2071 1625//2074 1637//2054
f 329//2075 999//2072 1637//2054
f 1199//2055 1017//1660 1427//2062
f 1017//1660 303//281 1427//2062
f 303//281 1451//2056 1427//2062
f 1792//2076 1754//2059 1777//1904
f 2309//1279 2391//1278 2301//2077
f 1655//906 1138//2073 2116//1782
f 1138//2073 707//2064 1579//2050
f 1649//2065 1491//1944 206//2078
f 1406//2079 1885//1892 1398//75
f 1406//2079 1419//2080 1885//1892
f 1419//2080 1435//2066 1885//1892
f 1434//1891 1435//2066 1446//2058
f 1470//2051 1481//2045 1469//1730
f 1577//2052 1583//1527 1603//2053
f 999//2072 1017//1660 1199//2055
f 81//2081 67//2082 941//2083
f 67//2082 1650//2084 941//2083
f 1259//2085 1815//2086 2164//1371
f 1619//1774 2116//1782 2045//1775
f 1424//2087 707//2064 1138//2073
f 1702//1797 1649//2065 206//2078
f 1687//1753 1406//2079 1398//75
f 1477//998 1481//2045 1470//2051
f 1568//2070 1569//2088 1577//2052
f 1577//2052 1569//2088 1583//1527
f 1603//2053 1583//1527 1610//2071
f 1625//2074 329//2075 1637//2054
f 2167//2063 340//1522 273//396
f 81//2081 273//396 340//1522
f 81//2081 962//1417 67//2082
f 1547//119 1619//1774 1488//221
f 1830//2089 1739//1488 1770//1994
f 938//905 1424//2087 1138//2073
f 1424//2087 1413//1739 707//2064
f 1527//2090 1649//2065 1702//1797
f 1527//2090 1520//1717 1649//2065
f 1527//2090 1268//1835 1520//1717
f 1250//1772 1406//2079 1687//1753
f 1441//1439 1353//1337 1115//1336
f 1203//127 1413//1739 1051//128
f 1250//1772 1419//2080 1406//2079
f 1477//998 2372//1682 1481//2045
f 1481//2045 2372//1682 1508//2068
f 2449//283 1560//2091 1568//2070
f 1549//2047 2449//283 1568//2070
f 1568//2070 1560//2091 1569//2088
f 1569//2088 1584//41 1583//1527
f 1652//234 329//2075 1625//2074
f 329//2075 817//1420 999//2072
f 285//1395 1017//1660 999//2072
f 303//281 10//280 1451//2056
f 10//280 2167//2063 1451//2056
f 1412//222 1650//2084 67//2082
f 1412//222 1488//221 1650//2084
f 1547//119 1023//1679 1619//1774
f 1023//1679 1655//906 1619//1774
f 1655//906 938//905 1138//2073
f 1456//1311 1413//1739 1424//2087
f 1457//996 1470//2051 1446//2058
f 1457//996 1477//998 1470//2051
f 329//2075 1652//234 817//1420
f 10//280 340//1522 2167//2063
f 938//905 1546//1312 1424//2087
f 1546//1312 1456//1311 1424//2087
f 1259//2085 1548//2092 1779//2031
f 2052//1497 2031//842 1990//1681
f 1440//37 1202//36 1478//2002
f 1428//1476 1419//2080 1250//1772
f 1428//1476 1435//2066 1419//2080
f 1428//1476 1446//2058 1435//2066
f 1934//1788 1935//85 1955//1322
f 1560//2091 1584//41 1569//2088
f 1610//2071 1638//223 1625//2074
f 1638//223 1652//234 1625//2074
f 817//1420 1077//823 999//2072
f 1077//823 285//1395 999//2072
f 980//279 303//281 1017//1660
f 962//1417 1412//222 67//2082
f 1494//212 1023//1679 1547//119
f 325//200 271//161 1270//1492
f 1443//656 1511//304 1496//1360
f 1450//1643 1268//1835 1527//2090
f 1514//303 1353//1337 1441//1439
f 1287//1478 1446//2058 1428//1476
f 1446//2058 1287//1478 1457//996
f 1305//997 2372//1682 1477//998
f 1992//214 1990//1681 1991//1787
f 1992//214 1991//1787 1971//215
f 1971//215 1991//1787 1955//1322
f 2449//283 1549//2047 2418//284
f 1583//1527 1616//186 1610//2071
f 1610//2071 1616//186 1638//223
f 10//280 1396//1401 340//1522
f 340//1522 1445//1418 81//2081
f 1445//1418 962//1417 81//2081
f 1790//1864 984//2024 1753//2093
f 984//2024 2148//2094 1753//2093
f 1588//1981 1713//2095 1770//1994
f 969//879 978//878 958//1424
f 1741//1779 1779//2031 1703//2030
f 1758//2096 1846//1430 1754//2059
f 1827//1260 1819//1615 1029//1559
f 1818//2097 1530//2043 1712//1897
f 1750//2012 1566//2037 2127//1071
f 2459//570 2434//27 2483//775
f 1798//1432 1720//784 1771//786
f 1794//1507 1841//1385 1803//1387
f 216//1450 1755//1449 1810//1915
f 1098//1658 1735//1980 1748//1742
f 1735//1980 1497//2098 1748//1742
f 1502//231 2102//1848 1601//1259
f 881//232 1502//231 1601//1259
f 1455//84 1839//1955 1744//527
f 1706//1500 1709//1407 1680//1506
f 1212//1777 1741//1779 1703//2030
f 1788//2099 1969//1472 1671//1539
f 1075//827 1074//826 1692//1329
f 951//1273 2500//233 881//232
f 2490//1235 2486//568 2463//245
f 1748//1742 1497//2098 1781//2100
f 1721//2025 984//2024 1840//2101
f 1815//2086 1259//2085 1741//1779
f 1626//1905 1756//1055 1837//2049
f 975//911 987//371 1542//2102
f 2230//2103 2236//2104 2235//2105
f 1772//1405 678//1440 734//184
f 1542//2102 1671//1539 975//911
f 1806//1911 1772//1405 1780//1372
f 678//1440 1772//1405 1806//1911
f 2218//2106 2225//2004 2268//2107
f 1828//1425 1732//974 2007//1496
f 1526//1865 1688//2108 1531//1850
f 1752//2109 1526//1865 1554//2110
f 1844//2111 1818//2097 1712//1897
f 1823//95 1846//1430 1804//71
f 1781//2100 1669//2028 1704//1952
f 1721//2025 1779//2031 2143//2023
f 1770//1994 1670//1974 1526//1865
f 1497//2098 1669//2028 1781//2100
f 1098//1658 1713//2095 1735//1980
f 1742//1912 1815//2086 1741//1779
f 1526//1865 858//1778 1875//1651
f 1599//1851 1531//1850 1688//2108
f 1803//1387 1790//1864 1558//1538
f 1703//2030 1721//2025 1683//122
f 1832//2020 1766//2112 957//2113
f 1542//2102 1679//2114 1671//1539
f 1679//2114 1788//2099 1671//1539
f 1927//1855 1819//1615 1827//1260
f 1718//1415 1745//1414 1739//1488
f 1684//1288 1022//528 1839//1955
f 1459//854 1283//556 1299//591
f 1022//528 1410//1939 1418//529
f 2368//1949 2393//2115 2326//1950
f 1669//2028 1497//2098 1776//1982
f 1875//1651 858//1778 1212//1777
f 1739//1488 1745//1414 852//1975
f 1964//1694 1918//1143 1461//2067
f 1356//780 133//767 1331//791
f 1765//994 1829//1487 1468//992
f 858//1778 1742//1912 1741//1779
f 1006//623 1674//625 1021//1390
f 1723//1359 1936//1328 1935//85
f 1468//992 1713//2095 1098//1658
f 1724//1852 1678//1856 1476//1858
f 1680//1506 1783//1508 908//2001
f 1731//1824 1543//2116 520//1825
f 1683//122 1721//2025 1840//2101
f 1467//2117 1679//2114 1542//2102
f 1812//307 1708//1431 1846//1430
f 1679//2114 1975//2118 1788//2099
f 1713//2095 1830//2089 1770//1994
f 1803//1387 1722//1386 1790//1864
f 2301//2077 2391//1278 2349//2119
f 1713//2095 1588//1981 1735//1980
f 1836//2120 1530//2043 1818//2097
f 1837//2049 1756//1055 861//2036
f 886//1250 571//1008 556//1551
f 1181//111 1805//120 1812//307
f 1706//1500 1680//1506 1755//1449
f 1677//1125 1729//764 1775//1363
f 1776//1982 1787//1849 1669//2028
f 1526//1865 1670//1974 1672//1866
f 1727//1995 1770//1994 1526//1865
f 987//371 1467//2117 1542//2102
f 1567//1811 1704//1952 1137//853
f 1693//1946 1865//2022 1714//1830
f 897//254 1762//1511 912//271
f 1135//1597 1697//1620 1062//1617
f 1697//1620 376//1561 1062//1617
f 1543//2116 1731//1824 1678//1856
f 1793//2032 1679//2114 1467//2117
f 1777//1904 1602//2041 1760//2042
f 1846//1430 1798//1432 1754//2059
f 1835//1253 1096//765 1677//1125
f 1033//154 1030//830 940//152
f 1450//1643 1527//2090 1702//1797
f 1717//2121 376//1561 1697//1620
f 1711//2122 1717//2121 1697//1620
f 1717//2121 165//472 376//1561
f 1840//2101 984//2024 1790//1864
f 1669//2028 1746//1860 1704//1952
f 1669//2028 1682//1889 1746//1860
f 2301//2077 2349//2119 2308//2123
f 1882//1399 1444//860 1898//1304
f 1820//1233 1789//51 1730//510
f 861//2036 1380//1054 1566//2037
f 2301//2077 2308//2123 2266//2124
f 1771//786 1543//2116 1691//1854
f 1958//477 1659//1880 1651//478
f 1697//1620 1360//1624 1711//2122
f 1711//2122 1737//2125 1717//2121
f 1717//2121 1737//2125 165//472
f 1790//1864 1753//2093 1558//1538
f 1668//1537 1696//205 1663//1992
f 1360//1624 1702//1797 1711//2122
f 1702//1797 1707//2126 1711//2122
f 1707//2126 1737//2125 1711//2122
f 1737//2125 1751//835 165//472
f 1444//860 1782//2127 1693//1946
f 1716//1890 1787//1849 1599//1851
f 1744//527 1839//1955 1022//528
f 1898//1304 1444//860 1785//1957
f 206//2078 1707//2126 1702//1797
f 1764//417 2468//226 1751//835
f 316//1628 1844//2111 893//2019
f 893//2019 1844//2111 915//2128
f 1845//2129 1804//71 1758//2096
f 1380//1054 861//2036 1756//1055
f 1780//1372 670//1389 1021//1390
f 1714//1830 2172//1528 1763//858
f 1783//1508 1558//1538 1663//1992
f 1750//2012 2127//1071 1465//1584
f 1798//1432 1771//786 1691//1854
f 1691//1854 1543//2116 1724//1852
f 1872//1172 1910//2130 839//1173
f 1737//2125 2044//2131 1751//835
f 1751//835 2044//2131 1764//417
f 1757//1933 1701//1406 482//1823
f 1725//1853 1602//2041 1777//1904
f 1836//2120 1845//2129 1530//2043
f 2102//1848 2470//1258 1503//437
f 2496//237 1899//967 544//244
f 763//1338 2484//343 946//657
f 987//371 1719//1236 1467//2117
f 1845//2129 1758//2096 1792//2076
f 1725//1853 1837//2049 1602//2041
f 1872//1172 1866//424 1873//1756
f 1712//1897 1530//2043 1760//2042
f 489//62 1799//1448 216//1450
f 1760//2042 861//2036 1750//2012
f 2068//344 2466//1284 2460//407
f 1696//205 2159//204 2168//1485
f 377//260 1377//262 1280//1693
f 1797//1862 1676//1861 1572//785
f 1581//1919 2053//1844 1572//785
f 1676//1861 1581//1919 1572//785
f 1764//417 2498//2132 2468//226
f 2468//226 2498//2132 1994//2133
f 1861//2134 1695//2135 1860//2136
f 2481//418 2004//575 2495//576
f 1826//1863 1677//1125 1523//1510
f 1670//1974 1739//1488 852//1975
f 2234//2005 2269//2137 2253//2006
f 1724//1852 1543//2116 1678//1856
f 1658//1993 2168//1485 1791//1484
f 1397//1580 1747//1254 1719//1236
f 1696//205 2168//1485 1658//1993
f 979//681 519//680 272//1130
f 1774//1512 1975//2118 1679//2114
f 975//911 1671//1539 932//1455
f 1787//1849 1716//1890 1682//1889
f 1835//1253 1826//1863 1747//1254
f 2501//405 2469//1433 961//679
f 1810//1915 908//2001 1791//1484
f 1982//1706 1768//2138 191//480
f 1137//853 1704//1952 1825//2003
f 1804//71 1846//1430 1758//2096
f 2004//575 2044//2131 1737//2125
f 913//1462 1969//1472 902//1392
f 2498//2132 1795//255 1801//2139
f 915//2128 1844//2111 1712//1897
f 1689//2140 915//2128 1712//1897
f 1740//2141 1752//2109 1541//1650
f 695//1229 661//520 199//522
f 1865//2022 1693//1946 1782//2127
f 1824//1859 1464//1953 1809//1888
f 1829//1487 1765//994 1718//1415
f 1816//2142 1768//2138 1982//1706
f 1816//2142 1622//2143 1768//2138
f 1622//2143 2165//2144 1681//2145
f 1768//2138 1622//2143 1681//2145
f 670//1389 1772//1405 228//1404
f 1283//556 1459//854 52//554
f 1785//1957 1444//860 1749//1940
f 1675//1816 1075//827 1685//1447
f 1567//1811 1781//2100 1704//1952
f 1858//2146 1857//1947 1848//1966
f 1526//1865 1752//2109 1688//2108
f 1791//1484 2160//1486 1810//1915
f 908//2001 1658//1993 1791//1484
f 1813//2147 1773//1536 1558//1538
f 1845//2129 1792//2076 1530//2043
f 69//192 376//1561 165//472
f 3//1594 1832//2020 1834//1592
f 1722//1386 1516//121 1507//123
f 1801//2139 1821//2148 1994//2133
f 1833//2149 1982//1706 2046//2150
f 1821//2148 1833//2149 2046//2150
f 1833//2149 1816//2142 1982//1706
f 1022//528 1785//1957 1749//1940
f 2160//1486 2170//1632 1810//1915
f 1147//1583 1719//1236 1726//300
f 1683//122 1840//2101 1507//123
f 1467//2117 1719//1236 1793//2032
f 1795//255 1802//257 1801//2139
f 1802//257 1811//2151 1801//2139
f 1801//2139 1811//2151 1821//2148
f 1690//2152 2165//2144 1622//2143
f 1934//1788 1480//1990 1925//86
f 229//770 1468//992 1091//1644
f 1780//1372 2164//1371 1742//1912
f 1672//1866 1742//1912 858//1778
f 1833//2149 1417//2153 1816//2142
f 1417//2153 1622//2143 1816//2142
f 1831//2154 2165//2144 1690//2152
f 1668//1537 1663//1992 1558//1538
f 1719//1236 1747//1254 1826//1863
f 1760//2042 1750//2012 1664//1895
f 1817//2155 1690//2152 1622//2143
f 1530//2043 1792//2076 1777//1904
f 948//256 1796//1665 1802//257
f 1796//1665 1811//2151 1802//257
f 1515//2156 1817//2155 1622//2143
f 1695//2135 1861//2134 1831//2154
f 1783//1508 1663//1992 1658//1993
f 1749//1940 1410//1939 1022//528
f 854//675 1796//1665 948//256
f 1811//2151 1842//2157 1833//2149
f 1821//2148 1811//2151 1833//2149
f 1833//2149 1842//2157 1417//2153
f 1622//2143 1417//2153 1515//2156
f 127//329 1804//71 1845//2129
f 1686//2017 1626//1905 1837//2049
f 1608//2158 1690//2152 1817//2155
f 1523//1510 1775//1363 1762//1511
f 127//329 1845//2129 1836//2120
f 1812//307 1805//120 1708//1431
f 1523//1510 1677//1125 1775//1363
f 1780//1372 1772//1405 670//1389
f 1758//2096 1754//2059 1792//2076
f 1204//1331 1796//1665 854//675
f 1822//1564 1842//2157 1811//2151
f 1608//2158 1831//2154 1690//2152
f 1822//1564 1811//2151 1796//1665
f 1842//2157 1416//2159 1417//2153
f 1417//2153 1416//2159 1515//2156
f 1515//2156 1608//2158 1817//2155
f 1728//2160 1831//2154 1608//2158
f 908//2001 1783//1508 1658//1993
f 127//329 1836//2120 316//1628
f 1805//120 1148//331 1824//1859
f 852//1975 1745//1414 1672//1866
f 1478//2002 1093//1968 1928//1582
f 1822//1564 1843//1427 1842//2157
f 1843//1427 959//2161 1842//2157
f 1842//2157 959//2161 1416//2159
f 1728//2160 1695//2135 1831//2154
f 1728//2160 1860//2136 1695//2135
f 2346//2162 446//287 2337//1291
f 1602//2041 1837//2049 861//2036
f 1087//1252 1096//765 1835//1253
f 1708//1431 1824//1859 1809//1888
f 2004//575 1737//2125 505//801
f 1567//1811 1748//1742 1781//2100
f 520//1825 1543//2116 1883//2163
f 1760//2042 1664//1895 1712//1897
f 128//534 1336//898 72//899
f 2053//1844 1883//2163 1543//2116
f 1822//1564 180//1428 1843//1427
f 1786//2164 1608//2158 1515//2156
f 929//208 2462//325 519//680
f 512//1136 2402//2165 506//1463
f 1212//1777 1703//2030 1683//122
f 1830//2089 1829//1487 1739//1488
f 2053//1844 1543//2116 1771//786
f 1416//2159 1769//2166 1515//2156
f 1769//2166 1786//2164 1515//2156
f 1786//2164 1728//2160 1608//2158
f 1712//1897 1808//1896 1689//2140
f 1794//1507 1558//1538 1783//1508
f 1497//2098 1735//1980 1776//1982
f 1127//1677 1567//1811 1137//853
f 1123//1673 1748//1742 1567//1811
f 36//803 205//749 1185//1567
f 959//2161 1734//2167 1416//2159
f 1738//1920 1733//1922 1541//1650
f 1774//1512 1762//1511 1974//2168
f 1752//2109 1554//2110 1541//1650
f 1752//2109 1740//2141 1688//2108
f 1526//1865 1875//1651 1554//2110
f 1468//992 1829//1487 1830//2089
f 1755//1449 908//2001 1810//1915
f 1716//1890 1599//1851 1814//2044
f 1806//1911 1780//1372 1742//1912
f 2308//2123 2349//2119 2340//2169
f 1832//2020 915//2128 1689//2140
f 1713//2095 1468//992 1830//2089
f 1814//2044 1599//1851 1346//2170
f 1832//2020 1689//2140 1766//2112
f 1022//528 1684//1288 1785//1957
f 1093//1968 1153//1570 1116//1265
f 1672//1866 678//1440 1742//1912
f 1675//1816 1685//1447 1093//1968
f 1841//1385 1743//1921 1722//1386
f 1814//2044 2053//1844 1581//1919
f 1464//1953 1746//1860 1809//1888
f 2485//596 2497//494 2493//597
f 1416//2159 1734//2167 1769//2166
f 1665//2171 1728//2160 1786//2164
f 1665//2171 1951//2172 1728//2160
f 1951//2172 1860//2136 1728//2160
f 1951//2172 2094//1092 1860//2136
f 1844//2111 1836//2120 1818//2097
f 316//1628 1836//2120 1844//2111
f 1776//1982 1531//1850 1787//1849
f 1719//1236 1826//1863 1793//2032
f 2147//1943 1401//1596 29//1696
f 2111//1411 2121//2173 1548//2092
f 1741//1779 1259//2085 1779//2031
f 1843//1427 347//1429 1834//1592
f 1843//1427 1734//2167 959//2161
f 1766//2112 1769//2166 1734//2167
f 957//2113 1766//2112 1734//2167
f 1766//2112 1786//2164 1769//2166
f 1766//2112 1689//2140 1786//2164
f 1689//2140 1665//2171 1786//2164
f 1754//2059 1691//1854 1777//1904
f 1507//123 1840//2101 1790//1864
f 1761//1868 1470//2051 1461//2067
f 1523//1510 1679//2114 1793//2032
f 1091//1644 1468//992 1098//1658
f 1820//1233 1730//510 1838//461
f 1843//1427 1834//1592 1734//2167
f 1808//1896 1951//2172 1665//2171
f 1588//1981 1727//1995 1531//1850
f 893//2019 915//2128 1832//2020
f 1523//1510 1774//1512 1679//2114
f 272//1130 2488//635 710//1100
f 1093//1968 1116//1265 1675//1816
f 2340//2169 2349//2119 2348//2174
f 1832//2020 1734//2167 1834//1592
f 1832//2020 957//2113 1734//2167
f 1951//2172 1808//1896 2094//1092
f 1685//1447 1692//1329 1505//1962
f 1043//931 295//1618 698//933
f 2143//2023 1779//2031 2121//2173
f 1689//2140 1808//1896 1665//2171
f 1693//1946 1714//1830 1763//858
f 1738//1920 2157//1649 1516//121
f 1114//2011 1921//1216 236//1215
f 1268//1835 1333//939 1520//1717
f 1149//1453 1108//2057 431//1454
f 508//1728 2144//1715 1912//1789
f 1957//90 1108//2057 1537//91
f 431//1454 1108//2057 1957//90
f 1018//2175 1108//2057 2167//2063
f 1338//1842 1957//90 1681//2145
f 2163//2176 1957//90 1338//1842
f 1983//395 1390//2177 2093//2178
f 30//16 557//506 37//555
f 1714//1830 2173//1554 2172//1528
f 1983//395 1984//1839 1390//2177
f 1984//1839 2065//2179 1390//2177
f 884//241 1762//1511 897//254
f 2065//2179 1984//1839 1214//2180
f 1950//2181 1974//2168 1762//1511
f 884//241 1950//2181 1762//1511
f 2012//2182 1698//2183 1861//2134
f 1214//2180 2116//1782 803//1826
f 1950//2181 1938//2184 1974//2168
f 1938//2184 1967//2185 1974//2168
f 1900//463 1761//1868 1461//2067
f 865//251 1929//2186 884//241
f 884//241 1929//2186 1950//2181
f 2062//172 2071//2187 2042//1232
f 919//1365 1985//2188 1732//974
f 1593//1997 502//1999 2146//2189
f 1995//2190 1213//1213 2098//966
f 1522//1103 2476//616 1651//478
f 2174//1552 1849//2021 2175//1262
f 1480//1990 1989//1680 1499//1979
f 1929//2186 1938//2184 1950//2181
f 1605//1836 2058//1838 1574//1907
f 2097//1837 1605//1836 2133//1846
f 1912//1789 2014//2191 1886//1726
f 2092//2192 2082//2193 2083//2194
f 206//2078 1930//2195 505//801
f 2101//1985 2100//2196 2092//2192
f 2073//1986 2101//1985 2092//2192
f 839//1173 1910//2130 865//251
f 1910//2130 1901//2197 1929//2186
f 865//251 1910//2130 1929//2186
f 1967//2185 1788//2099 1975//2118
f 2073//1986 2092//2192 2063//2060
f 2101//1985 1593//1997 2100//2196
f 2015//2198 1876//1763 1698//2183
f 1853//2199 1884//2200 2014//2191
f 1831//2154 1698//2183 2165//2144
f 1316//394 273//396 81//2081
f 1901//2197 1920//2201 1929//2186
f 1929//2186 1920//2201 1938//2184
f 1920//2201 1968//1473 1967//2185
f 1938//2184 1920//2201 1967//2185
f 1849//2021 2174//1552 1700//1831
f 2173//1554 1700//1831 2174//1552
f 2062//172 2072//1231 2091//2202
f 803//1826 2467//868 2059//788
f 2239//1410 1736//1409 2240//2203
f 1505//1962 1357//1964 1685//1447
f 1358//1857 1686//2017 1476//1858
f 1967//2185 1968//1473 1788//2099
f 1968//1473 1969//1472 1788//2099
f 2065//2179 2110//176 2156//1314
f 2065//2179 1214//2180 2110//176
f 2110//176 1214//2180 503//2204
f 273//396 2093//2178 1018//2175
f 273//396 1983//395 2093//2178
f 532//1724 1886//1726 2155//2205
f 2034//175 2021//493 1947//224
f 216//1450 1810//1915 585//1916
f 1912//1789 543//1761 2014//2191
f 1390//2177 2051//92 1537//91
f 1872//1172 1873//1756 1910//2130
f 1984//1839 2045//1775 1214//2180
f 597//1725 1912//1789 1886//1726
f 1593//1997 2146//2189 2100//2196
f 2071//2187 2062//172 2090//1169
f 2034//175 2046//2150 1982//1706
f 2034//175 1947//224 2046//2150
f 1214//2180 2045//1775 2116//1782
f 1873//1756 1887//1755 1910//2130
f 1887//1755 1901//2197 1910//2130
f 1562//1958 1447//1161 1106//1321
f 2163//2176 431//1454 1957//90
f 1948//1641 1972//213 1936//1328
f 1972//213 1948//1641 1992//214
f 2014//2191 2015//2198 2013//2206
f 1853//2199 2014//2191 2013//2206
f 1550//2207 1884//2200 1853//2199
f 1947//224 2468//226 1994//2133
f 1355//2208 1550//2207 2154//1806
f 1355//2208 1884//2200 1550//2207
f 2081//840 2108//2209 2128//1474
f 2024//2069 1965//1731 1492//2046
f 2024//2069 2032//2210 1965//1731
f 2116//1782 1604//1827 803//1826
f 1901//2197 1911//2211 1920//2201
f 1939//1393 1968//1473 1920//2201
f 1911//2211 1939//1393 1920//2201
f 872//1493 1626//1905 1666//1408
f 2062//172 2091//2202 2120//173
f 1819//1615 1927//1855 1759//1662
f 1021//1390 1674//625 1780//1372
f 872//1493 1673//1056 1756//1055
f 1550//2207 501//1297 2171//1334
f 1378//1333 1550//2207 2171//1334
f 2146//2189 2162//1727 2145//2212
f 1358//1857 482//1823 192//1832
f 2109//174 2120//173 2119//2213
f 1866//424 1872//1172 2227//1219
f 1391//2214 2012//2182 1860//2136
f 2136//2215 2137//1807 2161//1332
f 2162//1727 1661//2010 236//1215
f 1887//1755 1894//1847 1901//2197
f 1901//2197 1894//1847 1911//2211
f 505//801 1707//2126 206//2078
f 2120//173 2137//1807 2136//2215
f 2142//624 2164//1371 1674//625
f 1860//2136 2012//2182 1861//2134
f 1894//1847 1939//1393 1911//2211
f 2080//1956 2060//841 2118//1475
f 2162//1727 236//1215 508//1728
f 2164//1371 1815//2086 1742//1912
f 1018//2175 2093//2178 1537//91
f 2154//1806 1378//1333 2161//1332
f 2041//2216 2098//966 2491//324
f 2043//1701 2042//1232 2032//2210
f 1108//2057 1018//2175 1537//91
f 1465//1584 2094//1092 1808//1896
f 502//1999 1643//2008 1661//2010
f 2467//868 1618//2029 1656//1562
f 2119//2213 2136//2215 2135//2217
f 2119//2213 2108//2209 2071//2187
f 878//1132 1183//143 1195//730
f 2101//1985 1594//2038 1593//1997
f 2033//2218 2370//1801 2063//2060
f 2482//1126 2491//324 2098//966
f 1282//1743 2406//1766 1275//1491
f 2003//2219 1948//1641 1956//1695
f 2043//1701 2032//2210 2024//2069
f 2025//426 2043//1701 2024//2069
f 2154//1806 1550//2207 1378//1333
f 1795//255 2498//2132 1764//417
f 2142//624 1548//2092 2164//1371
f 2431//1520 2454//1139 2422//1521
f 1981//2220 2011//2221 1993//2222
f 2349//2119 2391//1278 2362//2223
f 502//1999 2162//1727 2146//2189
f 2025//426 2024//2069 2360//427
f 2129//2224 2120//173 2091//2202
f 1732//974 1985//2188 2007//1496
f 2171//1334 1308//1296 209//2225
f 1930//2195 1995//2190 2041//2216
f 1390//2177 1238//479 2051//92
f 1866//424 1878//423 1887//1755
f 1878//423 1894//1847 1887//1755
f 1965//1731 2032//2210 2011//2221
f 874//471 2480//473 2492//247
f 2071//2187 2108//2209 2069//2226
f 1358//1857 1731//1824 482//1823
f 430//177 2021//493 2034//175
f 1965//1731 2003//2219 1964//1694
f 1855//2227 1889//1516 831//1383
f 1668//1537 1773//1536 2150//2228
f 1390//2177 2156//1314 1238//479
f 898//1210 869//971 1903//1083
f 2391//1278 2407//1370 2362//2223
f 2121//2173 2111//1411 2074//880
f 1548//2092 1259//2085 2164//1371
f 2099//2229 2129//2224 2091//2202
f 1550//2207 1853//2199 501//1297
f 1853//2199 1852//1298 501//1297
f 952//1423 2017//2230 969//879
f 2085//2231 2121//2173 2074//880
f 2130//1678 2006//2232 1391//2214
f 2144//1715 1367//1762 543//1761
f 2100//2196 2146//2189 2099//2229
f 1545//1461 1319//1685 113//1884
f 1903//1083 1922//2233 898//1210
f 1922//2233 1931//1208 898//1210
f 585//1916 2170//1632 1641//1634
f 2007//1496 2017//2230 952//1423
f 2017//2230 2074//880 969//879
f 1558//1538 1753//2093 1813//2147
f 837//1810 2005//1834 1517//1032
f 2005//1834 2006//2232 2130//1678
f 1532//1874 1474//438 1528//1767
f 2003//2219 1981//2220 1948//1641
f 2070//2234 2071//2187 2069//2226
f 1922//2233 919//1365 1931//1208
f 2017//2230 2085//2231 2074//880
f 2085//2231 2104//2235 2121//2173
f 2100//2196 2099//2229 2082//2193
f 2156//1314 2110//176 2034//175
f 505//801 2474//323 2004//575
f 1903//1083 871//1555 1922//2233
f 1922//2233 1952//2236 919//1365
f 919//1365 1952//2236 1985//2188
f 1985//2188 2001//2237 2007//1496
f 2001//2237 2036//2238 2017//2230
f 2007//1496 2001//2237 2017//2230
f 2017//2230 2036//2238 2085//2231
f 2036//2238 2047//2239 2085//2231
f 2047//2239 2075//2240 2085//2231
f 2075//2240 2104//2235 2085//2231
f 1948//1641 1993//2222 2023//1642
f 2400//1369 2422//1521 2407//1370
f 2011//2221 2070//2234 1993//2222
f 2033//2218 2043//1701 2025//426
f 2012//2182 2015//2198 1698//2183
f 1876//1763 1338//1842 2165//2144
f 871//1555 1940//2241 1922//2233
f 1985//2188 1976//2242 2001//2237
f 2121//2173 2104//2235 2143//2023
f 1051//128 1413//1739 1456//1311
f 2358//446 1362//1526 2379//1893
f 1859//983 1789//51 1870//1234
f 2090//1169 2109//174 2071//2187
f 1405//453 1398//75 1885//1892
f 1886//1726 1884//2200 1355//2208
f 1922//2233 1960//2243 1952//2236
f 1952//2236 1960//2243 1985//2188
f 1960//2243 1976//2242 1985//2188
f 1956//1695 1948//1641 1936//1328
f 2135//2217 209//2225 2128//1474
f 2157//1649 1875//1651 1212//1777
f 2160//1486 2168//1485 2169//2244
f 1900//463 1461//2067 1918//1143
f 2001//2237 2018//2245 2036//2238
f 2075//2240 2086//2246 2104//2235
f 2111//1411 2142//624 2103//1412
f 1937//1144 1956//1695 1936//1328
f 2023//1642 2070//2234 2061//1498
f 2135//2217 2128//1474 2108//2209
f 2042//1232 2071//2187 2011//2221
f 2138//1330 413//1350 2383//2247
f 2033//2218 2072//1231 2043//1701
f 1922//2233 1940//2241 1960//2243
f 2070//2234 2069//2226 2061//1498
f 2069//2226 2108//2209 2061//1498
f 2108//2209 2119//2213 2135//2217
f 1855//2227 1904//2248 1889//1516
f 1889//1516 1904//2248 871//1555
f 871//1555 1904//2248 1940//2241
f 1976//2242 2018//2245 2001//2237
f 2036//2238 2018//2245 2047//2239
f 2122//2249 2143//2023 2104//2235
f 216//1450 1642//1710 489//62
f 2148//2094 984//2024 2143//2023
f 1975//2118 1974//2168 1967//2185
f 2157//1649 1683//122 1516//121
f 1614//1998 1593//1997 1594//2038
f 2269//2137 2270//2250 2276//2251
f 1926//1805 2147//1943 29//1696
f 2082//2193 2091//2202 2072//1231
f 430//177 503//2204 2059//788
f 1904//2248 1905//2252 1940//2241
f 1940//2241 1961//2253 1960//2243
f 1961//2253 1976//2242 1960//2243
f 2087//2254 2086//2246 2075//2240
f 2065//2179 2156//1314 1390//2177
f 1820//1233 1838//461 1900//463
f 534//1031 1308//1296 837//1810
f 2167//2063 273//396 1018//2175
f 831//1383 1850//1394 1855//2227
f 2019//2255 2037//2256 2018//2245
f 2018//2245 2037//2256 2047//2239
f 2037//2256 2075//2240 2047//2239
f 2086//2246 2095//2257 2104//2235
f 2095//2257 2122//2249 2104//2235
f 2122//2249 2148//2094 2143//2023
f 1926//1805 1213//1213 1995//2190
f 1405//453 1885//1892 1761//1868
f 2006//2232 2013//2206 2012//2182
f 2211//1517 2233//1302 2216//1518
f 1855//2227 1890//2258 1904//2248
f 1904//2248 1895//2259 1905//2252
f 1905//2252 1932//2260 1940//2241
f 1961//2253 1977//2261 1976//2242
f 1976//2242 1986//2262 2018//2245
f 2484//343 2476//616 1518//1104
f 1870//1234 1411//1989 1859//983
f 1548//2092 2142//624 2111//1411
f 1904//2248 1890//2258 1895//2259
f 1895//2259 1932//2260 1905//2252
f 1940//2241 1932//2260 1961//2253
f 1976//2242 1977//2261 1986//2262
f 1986//2262 2008//2263 2018//2245
f 2018//2245 2008//2263 2019//2255
f 2087//2254 2075//2240 2037//2256
f 2087//2254 2095//2257 2086//2246
f 2094//1092 1391//2214 1860//2136
f 1852//1298 1853//2199 2006//2232
f 1853//2199 2013//2206 2006//2232
f 929//208 979//681 850//209
f 1855//2227 1874//2264 1890//2258
f 2008//2263 2028//2265 2019//2255
f 1993//2222 2070//2234 2023//1642
f 1705//1770 1799//1448 1998//64
f 1491//1944 2147//1943 206//2078
f 1851//1530 1856//2266 1855//2227
f 1895//2259 1890//2258 1874//2264
f 2038//2267 2019//2255 2028//2265
f 2038//2267 2048//2268 2037//2256
f 2019//2255 2038//2267 2037//2256
f 2048//2268 2067//2269 2087//2254
f 2037//2256 2048//2268 2087//2254
f 2087//2254 2067//2269 2095//2257
f 2095//2257 2149//2270 2122//2249
f 2149//2270 2148//2094 2122//2249
f 1308//1296 2005//1834 837//1810
f 209//2225 1308//1296 1387//1549
f 1601//1259 2102//1848 1927//1855
f 254//592 170//456 201//626
f 1800//1938 1403//859 1763//858
f 1510//1991 1346//2170 1740//2141
f 870//973 871//1555 1903//1083
f 1919//1773 1650//2084 1619//1774
f 2148//2094 1667//2271 1753//2093
f 1932//2260 1923//2272 1961//2253
f 1977//2261 1953//2273 1986//2262
f 2067//2269 2112//2274 2095//2257
f 2112//2274 2149//2270 2095//2257
f 2148//2094 2149//2270 1667//2271
f 2422//1521 2421//1983 2407//1370
f 1926//1805 2026//1224 1213//1213
f 1912//1789 2144//1715 543//1761
f 2128//1474 1387//1549 2153//1542
f 1733//1922 1510//1991 1740//2141
f 990//1459 853//813 2489//632
f 503//2204 1214//2180 803//1826
f 1921//1216 431//1454 2163//2176
f 2146//2189 2145//2212 2129//2224
f 2144//1715 1921//1216 2163//2176
f 1855//2227 1856//2266 1874//2264
f 1895//2259 1923//2272 1932//2260
f 1923//2272 1941//2275 1961//2253
f 1961//2253 1941//2275 1977//2261
f 2048//2268 2076//2276 2067//2269
f 2076//2276 2113//2277 2067//2269
f 2067//2269 2113//2277 2112//2274
f 1723//1359 1900//463 1937//1144
f 1870//1234 1900//463 1723//1359
f 1367//1762 2163//2176 1338//1842
f 520//1825 1346//2170 1510//1991
f 1698//2183 1831//2154 1861//2134
f 1984//1839 1919//1773 2045//1775
f 1895//2259 1891//2278 1923//2272
f 2008//2263 1986//2262 2028//2265
f 1948//1641 1981//2220 1993//2222
f 1883//2163 1346//2170 520//1825
f 1883//2163 1814//2044 1346//2170
f 1930//2195 206//2078 2147//1943
f 2499//569 2486//568 1447//1161
f 1891//2278 1906//2279 1923//2272
f 1923//2272 1953//2273 1941//2275
f 1953//2273 1977//2261 1941//2275
f 1953//2273 1987//2280 1986//2262
f 2113//2277 2123//2281 2112//2274
f 2123//2281 2149//2270 2112//2274
f 1387//1549 1308//1296 1226//217
f 1599//1851 1688//2108 1346//2170
f 2093//2178 1390//2177 1537//91
f 2003//2219 2011//2221 1981//2220
f 1987//2280 2028//2265 1986//2262
f 2038//2267 2049//2282 2048//2268
f 2048//2268 2049//2282 2076//2276
f 1813//2147 1667//2271 2149//2270
f 2123//2281 1813//2147 2149//2270
f 1461//2067 1469//1730 1964//1694
f 1757//1933 1510//1991 1743//1921
f 505//801 1930//2195 1999//802
f 2223//53 1784//1972 1789//51
f 1532//1874 1522//1103 1651//478
f 1906//2279 1913//2283 1923//2272
f 1913//2283 1943//2284 1923//2272
f 1943//2284 1942//2285 1923//2272
f 1923//2272 1942//2285 1953//2273
f 1942//2285 1987//2280 1953//2273
f 1308//1296 1852//1298 2005//1834
f 2053//1844 1814//2044 1883//2163
f 1733//1922 1740//2141 1541//1650
f 2154//1806 1886//1726 1355//2208
f 1503//437 1528//1767 1474//438
f 1874//2264 1879//2286 1895//2259
f 1895//2259 1879//2286 1891//2278
f 2076//2276 2124//2287 2113//2277
f 2113//2277 2124//2287 2123//2281
f 1896//2288 1891//2278 1879//2286
f 1891//2278 1896//2288 1906//2279
f 1942//2285 1962//2289 1987//2280
f 1962//2289 2009//2290 2028//2265
f 1987//2280 1962//2289 2028//2265
f 2009//2290 2038//2267 2028//2265
f 2109//174 2119//2213 2071//2187
f 1918//1143 1956//1695 1937//1144
f 1851//1530 1864//2291 1856//2266
f 1896//2288 1897//2292 1906//2279
f 1906//2279 1897//2292 1913//2283
f 1943//2284 1962//2289 1942//2285
f 2049//2282 2077//2293 2076//2276
f 2124//2287 2125//2294 2123//2281
f 1930//2195 2147//1943 1926//1805
f 1902//1276 1894//1847 1878//423
f 482//1823 1510//1991 1757//1933
f 2129//2224 2137//1807 2120//173
f 503//2204 803//1826 2059//788
f 1847//1470 1857//1947 1851//1530
f 1851//1530 1857//1947 1864//2291
f 2039//2295 2038//2267 2009//2290
f 2038//2267 2039//2295 2049//2282
f 2076//2276 2077//2293 2124//2287
f 2150//2228 1813//2147 2123//2281
f 482//1823 520//1825 1510//1991
f 1994//2133 1821//2148 2046//2150
f 2044//2131 2004//575 1764//417
f 1864//2291 1867//2296 1856//2266
f 1867//2296 1874//2264 1856//2266
f 1897//2292 1944//2297 1913//2283
f 1943//2284 1944//2297 1962//2289
f 2124//2287 2126//2298 2125//2294
f 2150//2228 2123//2281 2125//2294
f 2099//2229 2146//2189 2129//2224
f 2041//2216 1995//2190 2098//966
f 1605//1836 1641//1634 2151//1633
f 1847//1470 1959//1494 1857//1947
f 1874//2264 1867//2296 1879//2286
f 1913//2283 1944//2297 1943//2284
f 1944//2297 1963//2299 1962//2289
f 2077//2293 2096//2300 2124//2287
f 2096//2300 2126//2298 2124//2287
f 2126//2298 2150//2228 2125//2294
f 941//2083 1650//2084 1919//1773
f 2135//2217 2136//2215 209//2225
f 1884//2200 1886//1726 2014//2191
f 2049//2282 2029//2301 2077//2293
f 1388//1280 2127//1071 1389//1976
f 1389//1976 2127//1071 1566//2037
f 1930//2195 1926//1805 1995//2190
f 941//2083 1919//1773 1316//394
f 2110//176 503//2204 430//177
f 1867//2296 1880//2302 1879//2286
f 1879//2286 1880//2302 1896//2288
f 1897//2292 1907//2303 1944//2297
f 1963//2299 1978//2304 1962//2289
f 1962//2289 1978//2304 2009//2290
f 2039//2295 2029//2301 2049//2282
f 2077//2293 2078//2305 2096//2300
f 822//1133 823//1444 827//1241
f 2166//2034 1668//1537 2150//2228
f 81//2081 941//2083 1316//394
f 2204//1519 2216//1518 2203//2306
f 2011//2221 2071//2187 2070//2234
f 1880//2302 1892//2307 1896//2288
f 1892//2307 1907//2303 1897//2292
f 1896//2288 1892//2307 1897//2292
f 1907//2303 1914//2308 1944//2297
f 1978//2304 2010//2309 2009//2290
f 2010//2309 2039//2295 2009//2290
f 1688//2108 1740//2141 1346//2170
f 1789//51 1820//1233 1870//1234
f 2130//1678 1391//2214 2094//1092
f 1944//2297 1945//2310 1963//2299
f 2029//2301 2078//2305 2077//2293
f 1767//206 2150//2228 2126//2298
f 1767//206 2166//2034 2150//2228
f 803//1826 2022//1828 2467//868
f 1503//437 1927//1855 2102//1848
f 1914//2308 1954//2311 1944//2297
f 1944//2297 1954//2311 1945//2310
f 1963//2299 1970//2312 1978//2304
f 2078//2305 2105//2313 2096//2300
f 2105//2313 2126//2298 2096//2300
f 1965//1731 2011//2221 2003//2219
f 192//1832 1626//1905 1358//1857
f 2101//1985 1559//1984 1594//2038
f 1930//2195 2041//2216 1999//802
f 1698//2183 1876//1763 2165//2144
f 1398//75 1871//452 891//76
f 2165//2144 1338//1842 1681//2145
f 1970//2312 2010//2309 1978//2304
f 2010//2309 2030//2314 2029//2301
f 2039//2295 2010//2309 2029//2301
f 2030//2314 2055//2315 2078//2305
f 2029//2301 2030//2314 2078//2305
f 1849//2021 1848//1966 2175//1262
f 1871//452 1862//451 891//76
f 543//1761 2015//2198 2014//2191
f 1857//1947 1858//2146 1864//2291
f 1864//2291 1858//2146 1867//2296
f 1963//2299 1945//2310 1970//2312
f 2055//2315 2088//2316 2078//2305
f 2078//2305 2088//2316 2105//2313
f 2105//2313 2131//2317 2126//2298
f 2126//2298 2131//2317 1767//206
f 2063//2060 2083//2194 2033//2218
f 2161//1332 2171//1334 209//2225
f 2032//2210 2042//1232 2011//2221
f 1813//2147 2150//2228 1773//1536
f 1914//2308 1908//2318 1954//2311
f 1970//2312 1979//2319 2010//2309
f 2088//2316 2131//2317 2105//2313
f 2015//2198 543//1761 1876//1763
f 1694//1245 1692//1329 1048//1246
f 1395//1965 2207//52 1859//983
f 1395//1965 1393//1937 2207//52
f 1730//510 1784//1972 1736//1409
f 2500//233 2466//1284 2470//1258
f 1709//1407 1701//1406 1757//1933
f 1945//2310 1979//2319 1970//2312
f 2030//2314 2050//2320 2055//2315
f 2350//1354 2317//2321 2286//1708
f 2154//1806 2155//2205 1886//1726
f 871//1555 860//1509 1889//1516
f 2161//1332 209//2225 2136//2215
f 2497//494 2463//245 2493//597
f 2190//2322 2204//1519 2203//2306
f 1800//1938 2179//1523 1404//1936
f 2477//1434 2469//1433 1385//404
f 1385//404 1715//2323 2477//1434
f 2128//1474 209//2225 1387//1549
f 1858//2146 1868//2026 1867//2296
f 1867//2296 1881//2324 1880//2302
f 1893//2325 1892//2307 1880//2302
f 1881//2324 1893//2325 1880//2302
f 1893//2325 1907//2303 1892//2307
f 1907//2303 1908//2318 1914//2308
f 1954//2311 1979//2319 1945//2310
f 1979//2319 1980//2326 2010//2309
f 2131//2317 2159//204 1767//206
f 1765//994 93//993 339//769
f 1761//1868 1877//462 1405//453
f 523//1095 1347//1768 515//1147
f 1541//1650 2157//1649 1738//1920
f 2144//1715 2163//2176 1367//1762
f 1380//1054 1389//1976 1566//2037
f 2317//2321 2392//2327 2316//1277
f 1994//2133 2498//2132 1801//2139
f 1867//2296 1868//2026 1881//2324
f 1980//2326 2050//2320 2030//2314
f 2010//2309 1980//2326 2030//2314
f 2050//2320 2089//2328 2055//2315
f 2055//2315 2089//2328 2088//2316
f 2088//2316 2114//2329 2131//2317
f 1538//1873 1651//478 1659//1880
f 2145//2212 2155//2205 2129//2224
f 2140//1268 29//1696 1928//1582
f 2370//1801 2033//2218 2025//426
f 2252//2330 2239//1410 2240//2203
f 2239//1410 2252//2330 1862//451
f 2392//2327 2391//1278 2316//1277
f 2469//1433 2501//405 1385//404
f 2477//1434 1715//2323 1710//614
f 502//1999 1614//1998 1643//2008
f 2438//1227 1227//962 2431//1520
f 1915//2331 1907//2303 1893//2325
f 1915//2331 1908//2318 1907//2303
f 1954//2311 1908//2318 1979//2319
f 1908//2318 1988//2332 1979//2319
f 1979//2319 1988//2332 1980//2326
f 2114//2329 2159//204 2131//2317
f 2155//2205 2154//1806 2129//2224
f 508//1728 1966//1217 2144//1715
f 872//1493 1756//1055 1626//1905
f 1710//614 1715//2323 1505//1962
f 236//1215 1966//1217 508//1728
f 2272//74 2284//1754 1398//75
f 2325//2333 2355//1237 2319//1366
f 1548//2092 2121//2173 1779//2031
f 1532//1874 1528//1767 1522//1103
f 1980//2326 2056//2334 2050//2320
f 2050//2320 2056//2334 2089//2328
f 2013//2206 2015//2198 2012//2182
f 1964//1694 2003//2219 1956//1695
f 2006//2232 2012//2182 1391//2214
f 1565//436 1927//1855 1503//437
f 2244//2335 2243//2336 2226//2337
f 5//1963 1715//2323 1385//404
f 1858//2146 1848//1966 1868//2026
f 1915//2331 1946//2338 1908//2318
f 1946//2338 1988//2332 1908//2318
f 1980//2326 2020//2339 2056//2334
f 2115//2340 2159//204 2114//2329
f 2092//2192 2083//2194 2063//2060
f 1398//75 2284//1754 1687//1753
f 2162//1727 2155//2205 2145//2212
f 519//680 2475//633 2488//635
f 2158//2341 5//1963 1385//404
f 5//1963 1505//1962 1715//2323
f 1692//1329 1694//1245 1505//1962
f 1988//2332 2020//2339 1980//2326
f 2115//2340 2169//2244 2159//204
f 2169//2244 2168//1485 2159//204
f 2083//2194 2082//2193 2072//1231
f 1316//394 1984//1839 1983//395
f 1488//221 1619//1774 1650//2084
f 2083//2194 2072//1231 2033//2218
f 2361//2342 1210//2343 1233//278
f 1933//1872 1946//2338 1915//2331
f 2056//2334 2079//2344 2089//2328
f 2088//2316 2115//2340 2114//2329
f 2099//2229 2091//2202 2082//2193
f 2162//1727 532//1724 2155//2205
f 1852//1298 2006//2232 2005//1834
f 2023//1642 2061//1498 2052//1497
f 2176//1469 2184//892 2175//1262
f 2162//1727 985//1729 532//1724
f 1909//2345 1893//2325 1881//2324
f 1909//2345 1915//2331 1893//2325
f 1988//2332 2040//2346 2020//2339
f 2040//2346 2056//2334 2020//2339
f 2089//2328 2079//2344 2088//2316
f 2088//2316 2079//2344 2115//2340
f 1782//2127 1444//860 1882//1399
f 1216//1798 1215//577 2320//2347
f 867//1458 1939//1393 1894//1847
f 867//1458 903//1391 1939//1393
f 1372//1814 2398//1829 1379//1752
f 1863//236 504//403 2027//631
f 2158//2341 1385//404 504//403
f 1868//2026 1782//2127 1881//2324
f 1909//2345 1933//1872 1915//2331
f 2040//2346 1988//2332 1946//2338
f 1481//2045 2024//2069 1492//2046
f 2120//173 2136//2215 2119//2213
f 1522//1103 1528//1767 1518//1104
f 1871//452 1398//75 1405//453
f 1221//1481 1408//1483 1399//1587
f 1357//1964 5//1963 2158//2341
f 2179//1523 1800//1938 1763//858
f 1868//2026 1865//2022 1782//2127
f 1882//1399 1881//2324 1782//2127
f 1882//1399 1909//2345 1881//2324
f 2040//2346 2057//2348 2056//2334
f 2106//2349 2079//2344 2056//2334
f 2057//2348 2106//2349 2056//2334
f 2106//2349 2132//2350 2079//2344
f 2132//2350 2115//2340 2079//2344
f 2115//2340 2132//2350 2169//2244
f 532//1724 985//1729 597//1725
f 2092//2192 2100//2196 2082//2193
f 1210//2343 1221//1481 1399//1587
f 1399//1587 1233//278 1210//2343
f 2130//1678 2002//1070 1517//1032
f 1849//2021 1865//2022 1868//2026
f 1933//1872 2040//2346 1946//2338
f 52//554 1269//509 30//16
f 1667//2271 1813//2147 1753//2093
f 1997//1769 1380//1054 1673//1056
f 940//152 1008//1869 1088//1609
f 1947//224 1994//2133 2046//2150
f 1882//1399 1916//1185 1909//2345
f 1924//1184 1933//1872 1909//2345
f 1533//1871 2040//2346 1933//1872
f 1533//1871 1534//1906 2040//2346
f 2058//1838 2040//2346 1534//1906
f 2058//1838 2057//2348 2040//2346
f 1238//479 191//480 1768//2138
f 1997//1769 1389//1976 1380//1054
f 1875//1651 1541//1650 1554//2110
f 1854//1621 504//403 1863//236
f 1854//1621 2158//2341 504//403
f 2396//2351 1275//1491 2406//1766
f 2426//2352 2443//1687 153//1733
f 1916//1185 1924//1184 1909//2345
f 1925//86 1935//85 1934//1788
f 1870//1234 1723//1359 1426//1978
f 2058//1838 2097//1837 2057//2348
f 2097//1837 2106//2349 2057//2348
f 2132//2350 2151//1633 2169//2244
f 2151//1633 2160//1486 2169//2244
f 1106//1321 1635//1977 1562//1958
f 1957//90 1768//2138 1681//2145
f 1957//90 2051//92 1768//2138
f 526//1238 535//588 33//818
f 1614//1998 1594//2038 1609//2014
f 2233//1302 2229//2040 2216//1518
f 2496//237 2027//631 2084//1006
f 2496//237 1863//236 2027//631
f 2117//235 1854//1621 1863//236
f 2016//1270 2158//2341 1854//1621
f 2016//1270 1504//1269 1357//1964
f 2158//2341 2016//1270 1357//1964
f 1114//2011 236//1215 1661//2010
f 2129//2224 2154//1806 2137//1807
f 2133//1846 2106//2349 2097//1837
f 2491//324 1999//802 2041//2216
f 2051//92 1238//479 1768//2138
f 2061//1498 2108//2209 2081//840
f 2189//1840 2195//1533 2186//1809
f 2348//2174 2349//2119 2362//2353
f 1701//1406 192//1832 482//1823
f 505//801 1737//2125 1707//2126
f 2133//1846 2132//2350 2106//2349
f 2132//2350 2133//1846 2151//1633
f 2151//1633 2170//1632 2160//1486
f 502//1999 1661//2010 2162//1727
f 1998//64 1389//1976 1997//1769
f 2297//2354 2352//2355 2329//2356
f 2352//2355 2364//2357 2329//2356
f 2394//2358 2414//2359 2364//2357
f 2352//2355 2394//2358 2364//2357
f 2402//2165 512//1136 2415//2360
f 2255//2361 2254//2362 2243//2336
f 2446//2363 1365//990 2456//2364
f 2271//2365 2282//2366 2298//2367
f 846//268 2283//2368 2264//269
f 2293//2369 2310//2370 2318//2371
f 2254//2362 2295//2372 2294//2373
f 2283//2368 2290//2374 2278//507
f 2270//2250 2294//2373 2293//2369
f 2423//2375 2455//2000 2400//1369
f 2281//2376 2287//1301 2267//1300
f 2190//2322 2191//2377 2204//1519
f 2271//2365 2263//2378 2282//2366
f 2334//2379 2329//2356 2364//2357
f 2424//1495 2432//2380 2409//2381
f 2282//2366 2263//2378 2298//2367
f 1409//744 1659//1880 1958//477
f 2263//2378 2302//2382 2298//2367
f 2297//2354 2329//2356 2296//2383
f 1256//1802 446//287 2346//2162
f 1958//477 2502//28 2478//743
f 2437//1684 2399//1792 2444//2384
f 263//365 2366//1446 2359//464
f 849//1380 827//1241 823//1444
f 2311//1019 2325//2333 2290//2374
f 2499//569 2379//1893 2434//27
f 2446//2363 2456//2364 2423//2375
f 947//1160 2358//446 2379//1893
f 2499//569 947//1160 2379//1893
f 2205//1534 2195//1533 2212//2385
f 2245//2386 2237//1218 2227//1219
f 2245//2386 2256//1898 2237//1218
f 2256//1898 2263//2378 2271//2365
f 556//1551 571//1008 2305//1020
f 1528//1767 2068//344 1518//1104
f 2424//1495 2439//949 2432//2380
f 2302//2382 2352//2355 2297//2354
f 1866//424 2237//1218 826//425
f 2248//2387 2242//2388 2211//1517
f 2334//2379 2364//2357 2363//2389
f 2235//2105 2244//2335 2226//2337
f 2255//2361 2295//2372 2254//2362
f 2329//2356 2324//2390 2296//2383
f 2439//949 2447//1299 1973//950
f 2329//2356 2334//2379 2324//2390
f 2409//2381 2432//2380 2414//2359
f 2293//2369 2318//2371 2276//2251
f 866//1987 2425//2391 2416//2392
f 1487//390 1493//2393 2372//1682
f 2237//1218 2231//1900 2230//2103
f 2415//2360 512//1136 17//1230
f 2035//989 1236//535 26//536
f 921//137 2138//1330 688//160
f 2491//324 2482//1126 2462//325
f 6//1282 181//843 197//845
f 2481//418 948//256 1795//255
f 2138//1330 2383//2247 2382//1197
f 2377//2394 2394//2358 2352//2355
f 2377//2394 506//1463 2394//2358
f 2394//2358 506//1463 2402//2165
f 2401//2395 2402//2165 2415//2360
f 2394//2358 2402//2165 2401//2395
f 2318//2371 2326//1950 2276//2251
f 2439//949 2457//948 2432//2380
f 2298//2367 2302//2382 2297//2354
f 2244//2335 2249//2396 2243//2336
f 2404//2397 1100//77 2382//1197
f 2238//2398 2245//2386 2227//1219
f 2245//2386 2257//2399 2256//1898
f 2257//2399 2263//2378 2256//1898
f 2324//2390 2334//2379 2328//2400
f 2257//2399 2289//2401 2263//2378
f 2289//2401 2302//2382 2263//2378
f 2236//2104 2231//1900 2250//1899
f 2138//1330 2382//1197 688//160
f 2383//2247 2404//2397 2382//1197
f 1100//77 2404//2397 2343//2402
f 2353//1465 2352//2355 2302//2382
f 2353//1465 2377//2394 2352//2355
f 2237//1218 2230//2103 2220//712
f 2335//1240 2355//1237 2325//2333
f 2308//2123 2340//2169 2315//2403
f 2253//2006 2269//2137 2276//2251
f 2311//1019 2335//1240 2325//2333
f 2439//949 2424//1495 511//1306
f 2268//2107 2267//1300 2248//2387
f 2383//2247 413//1350 2404//2397
f 123//1666 971//1346 832//2404
f 2234//2005 2243//2336 2269//2137
f 2225//2004 2213//1903 2234//2005
f 2219//2405 2213//1903 2225//2004
f 2195//1533 2196//1901 2212//2385
f 1544//2061 2418//284 1549//2047
f 413//1350 866//1987 2404//2397
f 2404//2397 866//1987 2416//2392
f 2416//2392 2417//2406 2404//2397
f 2404//2397 2417//2406 2343//2402
f 2415//2360 2409//2381 2401//2395
f 2196//1901 2219//2405 2212//2385
f 2268//2107 2248//2387 2218//2106
f 2206//2407 2214//1902 2197//2408
f 2417//2406 2332//2409 2343//2402
f 2343//2402 2332//2409 832//2404
f 2330//1464 2302//2382 2289//2401
f 2330//1464 2353//1465 2302//2382
f 2453//1140 2454//1139 515//1147
f 2218//2106 2248//2387 2217//2410
f 2218//2106 2217//2410 2205//1534
f 2276//2251 2281//2376 2268//2107
f 2178//1384 2197//2408 2177//1471
f 2197//2408 2189//1840 2177//1471
f 2332//2409 2066//2411 832//2404
f 832//2404 2066//2411 123//1666
f 2231//1900 2236//2104 2230//2103
f 669//35 950//1257 1144//33
f 2217//2410 2211//1517 2199//2412
f 1216//1798 1209//2413 1217//1813
f 2066//2411 2365//2414 123//1666
f 2230//2103 2226//2337 2214//1902
f 2290//2374 2325//2333 2304//1368
f 2325//2333 2319//1366 2304//1368
f 2217//2410 2248//2387 2211//1517
f 2191//2377 2192//1532 2199//2412
f 510//988 525//1239 2035//989
f 2417//2406 1917//2415 2332//2409
f 2332//2409 1917//2415 2066//2411
f 2408//2416 2413//333 2341//332
f 2248//2387 2267//1300 2242//2388
f 2326//1950 2333//1353 2281//2376
f 1340//1845 2365//2414 2066//2411
f 2440//1758 1302//1765 1340//1845
f 2226//2337 2230//2103 2235//2105
f 1153//1570 1163//816 1116//1265
f 2431//1520 2455//2000 2438//1227
f 2416//2392 2425//2391 2417//2406
f 2495//576 2474//323 2462//325
f 2290//2374 2304//1368 2277//2417
f 825//1305 2227//1219 1872//1172
f 151//760 239//1577 1038//694
f 9//728 151//760 1038//694
f 545//113 928//1548 2381//25
f 2440//1758 2406//1766 1384//1747
f 928//1548 1596//80 2381//25
f 2186//1809 2188//893 2185//2418
f 2456//2364 26//536 1888//1225
f 2287//1301 2333//1353 2262//1707
f 2425//2391 2342//2419 2417//2406
f 2342//2419 1917//2415 2417//2406
f 1917//2415 877//2420 2066//2411
f 2336//2421 1340//1845 2066//2411
f 2336//2421 2440//1758 1340//1845
f 2328//2400 2351//2422 2327//1948
f 825//1305 2238//2398 2227//1219
f 2351//2422 2368//1949 2327//1948
f 1222//1746 2388//1780 1211//1790
f 678//1440 756//1413 734//184
f 428//1445 263//365 1343//367
f 2188//893 2191//2377 2190//2322
f 2341//332 2376//334 2333//1353
f 2066//2411 877//2420 2336//2421
f 2290//2374 2277//2417 2278//507
f 739//984 634//356 592//267
f 675//1014 304//263 14//230
f 2384//1480 675//1014 14//230
f 2199//2412 2211//1517 2204//1519
f 2191//2377 2199//2412 2204//1519
f 2322//2423 2318//2371 2310//2370
f 2287//1301 2262//1707 2233//1302
f 2185//2418 2188//893 2184//892
f 2386//1822 2425//2391 845//1942
f 2384//1480 572//1015 675//1014
f 1128//795 123//1666 2365//2414
f 832//2404 971//1346 2343//2402
f 2188//893 2186//1809 2191//2377
f 2185//2418 2184//892 2176//1469
f 2345//2424 1917//2415 2342//2419
f 2345//2424 877//2420 1917//2415
f 2336//2421 2406//1766 2440//1758
f 971//1346 1100//77 2343//2402
f 2299//2425 2289//2401 2257//2399
f 2299//2425 2303//1499 2289//2401
f 2249//2396 2255//2361 2243//2336
f 506//1463 513//1076 512//1136
f 2437//1684 955//1349 1219//1348
f 1587//1546 2398//1829 1324//1547
f 877//2420 2396//2351 2336//2421
f 2336//2421 2396//2351 2406//1766
f 2463//245 2479//648 879//246
f 2376//334 2412//2426 2350//1354
f 2281//2376 2267//1300 2268//2107
f 2303//1499 2330//1464 2289//2401
f 624//295 635//947 159//649
f 1996//1009 2356//1271 1561//114
f 2449//283 2436//282 1996//1009
f 2356//1271 2054//2427 2451//1489
f 928//1548 2398//1829 1587//1546
f 2333//1353 2350//1354 2262//1707
f 2035//989 26//536 2456//2364
f 2346//2162 2342//2419 2425//2391
f 2346//2162 2345//2424 2342//2419
f 1544//2061 2380//2428 2418//284
f 2412//2426 2392//2327 2350//1354
f 622//1109 509//1645 1151//1281
f 2436//282 2054//2427 1996//1009
f 545//113 2451//1489 928//1548
f 2326//1950 2341//332 2333//1353
f 2346//2162 2425//2391 2386//1822
f 1365//990 2035//989 2456//2364
f 2369//1436 2377//2394 2353//1465
f 2369//1436 506//1463 2377//2394
f 2451//1489 900//2429 928//1548
f 900//2429 2398//1829 928//1548
f 1235//1226 1888//1225 1244//169
f 2337//1291 2345//2424 2346//2162
f 877//2420 772//1843 2396//2351
f 772//1843 1275//1491 2396//2351
f 2432//2380 2446//2363 2414//2359
f 2294//2373 2295//2372 2310//2370
f 2369//1436 2330//1464 828//1437
f 2418//284 2419//2430 2436//282
f 2450//2431 2429//2432 2436//282
f 2436//282 2429//2432 2054//2427
f 2490//1235 2494//495 1656//1562
f 1321//1732 155//1608 2338//1607
f 1256//1802 2346//2162 2386//1822
f 2448//2433 877//2420 2345//2424
f 877//2420 2448//2433 772//1843
f 2446//2363 2423//2375 2414//2359
f 2351//2422 2334//2379 2363//2389
f 2243//2336 2254//2362 2269//2137
f 2380//2428 2419//2430 2418//284
f 2419//2430 2450//2431 2436//282
f 2283//2368 2278//507 2264//269
f 822//1133 2197//2408 823//1444
f 1008//1869 1759//1662 1565//436
f 2448//2433 2345//2424 2337//1291
f 2270//2250 2293//2369 2276//2251
f 2323//2434 2324//2390 2328//2400
f 2429//2432 1012//2435 2054//2427
f 2226//2337 2243//2336 2213//1903
f 2395//229 325//200 772//1843
f 2370//1801 2367//428 2380//2428
f 2054//2427 2435//2436 2451//1489
f 2435//2436 2397//2437 2451//1489
f 2451//1489 2397//2437 900//2429
f 1774//1512 1974//2168 1975//2118
f 2305//1020 2290//2374 2283//2368
f 846//268 2305//1020 2283//2368
f 2320//2347 1215//577 2285//579
f 2139//2438 2448//2433 2337//1291
f 2448//2433 2395//229 772//1843
f 1232//1803 1231//1796 1216//1798
f 2272//74 2285//579 2284//1754
f 2367//428 2371//2439 2380//2428
f 2371//2439 2405//2440 2380//2428
f 2380//2428 2405//2440 2419//2430
f 2419//2430 2429//2432 2450//2431
f 2429//2432 176//2441 1012//2435
f 2397//2437 2373//2442 900//2429
f 2373//2442 2398//1829 900//2429
f 2373//2442 1379//1752 2398//1829
f 2372//1682 1500//2443 1508//2068
f 1133//107 1303//1460 1142//1263
f 2252//2330 2273//2444 2272//74
f 891//76 2252//2330 2272//74
f 2419//2430 2405//2440 2429//2432
f 2405//2440 2430//2445 2429//2432
f 2429//2432 2430//2445 176//2441
f 2189//1840 2186//1809 2181//1841
f 2212//2385 2219//2405 2218//2106
f 2312//1005 2139//2438 2337//1291
f 2139//2438 2384//1480 2448//2433
f 2448//2433 2384//1480 2395//229
f 899//1374 855//1317 843//1316
f 2272//74 2273//2444 2285//579
f 2331//1367 2303//1499 2299//2425
f 176//2441 2435//2436 2054//2427
f 1012//2435 176//2441 2054//2427
f 2177//1471 2185//2418 2176//1469
f 2218//2106 2219//2405 2225//2004
f 1216//1798 1220//1783 1215//577
f 2378//1034 2139//2438 2312//1005
f 2384//1480 14//230 2395//229
f 2324//2390 2295//2372 2255//2361
f 2240//2203 2273//2444 2252//2330
f 2371//2439 2387//2446 2405//2440
f 2410//2447 2430//2445 2405//2440
f 2430//2445 2442//2448 176//2441
f 2435//2436 2344//2449 2397//2437
f 2397//2437 2344//2449 2373//2442
f 2456//2364 1888//1225 2455//2000
f 2242//2388 2267//1300 2233//1302
f 2233//1302 2262//1707 2229//2040
f 2378//1034 2384//1480 2139//2438
f 2323//2434 2310//2370 2295//2372
f 2323//2434 2322//2423 2310//2370
f 2240//2203 2274//2450 2273//2444
f 974//1177 841//1178 990//1459
f 2490//1235 1447//1161 2486//568
f 2387//2446 2410//2447 2405//2440
f 2442//2448 2141//2451 176//2441
f 2344//2449 1778//2452 2373//2442
f 972//2453 1379//1752 2373//2442
f 1778//2452 972//2453 2373//2442
f 1379//1752 972//2453 428//1445
f 1211//1790 2437//1684 1223//1625
f 1228//578 1215//577 1220//1783
f 702//1033 2378//1034 2312//1005
f 17//1230 518//1206 2415//2360
f 1888//1225 26//536 1244//169
f 2324//2390 2323//2434 2295//2372
f 2305//1020 2311//1019 2290//2374
f 2307//2454 2285//579 2273//2444
f 2274//2450 2307//2454 2273//2444
f 2307//2454 2320//2347 2285//579
f 2369//1436 531//1077 506//1463
f 2435//2436 2258//2455 2344//2449
f 2296//2383 2324//2390 2288//2456
f 1233//278 1217//1813 2361//2342
f 2360//427 2371//2439 2367//428
f 2410//2447 2442//2448 2430//2445
f 176//2441 2141//2451 2258//2455
f 176//2441 2258//2455 2435//2436
f 539//1149 2331//1367 66//583
f 2350//1354 2392//2327 2317//2321
f 2268//2107 2225//2004 2253//2006
f 1508//2068 1500//2443 2371//2439
f 2360//427 1508//2068 2371//2439
f 2371//2439 1500//2443 2387//2446
f 972//2453 2366//1446 428//1445
f 1626//1905 1686//2017 1358//1857
f 1759//1662 1807//1661 1819//1615
f 2277//2417 2257//2399 2245//2386
f 2277//2417 2299//2425 2257//2399
f 1784//1972 2228//2457 1736//1409
f 2265//2458 2240//2203 1736//1409
f 2228//2457 2265//2458 1736//1409
f 2265//2458 2274//2450 2240//2203
f 1209//2413 2320//2347 2307//2454
f 2320//2347 1209//2413 1216//1798
f 1555//40 1584//41 1560//2091
f 2387//2446 1500//2443 2372//1682
f 2410//2447 2420//2459 2442//2448
f 2433//2460 972//2453 1778//2452
f 2433//2460 2366//1446 972//2453
f 955//1349 522//1094 1225//1347
f 2339//2461 2307//2454 2274//2450
f 2372//1682 1493//2393 2387//2446
f 2411//2462 2420//2459 2410//2447
f 2420//2459 954//2463 2442//2448
f 2442//2448 954//2463 2141//2451
f 2344//2449 2433//2460 1778//2452
f 2205//1534 2212//2385 2218//2106
f 2328//2400 2334//2379 2351//2422
f 2394//2358 2401//2395 2414//2359
f 2250//1899 2256//1898 2271//2365
f 2339//2461 1209//2413 2307//2454
f 2328//2400 2322//2423 2323//2434
f 866//1987 845//1942 2425//2391
f 3//1594 316//1628 893//2019
f 2387//2446 2411//2462 2410//2447
f 2441//2464 2141//2451 954//2463
f 2141//2451 2441//2464 2258//2455
f 2354//2465 2433//2460 2344//2449
f 2254//2362 2294//2373 2270//2250
f 2269//2137 2254//2362 2270//2250
f 863//1541 2305//1020 846//268
f 2441//2464 2354//2465 2258//2455
f 2258//2455 2354//2465 2344//2449
f 2319//1366 2355//1237 51//582
f 2223//53 2228//2457 1784//1972
f 1493//2393 2411//2462 2387//2446
f 1560//2091 2449//283 1555//40
f 2288//2456 2324//2390 2255//2361
f 825//1305 2251//508 2238//2398
f 2251//508 2245//2386 2238//2398
f 1299//591 84//590 1312//1704
f 2246//2466 2265//2458 2228//2457
f 2313//2467 2274//2450 2265//2458
f 2313//2467 2339//2461 2274//2450
f 2251//508 2277//2417 2245//2386
f 2319//1366 51//582 2331//1367
f 891//76 1862//451 2252//2330
f 2443//1687 954//2463 2420//2459
f 2443//1687 2441//2464 954//2463
f 511//1306 2447//1299 2439//949
f 2242//2388 2233//1302 2211//1517
f 188//249 15//560 814//547
f 2443//1687 2426//2352 2441//2464
f 2426//2352 2354//2465 2441//2464
f 2306//2468 2403//2469 2433//2460
f 2433//2460 2403//2469 2366//1446
f 539//1149 2303//1499 2331//1367
f 2246//2466 2228//2457 2223//53
f 1030//830 1819//1615 1807//1661
f 2354//2465 2306//2468 2433//2460
f 2413//333 2412//2426 2376//334
f 2438//1227 2455//2000 1888//1225
f 1848//1966 1857//1947 2176//1469
f 2207//52 2208//2470 2223//53
f 2208//2470 2246//2466 2223//53
f 1209//2413 2339//2461 1217//1813
f 2339//2461 2361//2342 1217//1813
f 1221//1481 1210//2343 2388//1780
f 554//401 109//400 78//414
f 386//162 1375//164 95//151
f 2327//1948 2326//1950 2318//2371
f 2179//1523 2182//2471 1393//1937
f 2182//2471 2208//2470 1393//1937
f 1393//1937 2208//2470 2207//52
f 2361//2342 2399//1792 2388//1780
f 2388//1780 2399//1792 1211//1790
f 2306//2468 2354//2465 2426//2352
f 2403//2469 2359//464 2366//1446
f 2214//1902 2226//2337 2213//1903
f 2268//2107 2253//2006 2276//2251
f 889//1524 2200//2472 2179//1523
f 2200//2472 2182//2471 2179//1523
f 2200//2472 2221//2473 2182//2471
f 2221//2473 2208//2470 2182//2471
f 2314//2474 2265//2458 2246//2466
f 2314//2474 2313//2467 2265//2458
f 2339//2461 2374//2475 2361//2342
f 2478//743 2434//27 2379//1893
f 2205//1534 2217//2410 2199//2412
f 2208//2470 2259//2476 2246//2466
f 2259//2476 2275//2477 2246//2466
f 2314//2474 2321//2478 2313//2467
f 2313//2467 2347//2479 2339//2461
f 2347//2479 2374//2475 2339//2461
f 2374//2475 2399//1792 2361//2342
f 153//1733 154//1737 2426//2352
f 154//1737 2306//2468 2426//2352
f 2385//496 2359//464 2403//2469
f 2221//2473 2259//2476 2208//2470
f 2306//2468 2357//2480 2403//2469
f 2357//2480 2385//496 2403//2469
f 2237//1218 2256//1898 2231//1900
f 2172//1528 2180//1553 889//1524
f 2180//1553 2200//2472 889//1524
f 2200//2472 2201//2481 2221//2473
f 2246//2466 2291//2482 2314//2474
f 2374//2475 2444//2384 2399//1792
f 571//1008 555//1063 2311//1019
f 2192//1532 2205//1534 2199//2412
f 2173//1554 2180//1553 2172//1528
f 2279//2483 2246//2466 2275//2477
f 2279//2483 2291//2482 2246//2466
f 2292//2484 2314//2474 2291//2482
f 2321//2478 2362//2223 2313//2467
f 2362//2223 2347//2479 2313//2467
f 2347//2479 2389//2485 2374//2475
f 2444//2384 955//1349 2437//1684
f 2292//2484 2291//2482 2279//2483
f 2452//2486 2444//2384 2374//2475
f 2054//2427 2356//1271 1996//1009
f 2338//1607 2306//2468 154//1737
f 2186//1809 2192//1532 2191//2377
f 2193//2487 2201//2481 2200//2472
f 2259//2476 2221//2473 2201//2481
f 2247//2488 2259//2476 2201//2481
f 2452//2486 955//1349 2444//2384
f 2278//507 2277//2417 2251//508
f 2338//1607 2357//2480 2306//2468
f 2181//1841 2186//1809 2185//2418
f 2276//2251 2326//1950 2281//2376
f 2432//2380 2457//948 2446//2363
f 2198//2489 2201//2481 2193//2487
f 2198//2489 2232//2490 2201//2481
f 2232//2490 2247//2488 2201//2481
f 2389//2485 2452//2486 2374//2475
f 2452//2486 1630//1352 955//1349
f 1403//859 1749//1940 1444//860
f 1555//40 1996//1009 1561//114
f 2357//2480 2427//2491 2385//496
f 2385//496 2428//1128 230//465
f 2409//2381 2415//2360 2424//1495
f 2304//1368 2331//1367 2299//2425
f 2193//2487 2200//2472 2180//1553
f 2445//1141 2452//2486 2389//2485
f 1565//436 1759//1662 1927//1855
f 2380//2428 1544//2061 2370//1801
f 2338//1607 2427//2491 2357//2480
f 2427//2491 2428//1128 2385//496
f 230//465 222//593 253//550
f 2202//2492 2198//2489 2193//2487
f 2202//2492 2209//2493 2198//2489
f 2209//2493 2241//2494 2198//2489
f 2241//2494 2232//2490 2198//2489
f 2266//2124 2275//2477 2259//2476
f 2365//2414 1340//1845 1128//795
f 2415//2360 518//1206 2424//1495
f 2338//1607 170//456 2427//2491
f 170//456 2428//1128 2427//2491
f 2181//1841 2185//2418 2177//1471
f 2196//1901 2195//1533 2189//1840
f 2183//894 2193//2487 2180//1553
f 2453//1140 1630//1352 2452//2486
f 2197//2408 2214//1902 2189//1840
f 2401//2395 2409//2381 2414//2359
f 822//1133 2220//712 2197//2408
f 1210//2343 2361//2342 2388//1780
f 2187//2495 2193//2487 2183//894
f 2187//2495 2202//2492 2193//2487
f 2266//2124 2279//2483 2275//2477
f 2279//2483 2300//2496 2292//2484
f 2375//2497 2347//2479 2362//2223
f 2375//2497 2390//2498 2347//2479
f 2390//2498 2389//2485 2347//2479
f 2453//1140 2452//2486 2445//1141
f 1347//1768 1630//1352 2453//1140
f 1630//1352 1347//1768 522//1094
f 2220//712 2206//2407 2197//2408
f 2262//1707 2350//1354 2286//1708
f 170//456 254//592 2428//1128
f 2457//948 1973//950 2446//2363
f 1973//950 1365//990 2446//2363
f 2174//1552 2183//894 2180//1553
f 2194//2499 2202//2492 2187//2495
f 2222//2500 2241//2494 2209//2493
f 2222//2500 2260//2501 2241//2494
f 2266//2124 2259//2476 2247//2488
f 2390//2498 2445//1141 2389//2485
f 2264//269 2251//508 825//1305
f 2363//2389 2368//1949 2351//2422
f 2326//1950 2393//2115 2341//332
f 1855//2227 1850//1394 1851//1530
f 2210//2502 2209//2493 2202//2492
f 2210//2502 2222//2500 2209//2493
f 2261//1709 2260//2501 2222//2500
f 2280//2503 2279//2483 2266//2124
f 2280//2503 2300//2496 2279//2483
f 251//429 263//365 2359//464
f 2277//2417 2304//1368 2299//2425
f 2220//712 2230//2103 2206//2407
f 2202//2492 2194//2499 2210//2502
f 2213//1903 2243//2336 2234//2005
f 2328//2400 2327//1948 2322//2423
f 2294//2373 2310//2370 2293//2369
f 2214//1902 2196//1901 2189//1840
f 2196//1901 2213//1903 2219//2405
f 2224//2033 2222//2500 2210//2502
f 2421//1983 2390//2498 2375//2497
f 2206//2407 2230//2103 2214//1902
f 2194//2499 2203//2306 2210//2502
f 2224//2033 2261//1709 2222//2500
f 2421//1983 2445//1141 2390//2498
f 2322//2423 2327//1948 2318//2371
f 2393//2115 2408//2416 2341//332
f 1365//990 1973//950 510//988
f 2216//1518 2210//2502 2203//2306
f 2216//1518 2224//2033 2210//2502
f 2266//2124 2308//2123 2280//2503
f 2280//2503 2308//2123 2300//2496
f 2407//1370 2421//1983 2375//2497
f 2175//1262 2183//894 2174//1552
f 2194//2499 2190//2322 2203//2306
f 2454//1139 2445//1141 2421//1983
f 522//1094 1347//1768 523//1095
f 2456//2364 2455//2000 2423//2375
f 823//1444 2197//2408 2178//1384
f 2281//2376 2333//1353 2287//1301
f 2188//893 2187//2495 2183//894
f 2188//893 2190//2322 2194//2499
f 2187//2495 2188//893 2194//2499
f 2308//2123 2315//2403 2300//2496
f 2407//1370 2375//2497 2362//2223
f 2443//1687 2420//2459 2503//2504
f 2420//2459 2411//2462 2503//2504
f 2411//2462 1493//2393 2503//2504
f 1493//2393 1487//390 2503//2504
f 1487//390 1318//389 2503//2504
f 1318//389 1320//1416 2503//2504
f 1320//1416 2443//1687 2503//2504
f 2314//2474 2292//2484 2321//2478
f 2362//2223 2321//2478 2292//2484
f 2362//2223 2292//2484 2349//2505
f 2292//2484 2300//2496 2349//2505
f 2315//2403 2349//2505 2300//2496
f 2241//2494 2260//2501 2232//2490
f 2232//2490 2260//2501 2247//2488
f 2266//2124 2247//2488 2260//2501
f 2260//2501 2261//1709 2266//2124
f 2286//1708 2266//2124 2261//1709
f 2266//2124 2286//1708 2301//2077
f 2286//1708 2317//2321 2301//2077
f 2301//2077 2317//2321 2309//1279
f 2316//1277 2309//1279 2317//2321
f 2400//1369 2391//1278 2392//2327
f 2392//2327 2412//2426 2400//1369
f 2400//1369 2412//2426 2423//2375
f 2412//2426 2413//333 2423//2375
f 2423//2375 2413//333 2414//2359
f 2413//333 2408//2416 2414//2359
f 2414//2359 2408//2416 2364//2357
f 2408//2416 2393//2115 2364//2357
f 2393//2115 2368//1949 2364//2357
f 2364//2357 2368//1949 2363//2389
f 2297//2354 2296//2383 2298//2367
f 2271//2365 2298//2367 2250//1899
f 2250//1899 2298//2367 2236//2104
f 2298//2367 2296//2383 2236//2104
f 2236//2104 2296//2383 2235//2105
f 2296//2383 2288//2456 2235//2105
f 2235//2105 2288//2456 2244//2335
f 2288//2456 2255//2361 2244//2335
f 2249//2396 2244//2335 2255//2361
