# Blender 5.1.2
# www.blender.org
o Icosphere
v -0.010947 0.282808 -0.955808
v -0.012672 0.318828 -0.936995
v -0.014016 0.354966 -0.918015
v -0.014973 0.391211 -0.898871
v -0.015539 0.427554 -0.879568
v -0.015708 0.463984 -0.860109
v -0.015478 0.500491 -0.840500
v -0.014844 0.537063 -0.820745
v -0.013802 0.573690 -0.800848
v -0.012350 0.610361 -0.780816
v -0.010484 0.647064 -0.760653
v -0.013095 0.175966 -0.972231
v -0.015783 0.211652 -0.953764
v -0.018102 0.247481 -0.935123
v -0.020046 0.283445 -0.916312
v -0.021610 0.319533 -0.897332
v -0.022787 0.355736 -0.878190
v -0.023575 0.392044 -0.858888
v -0.023967 0.428446 -0.839431
v -0.023959 0.464931 -0.819823
v -0.023548 0.501490 -0.800070
v -0.022730 0.538111 -0.780175
v -0.021500 0.574783 -0.760145
v -0.019857 0.611495 -0.739984
v -0.017796 0.648236 -0.719697
v -0.015318 0.684995 -0.699290
v -0.012418 0.721760 -0.678769
v -0.012532 0.070026 -0.987848
v -0.016151 0.105308 -0.969739
v -0.019416 0.140758 -0.951450
v -0.022319 0.176367 -0.932983
v -0.024854 0.212127 -0.914342
v -0.027016 0.248027 -0.895530
v -0.028799 0.284058 -0.876552
v -0.030197 0.320211 -0.857410
v -0.031205 0.356476 -0.838108
v -0.031819 0.392842 -0.818653
v -0.032034 0.429299 -0.799046
v -0.031845 0.465836 -0.779294
v -0.031250 0.502443 -0.759401
v -0.030243 0.539109 -0.739372
v -0.028823 0.575823 -0.719212
v -0.026985 0.612572 -0.698927
v -0.024728 0.649347 -0.678522
v -0.022049 0.686136 -0.658002
v -0.018947 0.722926 -0.637374
v -0.015419 0.759707 -0.616643
v -0.011466 0.796466 -0.595815
v -0.013855 -0.000002 -0.984911
v -0.018031 0.035002 -0.966984
v -0.021859 0.070188 -0.948873
v -0.025335 0.105547 -0.930582
v -0.028451 0.141073 -0.912114
v -0.031201 0.176754 -0.893473
v -0.033579 0.212583 -0.874660
v -0.035580 0.248551 -0.855681
v -0.037198 0.284646 -0.836539
v -0.038426 0.320860 -0.817239
v -0.039261 0.357183 -0.797783
v -0.039698 0.393604 -0.778178
v -0.039732 0.430113 -0.758426
v -0.039359 0.466698 -0.738534
v -0.038576 0.503350 -0.718506
v -0.037378 0.540057 -0.698348
v -0.035763 0.576808 -0.678064
v -0.033729 0.613591 -0.657660
v -0.031272 0.650395 -0.637141
v -0.028390 0.687210 -0.616514
v -0.025083 0.724022 -0.595784
v -0.021348 0.760820 -0.574958
v -0.017186 0.797594 -0.554041
v -0.012595 0.834330 -0.533039
v -0.014034 -0.069595 -0.981716
v -0.018750 -0.034897 -0.963970
v -0.023130 -0.000002 -0.946039
v -0.027166 0.035081 -0.927926
v -0.030851 0.070343 -0.909633
v -0.034178 0.105778 -0.891163
v -0.037141 0.141375 -0.872520
v -0.039735 0.177126 -0.853706
v -0.041952 0.213022 -0.834727
v -0.043787 0.249053 -0.815584
v -0.045235 0.285209 -0.796284
v -0.046290 0.321481 -0.776828
v -0.046948 0.357858 -0.757223
v -0.047204 0.394331 -0.737472
v -0.047054 0.430887 -0.717581
v -0.046494 0.467517 -0.697554
v -0.045519 0.504210 -0.677396
v -0.044127 0.540954 -0.657113
v -0.042316 0.577738 -0.636709
v -0.040081 0.614551 -0.616192
v -0.037421 0.651381 -0.595566
v -0.034335 0.688217 -0.574837
v -0.030821 0.725047 -0.554011
v -0.026877 0.761860 -0.533095
v -0.022503 0.798643 -0.512094
v -0.017699 0.835384 -0.491015
v -0.012465 0.872073 -0.469865
v -0.013089 -0.138700 -0.978269
v -0.018333 -0.104331 -0.960706
v -0.023249 -0.069754 -0.942956
v -0.027831 -0.034975 -0.925021
v -0.032071 -0.000002 -0.906904
v -0.035962 0.035157 -0.888609
v -0.039499 0.070493 -0.870136
v -0.042673 0.105999 -0.851491
v -0.045479 0.141665 -0.832676
v -0.047911 0.177482 -0.813695
v -0.049963 0.213441 -0.794552
v -0.051629 0.249532 -0.775250
v -0.052904 0.285746 -0.755795
v -0.053783 0.322072 -0.736190
v -0.054260 0.358501 -0.716439
v -0.054332 0.395020 -0.696548
v -0.053995 0.431621 -0.676521
v -0.053243 0.468292 -0.656364
v -0.052074 0.505021 -0.636081
v -0.050486 0.541798 -0.615679
v -0.048474 0.578612 -0.595162
v -0.046037 0.615451 -0.574537
v -0.043173 0.652303 -0.553808
v -0.039879 0.689157 -0.532983
v -0.036155 0.726000 -0.512068
v -0.032000 0.762823 -0.491067
v -0.027413 0.799611 -0.469989
v -0.022395 0.836354 -0.448839
v -0.016945 0.873040 -0.427624
v -0.011065 0.909658 -0.406350
v -0.011044 -0.207264 -0.974580
v -0.016799 -0.173249 -0.957199
v -0.022237 -0.139014 -0.939630
v -0.027350 -0.104564 -0.921875
v -0.032131 -0.069907 -0.903935
v -0.036573 -0.035050 -0.885814
v -0.040669 -0.000002 -0.867514
v -0.044413 0.035230 -0.849039
v -0.047796 0.070637 -0.830391
v -0.050814 0.106211 -0.811574
v -0.053459 0.141942 -0.792591
v -0.055725 0.177822 -0.773446
v -0.057608 0.213841 -0.754144
v -0.059101 0.249989 -0.734687
v -0.060199 0.286257 -0.715081
v -0.060897 0.322634 -0.695330
v -0.061191 0.359109 -0.675439
v -0.061075 0.395673 -0.655412
v -0.060546 0.432314 -0.635255
v -0.059601 0.469021 -0.614973
v -0.058236 0.505783 -0.594571
v -0.056448 0.542590 -0.574055
v -0.054234 0.579429 -0.553430
v -0.051592 0.616289 -0.532703
v -0.048520 0.653159 -0.511878
v -0.045017 0.690027 -0.490963
v -0.041082 0.726880 -0.469963
v -0.036714 0.763708 -0.448886
v -0.031913 0.800497 -0.427736
v -0.026679 0.837238 -0.406521
v -0.021012 0.873917 -0.385248
v -0.014914 0.910523 -0.363922
v -0.014177 -0.241600 -0.953459
v -0.020119 -0.207730 -0.936071
v -0.025747 -0.173633 -0.918495
v -0.031054 -0.139316 -0.900733
v -0.036032 -0.104788 -0.882788
v -0.040674 -0.070054 -0.864663
v -0.044971 -0.035123 -0.846359
v -0.048919 -0.000002 -0.827880
v -0.052509 0.035300 -0.809228
v -0.055736 0.070775 -0.790409
v -0.058593 0.106414 -0.771423
v -0.061072 0.142207 -0.752277
v -0.063170 0.178147 -0.732973
v -0.064880 0.214222 -0.713515
v -0.066196 0.250424 -0.693908
v -0.067113 0.286741 -0.674156
v -0.067627 0.323165 -0.654265
v -0.067733 0.359684 -0.634238
v -0.067426 0.396288 -0.614080
v -0.066704 0.432965 -0.593798
v -0.065562 0.469705 -0.573396
v -0.063997 0.506497 -0.552880
v -0.062007 0.543329 -0.532256
v -0.059588 0.580190 -0.511529
v -0.056739 0.617068 -0.490705
v -0.053458 0.653951 -0.469790
v -0.049744 0.690828 -0.448791
v -0.045596 0.727687 -0.427713
v -0.041014 0.764516 -0.406564
v -0.035996 0.801304 -0.385350
v -0.030545 0.838037 -0.364076
v -0.024661 0.874706 -0.342751
v -0.018344 0.911297 -0.321380
v -0.011596 0.947799 -0.299971
v -0.010493 -0.309336 -0.949493
v -0.016922 -0.275852 -0.932286
v -0.023049 -0.242131 -0.914890
v -0.028865 -0.208178 -0.897307
v -0.034362 -0.174001 -0.879538
v -0.039533 -0.139607 -0.861587
v -0.044372 -0.105002 -0.843456
v -0.048869 -0.070195 -0.825147
v -0.053019 -0.035192 -0.806664
v -0.056813 -0.000002 -0.788009
v -0.060247 0.035367 -0.769185
v -0.063312 0.070906 -0.750197
v -0.066003 0.106607 -0.731048
v -0.068314 0.142459 -0.711742
v -0.070239 0.178455 -0.692283
v -0.071771 0.214583 -0.672674
v -0.072907 0.250834 -0.652921
v -0.073640 0.287199 -0.633029
v -0.073966 0.323665 -0.613001
v -0.073882 0.360224 -0.592844
v -0.073382 0.396864 -0.572562
v -0.072462 0.433574 -0.552160
v -0.071121 0.470343 -0.531644
v -0.069354 0.507160 -0.511019
v -0.067158 0.544014 -0.490292
v -0.064533 0.580892 -0.469469
v -0.061474 0.617783 -0.448554
v -0.057982 0.654676 -0.427556
v -0.054056 0.691559 -0.406478
v -0.049693 0.728419 -0.385329
v -0.044895 0.765246 -0.364115
v -0.039660 0.802026 -0.342842
v -0.033991 0.838749 -0.321517
v -0.027888 0.875402 -0.300146
v -0.021352 0.911974 -0.278737
v -0.014385 0.948453 -0.257295
v -0.012675 -0.343335 -0.928284
v -0.019283 -0.310010 -0.911068
v -0.025590 -0.276443 -0.893663
v -0.031590 -0.242641 -0.876071
v -0.037275 -0.208610 -0.858296
v -0.042637 -0.174356 -0.840338
v -0.047668 -0.139886 -0.822200
v -0.052362 -0.105208 -0.803886
v -0.056711 -0.070330 -0.785398
v -0.060707 -0.035258 -0.766738
v -0.064345 -0.000002 -0.747911
v -0.067617 0.035431 -0.728919
v -0.070518 0.071031 -0.709767
v -0.073039 0.106790 -0.690458
v -0.075177 0.142698 -0.670997
v -0.076924 0.178746 -0.651387
v -0.078277 0.214923 -0.631633
v -0.079228 0.251221 -0.611739
v -0.079774 0.287628 -0.591710
v -0.079910 0.324134 -0.571552
v -0.079632 0.360729 -0.551269
v -0.078935 0.397401 -0.530867
v -0.077816 0.434140 -0.510351
v -0.076272 0.470934 -0.489727
v -0.074300 0.507772 -0.469000
v -0.071898 0.544643 -0.448176
v -0.069063 0.581534 -0.427262
v -0.065793 0.618435 -0.406263
v -0.062089 0.655334 -0.385186
v -0.057947 0.692217 -0.364038
v -0.053369 0.729075 -0.342824
v -0.048354 0.765895 -0.321551
v -0.042902 0.802664 -0.300225
v -0.037014 0.839372 -0.278855
v -0.030692 0.876007 -0.257446
v -0.023936 0.912556 -0.236004
v -0.016750 0.949007 -0.214538
v -0.014478 -0.377224 -0.907037
v -0.021260 -0.344064 -0.889811
v -0.027745 -0.310658 -0.872396
v -0.033926 -0.277012 -0.854796
v -0.039794 -0.243132 -0.837012
v -0.045343 -0.209024 -0.819047
v -0.050565 -0.174695 -0.800903
v -0.055452 -0.140153 -0.782582
v -0.059997 -0.105405 -0.764088
v -0.064192 -0.070458 -0.745424
v -0.068032 -0.035321 -0.726592
v -0.071508 -0.000002 -0.707597
v -0.074615 0.035492 -0.688441
v -0.077346 0.071150 -0.669129
v -0.079695 0.106963 -0.649665
v -0.081656 0.142923 -0.630053
v -0.083223 0.179020 -0.610297
v -0.084391 0.215244 -0.590401
v -0.085155 0.251584 -0.570372
v -0.085510 0.288030 -0.550213
v -0.085453 0.324572 -0.529929
v -0.084977 0.361199 -0.509526
v -0.084081 0.397899 -0.489010
v -0.082760 0.434663 -0.468385
v -0.081011 0.471478 -0.447658
v -0.078832 0.508334 -0.426834
v -0.076221 0.545218 -0.405920
v -0.073174 0.582119 -0.384921
v -0.069692 0.619025 -0.363845
v -0.065773 0.655924 -0.342696
v -0.061416 0.692806 -0.321482
v -0.056621 0.729657 -0.300209
v -0.051388 0.766466 -0.278884
v -0.045718 0.803220 -0.257514
v -0.039611 0.839909 -0.236105
v -0.033069 0.876520 -0.214663
v -0.026093 0.913042 -0.193197
v -0.018687 0.949463 -0.171712
v -0.010853 0.985771 -0.150216
v -0.015904 -0.410996 -0.885759
v -0.022856 -0.378006 -0.868521
v -0.029514 -0.344765 -0.851096
v -0.035872 -0.311280 -0.833486
v -0.041921 -0.277557 -0.815693
v -0.047654 -0.243601 -0.797720
v -0.053063 -0.209420 -0.779569
v -0.058139 -0.175020 -0.761241
v -0.062877 -0.140408 -0.742741
v -0.067269 -0.105593 -0.724072
v -0.071307 -0.070581 -0.705235
v -0.074985 -0.035381 -0.686235
v -0.078297 -0.000001 -0.667076
v -0.081234 0.035549 -0.647761
v -0.083792 0.071262 -0.628293
v -0.085964 0.107127 -0.608679
v -0.087744 0.143135 -0.588920
v -0.089128 0.179278 -0.569023
v -0.090108 0.215543 -0.548992
v -0.090681 0.251922 -0.528831
v -0.090843 0.288404 -0.508547
v -0.090588 0.324977 -0.488143
v -0.089913 0.361632 -0.467626
v -0.088815 0.398358 -0.447001
v -0.087289 0.435142 -0.426273
v -0.085334 0.471975 -0.405450
v -0.082945 0.508843 -0.384535
v -0.080123 0.545737 -0.363537
v -0.076864 0.582643 -0.342460
v -0.073168 0.619550 -0.321311
v -0.069032 0.656447 -0.300098
v -0.064458 0.693322 -0.278825
v -0.059446 0.730162 -0.257500
v -0.053994 0.766956 -0.236130
v -0.048105 0.803692 -0.214720
v -0.041778 0.840357 -0.193279
v -0.035016 0.876942 -0.171813
v -0.027822 0.913432 -0.150328
v -0.020196 0.949818 -0.128832
v -0.012143 0.986087 -0.107331
v -0.016955 -0.444642 -0.864454
v -0.024073 -0.411827 -0.847205
v -0.030901 -0.378757 -0.829769
v -0.037432 -0.345438 -0.812149
v -0.043658 -0.311877 -0.794347
v -0.049571 -0.278078 -0.776365
v -0.055163 -0.244050 -0.758206
v -0.060427 -0.209798 -0.739871
v -0.065355 -0.175329 -0.721365
v -0.069940 -0.140650 -0.702689
v -0.074174 -0.105770 -0.683847
v -0.078050 -0.070697 -0.664842
v -0.081563 -0.035438 -0.645678
v -0.084704 -0.000001 -0.626359
v -0.087469 0.035603 -0.606889
v -0.089849 0.071367 -0.587271
v -0.091841 0.107280 -0.567510
v -0.093437 0.143334 -0.547611
v -0.094633 0.179517 -0.527577
v -0.095423 0.215821 -0.507415
v -0.095803 0.252235 -0.487129
v -0.095768 0.288748 -0.466725
v -0.095313 0.325350 -0.446207
v -0.094437 0.362030 -0.425581
v -0.093133 0.398776 -0.404853
v -0.091401 0.435577 -0.384029
v -0.089235 0.472423 -0.363115
v -0.086636 0.509300 -0.342116
v -0.083601 0.546199 -0.321039
v -0.080128 0.583106 -0.299890
v -0.076216 0.620011 -0.278677
v -0.071864 0.656901 -0.257404
v -0.067072 0.693765 -0.236079
v -0.061840 0.730590 -0.214709
v -0.056170 0.767365 -0.193300
v -0.050060 0.804077 -0.171858
v -0.043514 0.840716 -0.150392
v -0.036533 0.877269 -0.128907
v -0.029119 0.913724 -0.107411
v -0.021275 0.950071 -0.085910
v -0.013004 0.986297 -0.064412
v -0.017633 -0.478154 -0.843131
v -0.024913 -0.445517 -0.825869
v -0.031907 -0.412623 -0.808422
v -0.038608 -0.379476 -0.790791
v -0.045007 -0.346082 -0.772979
v -0.051096 -0.312446 -0.754988
v -0.056868 -0.278576 -0.736820
v -0.062315 -0.244477 -0.718478
v -0.067430 -0.210157 -0.699964
v -0.072204 -0.175622 -0.681282
v -0.076631 -0.140880 -0.662434
v -0.080703 -0.105939 -0.643424
v -0.084415 -0.070806 -0.624256
v -0.087758 -0.035491 -0.604932
v -0.090726 -0.000001 -0.585458
v -0.093313 0.035654 -0.565837
v -0.095513 0.071465 -0.546073
v -0.097321 0.107423 -0.526171
v -0.098730 0.143518 -0.506136
v -0.099735 0.179739 -0.485972
v -0.100331 0.216078 -0.465684
v -0.100514 0.252523 -0.445278
v -0.100279 0.289064 -0.424760
v -0.099622 0.325690 -0.404133
v -0.098541 0.362390 -0.383404
v -0.097031 0.399153 -0.362580
v -0.095089 0.435967 -0.341665
v -0.092713 0.472821 -0.320666
v -0.089901 0.509704 -0.299589
v -0.086652 0.546604 -0.278440
v -0.082963 0.583508 -0.257226
v -0.078834 0.620406 -0.235954
v -0.074264 0.657285 -0.214629
v -0.069254 0.694134 -0.193258
v -0.063803 0.730940 -0.171849
v -0.057913 0.767692 -0.150408
v -0.051584 0.804377 -0.128942
v -0.044818 0.840985 -0.107457
v -0.037618 0.877503 -0.085961
v -0.029985 0.913919 -0.064460
v -0.021923 0.950222 -0.042962
v -0.013434 0.986401 -0.021472
v -0.017942 -0.511522 -0.821794
v -0.025380 -0.479069 -0.804519
v -0.032536 -0.446355 -0.787060
v -0.039403 -0.413384 -0.769418
v -0.045971 -0.380163 -0.751596
v -0.052233 -0.346695 -0.733595
v -0.058181 -0.312989 -0.715418
v -0.063807 -0.279049 -0.697068
v -0.069105 -0.244883 -0.678546
v -0.074065 -0.210497 -0.659857
v -0.078682 -0.175899 -0.641003
v -0.082947 -0.141097 -0.621987
v -0.086854 -0.106097 -0.602814
v -0.090396 -0.070909 -0.583486
v -0.093565 -0.035541 -0.564007
v -0.096356 -0.000001 -0.544383
v -0.098763 0.035701 -0.524616
v -0.100779 0.071556 -0.504711
v -0.102399 0.107555 -0.484673
v -0.103617 0.143688 -0.464507
v -0.104428 0.179944 -0.444218
v -0.104827 0.216314 -0.423810
v -0.104811 0.252786 -0.403290
v -0.104374 0.289351 -0.382663
v -0.103513 0.325997 -0.361933
v -0.102224 0.362714 -0.341108
v -0.100505 0.399489 -0.320192
v -0.098352 0.436312 -0.299193
v -0.095764 0.473172 -0.278116
v -0.092738 0.510055 -0.256967
v -0.089272 0.546952 -0.235753
v -0.085366 0.583849 -0.214480
v -0.081019 0.620736 -0.193155
v -0.076231 0.657600 -0.171785
v -0.071001 0.694430 -0.150376
v -0.065331 0.731213 -0.128935
v -0.059221 0.767938 -0.107469
v -0.052673 0.804592 -0.085984
v -0.045688 0.841164 -0.064488
v -0.038269 0.877643 -0.042987
v -0.030418 0.914016 -0.021488
v -0.022139 0.950273 0.000001
v -0.013435 0.986401 0.021474
v -0.017885 -0.544738 -0.800450
v -0.025477 -0.512474 -0.783162
v -0.032791 -0.479945 -0.765691
v -0.039819 -0.447155 -0.748037
v -0.046552 -0.414111 -0.730204
v -0.052982 -0.380817 -0.712193
v -0.059103 -0.347279 -0.694007
v -0.064905 -0.313504 -0.675648
v -0.070383 -0.279497 -0.657118
v -0.075526 -0.245267 -0.638422
v -0.080329 -0.210819 -0.619561
v -0.084783 -0.176160 -0.600539
v -0.088883 -0.141300 -0.581360
v -0.092619 -0.106246 -0.562027
v -0.095987 -0.071005 -0.542544
v -0.098980 -0.035587 -0.522916
v -0.101590 -0.000001 -0.503145
v -0.103812 0.035745 -0.483237
v -0.105641 0.071641 -0.463197
v -0.107070 0.107677 -0.443029
v -0.108094 0.143844 -0.422737
v -0.108708 0.180131 -0.402328
v -0.108908 0.216528 -0.381806
v -0.108689 0.253024 -0.361178
v -0.108048 0.289609 -0.340447
v -0.106980 0.326271 -0.319621
v -0.105482 0.363000 -0.298705
v -0.103552 0.399785 -0.277705
v -0.101187 0.436613 -0.256628
v -0.098383 0.473473 -0.235478
v -0.095141 0.510354 -0.214264
v -0.091459 0.547243 -0.192991
v -0.087336 0.584130 -0.171667
v -0.082770 0.621002 -0.150296
v -0.077763 0.657847 -0.128887
v -0.072314 0.694653 -0.107446
v -0.066424 0.731409 -0.085979
v -0.060094 0.768103 -0.064495
v -0.053327 0.804722 -0.042998
v -0.046123 0.841255 -0.021498
v -0.038486 0.877691 0.000001
v -0.030418 0.914017 0.021490
v -0.021923 0.950223 0.042963
v -0.013004 0.986297 0.064414
v -0.017466 -0.577796 -0.779106
v -0.025208 -0.545724 -0.761804
v -0.032675 -0.513384 -0.744319
v -0.039859 -0.480780 -0.726653
v -0.046753 -0.447918 -0.708809
v -0.053349 -0.414802 -0.690787
v -0.059638 -0.381438 -0.672591
v -0.065613 -0.347832 -0.654222
v -0.071265 -0.313991 -0.635685
v -0.076588 -0.279920 -0.616980
v -0.081573 -0.245628 -0.598112
v -0.086214 -0.211120 -0.579084
v -0.090502 -0.176405 -0.559899
v -0.094432 -0.141491 -0.540561
v -0.097995 -0.106384 -0.521073
v -0.101185 -0.071095 -0.501440
v -0.103997 -0.035630 -0.481666
v -0.106423 -0.000001 -0.461755
v -0.108458 0.035785 -0.441712
v -0.110095 0.071718 -0.421541
v -0.111330 0.107788 -0.401247
v -0.112157 0.143985 -0.380836
v -0.112572 0.180299 -0.360313
v -0.112570 0.216719 -0.339683
v -0.112147 0.253235 -0.318951
v -0.111298 0.289836 -0.298124
v -0.110021 0.326511 -0.277208
v -0.108312 0.363249 -0.256207
v -0.106169 0.400037 -0.235129
v -0.103589 0.436866 -0.213980
v -0.100570 0.473723 -0.192765
v -0.097112 0.510597 -0.171492
v -0.093212 0.547475 -0.150167
v -0.088870 0.584347 -0.128797
v -0.084085 0.621200 -0.107388
v -0.078858 0.658021 -0.085947
v -0.073189 0.694801 -0.064480
v -0.067080 0.731525 -0.042996
v -0.060531 0.768184 -0.021499
v -0.053545 0.804764 0.000001
v -0.046123 0.841254 0.021500
v -0.038269 0.877643 0.042989
v -0.029985 0.913919 0.064462
v -0.021275 0.950070 0.085913
v -0.012143 0.986086 0.107333
v -0.016688 -0.610686 -0.757767
v -0.024575 -0.578811 -0.740450
v -0.032191 -0.546664 -0.722952
v -0.039529 -0.514251 -0.705274
v -0.046580 -0.481575 -0.687418
v -0.053336 -0.448641 -0.669385
v -0.059789 -0.415456 -0.651179
v -0.065932 -0.382025 -0.632801
v -0.071757 -0.348354 -0.614254
v -0.077254 -0.314450 -0.595542
v -0.082418 -0.280318 -0.576667
v -0.087242 -0.245967 -0.557632
v -0.091715 -0.211403 -0.538441
v -0.095834 -0.176634 -0.519097
v -0.099590 -0.141668 -0.499604
v -0.102975 -0.106513 -0.479966
v -0.105985 -0.071177 -0.460188
v -0.108612 -0.035670 -0.440274
v -0.110850 -0.000001 -0.420227
v -0.112694 0.035822 -0.400053
v -0.114138 0.071788 -0.379758
v -0.115176 0.107888 -0.359344
v -0.115803 0.144112 -0.338819
v -0.116016 0.180449 -0.318188
v -0.115809 0.216889 -0.297455
v -0.115178 0.253421 -0.276627
v -0.114120 0.290034 -0.255710
v -0.112632 0.326718 -0.234708
v -0.110711 0.363460 -0.213630
v -0.108354 0.400249 -0.192480
v -0.105558 0.437075 -0.171265
v -0.102323 0.473925 -0.149992
v -0.098646 0.510787 -0.128667
v -0.094527 0.547651 -0.107296
v -0.089966 0.584503 -0.085887
v -0.084962 0.621333 -0.064446
v -0.079516 0.658128 -0.042980
v -0.073627 0.694876 -0.021495
v -0.067299 0.731565 0.000001
v -0.060531 0.768185 0.021502
v -0.053327 0.804722 0.043001
v -0.045688 0.841165 0.064490
v -0.037618 0.877504 0.085963
v -0.029119 0.913725 0.107414
v -0.020196 0.949818 0.128834
v -0.010853 0.985772 0.150218
v -0.015555 -0.643402 -0.736439
v -0.023583 -0.611727 -0.719108
v -0.031344 -0.579778 -0.701596
v -0.038831 -0.547558 -0.683905
v -0.046034 -0.515073 -0.666036
v -0.052946 -0.482327 -0.647992
v -0.059560 -0.449325 -0.629775
v -0.065867 -0.416074 -0.611388
v -0.071859 -0.382578 -0.592832
v -0.077529 -0.348844 -0.574112
v -0.082868 -0.314879 -0.555228
v -0.087870 -0.280690 -0.536186
v -0.092526 -0.246282 -0.516989
v -0.096830 -0.211665 -0.497639
v -0.100774 -0.176845 -0.478141
v -0.104352 -0.141831 -0.458499
v -0.107557 -0.106630 -0.438716
v -0.110382 -0.071253 -0.418798
v -0.112821 -0.035706 -0.398748
v -0.114868 -0.000000 -0.378572
v -0.116518 0.035855 -0.358273
v -0.117764 0.071851 -0.337858
v -0.118603 0.107978 -0.317331
v -0.119028 0.144224 -0.296698
v -0.119036 0.180581 -0.275964
v -0.118622 0.217036 -0.255135
v -0.117782 0.253580 -0.234216
v -0.116513 0.290202 -0.213214
v -0.114813 0.326890 -0.192135
v -0.112677 0.363633 -0.170985
v -0.110104 0.400419 -0.149770
v -0.107091 0.437237 -0.128497
v -0.103638 0.474076 -0.107171
v -0.099743 0.510923 -0.085801
v -0.095405 0.547767 -0.064391
v -0.090624 0.584597 -0.042950
v -0.085401 0.621399 -0.021484
v -0.079734 0.658163 0.000001
v -0.073627 0.694876 0.021497
v -0.067080 0.731526 0.042998
v -0.060094 0.768102 0.064497
v -0.052673 0.804593 0.085986
v -0.044818 0.840986 0.107459
v -0.036533 0.877269 0.128909
v -0.027822 0.913432 0.150330
v -0.018687 0.949464 0.171714
v -0.014072 -0.675935 -0.715129
v -0.022237 -0.644464 -0.697783
v -0.030138 -0.612716 -0.680256
v -0.037768 -0.580695 -0.662552
v -0.045120 -0.548405 -0.644670
v -0.052185 -0.515850 -0.626615
v -0.058955 -0.483037 -0.608387
v -0.065422 -0.449969 -0.589989
v -0.071578 -0.416654 -0.571424
v -0.077415 -0.383096 -0.552695
v -0.082925 -0.349303 -0.533804
v -0.088101 -0.315280 -0.514755
v -0.092936 -0.281035 -0.495550
v -0.097422 -0.246575 -0.476195
v -0.101552 -0.211907 -0.456691
v -0.105318 -0.177039 -0.437044
v -0.108715 -0.141980 -0.417257
v -0.111735 -0.106738 -0.397334
v -0.114372 -0.071321 -0.377281
v -0.116620 -0.035739 -0.357102
v -0.118473 -0.000000 -0.336800
v -0.119926 0.035885 -0.316383
v -0.120972 0.071907 -0.295854
v -0.121609 0.108057 -0.275219
v -0.121829 0.144322 -0.254484
v -0.121630 0.180694 -0.233653
v -0.121007 0.217162 -0.212734
v -0.119957 0.253714 -0.191731
v -0.118475 0.290340 -0.170652
v -0.116559 0.327028 -0.149501
v -0.114208 0.363768 -0.128285
v -0.111418 0.400547 -0.107012
v -0.108188 0.437354 -0.085686
v -0.104516 0.474177 -0.064315
v -0.100402 0.511005 -0.042906
v -0.095844 0.547826 -0.021465
v -0.090844 0.584628 0.000002
v -0.085401 0.621400 0.021486
v -0.079515 0.658128 0.042983
v -0.073189 0.694802 0.064483
v -0.066424 0.731410 0.085982
v -0.059221 0.767939 0.107471
v -0.051583 0.804379 0.128944
v -0.043514 0.840717 0.150395
v -0.035016 0.876943 0.171815
v -0.026093 0.913044 0.193199
v -0.016749 0.949010 0.214540
v -0.012244 -0.708279 -0.693841
v -0.020540 -0.677016 -0.676480
v -0.028577 -0.645473 -0.658939
v -0.036348 -0.613654 -0.641221
v -0.043843 -0.581563 -0.623326
v -0.051056 -0.549204 -0.605259
v -0.057977 -0.516582 -0.587020
v -0.064600 -0.483704 -0.568612
v -0.070915 -0.450573 -0.550037
v -0.076915 -0.417196 -0.531299
v -0.082593 -0.383579 -0.512399
v -0.087941 -0.349729 -0.493343
v -0.092950 -0.315651 -0.474131
v -0.097614 -0.281354 -0.454770
v -0.101925 -0.246844 -0.435260
v -0.105877 -0.212129 -0.415608
v -0.109462 -0.177217 -0.395817
v -0.112674 -0.142116 -0.375890
v -0.115506 -0.106835 -0.355833
v -0.117952 -0.071383 -0.335650
v -0.120005 -0.035768 -0.315347
v -0.121662 -0.000000 -0.294927
v -0.122915 0.035911 -0.274396
v -0.123759 0.071956 -0.253759
v -0.124190 0.108124 -0.233022
v -0.124204 0.144405 -0.212191
v -0.123796 0.180788 -0.191270
v -0.122961 0.217264 -0.170267
v -0.121698 0.253820 -0.149186
v -0.120002 0.290447 -0.128035
v -0.117871 0.327131 -0.106820
v -0.115303 0.363863 -0.085546
v -0.112294 0.400631 -0.064220
v -0.108846 0.437423 -0.042849
v -0.104955 0.474227 -0.021440
v -0.100621 0.511032 0.000002
v -0.095844 0.547826 0.021468
v -0.090624 0.584597 0.042953
v -0.084962 0.621333 0.064449
v -0.078857 0.658022 0.085950
v -0.072314 0.694653 0.107448
v -0.065331 0.731214 0.128937
v -0.057912 0.767693 0.150411
v -0.050060 0.804078 0.171861
v -0.041778 0.840358 0.193282
v -0.033069 0.876522 0.214666
v -0.023936 0.912557 0.236006
v -0.014385 0.948455 0.257297
v -0.018497 -0.709376 -0.655206
v -0.026666 -0.678041 -0.637650
v -0.034572 -0.646427 -0.619918
v -0.042206 -0.614538 -0.602011
v -0.049562 -0.582379 -0.583931
v -0.056632 -0.549954 -0.565681
v -0.063405 -0.517269 -0.547262
v -0.069876 -0.484327 -0.528678
v -0.076036 -0.451136 -0.509930
v -0.081877 -0.417700 -0.491023
v -0.087391 -0.384027 -0.471958
v -0.092571 -0.350122 -0.452740
v -0.097410 -0.315993 -0.433372
v -0.101899 -0.281646 -0.413857
v -0.106032 -0.247089 -0.394199
v -0.109803 -0.212330 -0.374403
v -0.113203 -0.177377 -0.354472
v -0.116226 -0.142238 -0.334411
v -0.118867 -0.106921 -0.314225
v -0.121118 -0.071437 -0.293919
v -0.122975 -0.035793 -0.273496
v -0.124431 0.000000 -0.252963
v -0.125482 0.035933 -0.232325
v -0.126121 0.071997 -0.211586
v -0.126345 0.108180 -0.190753
v -0.126150 0.144473 -0.169832
v -0.125530 0.180864 -0.148828
v -0.124483 0.217344 -0.127747
v -0.123005 0.253901 -0.106595
v -0.121094 0.290523 -0.085379
v -0.118746 0.327201 -0.064105
v -0.115960 0.363922 -0.042779
v -0.112733 0.400674 -0.021408
v -0.109065 0.437447 0.000002
v -0.104955 0.474228 0.021443
v -0.100402 0.511006 0.042909
v -0.095405 0.547768 0.064394
v -0.089966 0.584504 0.085890
v -0.084084 0.621201 0.107391
v -0.077762 0.657848 0.128889
v -0.071001 0.694432 0.150379
v -0.063802 0.730942 0.171852
v -0.056169 0.767366 0.193302
v -0.048104 0.803693 0.214723
v -0.039610 0.839911 0.236107
v -0.030691 0.876010 0.257448
v -0.021352 0.911977 0.278738
v -0.011596 0.947801 0.299973
v -0.016115 -0.741536 -0.633966
v -0.024409 -0.710412 -0.616396
v -0.032446 -0.679008 -0.598649
v -0.040215 -0.647325 -0.580729
v -0.047711 -0.615370 -0.562637
v -0.054923 -0.583145 -0.544375
v -0.061843 -0.550656 -0.525945
v -0.068465 -0.517909 -0.507351
v -0.074780 -0.484907 -0.488594
v -0.080780 -0.451658 -0.469678
v -0.086457 -0.418166 -0.450606
v -0.091804 -0.384439 -0.431380
v -0.096813 -0.350483 -0.412005
v -0.101477 -0.316305 -0.392484
v -0.105788 -0.281911 -0.372822
v -0.109739 -0.247311 -0.353020
v -0.113324 -0.212511 -0.333086
v -0.116536 -0.177520 -0.313021
v -0.119368 -0.142346 -0.292832
v -0.121814 -0.106998 -0.272522
v -0.123869 -0.071485 -0.252097
v -0.125525 -0.035815 -0.231562
v -0.126779 -0.000000 -0.210921
v -0.127624 0.035952 -0.190182
v -0.128057 0.072030 -0.169347
v -0.128072 0.108225 -0.148425
v -0.127665 0.144525 -0.127420
v -0.126833 0.180921 -0.106338
v -0.125572 0.217401 -0.085186
v -0.123877 0.253954 -0.063970
v -0.121749 0.290569 -0.042695
v -0.119183 0.327235 -0.021369
v -0.116179 0.363941 0.000002
v -0.112733 0.400674 0.021411
v -0.108846 0.437423 0.042852
v -0.104516 0.474177 0.064319
v -0.099743 0.510924 0.085803
v -0.094527 0.547652 0.107299
v -0.088869 0.584348 0.128800
v -0.082770 0.621002 0.150299
v -0.076231 0.657602 0.171788
v -0.069253 0.694135 0.193261
v -0.061840 0.730591 0.214711
v -0.053994 0.766957 0.236132
v -0.045717 0.803222 0.257516
v -0.037014 0.839375 0.278857
v -0.027888 0.875404 0.300148
v -0.018343 0.911298 0.321382
v -0.013396 -0.773489 -0.612766
v -0.021813 -0.742580 -0.595181
v -0.029976 -0.711388 -0.577420
v -0.037876 -0.679915 -0.559486
v -0.045505 -0.648167 -0.541381
v -0.052855 -0.616146 -0.523108
v -0.059919 -0.583858 -0.504667
v -0.066687 -0.551308 -0.486063
v -0.073153 -0.518501 -0.467297
v -0.079307 -0.485442 -0.448372
v -0.085143 -0.452137 -0.429292
v -0.090652 -0.418592 -0.410059
v -0.095828 -0.384814 -0.390677
v -0.100662 -0.350809 -0.371151
v -0.105147 -0.316585 -0.351482
v -0.109276 -0.282149 -0.331676
v -0.113043 -0.247508 -0.311737
v -0.116439 -0.212670 -0.291669
v -0.119459 -0.177645 -0.271476
v -0.122096 -0.142439 -0.251163
v -0.124346 -0.107063 -0.230736
v -0.126200 -0.071524 -0.210199
v -0.127654 -0.035833 -0.189556
v -0.128703 0.000000 -0.168815
v -0.129341 0.035967 -0.147980
v -0.129564 0.072057 -0.127056
v -0.129368 0.108259 -0.106050
v -0.128748 0.144563 -0.084968
v -0.127702 0.180959 -0.063816
v -0.126224 0.217435 -0.042599
v -0.124314 0.253981 -0.021324
v -0.121968 0.290585 0.000002
v -0.119184 0.327236 0.021373
v -0.115960 0.363922 0.042782
v -0.112294 0.400632 0.064223
v -0.108188 0.437354 0.085690
v -0.103638 0.474077 0.107174
v -0.098646 0.510789 0.128670
v -0.093211 0.547477 0.150171
v -0.087335 0.584131 0.171669
v -0.081019 0.620739 0.193158
v -0.074263 0.657287 0.214632
v -0.067071 0.693767 0.236082
v -0.059445 0.730164 0.257503
v -0.051387 0.766468 0.278887
v -0.042901 0.802668 0.300228
v -0.033991 0.838752 0.321519
v -0.024660 0.874708 0.342753
v -0.014913 0.910527 0.363924
v -0.018881 -0.774539 -0.574011
v -0.027166 -0.743562 -0.556236
v -0.035192 -0.712302 -0.538289
v -0.042950 -0.680763 -0.520171
v -0.050435 -0.648951 -0.501886
v -0.057637 -0.616868 -0.483434
v -0.064547 -0.584519 -0.464819
v -0.071159 -0.551910 -0.446044
v -0.077464 -0.519045 -0.427110
v -0.083454 -0.485932 -0.408022
v -0.089122 -0.452574 -0.388782
v -0.094460 -0.418979 -0.369394
v -0.099460 -0.385153 -0.349861
v -0.104115 -0.351102 -0.330187
v -0.108418 -0.316835 -0.310376
v -0.112362 -0.282359 -0.290433
v -0.115939 -0.247681 -0.270361
v -0.119144 -0.212809 -0.250164
v -0.121970 -0.177752 -0.229849
v -0.124410 -0.142518 -0.209419
v -0.126458 -0.107117 -0.188879
v -0.128110 -0.071557 -0.168236
v -0.129359 -0.035848 -0.147493
v -0.130201 0.000001 -0.126656
v -0.130630 0.035979 -0.105732
v -0.130642 0.072076 -0.084725
v -0.130233 0.108282 -0.063643
v -0.129398 0.144586 -0.042490
v -0.128136 0.180978 -0.021273
v -0.126442 0.217447 0.000002
v -0.124314 0.253981 0.021328
v -0.121749 0.290570 0.042699
v -0.118746 0.327201 0.064108
v -0.115303 0.363864 0.085549
v -0.111418 0.400547 0.107015
v -0.107091 0.437238 0.128500
v -0.102322 0.473926 0.149995
v -0.097111 0.510599 0.171496
v -0.091459 0.547244 0.192994
v -0.085366 0.583851 0.214483
v -0.078833 0.620408 0.235957
v -0.071863 0.656903 0.257407
v -0.064458 0.693324 0.278828
v -0.056621 0.729659 0.300212
v -0.048353 0.765898 0.321553
v -0.039660 0.802028 0.342844
v -0.030544 0.838040 0.364079
v -0.021011 0.873920 0.385250
v -0.011065 0.909660 0.406352
v -0.015621 -0.806282 -0.552892
v -0.024022 -0.775523 -0.535103
v -0.032169 -0.744479 -0.517142
v -0.040053 -0.713154 -0.499012
v -0.047666 -0.681552 -0.480714
v -0.055002 -0.649677 -0.462252
v -0.062050 -0.617534 -0.443627
v -0.068803 -0.585127 -0.424842
v -0.075254 -0.552461 -0.405899
v -0.081395 -0.519542 -0.386803
v -0.087216 -0.486376 -0.367556
v -0.092712 -0.452969 -0.348161
v -0.097875 -0.419326 -0.328622
v -0.102696 -0.385455 -0.308943
v -0.107169 -0.351362 -0.289127
v -0.111287 -0.317055 -0.269179
v -0.115041 -0.282542 -0.249103
v -0.118427 -0.247829 -0.228904
v -0.121437 -0.212926 -0.208585
v -0.124065 -0.177841 -0.188153
v -0.126305 -0.142583 -0.167611
v -0.128151 -0.107160 -0.146966
v -0.129598 -0.071582 -0.126221
v -0.130640 -0.035859 -0.105384
v -0.131272 0.000001 -0.084459
v -0.131490 0.035986 -0.063451
v -0.131289 0.072087 -0.042368
v -0.130665 0.108293 -0.021215
v -0.129616 0.144594 0.000002
v -0.128136 0.180979 0.021277
v -0.126224 0.217436 0.042603
v -0.123878 0.253955 0.063973
v -0.121094 0.290524 0.085382
v -0.117871 0.327132 0.106823
v -0.114208 0.363768 0.128289
v -0.110104 0.400420 0.149773
v -0.105558 0.437076 0.171269
v -0.100570 0.473725 0.192769
v -0.095141 0.510355 0.214267
v -0.089272 0.546954 0.235756
v -0.082962 0.583511 0.257229
v -0.076215 0.620013 0.278680
v -0.069032 0.656449 0.300101
v -0.061415 0.692808 0.321485
v -0.053369 0.729078 0.342826
v -0.044894 0.765248 0.364117
v -0.035996 0.801306 0.385352
v -0.026678 0.837241 0.406524
v -0.016945 0.873043 0.427626
v -0.012036 -0.837803 -0.531829
v -0.020550 -0.807264 -0.514025
v -0.028813 -0.776439 -0.496051
v -0.036817 -0.745331 -0.477908
v -0.044556 -0.713943 -0.459599
v -0.052020 -0.682280 -0.441125
v -0.059201 -0.650345 -0.422490
v -0.066092 -0.618144 -0.403695
v -0.072684 -0.585681 -0.384744
v -0.078971 -0.552961 -0.365640
v -0.084942 -0.519991 -0.346385
v -0.090592 -0.486775 -0.326984
v -0.095912 -0.453320 -0.307439
v -0.100895 -0.419632 -0.287754
v -0.105534 -0.385719 -0.267934
v -0.109821 -0.351587 -0.247982
v -0.113749 -0.317243 -0.227902
v -0.117313 -0.282696 -0.207699
v -0.120504 -0.247953 -0.187378
v -0.123316 -0.213023 -0.166943
v -0.125744 -0.177913 -0.146400
v -0.127781 -0.142633 -0.125753
v -0.129422 -0.107193 -0.105007
v -0.130662 -0.071600 -0.084168
v -0.131494 -0.035866 -0.063242
v -0.131915 0.000001 -0.042235
v -0.131920 0.035990 -0.021151
v -0.131505 0.072091 0.000002
v -0.130666 0.108293 0.021219
v -0.129399 0.144587 0.042494
v -0.127701 0.180960 0.063819
v -0.125571 0.217402 0.085190
v -0.123005 0.253902 0.106599
v -0.120002 0.290448 0.128039
v -0.116559 0.327029 0.149504
v -0.112677 0.363634 0.170988
v -0.108353 0.400251 0.192483
v -0.103589 0.436868 0.213983
v -0.098383 0.473474 0.235481
v -0.092737 0.510058 0.256970
v -0.086651 0.546606 0.278443
v -0.080127 0.583108 0.299893
v -0.073167 0.619552 0.321314
v -0.065773 0.655927 0.342699
v -0.057947 0.692221 0.364040
v -0.049692 0.728422 0.385332
v -0.041013 0.764519 0.406567
v -0.031912 0.800501 0.427738
v -0.022394 0.836357 0.448841
v -0.012464 0.872076 0.469867
v -0.016754 -0.838781 -0.493009
v -0.025129 -0.808177 -0.475021
v -0.033250 -0.777288 -0.456866
v -0.041108 -0.746118 -0.438545
v -0.048697 -0.714669 -0.420060
v -0.056007 -0.682947 -0.401414
v -0.063030 -0.650955 -0.382610
v -0.069760 -0.618698 -0.363651
v -0.076187 -0.586181 -0.344539
v -0.082304 -0.553410 -0.325277
v -0.088103 -0.520390 -0.305869
v -0.093577 -0.487128 -0.286318
v -0.098718 -0.453628 -0.266628
v -0.103518 -0.419899 -0.246803
v -0.107971 -0.385946 -0.226847
v -0.112069 -0.351778 -0.206763
v -0.115806 -0.317401 -0.186557
v -0.119174 -0.282823 -0.166234
v -0.122167 -0.248052 -0.145797
v -0.124779 -0.213098 -0.125251
v -0.127004 -0.177967 -0.104602
v -0.128837 -0.142669 -0.083856
v -0.130271 -0.107214 -0.063016
v -0.131300 -0.071611 -0.042089
v -0.131921 -0.035869 -0.021081
v -0.132129 0.000001 0.000002
v -0.131920 0.035990 0.021155
v -0.131289 0.072088 0.042372
v -0.130233 0.108283 0.063647
v -0.128748 0.144564 0.084972
v -0.126832 0.180922 0.106342
v -0.124483 0.217345 0.127750
v -0.121698 0.253822 0.149190
v -0.118475 0.290341 0.170655
v -0.114812 0.326892 0.192139
v -0.110711 0.363462 0.213634
v -0.106169 0.400040 0.235133
v -0.101186 0.436615 0.256631
v -0.095763 0.473174 0.278119
v -0.089901 0.509707 0.299592
v -0.083601 0.546201 0.321043
v -0.076863 0.582646 0.342463
v -0.069692 0.619028 0.363848
v -0.062088 0.655337 0.385189
v -0.054055 0.691562 0.406481
v -0.045596 0.727691 0.427716
v -0.036714 0.763712 0.448889
v -0.027413 0.799614 0.469991
v -0.017698 0.835388 0.491018
v -0.012643 -0.870067 -0.472060
v -0.021124 -0.839687 -0.454058
v -0.029356 -0.809020 -0.435890
v -0.037330 -0.778069 -0.417557
v -0.045038 -0.746838 -0.399062
v -0.052472 -0.715330 -0.380406
v -0.059624 -0.683551 -0.361593
v -0.066486 -0.651504 -0.342624
v -0.073050 -0.619194 -0.323504
v -0.079308 -0.586626 -0.304235
v -0.085252 -0.553807 -0.284821
v -0.090875 -0.520740 -0.265264
v -0.096169 -0.487434 -0.245569
v -0.101127 -0.453893 -0.225740
v -0.105742 -0.420125 -0.205779
v -0.110006 -0.386136 -0.185693
v -0.113911 -0.351934 -0.165484
v -0.117453 -0.317527 -0.145157
v -0.120623 -0.282921 -0.124718
v -0.123416 -0.248127 -0.104171
v -0.125825 -0.213151 -0.083521
v -0.127846 -0.178003 -0.062773
v -0.129470 -0.142691 -0.041933
v -0.130695 -0.107225 -0.021006
v -0.131513 -0.071615 0.000002
v -0.131921 -0.035869 0.021086
v -0.131915 0.000001 0.042239
v -0.131490 0.035987 0.063455
v -0.130642 0.072076 0.084729
v -0.129368 0.108260 0.106054
v -0.127665 0.144527 0.127424
v -0.125530 0.180866 0.148831
v -0.122961 0.217265 0.170271
v -0.119956 0.253715 0.191735
v -0.116513 0.290204 0.213218
v -0.112632 0.326720 0.234712
v -0.108312 0.363251 0.256211
v -0.103552 0.399787 0.277708
v -0.098352 0.436315 0.299196
v -0.092713 0.472824 0.320669
v -0.086636 0.509303 0.342119
v -0.080123 0.545739 0.363540
v -0.073174 0.582122 0.384924
v -0.065793 0.618439 0.406266
v -0.057982 0.654679 0.427558
v -0.049744 0.690831 0.448794
v -0.041081 0.726884 0.469966
v -0.032000 0.762826 0.491069
v -0.022502 0.798646 0.512096
v -0.012594 0.834333 0.533041
v -0.016804 -0.870963 -0.433167
v -0.025143 -0.840521 -0.414986
v -0.033227 -0.809792 -0.396642
v -0.041050 -0.778782 -0.378135
v -0.048603 -0.747492 -0.359470
v -0.055879 -0.715928 -0.340647
v -0.062868 -0.684094 -0.321671
v -0.069564 -0.651994 -0.302543
v -0.075959 -0.619634 -0.283267
v -0.082044 -0.587018 -0.263846
v -0.087812 -0.554152 -0.244284
v -0.093255 -0.521042 -0.224584
v -0.098367 -0.487694 -0.204750
v -0.103139 -0.454114 -0.184785
v -0.107564 -0.420310 -0.164695
v -0.111635 -0.386288 -0.144484
v -0.115346 -0.352056 -0.124155
v -0.118690 -0.317622 -0.103714
v -0.121659 -0.282992 -0.083165
v -0.124250 -0.248177 -0.062514
v -0.126454 -0.213183 -0.041765
v -0.128266 -0.178021 -0.020925
v -0.129681 -0.142698 0.000002
v -0.130694 -0.107225 0.021011
v -0.131300 -0.071611 0.042094
v -0.131494 -0.035865 0.063247
v -0.131272 0.000001 0.084463
v -0.130630 0.035979 0.105736
v -0.129564 0.072058 0.127060
v -0.128072 0.108226 0.148429
v -0.126149 0.144474 0.169836
v -0.123795 0.180790 0.191274
v -0.121007 0.217163 0.212738
v -0.117782 0.253582 0.234220
v -0.114120 0.290036 0.255714
v -0.110021 0.326514 0.277212
v -0.105482 0.363003 0.298709
v -0.100504 0.399492 0.320196
v -0.095089 0.435970 0.341669
v -0.089235 0.472425 0.363118
v -0.082945 0.508846 0.384539
v -0.076220 0.545221 0.405924
v -0.069062 0.581538 0.427265
v -0.061474 0.617786 0.448557
v -0.053457 0.653954 0.469793
v -0.045016 0.690030 0.490966
v -0.036155 0.726004 0.512070
v -0.026876 0.761863 0.533098
v -0.017184 0.797597 0.554043
v -0.012175 -0.902000 -0.412352
v -0.020615 -0.871783 -0.394159
v -0.028806 -0.841280 -0.375803
v -0.036739 -0.810492 -0.357286
v -0.044407 -0.779423 -0.338610
v -0.051801 -0.748078 -0.319779
v -0.058914 -0.716460 -0.300794
v -0.065738 -0.684573 -0.281659
v -0.072264 -0.652423 -0.262376
v -0.078485 -0.620015 -0.242949
v -0.084394 -0.587353 -0.223382
v -0.089982 -0.554443 -0.203677
v -0.095242 -0.521292 -0.183838
v -0.100167 -0.487906 -0.163871
v -0.104749 -0.454291 -0.143777
v -0.108983 -0.420454 -0.123563
v -0.112859 -0.386402 -0.103232
v -0.116371 -0.352143 -0.082790
v -0.119515 -0.317684 -0.062240
v -0.122282 -0.283034 -0.041588
v -0.124666 -0.248201 -0.020838
v -0.126663 -0.213194 0.000002
v -0.128266 -0.178020 0.020930
v -0.129470 -0.142691 0.041938
v -0.130270 -0.107214 0.063021
v -0.130661 -0.071600 0.084173
v -0.130640 -0.035858 0.105388
v -0.130201 0.000002 0.126660
v -0.129341 0.035969 0.147984
v -0.128056 0.072032 0.169351
v -0.126345 0.108182 0.190757
v -0.124203 0.144407 0.212195
v -0.121630 0.180696 0.233657
v -0.118622 0.217039 0.255138
v -0.115178 0.253423 0.276631
v -0.111297 0.289839 0.298129
v -0.106980 0.326274 0.319624
v -0.102224 0.362716 0.341111
v -0.097031 0.399156 0.362583
v -0.091400 0.435580 0.384033
v -0.085333 0.471977 0.405453
v -0.078832 0.508337 0.426837
v -0.071897 0.544646 0.448179
v -0.064531 0.580895 0.469471
v -0.056738 0.617071 0.490708
v -0.048519 0.653163 0.511881
v -0.039879 0.689160 0.532985
v -0.030820 0.725050 0.554014
v -0.021347 0.760824 0.574960
v -0.011465 0.796469 0.595818
v -0.015780 -0.902804 -0.373413
v -0.024072 -0.872528 -0.355046
v -0.032111 -0.841965 -0.336518
v -0.039889 -0.811120 -0.317833
v -0.047398 -0.779996 -0.298993
v -0.054629 -0.748596 -0.280000
v -0.061576 -0.716926 -0.260858
v -0.068230 -0.684990 -0.241568
v -0.074582 -0.652792 -0.222136
v -0.080627 -0.620338 -0.202563
v -0.086355 -0.587633 -0.182853
v -0.091760 -0.554683 -0.163011
v -0.096834 -0.521494 -0.143040
v -0.101569 -0.488072 -0.122944
v -0.105959 -0.454424 -0.102728
v -0.109997 -0.420557 -0.082395
v -0.113675 -0.386478 -0.061951
v -0.116987 -0.352195 -0.041400
v -0.119927 -0.317716 -0.020747
v -0.122489 -0.283048 0.000003
v -0.124667 -0.248201 0.020843
v -0.126453 -0.213183 0.041770
v -0.127846 -0.178002 0.062778
v -0.128837 -0.142669 0.083860
v -0.129422 -0.107192 0.105011
v -0.129598 -0.071581 0.126226
v -0.129359 -0.035847 0.147497
v -0.128702 0.000002 0.168819
v -0.127624 0.035954 0.190186
v -0.126121 0.071998 0.211590
v -0.124190 0.108126 0.233026
v -0.121829 0.144324 0.254488
v -0.119036 0.180583 0.275968
v -0.115808 0.216891 0.297459
v -0.112146 0.253238 0.318956
v -0.108047 0.289611 0.340451
v -0.103512 0.326000 0.361937
v -0.098540 0.362393 0.383408
v -0.093132 0.398779 0.404857
v -0.087288 0.435145 0.426277
v -0.081010 0.471482 0.447661
v -0.074299 0.507776 0.469003
v -0.067157 0.544017 0.490296
v -0.059587 0.580193 0.511532
v -0.051591 0.616294 0.532706
v -0.043172 0.652306 0.553811
v -0.034335 0.688221 0.574840
v -0.025081 0.724026 0.595787
v -0.015418 0.759710 0.616646
v -0.010644 -0.933578 -0.352753
v -0.019033 -0.903530 -0.334375
v -0.027173 -0.873195 -0.315838
v -0.035056 -0.842576 -0.297143
v -0.042675 -0.811675 -0.278295
v -0.050020 -0.780497 -0.259294
v -0.057085 -0.749046 -0.240144
v -0.063861 -0.717327 -0.220849
v -0.070341 -0.685343 -0.201411
v -0.076517 -0.653100 -0.181833
v -0.082381 -0.620602 -0.162119
v -0.087926 -0.587857 -0.142273
v -0.093144 -0.554869 -0.122299
v -0.098028 -0.521644 -0.102201
v -0.102571 -0.488190 -0.081982
v -0.106766 -0.454512 -0.061648
v -0.110605 -0.420618 -0.041202
v -0.114083 -0.386516 -0.020651
v -0.117192 -0.352212 0.000002
v -0.119927 -0.317715 0.020752
v -0.122281 -0.283034 0.041592
v -0.124249 -0.248176 0.062519
v -0.125826 -0.213150 0.083526
v -0.127004 -0.177966 0.104607
v -0.127781 -0.142632 0.125757
v -0.128151 -0.107159 0.146970
v -0.128110 -0.071555 0.168240
v -0.127654 -0.035832 0.189560
v -0.126779 0.000002 0.210925
v -0.125482 0.035935 0.232328
v -0.123759 0.071958 0.253763
v -0.121608 0.108059 0.275223
v -0.119028 0.144227 0.296701
v -0.116015 0.180452 0.318192
v -0.112570 0.216722 0.339687
v -0.108689 0.253027 0.361181
v -0.104373 0.289354 0.382666
v -0.099622 0.325693 0.404136
v -0.094436 0.362033 0.425585
v -0.088814 0.398361 0.447004
v -0.082759 0.434667 0.468388
v -0.076271 0.470938 0.489730
v -0.069353 0.507164 0.511022
v -0.062006 0.543333 0.532259
v -0.054233 0.579433 0.553433
v -0.046036 0.615455 0.574538
v -0.037421 0.651385 0.595568
v -0.028389 0.687214 0.616516
v -0.018946 0.722930 0.637376
v -0.013695 -0.934283 -0.313795
v -0.021931 -0.904178 -0.295248
v -0.029915 -0.873786 -0.276544
v -0.037638 -0.843111 -0.257687
v -0.045093 -0.812158 -0.238679
v -0.052272 -0.780929 -0.219523
v -0.059167 -0.749428 -0.200222
v -0.065769 -0.717661 -0.180778
v -0.072071 -0.685632 -0.161196
v -0.078067 -0.653346 -0.141478
v -0.083748 -0.620809 -0.121629
v -0.089106 -0.588026 -0.101652
v -0.094134 -0.555002 -0.081551
v -0.098826 -0.521745 -0.061331
v -0.103173 -0.488261 -0.040996
v -0.107170 -0.454557 -0.020550
v -0.110808 -0.420639 0.000002
v -0.114083 -0.386516 0.020656
v -0.116987 -0.352195 0.041405
v -0.119514 -0.317684 0.062245
v -0.121660 -0.282992 0.083170
v -0.123416 -0.248126 0.104176
v -0.124780 -0.213097 0.125256
v -0.125744 -0.177912 0.146405
v -0.126305 -0.142582 0.167616
v -0.126458 -0.107115 0.188884
v -0.126200 -0.071522 0.210203
v -0.125525 -0.035813 0.231566
v -0.124431 0.000002 0.252967
v -0.122914 0.035913 0.274400
v -0.120972 0.071910 0.295858
v -0.118602 0.107981 0.317335
v -0.115803 0.144115 0.338824
v -0.112571 0.180302 0.360318
v -0.108908 0.216531 0.381810
v -0.104810 0.252790 0.403295
v -0.100278 0.289068 0.424764
v -0.095313 0.325354 0.446211
v -0.089913 0.361636 0.467630
v -0.084080 0.397904 0.489014
v -0.077815 0.434144 0.510355
v -0.071120 0.470348 0.531648
v -0.063996 0.506502 0.552885
v -0.056446 0.542595 0.574059
v -0.048474 0.578617 0.595165
v -0.040080 0.614556 0.616196
v -0.031270 0.650400 0.637145
v -0.022048 0.686140 0.658006
v -0.012417 0.721764 0.678772
v -0.016393 -0.934906 -0.274754
v -0.024472 -0.904744 -0.256042
v -0.032296 -0.874298 -0.237177
v -0.039856 -0.843571 -0.218162
v -0.047143 -0.812566 -0.198999
v -0.054151 -0.781288 -0.179692
v -0.060872 -0.749740 -0.160244
v -0.067297 -0.717929 -0.140657
v -0.073419 -0.685857 -0.120936
v -0.079231 -0.653531 -0.101084
v -0.084724 -0.620956 -0.081104
v -0.089892 -0.588137 -0.061002
v -0.094729 -0.555082 -0.040780
v -0.099225 -0.521795 -0.020444
v -0.103374 -0.488284 0.000003
v -0.107170 -0.454556 0.020555
v -0.110606 -0.420618 0.041207
v -0.113675 -0.386477 0.061956
v -0.116372 -0.352142 0.082795
v -0.118690 -0.317620 0.103719
v -0.120623 -0.282920 0.124723
v -0.122167 -0.248051 0.145801
v -0.123316 -0.213021 0.166948
v -0.124065 -0.177840 0.188158
v -0.124410 -0.142516 0.209424
v -0.124345 -0.107060 0.230740
v -0.123869 -0.071482 0.252101
v -0.122975 -0.035791 0.273501
v -0.121662 0.000003 0.294931
v -0.119925 0.035888 0.316387
v -0.117764 0.071855 0.337862
v -0.115175 0.107892 0.359349
v -0.112157 0.143989 0.380841
v -0.108708 0.180134 0.402332
v -0.104827 0.216318 0.423815
v -0.100513 0.252527 0.445283
v -0.095767 0.288753 0.466729
v -0.090588 0.324981 0.488147
v -0.084977 0.361203 0.509530
v -0.078934 0.397406 0.530871
v -0.072462 0.433579 0.552163
v -0.065561 0.469710 0.573400
v -0.058235 0.505789 0.594575
v -0.050485 0.541803 0.615682
v -0.042315 0.577743 0.636713
v -0.033727 0.613596 0.657663
v -0.024727 0.649352 0.678525
v -0.015316 0.685000 0.699293
v -0.010563 -0.965378 -0.254360
v -0.018735 -0.935448 -0.235639
v -0.026654 -0.905232 -0.216767
v -0.034314 -0.874733 -0.197745
v -0.041706 -0.843955 -0.178577
v -0.048823 -0.812901 -0.159265
v -0.055657 -0.781576 -0.139812
v -0.062200 -0.749985 -0.120221
v -0.068444 -0.718130 -0.100497
v -0.074382 -0.686019 -0.080642
v -0.080007 -0.653655 -0.060661
v -0.085311 -0.621045 -0.040557
v -0.090286 -0.588194 -0.020334
v -0.094926 -0.555109 0.000002
v -0.099224 -0.521796 0.020449
v -0.103173 -0.488261 0.041001
v -0.106766 -0.454512 0.061653
v -0.109996 -0.420557 0.082400
v -0.112859 -0.386402 0.103238
v -0.115346 -0.352055 0.124160
v -0.117453 -0.317526 0.145162
v -0.119174 -0.282822 0.166239
v -0.120504 -0.247952 0.187383
v -0.121437 -0.212925 0.208590
v -0.121969 -0.177750 0.229854
v -0.122096 -0.142437 0.251168
v -0.121814 -0.106995 0.272527
v -0.121118 -0.071435 0.293923
v -0.120005 -0.035765 0.315352
v -0.118473 0.000002 0.336805
v -0.116517 0.035858 0.358278
v -0.114137 0.071791 0.379762
v -0.111330 0.107791 0.401252
v -0.108093 0.143847 0.422741
v -0.104427 0.179948 0.444222
v -0.100330 0.216082 0.465689
v -0.095802 0.252239 0.487134
v -0.090842 0.288407 0.508551
v -0.085452 0.324576 0.529933
v -0.079631 0.360733 0.551274
v -0.073381 0.396868 0.572565
v -0.066703 0.432970 0.593802
v -0.059600 0.469026 0.614978
v -0.052073 0.505026 0.636084
v -0.044126 0.540958 0.657116
v -0.035762 0.576813 0.678067
v -0.026984 0.612577 0.698930
v -0.017796 0.648241 0.719700
v -0.012709 -0.965891 -0.215341
v -0.020720 -0.935907 -0.196462
v -0.028475 -0.905638 -0.177434
v -0.035967 -0.875088 -0.158260
v -0.043188 -0.844262 -0.138943
v -0.050131 -0.813161 -0.119486
v -0.056787 -0.781792 -0.099893
v -0.063149 -0.750158 -0.080165
v -0.069209 -0.718264 -0.060309
v -0.074961 -0.686115 -0.040326
v -0.080395 -0.653716 -0.020221
v -0.085506 -0.621074 0.000002
v -0.090286 -0.588193 0.020339
v -0.094728 -0.555081 0.040785
v -0.098826 -0.521744 0.061336
v -0.102572 -0.488189 0.081987
v -0.105959 -0.454423 0.102733
v -0.108982 -0.420453 0.123568
v -0.111635 -0.386287 0.144489
v -0.113911 -0.351933 0.165489
v -0.115806 -0.317399 0.186562
v -0.117313 -0.282694 0.207704
v -0.118427 -0.247827 0.228908
v -0.119144 -0.212807 0.250169
v -0.119459 -0.177642 0.271480
v -0.119368 -0.142343 0.292836
v -0.118867 -0.106919 0.314230
v -0.117952 -0.071380 0.335655
v -0.116620 -0.035736 0.357106
v -0.114868 0.000003 0.378576
v -0.112693 0.035826 0.400058
v -0.110095 0.071722 0.421546
v -0.107069 0.107681 0.443032
v -0.103616 0.143692 0.464512
v -0.099734 0.179744 0.485976
v -0.095422 0.215826 0.507420
v -0.090681 0.251926 0.528835
v -0.085510 0.288035 0.550216
v -0.079909 0.324139 0.571556
v -0.073881 0.360229 0.592848
v -0.067425 0.396293 0.614084
v -0.060545 0.432319 0.635259
v -0.053242 0.468297 0.656367
v -0.045518 0.504215 0.677399
v -0.037377 0.540062 0.698351
v -0.028821 0.575827 0.719215
v -0.019856 0.611500 0.739986
v -0.010483 0.647070 0.760657
v -0.014500 -0.966319 -0.176266
v -0.022346 -0.936283 -0.157232
v -0.029934 -0.905963 -0.138053
v -0.037255 -0.875365 -0.118732
v -0.044301 -0.844492 -0.099272
v -0.051066 -0.813348 -0.079675
v -0.057541 -0.781936 -0.059946
v -0.063719 -0.750262 -0.040087
v -0.069592 -0.718331 -0.020103
v -0.075153 -0.686147 0.000002
v -0.080395 -0.653716 0.020225
v -0.085311 -0.621044 0.040562
v -0.089892 -0.588137 0.061007
v -0.094135 -0.555002 0.081556
v -0.098029 -0.521644 0.102205
v -0.101569 -0.488071 0.122949
v -0.104749 -0.454290 0.143783
v -0.107564 -0.420309 0.164701
v -0.110006 -0.386135 0.185698
v -0.112069 -0.351776 0.206768
v -0.113750 -0.317242 0.227907
v -0.115041 -0.282540 0.249108
v -0.115939 -0.247679 0.270366
v -0.116439 -0.212668 0.291673
v -0.116536 -0.177517 0.313026
v -0.116226 -0.142235 0.334416
v -0.115506 -0.106832 0.355838
v -0.114372 -0.071318 0.377286
v -0.112820 -0.035703 0.398753
v -0.110850 0.000003 0.420232
v -0.108457 0.035789 0.441717
v -0.105640 0.071645 0.463201
v -0.102398 0.107559 0.484678
v -0.098729 0.143522 0.506140
v -0.094632 0.179522 0.527582
v -0.090107 0.215547 0.548996
v -0.085155 0.251588 0.570376
v -0.079774 0.287633 0.591714
v -0.073966 0.323670 0.613005
v -0.067732 0.359689 0.634241
v -0.061074 0.395678 0.655416
v -0.053994 0.431626 0.676524
v -0.046493 0.467522 0.697557
v -0.038575 0.503355 0.718510
v -0.030242 0.539114 0.739375
v -0.021499 0.574788 0.760147
v -0.012349 0.610366 0.780820
v -0.015935 -0.966661 -0.137144
v -0.023613 -0.936574 -0.117961
v -0.031029 -0.906207 -0.098635
v -0.038174 -0.875563 -0.079172
v -0.045044 -0.844645 -0.059573
v -0.051627 -0.813459 -0.039842
v -0.057918 -0.782008 -0.019982
v -0.063908 -0.750296 0.000002
v -0.069592 -0.718330 0.020108
v -0.074961 -0.686114 0.040330
v -0.080007 -0.653653 0.060666
v -0.084725 -0.620955 0.081109
v -0.089106 -0.588024 0.101657
v -0.093145 -0.554867 0.122304
v -0.096834 -0.521492 0.143045
v -0.100167 -0.487904 0.163876
v -0.103139 -0.454112 0.184791
v -0.105742 -0.420123 0.205784
v -0.107971 -0.385944 0.226851
v -0.109821 -0.351585 0.247987
v -0.111287 -0.317052 0.269184
v -0.112362 -0.282356 0.290438
v -0.113042 -0.247505 0.311742
v -0.113324 -0.212507 0.333090
v -0.113202 -0.177373 0.354477
v -0.112674 -0.142112 0.375895
v -0.111735 -0.106734 0.397339
v -0.110381 -0.071249 0.418802
v -0.108611 -0.035666 0.440278
v -0.106423 0.000003 0.461760
v -0.103812 0.035749 0.483241
v -0.100778 0.071561 0.504715
v -0.097320 0.107428 0.526176
v -0.093436 0.143338 0.547615
v -0.089127 0.179282 0.569027
v -0.084390 0.215249 0.590406
v -0.079227 0.251226 0.611743
v -0.073639 0.287204 0.633033
v -0.067626 0.323170 0.654268
v -0.061189 0.359115 0.675443
v -0.054331 0.395026 0.696551
v -0.047053 0.430892 0.717584
v -0.039358 0.466704 0.738538
v -0.031249 0.502449 0.759404
v -0.022728 0.538116 0.780178
v -0.013801 0.573696 0.800852
v -0.017011 -0.966919 -0.097985
v -0.024518 -0.936784 -0.078657
v -0.031759 -0.906371 -0.059191
v -0.038727 -0.875682 -0.039590
v -0.045414 -0.844723 -0.019858
v -0.051814 -0.813497 0.000002
v -0.057918 -0.782008 0.019987
v -0.063719 -0.750262 0.040092
v -0.069209 -0.718263 0.060313
v -0.074382 -0.686018 0.080647
v -0.079231 -0.653530 0.101089
v -0.083748 -0.620808 0.121634
v -0.087926 -0.587856 0.142278
v -0.091760 -0.554681 0.163016
v -0.095242 -0.521291 0.183844
v -0.098367 -0.487692 0.204755
v -0.101128 -0.453891 0.225745
v -0.103518 -0.419897 0.246808
v -0.105534 -0.385717 0.267939
v -0.107169 -0.351359 0.289132
v -0.108418 -0.316833 0.310382
v -0.109276 -0.282146 0.331681
v -0.109739 -0.247307 0.353025
v -0.109802 -0.212327 0.374408
v -0.109462 -0.177213 0.395822
v -0.108714 -0.141977 0.417262
v -0.107557 -0.106627 0.438721
v -0.105984 -0.071173 0.460193
v -0.103996 -0.035626 0.481672
v -0.101589 0.000004 0.503150
v -0.098762 0.035706 0.524621
v -0.095513 0.071470 0.546078
v -0.091840 0.107285 0.567515
v -0.087743 0.143141 0.588925
v -0.083222 0.179026 0.610302
v -0.078276 0.214929 0.631638
v -0.072906 0.250840 0.652926
v -0.067112 0.286747 0.674161
v -0.060896 0.322640 0.695336
v -0.054259 0.358506 0.716443
v -0.047203 0.394336 0.737477
v -0.039731 0.430119 0.758431
v -0.031844 0.465842 0.779298
v -0.023547 0.501496 0.800073
v -0.014842 0.537069 0.820750
v -0.017730 -0.967090 -0.058801
v -0.025061 -0.936909 -0.039333
v -0.032124 -0.906452 -0.019731
v -0.038911 -0.875722 0.000002
v -0.045415 -0.844723 0.019863
v -0.051627 -0.813459 0.039847
v -0.057541 -0.781936 0.059950
v -0.063149 -0.750157 0.080170
v -0.068444 -0.718129 0.100502
v -0.073419 -0.685856 0.120941
v -0.078067 -0.653345 0.141483
v -0.082382 -0.620601 0.162124
v -0.086355 -0.587631 0.182859
v -0.089982 -0.554442 0.203682
v -0.093255 -0.521039 0.224589
v -0.096170 -0.487432 0.245574
v -0.098718 -0.453626 0.266633
v -0.100895 -0.419630 0.287759
v -0.102696 -0.385452 0.308948
v -0.104115 -0.351100 0.330192
v -0.105147 -0.316582 0.351487
v -0.105787 -0.281908 0.372826
v -0.106032 -0.247086 0.394204
v -0.105877 -0.212125 0.415613
v -0.105318 -0.177036 0.437049
v -0.104351 -0.141827 0.458504
v -0.102975 -0.106508 0.479972
v -0.101185 -0.071090 0.501446
v -0.098979 -0.035583 0.522920
v -0.096356 0.000004 0.544388
v -0.093313 0.035659 0.565842
v -0.089849 0.071372 0.587276
v -0.085963 0.107132 0.608683
v -0.081655 0.142929 0.630058
v -0.076924 0.178751 0.651391
v -0.071770 0.214588 0.672679
v -0.066194 0.250429 0.693912
v -0.060198 0.286263 0.715086
v -0.053782 0.322078 0.736193
v -0.046947 0.357864 0.757227
v -0.039697 0.393610 0.778182
v -0.032033 0.429305 0.799050
v -0.023958 0.464937 0.819827
v -0.015477 0.500497 0.840504
v -0.010672 -0.997123 -0.039070
v -0.018089 -0.967176 -0.019600
v -0.025243 -0.936951 0.000002
v -0.032124 -0.906452 0.019735
v -0.038727 -0.875682 0.039595
v -0.045044 -0.844645 0.059578
v -0.051066 -0.813347 0.079680
v -0.056787 -0.781791 0.099897
v -0.062200 -0.749983 0.120226
v -0.067297 -0.717928 0.140662
v -0.072072 -0.685631 0.161201
v -0.076518 -0.653098 0.181838
v -0.080627 -0.620336 0.202568
v -0.084394 -0.587351 0.223387
v -0.087812 -0.554149 0.244289
v -0.090875 -0.520738 0.265269
v -0.093577 -0.487125 0.286323
v -0.095912 -0.453317 0.307444
v -0.097875 -0.419323 0.328627
v -0.099460 -0.385150 0.349866
v -0.100662 -0.350806 0.371155
v -0.101476 -0.316301 0.392489
v -0.101899 -0.281642 0.413861
v -0.101925 -0.246840 0.435266
v -0.101552 -0.211903 0.456696
v -0.100774 -0.176841 0.478146
v -0.099589 -0.141663 0.499609
v -0.097995 -0.106380 0.521079
v -0.095987 -0.071001 0.542549
v -0.093564 -0.035536 0.564012
v -0.090726 0.000004 0.585463
v -0.087468 0.035608 0.606893
v -0.083791 0.071267 0.628298
v -0.079694 0.106969 0.649670
v -0.075176 0.142703 0.671001
v -0.070238 0.178460 0.692287
v -0.064879 0.214227 0.713519
v -0.059100 0.249995 0.734692
v -0.052903 0.285752 0.755798
v -0.046289 0.321487 0.776832
v -0.039260 0.357189 0.797787
v -0.031818 0.392847 0.818656
v -0.023966 0.428451 0.839434
v -0.015707 0.463990 0.860113
v -0.010850 -0.997167 0.000002
v -0.018089 -0.967176 0.019605
v -0.025062 -0.936909 0.039337
v -0.031759 -0.906370 0.059196
v -0.038174 -0.875563 0.079177
v -0.044301 -0.844491 0.099276
v -0.050131 -0.813160 0.119491
v -0.055657 -0.781575 0.139817
v -0.060872 -0.749739 0.160249
v -0.065769 -0.717660 0.180783
v -0.070341 -0.685341 0.201416
v -0.074582 -0.652790 0.222141
v -0.078486 -0.620013 0.242955
v -0.082044 -0.587015 0.263852
v -0.085252 -0.553805 0.284826
v -0.088103 -0.520388 0.305874
v -0.090592 -0.486772 0.326989
v -0.092712 -0.452966 0.348166
v -0.094460 -0.418976 0.369399
v -0.095828 -0.384811 0.390683
v -0.096813 -0.350479 0.412010
v -0.097409 -0.315989 0.433377
v -0.097614 -0.281350 0.454775
v -0.097422 -0.246570 0.476200
v -0.096830 -0.211660 0.497644
v -0.095834 -0.176629 0.519102
v -0.094431 -0.141486 0.540567
v -0.092619 -0.106241 0.562032
v -0.090395 -0.070904 0.583491
v -0.087757 -0.035485 0.604938
v -0.084704 0.000004 0.626365
v -0.081234 0.035555 0.647766
v -0.077345 0.071156 0.669134
v -0.073039 0.106796 0.690463
v -0.068313 0.142465 0.711747
v -0.063169 0.178153 0.732977
v -0.057607 0.213848 0.754149
v -0.051628 0.249539 0.775255
v -0.045234 0.285216 0.796288
v -0.038425 0.320867 0.817243
v -0.031204 0.356482 0.838113
v -0.023574 0.392050 0.858891
v -0.015537 0.427561 0.879572
v -0.010672 -0.997122 0.039074
v -0.017730 -0.967090 0.058805
v -0.024518 -0.936783 0.078662
v -0.031029 -0.906206 0.098640
v -0.037254 -0.875364 0.118737
v -0.043189 -0.844260 0.138948
v -0.048823 -0.812899 0.159270
v -0.054152 -0.781286 0.179697
v -0.059167 -0.749426 0.200227
v -0.063861 -0.717324 0.220854
v -0.068230 -0.684987 0.241574
v -0.072264 -0.652420 0.262381
v -0.075959 -0.619630 0.283272
v -0.079308 -0.586623 0.304241
v -0.082304 -0.553407 0.325282
v -0.084942 -0.519987 0.346391
v -0.087217 -0.486372 0.367561
v -0.089122 -0.452570 0.388787
v -0.090653 -0.418588 0.410064
v -0.091804 -0.384434 0.431385
v -0.092571 -0.350118 0.452745
v -0.092950 -0.315647 0.474137
v -0.092936 -0.281030 0.495555
v -0.092526 -0.246277 0.516994
v -0.091715 -0.211397 0.538446
v -0.090501 -0.176400 0.559905
v -0.088882 -0.141295 0.581365
v -0.086854 -0.106091 0.602819
v -0.084414 -0.070800 0.624261
v -0.081562 -0.035432 0.645684
v -0.078296 0.000005 0.667081
v -0.074614 0.035498 0.688446
v -0.070517 0.071038 0.709772
v -0.066002 0.106613 0.731053
v -0.061072 0.142214 0.752281
v -0.055724 0.177829 0.773451
v -0.049962 0.213448 0.794556
v -0.043785 0.249059 0.815589
v -0.037196 0.284653 0.836543
v -0.030196 0.320218 0.857414
v -0.022787 0.355743 0.878193
v -0.014971 0.391218 0.898875
v -0.017011 -0.966918 0.097990
v -0.023613 -0.936574 0.117965
v -0.029933 -0.905963 0.138058
v -0.035967 -0.875088 0.158265
v -0.041706 -0.843953 0.178582
v -0.047143 -0.812565 0.199004
v -0.052272 -0.780927 0.219528
v -0.057085 -0.749045 0.240150
v -0.061576 -0.716925 0.260863
v -0.065738 -0.684571 0.281664
v -0.069564 -0.651992 0.302548
v -0.073050 -0.619192 0.323510
v -0.076187 -0.586179 0.344544
v -0.078970 -0.552959 0.365645
v -0.081395 -0.519540 0.386808
v -0.083454 -0.485929 0.408027
v -0.085143 -0.452133 0.429297
v -0.086457 -0.418162 0.450611
v -0.087391 -0.384023 0.471963
v -0.087941 -0.349725 0.493349
v -0.088101 -0.315276 0.514760
v -0.087869 -0.280685 0.536192
v -0.087241 -0.245962 0.557637
v -0.086213 -0.211115 0.579090
v -0.084782 -0.176155 0.600544
v -0.082947 -0.141091 0.621993
v -0.080703 -0.105933 0.643430
v -0.078050 -0.070691 0.664848
v -0.074985 -0.035375 0.686241
v -0.071508 0.000004 0.707602
v -0.067616 0.035437 0.728925
v -0.063311 0.070913 0.750202
v -0.058591 0.106420 0.771429
v -0.053458 0.141949 0.792597
v -0.047911 0.177489 0.813700
v -0.041950 0.213028 0.834732
v -0.035579 0.248557 0.855686
v -0.028798 0.284065 0.876557
v -0.021608 0.319540 0.897336
v -0.014014 0.354973 0.918020
v -0.015935 -0.966659 0.137149
v -0.022347 -0.936280 0.157237
v -0.028476 -0.905635 0.177439
v -0.034315 -0.874730 0.197750
v -0.039856 -0.843568 0.218167
v -0.045094 -0.812154 0.238684
v -0.050021 -0.780494 0.259299
v -0.054630 -0.748593 0.280005
v -0.058914 -0.716456 0.300799
v -0.062869 -0.684090 0.321676
v -0.066486 -0.651500 0.342630
v -0.069760 -0.618694 0.363656
v -0.072684 -0.585677 0.384749
v -0.075255 -0.552457 0.405904
v -0.077464 -0.519041 0.427115
v -0.079308 -0.485437 0.448377
v -0.080780 -0.451652 0.469683
v -0.081877 -0.417695 0.491028
v -0.082593 -0.383574 0.512405
v -0.082925 -0.349297 0.533809
v -0.082868 -0.314874 0.555233
v -0.082418 -0.280312 0.576672
v -0.081573 -0.245622 0.598118
v -0.080328 -0.210812 0.619566
v -0.078682 -0.175893 0.641008
v -0.076631 -0.140874 0.662439
v -0.074173 -0.105764 0.683852
v -0.071307 -0.070574 0.705240
v -0.068031 -0.035314 0.726597
v -0.064344 0.000005 0.747916
v -0.060246 0.035374 0.769190
v -0.055735 0.070782 0.790413
v -0.050813 0.106218 0.811579
v -0.045478 0.141672 0.832680
v -0.039733 0.177133 0.853711
v -0.033578 0.212591 0.874665
v -0.027015 0.248034 0.895535
v -0.020045 0.283452 0.916316
v -0.012671 0.318835 0.937000
v -0.014501 -0.966317 0.176271
v -0.020720 -0.935904 0.196467
v -0.026654 -0.905229 0.216772
v -0.032296 -0.874296 0.237182
v -0.037639 -0.843108 0.257692
v -0.042675 -0.811672 0.278299
v -0.047398 -0.779993 0.298998
v -0.051802 -0.748075 0.319784
v -0.055879 -0.715925 0.340652
v -0.059624 -0.683548 0.361598
v -0.063031 -0.650951 0.382616
v -0.066092 -0.618140 0.403700
v -0.068804 -0.585123 0.424847
v -0.071159 -0.551906 0.446049
v -0.073153 -0.518496 0.467302
v -0.074780 -0.484902 0.488599
v -0.076036 -0.451131 0.509935
v -0.076916 -0.417192 0.531304
v -0.077414 -0.383091 0.552700
v -0.077529 -0.348839 0.574116
v -0.077254 -0.314444 0.595547
v -0.076588 -0.279915 0.616986
v -0.075525 -0.245261 0.638427
v -0.074065 -0.210491 0.659863
v -0.072203 -0.175616 0.681287
v -0.069939 -0.140644 0.702694
v -0.067269 -0.105586 0.724077
v -0.064191 -0.070452 0.745429
v -0.060707 -0.035252 0.766743
v -0.056812 0.000005 0.788014
v -0.052509 0.035307 0.809234
v -0.047795 0.070644 0.830396
v -0.042672 0.106006 0.851496
v -0.037140 0.141382 0.872525
v -0.031200 0.176761 0.893477
v -0.024853 0.212133 0.914347
v -0.018101 0.247488 0.935128
v -0.010945 0.282815 0.955813
v -0.012709 -0.965889 0.215346
v -0.018735 -0.935446 0.235644
v -0.024472 -0.904742 0.256047
v -0.029916 -0.873783 0.276550
v -0.035056 -0.842573 0.297149
v -0.039889 -0.811117 0.317839
v -0.044407 -0.779420 0.338616
v -0.048603 -0.747489 0.359475
v -0.052472 -0.715327 0.380412
v -0.056007 -0.682943 0.401420
v -0.059201 -0.650341 0.422496
v -0.062050 -0.617530 0.443632
v -0.064547 -0.584515 0.464825
v -0.066688 -0.551304 0.486069
v -0.068465 -0.517904 0.507357
v -0.069876 -0.484322 0.528683
v -0.070915 -0.450568 0.550043
v -0.071578 -0.416649 0.571430
v -0.071859 -0.382572 0.592838
v -0.071756 -0.348348 0.614261
v -0.071265 -0.313985 0.635691
v -0.070382 -0.279491 0.657124
v -0.069104 -0.244877 0.678553
v -0.067429 -0.210150 0.699971
v -0.065354 -0.175322 0.721371
v -0.062877 -0.140401 0.742748
v -0.059996 -0.105398 0.764094
v -0.056710 -0.070322 0.785404
v -0.053017 -0.035185 0.806670
v -0.048918 0.000006 0.827886
v -0.044412 0.035238 0.849045
v -0.039498 0.070501 0.870142
v -0.034177 0.105785 0.891169
v -0.028450 0.141080 0.912120
v -0.022317 0.176375 0.932989
v -0.015782 0.211660 0.953770
v -0.010564 -0.965376 0.254364
v -0.016393 -0.934904 0.274759
v -0.021931 -0.904175 0.295253
v -0.027173 -0.873193 0.315843
v -0.032112 -0.841962 0.336524
v -0.036739 -0.810489 0.357291
v -0.041050 -0.778778 0.378141
v -0.045038 -0.746835 0.399067
v -0.048697 -0.714665 0.420065
v -0.052020 -0.682276 0.441130
v -0.055001 -0.649673 0.462257
v -0.057637 -0.616863 0.483439
v -0.059919 -0.583854 0.504672
v -0.061844 -0.550651 0.525950
v -0.063405 -0.517264 0.547267
v -0.064600 -0.483699 0.568617
v -0.065421 -0.449964 0.589994
v -0.065867 -0.416068 0.611393
v -0.065932 -0.382020 0.632806
v -0.065613 -0.347827 0.654228
v -0.064906 -0.313498 0.675652
v -0.063807 -0.279043 0.697073
v -0.062315 -0.244471 0.718483
v -0.060426 -0.209791 0.739876
v -0.058139 -0.175013 0.761246
v -0.055451 -0.140147 0.782587
v -0.052361 -0.105202 0.803891
v -0.048868 -0.070188 0.825152
v -0.044971 -0.035116 0.846363
v -0.040669 0.000005 0.867519
v -0.035962 0.035164 0.888613
v -0.030850 0.070350 0.909637
v -0.025335 0.105554 0.930587
v -0.019415 0.140765 0.951454
v -0.013094 0.175973 0.972234
v -0.013695 -0.934280 0.313800
v -0.019033 -0.903527 0.334380
v -0.024073 -0.872524 0.355051
v -0.028806 -0.841276 0.375808
v -0.033227 -0.809788 0.396647
v -0.037330 -0.778065 0.417563
v -0.041109 -0.746114 0.438550
v -0.044556 -0.713939 0.459604
v -0.047667 -0.681548 0.480720
v -0.050435 -0.648946 0.501891
v -0.052855 -0.616141 0.523113
v -0.054923 -0.583140 0.544380
v -0.056631 -0.549949 0.565686
v -0.057977 -0.516577 0.587026
v -0.058955 -0.483031 0.608392
v -0.059560 -0.449319 0.629781
v -0.059789 -0.415450 0.651184
v -0.059638 -0.381432 0.672597
v -0.059103 -0.347273 0.694012
v -0.058180 -0.312982 0.715424
v -0.056868 -0.278569 0.736826
v -0.055162 -0.244043 0.758211
v -0.053062 -0.209413 0.779574
v -0.050565 -0.174688 0.800908
v -0.047668 -0.139879 0.822206
v -0.044371 -0.104995 0.843461
v -0.040673 -0.070046 0.864668
v -0.036572 -0.035043 0.885820
v -0.032070 0.000006 0.906910
v -0.027165 0.035088 0.927931
v -0.021858 0.070195 0.948878
v -0.016150 0.105316 0.969745
v -0.010645 -0.933575 0.352758
v -0.015780 -0.902801 0.373418
v -0.020615 -0.871780 0.394164
v -0.025143 -0.840517 0.414992
v -0.029356 -0.809016 0.435896
v -0.033250 -0.777285 0.456871
v -0.036818 -0.745327 0.477913
v -0.040053 -0.713150 0.499017
v -0.042951 -0.680759 0.520177
v -0.045505 -0.648162 0.541387
v -0.047711 -0.615365 0.562642
v -0.049563 -0.582374 0.583936
v -0.051055 -0.549199 0.605265
v -0.052185 -0.515845 0.626620
v -0.052946 -0.482321 0.647998
v -0.053336 -0.448635 0.669390
v -0.053349 -0.414796 0.690793
v -0.052982 -0.380811 0.712198
v -0.052232 -0.346689 0.733601
v -0.051096 -0.312440 0.754994
v -0.049571 -0.278072 0.776371
v -0.047654 -0.243595 0.797726
v -0.045343 -0.209017 0.819052
v -0.042636 -0.174349 0.840343
v -0.039533 -0.139600 0.861593
v -0.036031 -0.104781 0.882794
v -0.032130 -0.069900 0.903941
v -0.027830 -0.034968 0.925027
v -0.023129 0.000005 0.946045
v -0.018029 0.035009 0.966989
v -0.012531 0.070033 0.987854
v -0.012175 -0.901996 0.412357
v -0.016804 -0.870960 0.433172
v -0.021125 -0.839684 0.454064
v -0.025129 -0.808174 0.475027
v -0.028812 -0.776435 0.496057
v -0.032169 -0.744475 0.517147
v -0.035192 -0.712298 0.538294
v -0.037876 -0.679911 0.559492
v -0.040216 -0.647320 0.580735
v -0.042206 -0.614534 0.602017
v -0.043843 -0.581558 0.623333
v -0.045120 -0.548400 0.644676
v -0.046034 -0.515067 0.666042
v -0.046579 -0.481569 0.687423
v -0.046753 -0.447912 0.708815
v -0.046552 -0.414105 0.730210
v -0.045970 -0.380157 0.751602
v -0.045007 -0.346075 0.772985
v -0.043657 -0.311870 0.794353
v -0.041921 -0.277550 0.815699
v -0.039794 -0.243125 0.837018
v -0.037275 -0.208603 0.858301
v -0.034362 -0.173995 0.879544
v -0.031054 -0.139309 0.900739
v -0.027349 -0.104557 0.921880
v -0.023248 -0.069747 0.942961
v -0.018749 -0.034889 0.963975
v -0.013855 0.000005 0.984917
v -0.012643 -0.870062 0.472065
v -0.016755 -0.838776 0.493015
v -0.020550 -0.807259 0.514031
v -0.024023 -0.775517 0.535108
v -0.027166 -0.743556 0.556241
v -0.029976 -0.711382 0.577425
v -0.032446 -0.679001 0.598655
v -0.034572 -0.646421 0.619924
v -0.036347 -0.613648 0.641226
v -0.037768 -0.580689 0.662557
v -0.038830 -0.547551 0.683910
v -0.039529 -0.514244 0.705280
v -0.039859 -0.480773 0.726659
v -0.039818 -0.447148 0.748043
v -0.039402 -0.413377 0.769424
v -0.038608 -0.379468 0.790797
v -0.037432 -0.345431 0.812155
v -0.035872 -0.311273 0.833492
v -0.033925 -0.277004 0.854802
v -0.031590 -0.242633 0.876077
v -0.028864 -0.208170 0.897312
v -0.025747 -0.173625 0.918501
v -0.022236 -0.139006 0.939636
v -0.018331 -0.104323 0.960712
v -0.014033 -0.069587 0.981721
v -0.012036 -0.837799 0.531835
v -0.015621 -0.806278 0.552898
v -0.018882 -0.774535 0.574017
v -0.021813 -0.742576 0.595186
v -0.024410 -0.710407 0.616401
v -0.026666 -0.678036 0.637656
v -0.028577 -0.645468 0.658945
v -0.030137 -0.612711 0.680262
v -0.031344 -0.579772 0.701602
v -0.032191 -0.546658 0.722959
v -0.032674 -0.513378 0.744326
v -0.032791 -0.479939 0.765697
v -0.032536 -0.446349 0.787066
v -0.031907 -0.412616 0.808428
v -0.030900 -0.378750 0.829776
v -0.029514 -0.344759 0.851103
v -0.027744 -0.310651 0.872403
v -0.025590 -0.276436 0.893669
v -0.023048 -0.242123 0.914896
v -0.020118 -0.207722 0.936078
v -0.016798 -0.173242 0.957206
v -0.013088 -0.138692 0.978276
v -0.013396 -0.773483 0.612772
v -0.016115 -0.741529 0.633972
v -0.018498 -0.709369 0.655212
v -0.020540 -0.677009 0.676486
v -0.022237 -0.644457 0.697788
v -0.023583 -0.611719 0.719114
v -0.024575 -0.578803 0.740456
v -0.025208 -0.545716 0.761810
v -0.025477 -0.512466 0.783168
v -0.025380 -0.479061 0.804525
v -0.024913 -0.445509 0.825875
v -0.024072 -0.411818 0.847211
v -0.022856 -0.377998 0.868527
v -0.021260 -0.344056 0.889817
v -0.019282 -0.310001 0.911074
v -0.016921 -0.275843 0.932292
v -0.014176 -0.241592 0.953465
v -0.011044 -0.207255 0.974586
v -0.012244 -0.708273 0.693848
v -0.014073 -0.675928 0.715135
v -0.015556 -0.643394 0.736445
v -0.016688 -0.610679 0.757773
v -0.017466 -0.577788 0.779112
v -0.017885 -0.544731 0.800457
v -0.017943 -0.511514 0.821800
v -0.017633 -0.478146 0.843137
v -0.016954 -0.444634 0.864461
v -0.015904 -0.410988 0.885765
v -0.014478 -0.377216 0.907044
v -0.012675 -0.343326 0.928291
v -0.010492 -0.309328 0.949499
v 0.010947 0.282808 -0.955808
v 0.012672 0.318828 -0.936995
v 0.014016 0.354966 -0.918015
v 0.014973 0.391211 -0.898871
v 0.015539 0.427554 -0.879568
v 0.015708 0.463984 -0.860109
v 0.015478 0.500491 -0.840500
v 0.014844 0.537063 -0.820745
v 0.013802 0.573690 -0.800848
v 0.012350 0.610361 -0.780816
v 0.010484 0.647064 -0.760653
v 0.013095 0.175966 -0.972231
v 0.015783 0.211652 -0.953764
v 0.018102 0.247481 -0.935123
v 0.020046 0.283445 -0.916312
v 0.021610 0.319533 -0.897332
v 0.022787 0.355736 -0.878190
v 0.023575 0.392044 -0.858888
v 0.023967 0.428446 -0.839431
v 0.023959 0.464931 -0.819823
v 0.023548 0.501490 -0.800070
v 0.022730 0.538111 -0.780175
v 0.021500 0.574783 -0.760145
v 0.019857 0.611495 -0.739984
v 0.017796 0.648236 -0.719697
v 0.015318 0.684995 -0.699290
v 0.012418 0.721760 -0.678769
v 0.012532 0.070026 -0.987848
v 0.016151 0.105308 -0.969739
v 0.019416 0.140758 -0.951450
v 0.022319 0.176367 -0.932983
v 0.024854 0.212127 -0.914342
v 0.027016 0.248027 -0.895530
v 0.028799 0.284058 -0.876552
v 0.030197 0.320211 -0.857410
v 0.031205 0.356476 -0.838108
v 0.031819 0.392842 -0.818653
v 0.032034 0.429299 -0.799046
v 0.031845 0.465836 -0.779294
v 0.031250 0.502443 -0.759401
v 0.030243 0.539109 -0.739372
v 0.028823 0.575823 -0.719212
v 0.026985 0.612572 -0.698927
v 0.024728 0.649347 -0.678522
v 0.022049 0.686136 -0.658002
v 0.018947 0.722926 -0.637374
v 0.015419 0.759707 -0.616643
v 0.011466 0.796466 -0.595815
v 0.013855 -0.000002 -0.984911
v 0.018031 0.035002 -0.966984
v 0.021859 0.070188 -0.948873
v 0.025335 0.105547 -0.930582
v 0.028451 0.141073 -0.912114
v 0.031201 0.176754 -0.893473
v 0.033579 0.212583 -0.874660
v 0.035580 0.248551 -0.855681
v 0.037198 0.284646 -0.836539
v 0.038426 0.320860 -0.817239
v 0.039261 0.357183 -0.797783
v 0.039698 0.393604 -0.778178
v 0.039732 0.430113 -0.758426
v 0.039359 0.466698 -0.738534
v 0.038576 0.503350 -0.718506
v 0.037378 0.540057 -0.698348
v 0.035763 0.576808 -0.678064
v 0.033729 0.613591 -0.657660
v 0.031272 0.650395 -0.637141
v 0.028390 0.687210 -0.616514
v 0.025083 0.724022 -0.595784
v 0.021348 0.760820 -0.574958
v 0.017186 0.797594 -0.554041
v 0.012595 0.834330 -0.533039
v 0.014034 -0.069595 -0.981716
v 0.018750 -0.034897 -0.963970
v 0.023130 -0.000002 -0.946039
v 0.027166 0.035081 -0.927926
v 0.030851 0.070343 -0.909633
v 0.034178 0.105778 -0.891163
v 0.037141 0.141375 -0.872520
v 0.039735 0.177126 -0.853706
v 0.041952 0.213022 -0.834727
v 0.043787 0.249053 -0.815584
v 0.045235 0.285209 -0.796284
v 0.046290 0.321481 -0.776828
v 0.046948 0.357858 -0.757223
v 0.047204 0.394331 -0.737472
v 0.047054 0.430887 -0.717581
v 0.046494 0.467517 -0.697554
v 0.045519 0.504210 -0.677396
v 0.044127 0.540954 -0.657113
v 0.042316 0.577738 -0.636709
v 0.040081 0.614551 -0.616192
v 0.037421 0.651381 -0.595566
v 0.034335 0.688217 -0.574837
v 0.030821 0.725047 -0.554011
v 0.026877 0.761860 -0.533095
v 0.022503 0.798643 -0.512094
v 0.017699 0.835384 -0.491015
v 0.012465 0.872073 -0.469865
v 0.013089 -0.138700 -0.978269
v 0.018333 -0.104331 -0.960706
v 0.023249 -0.069754 -0.942956
v 0.027831 -0.034975 -0.925021
v 0.032071 -0.000002 -0.906904
v 0.035962 0.035157 -0.888609
v 0.039499 0.070493 -0.870136
v 0.042673 0.105999 -0.851491
v 0.045479 0.141665 -0.832676
v 0.047911 0.177482 -0.813695
v 0.049963 0.213441 -0.794552
v 0.051629 0.249532 -0.775250
v 0.052904 0.285746 -0.755795
v 0.053783 0.322072 -0.736190
v 0.054260 0.358501 -0.716439
v 0.054332 0.395020 -0.696548
v 0.053995 0.431621 -0.676521
v 0.053243 0.468292 -0.656364
v 0.052074 0.505021 -0.636081
v 0.050486 0.541798 -0.615679
v 0.048474 0.578612 -0.595162
v 0.046037 0.615451 -0.574537
v 0.043173 0.652303 -0.553808
v 0.039879 0.689157 -0.532983
v 0.036155 0.726000 -0.512068
v 0.032000 0.762823 -0.491067
v 0.027413 0.799611 -0.469989
v 0.022395 0.836354 -0.448839
v 0.016945 0.873040 -0.427624
v 0.011065 0.909658 -0.406350
v 0.011044 -0.207264 -0.974580
v 0.016799 -0.173249 -0.957199
v 0.022237 -0.139014 -0.939630
v 0.027350 -0.104564 -0.921875
v 0.032131 -0.069907 -0.903935
v 0.036573 -0.035050 -0.885814
v 0.040669 -0.000002 -0.867514
v 0.044413 0.035230 -0.849039
v 0.047796 0.070637 -0.830391
v 0.050814 0.106211 -0.811574
v 0.053459 0.141942 -0.792591
v 0.055725 0.177822 -0.773446
v 0.057608 0.213841 -0.754144
v 0.059101 0.249989 -0.734687
v 0.060199 0.286257 -0.715081
v 0.060897 0.322634 -0.695330
v 0.061191 0.359109 -0.675439
v 0.061075 0.395673 -0.655412
v 0.060546 0.432314 -0.635255
v 0.059601 0.469021 -0.614973
v 0.058236 0.505783 -0.594571
v 0.056448 0.542590 -0.574055
v 0.054234 0.579429 -0.553430
v 0.051592 0.616289 -0.532703
v 0.048520 0.653159 -0.511878
v 0.045017 0.690027 -0.490963
v 0.041082 0.726880 -0.469963
v 0.036714 0.763708 -0.448886
v 0.031913 0.800497 -0.427736
v 0.026679 0.837238 -0.406521
v 0.021012 0.873917 -0.385248
v 0.014914 0.910523 -0.363922
v 0.014177 -0.241600 -0.953459
v 0.020119 -0.207730 -0.936071
v 0.025747 -0.173633 -0.918495
v 0.031054 -0.139316 -0.900733
v 0.036032 -0.104788 -0.882788
v 0.040674 -0.070054 -0.864663
v 0.044971 -0.035123 -0.846359
v 0.048919 -0.000002 -0.827880
v 0.052509 0.035300 -0.809228
v 0.055736 0.070775 -0.790409
v 0.058593 0.106414 -0.771423
v 0.061072 0.142207 -0.752277
v 0.063170 0.178147 -0.732973
v 0.064880 0.214222 -0.713515
v 0.066196 0.250424 -0.693908
v 0.067113 0.286741 -0.674156
v 0.067627 0.323165 -0.654265
v 0.067733 0.359684 -0.634238
v 0.067426 0.396288 -0.614080
v 0.066704 0.432965 -0.593798
v 0.065562 0.469705 -0.573396
v 0.063997 0.506497 -0.552880
v 0.062007 0.543329 -0.532256
v 0.059588 0.580190 -0.511529
v 0.056739 0.617068 -0.490705
v 0.053458 0.653951 -0.469790
v 0.049744 0.690828 -0.448791
v 0.045596 0.727687 -0.427713
v 0.041014 0.764516 -0.406564
v 0.035996 0.801304 -0.385350
v 0.030545 0.838037 -0.364076
v 0.024661 0.874706 -0.342751
v 0.018344 0.911297 -0.321380
v 0.011596 0.947799 -0.299971
v 0.010493 -0.309336 -0.949493
v 0.016922 -0.275852 -0.932286
v 0.023049 -0.242131 -0.914890
v 0.028865 -0.208178 -0.897307
v 0.034362 -0.174001 -0.879538
v 0.039533 -0.139607 -0.861587
v 0.044372 -0.105002 -0.843456
v 0.048869 -0.070195 -0.825147
v 0.053019 -0.035192 -0.806664
v 0.056813 -0.000002 -0.788009
v 0.060247 0.035367 -0.769185
v 0.063312 0.070906 -0.750197
v 0.066003 0.106607 -0.731048
v 0.068314 0.142459 -0.711742
v 0.070239 0.178455 -0.692283
v 0.071771 0.214583 -0.672674
v 0.072907 0.250834 -0.652921
v 0.073640 0.287199 -0.633029
v 0.073966 0.323665 -0.613001
v 0.073882 0.360224 -0.592844
v 0.073382 0.396864 -0.572562
v 0.072462 0.433574 -0.552160
v 0.071121 0.470343 -0.531644
v 0.069354 0.507160 -0.511019
v 0.067158 0.544014 -0.490292
v 0.064533 0.580892 -0.469469
v 0.061474 0.617783 -0.448554
v 0.057982 0.654676 -0.427556
v 0.054056 0.691559 -0.406478
v 0.049693 0.728419 -0.385329
v 0.044895 0.765246 -0.364115
v 0.039660 0.802026 -0.342842
v 0.033991 0.838749 -0.321517
v 0.027888 0.875402 -0.300146
v 0.021352 0.911974 -0.278737
v 0.014385 0.948453 -0.257295
v 0.012675 -0.343335 -0.928284
v 0.019283 -0.310010 -0.911068
v 0.025590 -0.276443 -0.893663
v 0.031590 -0.242641 -0.876071
v 0.037275 -0.208610 -0.858296
v 0.042637 -0.174356 -0.840338
v 0.047668 -0.139886 -0.822200
v 0.052362 -0.105208 -0.803886
v 0.056711 -0.070330 -0.785398
v 0.060707 -0.035258 -0.766738
v 0.064345 -0.000002 -0.747911
v 0.067617 0.035431 -0.728919
v 0.070518 0.071031 -0.709767
v 0.073039 0.106790 -0.690458
v 0.075177 0.142698 -0.670997
v 0.076924 0.178746 -0.651387
v 0.078277 0.214923 -0.631633
v 0.079228 0.251221 -0.611739
v 0.079774 0.287628 -0.591710
v 0.079910 0.324134 -0.571552
v 0.079632 0.360729 -0.551269
v 0.078935 0.397401 -0.530867
v 0.077816 0.434140 -0.510351
v 0.076272 0.470934 -0.489727
v 0.074300 0.507772 -0.469000
v 0.071898 0.544643 -0.448176
v 0.069063 0.581534 -0.427262
v 0.065793 0.618435 -0.406263
v 0.062089 0.655334 -0.385186
v 0.057947 0.692217 -0.364038
v 0.053369 0.729075 -0.342824
v 0.048354 0.765895 -0.321551
v 0.042902 0.802664 -0.300225
v 0.037014 0.839372 -0.278855
v 0.030692 0.876007 -0.257446
v 0.023936 0.912556 -0.236004
v 0.016750 0.949007 -0.214538
v 0.014478 -0.377224 -0.907037
v 0.021260 -0.344064 -0.889811
v 0.027745 -0.310658 -0.872396
v 0.033926 -0.277012 -0.854796
v 0.039794 -0.243132 -0.837012
v 0.045343 -0.209024 -0.819047
v 0.050565 -0.174695 -0.800903
v 0.055452 -0.140153 -0.782582
v 0.059997 -0.105405 -0.764088
v 0.064192 -0.070458 -0.745424
v 0.068032 -0.035321 -0.726592
v 0.071508 -0.000002 -0.707597
v 0.074615 0.035492 -0.688441
v 0.077346 0.071150 -0.669129
v 0.079695 0.106963 -0.649665
v 0.081656 0.142923 -0.630053
v 0.083223 0.179020 -0.610297
v 0.084391 0.215244 -0.590401
v 0.085155 0.251584 -0.570372
v 0.085510 0.288030 -0.550213
v 0.085453 0.324572 -0.529929
v 0.084977 0.361199 -0.509526
v 0.084081 0.397899 -0.489010
v 0.082760 0.434663 -0.468385
v 0.081011 0.471478 -0.447658
v 0.078832 0.508334 -0.426834
v 0.076221 0.545218 -0.405920
v 0.073174 0.582119 -0.384921
v 0.069692 0.619025 -0.363845
v 0.065773 0.655924 -0.342696
v 0.061416 0.692806 -0.321482
v 0.056621 0.729657 -0.300209
v 0.051388 0.766466 -0.278884
v 0.045718 0.803220 -0.257514
v 0.039611 0.839909 -0.236105
v 0.033069 0.876520 -0.214663
v 0.026093 0.913042 -0.193197
v 0.018687 0.949463 -0.171712
v 0.010853 0.985771 -0.150216
v 0.015904 -0.410996 -0.885759
v 0.022856 -0.378006 -0.868521
v 0.029514 -0.344765 -0.851096
v 0.035872 -0.311280 -0.833486
v 0.041921 -0.277557 -0.815693
v 0.047654 -0.243601 -0.797720
v 0.053063 -0.209420 -0.779569
v 0.058139 -0.175020 -0.761241
v 0.062877 -0.140408 -0.742741
v 0.067269 -0.105593 -0.724072
v 0.071307 -0.070581 -0.705235
v 0.074985 -0.035381 -0.686235
v 0.078297 -0.000001 -0.667076
v 0.081234 0.035549 -0.647761
v 0.083792 0.071262 -0.628293
v 0.085964 0.107127 -0.608679
v 0.087744 0.143135 -0.588920
v 0.089128 0.179278 -0.569023
v 0.090108 0.215543 -0.548992
v 0.090681 0.251922 -0.528831
v 0.090843 0.288404 -0.508547
v 0.090588 0.324977 -0.488143
v 0.089913 0.361632 -0.467626
v 0.088815 0.398358 -0.447001
v 0.087289 0.435142 -0.426273
v 0.085334 0.471975 -0.405450
v 0.082945 0.508843 -0.384535
v 0.080123 0.545737 -0.363537
v 0.076864 0.582643 -0.342460
v 0.073168 0.619550 -0.321311
v 0.069032 0.656447 -0.300098
v 0.064458 0.693322 -0.278825
v 0.059446 0.730162 -0.257500
v 0.053994 0.766956 -0.236130
v 0.048105 0.803692 -0.214720
v 0.041778 0.840357 -0.193279
v 0.035016 0.876942 -0.171813
v 0.027822 0.913432 -0.150328
v 0.020196 0.949818 -0.128832
v 0.012143 0.986087 -0.107331
v 0.016955 -0.444642 -0.864454
v 0.024073 -0.411827 -0.847205
v 0.030901 -0.378757 -0.829769
v 0.037432 -0.345438 -0.812149
v 0.043658 -0.311877 -0.794347
v 0.049571 -0.278078 -0.776365
v 0.055163 -0.244050 -0.758206
v 0.060427 -0.209798 -0.739871
v 0.065355 -0.175329 -0.721365
v 0.069940 -0.140650 -0.702689
v 0.074174 -0.105770 -0.683847
v 0.078050 -0.070697 -0.664842
v 0.081563 -0.035438 -0.645678
v 0.084704 -0.000001 -0.626359
v 0.087469 0.035603 -0.606889
v 0.089849 0.071367 -0.587271
v 0.091841 0.107280 -0.567510
v 0.093437 0.143334 -0.547611
v 0.094633 0.179517 -0.527577
v 0.095423 0.215821 -0.507415
v 0.095803 0.252235 -0.487129
v 0.095768 0.288748 -0.466725
v 0.095313 0.325350 -0.446207
v 0.094437 0.362030 -0.425581
v 0.093133 0.398776 -0.404853
v 0.091401 0.435577 -0.384029
v 0.089235 0.472423 -0.363115
v 0.086636 0.509300 -0.342116
v 0.083601 0.546199 -0.321039
v 0.080128 0.583106 -0.299890
v 0.076216 0.620011 -0.278677
v 0.071864 0.656901 -0.257404
v 0.067072 0.693765 -0.236079
v 0.061840 0.730590 -0.214709
v 0.056170 0.767365 -0.193300
v 0.050060 0.804077 -0.171858
v 0.043514 0.840716 -0.150392
v 0.036533 0.877269 -0.128907
v 0.029119 0.913724 -0.107411
v 0.021275 0.950071 -0.085910
v 0.013004 0.986297 -0.064412
v 0.017633 -0.478154 -0.843131
v 0.024913 -0.445517 -0.825869
v 0.031907 -0.412623 -0.808422
v 0.038608 -0.379476 -0.790791
v 0.045007 -0.346082 -0.772979
v 0.051096 -0.312446 -0.754988
v 0.056868 -0.278576 -0.736820
v 0.062315 -0.244477 -0.718478
v 0.067430 -0.210157 -0.699964
v 0.072204 -0.175622 -0.681282
v 0.076631 -0.140880 -0.662434
v 0.080703 -0.105939 -0.643424
v 0.084415 -0.070806 -0.624256
v 0.087758 -0.035491 -0.604932
v 0.090726 -0.000001 -0.585458
v 0.093313 0.035654 -0.565837
v 0.095513 0.071465 -0.546073
v 0.097321 0.107423 -0.526171
v 0.098730 0.143518 -0.506136
v 0.099735 0.179739 -0.485972
v 0.100331 0.216078 -0.465684
v 0.100514 0.252523 -0.445278
v 0.100279 0.289064 -0.424760
v 0.099622 0.325690 -0.404133
v 0.098541 0.362390 -0.383404
v 0.097031 0.399153 -0.362580
v 0.095089 0.435967 -0.341665
v 0.092713 0.472821 -0.320666
v 0.089901 0.509704 -0.299589
v 0.086652 0.546604 -0.278440
v 0.082963 0.583508 -0.257226
v 0.078834 0.620406 -0.235954
v 0.074264 0.657285 -0.214629
v 0.069254 0.694134 -0.193258
v 0.063803 0.730940 -0.171849
v 0.057913 0.767692 -0.150408
v 0.051584 0.804377 -0.128942
v 0.044818 0.840985 -0.107457
v 0.037618 0.877503 -0.085961
v 0.029985 0.913919 -0.064460
v 0.021923 0.950222 -0.042962
v 0.013434 0.986401 -0.021472
v 0.017942 -0.511522 -0.821794
v 0.025380 -0.479069 -0.804519
v 0.032536 -0.446355 -0.787060
v 0.039403 -0.413384 -0.769418
v 0.045971 -0.380163 -0.751596
v 0.052233 -0.346695 -0.733595
v 0.058181 -0.312989 -0.715418
v 0.063807 -0.279049 -0.697068
v 0.069105 -0.244883 -0.678546
v 0.074065 -0.210497 -0.659857
v 0.078682 -0.175899 -0.641003
v 0.082947 -0.141097 -0.621987
v 0.086854 -0.106097 -0.602814
v 0.090396 -0.070909 -0.583486
v 0.093565 -0.035541 -0.564007
v 0.096356 -0.000001 -0.544383
v 0.098763 0.035701 -0.524616
v 0.100779 0.071556 -0.504711
v 0.102399 0.107555 -0.484673
v 0.103617 0.143688 -0.464507
v 0.104428 0.179944 -0.444218
v 0.104827 0.216314 -0.423810
v 0.104811 0.252786 -0.403290
v 0.104374 0.289351 -0.382663
v 0.103513 0.325997 -0.361933
v 0.102224 0.362714 -0.341108
v 0.100505 0.399489 -0.320192
v 0.098352 0.436312 -0.299193
v 0.095764 0.473172 -0.278116
v 0.092738 0.510055 -0.256967
v 0.089272 0.546952 -0.235753
v 0.085366 0.583849 -0.214480
v 0.081019 0.620736 -0.193155
v 0.076231 0.657600 -0.171785
v 0.071001 0.694430 -0.150376
v 0.065331 0.731213 -0.128935
v 0.059221 0.767938 -0.107469
v 0.052673 0.804592 -0.085984
v 0.045688 0.841164 -0.064488
v 0.038269 0.877643 -0.042987
v 0.030418 0.914016 -0.021488
v 0.022139 0.950273 0.000001
v 0.013435 0.986401 0.021474
v 0.017885 -0.544738 -0.800450
v 0.025477 -0.512474 -0.783162
v 0.032791 -0.479945 -0.765691
v 0.039819 -0.447155 -0.748037
v 0.046552 -0.414111 -0.730204
v 0.052982 -0.380817 -0.712193
v 0.059103 -0.347279 -0.694007
v 0.064905 -0.313504 -0.675648
v 0.070383 -0.279497 -0.657118
v 0.075526 -0.245267 -0.638422
v 0.080329 -0.210819 -0.619561
v 0.084783 -0.176160 -0.600539
v 0.088883 -0.141300 -0.581360
v 0.092619 -0.106246 -0.562027
v 0.095987 -0.071005 -0.542544
v 0.098980 -0.035587 -0.522916
v 0.101590 -0.000001 -0.503145
v 0.103812 0.035745 -0.483237
v 0.105641 0.071641 -0.463197
v 0.107070 0.107677 -0.443029
v 0.108094 0.143844 -0.422737
v 0.108708 0.180131 -0.402328
v 0.108908 0.216528 -0.381806
v 0.108689 0.253024 -0.361178
v 0.108048 0.289609 -0.340447
v 0.106980 0.326271 -0.319621
v 0.105482 0.363000 -0.298705
v 0.103552 0.399785 -0.277705
v 0.101187 0.436613 -0.256628
v 0.098383 0.473473 -0.235478
v 0.095141 0.510354 -0.214264
v 0.091459 0.547243 -0.192991
v 0.087336 0.584130 -0.171667
v 0.082770 0.621002 -0.150296
v 0.077763 0.657847 -0.128887
v 0.072314 0.694653 -0.107446
v 0.066424 0.731409 -0.085979
v 0.060094 0.768103 -0.064495
v 0.053327 0.804722 -0.042998
v 0.046123 0.841255 -0.021498
v 0.038486 0.877691 0.000001
v 0.030418 0.914017 0.021490
v 0.021923 0.950223 0.042963
v 0.013004 0.986297 0.064414
v 0.017466 -0.577796 -0.779106
v 0.025208 -0.545724 -0.761804
v 0.032675 -0.513384 -0.744319
v 0.039859 -0.480780 -0.726653
v 0.046753 -0.447918 -0.708809
v 0.053349 -0.414802 -0.690787
v 0.059638 -0.381438 -0.672591
v 0.065613 -0.347832 -0.654222
v 0.071265 -0.313991 -0.635685
v 0.076588 -0.279920 -0.616980
v 0.081573 -0.245628 -0.598112
v 0.086214 -0.211120 -0.579084
v 0.090502 -0.176405 -0.559899
v 0.094432 -0.141491 -0.540561
v 0.097995 -0.106384 -0.521073
v 0.101185 -0.071095 -0.501440
v 0.103997 -0.035630 -0.481666
v 0.106423 -0.000001 -0.461755
v 0.108458 0.035785 -0.441712
v 0.110095 0.071718 -0.421541
v 0.111330 0.107788 -0.401247
v 0.112157 0.143985 -0.380836
v 0.112572 0.180299 -0.360313
v 0.112570 0.216719 -0.339683
v 0.112147 0.253235 -0.318951
v 0.111298 0.289836 -0.298124
v 0.110021 0.326511 -0.277208
v 0.108312 0.363249 -0.256207
v 0.106169 0.400037 -0.235129
v 0.103589 0.436866 -0.213980
v 0.100570 0.473723 -0.192765
v 0.097112 0.510597 -0.171492
v 0.093212 0.547475 -0.150167
v 0.088870 0.584347 -0.128797
v 0.084085 0.621200 -0.107388
v 0.078858 0.658021 -0.085947
v 0.073189 0.694801 -0.064480
v 0.067080 0.731525 -0.042996
v 0.060531 0.768184 -0.021499
v 0.053545 0.804764 0.000001
v 0.046123 0.841254 0.021500
v 0.038269 0.877643 0.042989
v 0.029985 0.913919 0.064462
v 0.021275 0.950070 0.085913
v 0.012143 0.986086 0.107333
v 0.016688 -0.610686 -0.757767
v 0.024575 -0.578811 -0.740450
v 0.032191 -0.546664 -0.722952
v 0.039529 -0.514251 -0.705274
v 0.046580 -0.481575 -0.687418
v 0.053336 -0.448641 -0.669385
v 0.059789 -0.415456 -0.651179
v 0.065932 -0.382025 -0.632801
v 0.071757 -0.348354 -0.614254
v 0.077254 -0.314450 -0.595542
v 0.082418 -0.280318 -0.576667
v 0.087242 -0.245967 -0.557632
v 0.091715 -0.211403 -0.538441
v 0.095834 -0.176634 -0.519097
v 0.099590 -0.141668 -0.499604
v 0.102975 -0.106513 -0.479966
v 0.105985 -0.071177 -0.460188
v 0.108612 -0.035670 -0.440274
v 0.110850 -0.000001 -0.420227
v 0.112694 0.035822 -0.400053
v 0.114138 0.071788 -0.379758
v 0.115176 0.107888 -0.359344
v 0.115803 0.144112 -0.338819
v 0.116016 0.180449 -0.318188
v 0.115809 0.216889 -0.297455
v 0.115178 0.253421 -0.276627
v 0.114120 0.290034 -0.255710
v 0.112632 0.326718 -0.234708
v 0.110711 0.363460 -0.213630
v 0.108354 0.400249 -0.192480
v 0.105558 0.437075 -0.171265
v 0.102323 0.473925 -0.149992
v 0.098646 0.510787 -0.128667
v 0.094527 0.547651 -0.107296
v 0.089966 0.584503 -0.085887
v 0.084962 0.621333 -0.064446
v 0.079516 0.658128 -0.042980
v 0.073627 0.694876 -0.021495
v 0.067299 0.731565 0.000001
v 0.060531 0.768185 0.021502
v 0.053327 0.804722 0.043001
v 0.045688 0.841165 0.064490
v 0.037618 0.877504 0.085963
v 0.029119 0.913725 0.107414
v 0.020196 0.949818 0.128834
v 0.010853 0.985772 0.150218
v 0.015555 -0.643402 -0.736439
v 0.023583 -0.611727 -0.719108
v 0.031344 -0.579778 -0.701596
v 0.038831 -0.547558 -0.683905
v 0.046034 -0.515073 -0.666036
v 0.052946 -0.482327 -0.647992
v 0.059560 -0.449325 -0.629775
v 0.065867 -0.416074 -0.611388
v 0.071859 -0.382578 -0.592832
v 0.077529 -0.348844 -0.574112
v 0.082868 -0.314879 -0.555228
v 0.087870 -0.280690 -0.536186
v 0.092526 -0.246282 -0.516989
v 0.096830 -0.211665 -0.497639
v 0.100774 -0.176845 -0.478141
v 0.104352 -0.141831 -0.458499
v 0.107557 -0.106630 -0.438716
v 0.110382 -0.071253 -0.418798
v 0.112821 -0.035706 -0.398748
v 0.114868 -0.000000 -0.378572
v 0.116518 0.035855 -0.358273
v 0.117764 0.071851 -0.337858
v 0.118603 0.107978 -0.317331
v 0.119028 0.144224 -0.296698
v 0.119036 0.180581 -0.275964
v 0.118622 0.217036 -0.255135
v 0.117782 0.253580 -0.234216
v 0.116513 0.290202 -0.213214
v 0.114813 0.326890 -0.192135
v 0.112677 0.363633 -0.170985
v 0.110104 0.400419 -0.149770
v 0.107091 0.437237 -0.128497
v 0.103638 0.474076 -0.107171
v 0.099743 0.510923 -0.085801
v 0.095405 0.547767 -0.064391
v 0.090624 0.584597 -0.042950
v 0.085401 0.621399 -0.021484
v 0.079734 0.658163 0.000001
v 0.073627 0.694876 0.021497
v 0.067080 0.731526 0.042998
v 0.060094 0.768102 0.064497
v 0.052673 0.804593 0.085986
v 0.044818 0.840986 0.107459
v 0.036533 0.877269 0.128909
v 0.027822 0.913432 0.150330
v 0.018687 0.949464 0.171714
v 0.014072 -0.675935 -0.715129
v 0.022237 -0.644464 -0.697783
v 0.030138 -0.612716 -0.680256
v 0.037768 -0.580695 -0.662552
v 0.045120 -0.548405 -0.644670
v 0.052185 -0.515850 -0.626615
v 0.058955 -0.483037 -0.608387
v 0.065422 -0.449969 -0.589989
v 0.071578 -0.416654 -0.571424
v 0.077415 -0.383096 -0.552695
v 0.082925 -0.349303 -0.533804
v 0.088101 -0.315280 -0.514755
v 0.092936 -0.281035 -0.495550
v 0.097422 -0.246575 -0.476195
v 0.101552 -0.211907 -0.456691
v 0.105318 -0.177039 -0.437044
v 0.108715 -0.141980 -0.417257
v 0.111735 -0.106738 -0.397334
v 0.114372 -0.071321 -0.377281
v 0.116620 -0.035739 -0.357102
v 0.118473 -0.000000 -0.336800
v 0.119926 0.035885 -0.316383
v 0.120972 0.071907 -0.295854
v 0.121609 0.108057 -0.275219
v 0.121829 0.144322 -0.254484
v 0.121630 0.180694 -0.233653
v 0.121007 0.217162 -0.212734
v 0.119957 0.253714 -0.191731
v 0.118475 0.290340 -0.170652
v 0.116559 0.327028 -0.149501
v 0.114208 0.363768 -0.128285
v 0.111418 0.400547 -0.107012
v 0.108188 0.437354 -0.085686
v 0.104516 0.474177 -0.064315
v 0.100402 0.511005 -0.042906
v 0.095844 0.547826 -0.021465
v 0.090844 0.584628 0.000002
v 0.085401 0.621400 0.021486
v 0.079515 0.658128 0.042983
v 0.073189 0.694802 0.064483
v 0.066424 0.731410 0.085982
v 0.059221 0.767939 0.107471
v 0.051583 0.804379 0.128944
v 0.043514 0.840717 0.150395
v 0.035016 0.876943 0.171815
v 0.026093 0.913044 0.193199
v 0.016749 0.949010 0.214540
v 0.012244 -0.708279 -0.693841
v 0.020540 -0.677016 -0.676480
v 0.028577 -0.645473 -0.658939
v 0.036348 -0.613654 -0.641221
v 0.043843 -0.581563 -0.623326
v 0.051056 -0.549204 -0.605259
v 0.057977 -0.516582 -0.587020
v 0.064600 -0.483704 -0.568612
v 0.070915 -0.450573 -0.550037
v 0.076915 -0.417196 -0.531299
v 0.082593 -0.383579 -0.512399
v 0.087941 -0.349729 -0.493343
v 0.092950 -0.315651 -0.474131
v 0.097614 -0.281354 -0.454770
v 0.101925 -0.246844 -0.435260
v 0.105877 -0.212129 -0.415608
v 0.109462 -0.177217 -0.395817
v 0.112674 -0.142116 -0.375890
v 0.115506 -0.106835 -0.355833
v 0.117952 -0.071383 -0.335650
v 0.120005 -0.035768 -0.315347
v 0.121662 -0.000000 -0.294927
v 0.122915 0.035911 -0.274396
v 0.123759 0.071956 -0.253759
v 0.124190 0.108124 -0.233022
v 0.124204 0.144405 -0.212191
v 0.123796 0.180788 -0.191270
v 0.122961 0.217264 -0.170267
v 0.121698 0.253820 -0.149186
v 0.120002 0.290447 -0.128035
v 0.117871 0.327131 -0.106820
v 0.115303 0.363863 -0.085546
v 0.112294 0.400631 -0.064220
v 0.108846 0.437423 -0.042849
v 0.104955 0.474227 -0.021440
v 0.100621 0.511032 0.000002
v 0.095844 0.547826 0.021468
v 0.090624 0.584597 0.042953
v 0.084962 0.621333 0.064449
v 0.078857 0.658022 0.085950
v 0.072314 0.694653 0.107448
v 0.065331 0.731214 0.128937
v 0.057912 0.767693 0.150411
v 0.050060 0.804078 0.171861
v 0.041778 0.840358 0.193282
v 0.033069 0.876522 0.214666
v 0.023936 0.912557 0.236006
v 0.014385 0.948455 0.257297
v 0.018497 -0.709376 -0.655206
v 0.026666 -0.678041 -0.637650
v 0.034572 -0.646427 -0.619918
v 0.042206 -0.614538 -0.602011
v 0.049562 -0.582379 -0.583931
v 0.056632 -0.549954 -0.565681
v 0.063405 -0.517269 -0.547262
v 0.069876 -0.484327 -0.528678
v 0.076036 -0.451136 -0.509930
v 0.081877 -0.417700 -0.491023
v 0.087391 -0.384027 -0.471958
v 0.092571 -0.350122 -0.452740
v 0.097410 -0.315993 -0.433372
v 0.101899 -0.281646 -0.413857
v 0.106032 -0.247089 -0.394199
v 0.109803 -0.212330 -0.374403
v 0.113203 -0.177377 -0.354472
v 0.116226 -0.142238 -0.334411
v 0.118867 -0.106921 -0.314225
v 0.121118 -0.071437 -0.293919
v 0.122975 -0.035793 -0.273496
v 0.124431 0.000000 -0.252963
v 0.125482 0.035933 -0.232325
v 0.126121 0.071997 -0.211586
v 0.126345 0.108180 -0.190753
v 0.126150 0.144473 -0.169832
v 0.125530 0.180864 -0.148828
v 0.124483 0.217344 -0.127747
v 0.123005 0.253901 -0.106595
v 0.121094 0.290523 -0.085379
v 0.118746 0.327201 -0.064105
v 0.115960 0.363922 -0.042779
v 0.112733 0.400674 -0.021408
v 0.109065 0.437447 0.000002
v 0.104955 0.474228 0.021443
v 0.100402 0.511006 0.042909
v 0.095405 0.547768 0.064394
v 0.089966 0.584504 0.085890
v 0.084084 0.621201 0.107391
v 0.077762 0.657848 0.128889
v 0.071001 0.694432 0.150379
v 0.063802 0.730942 0.171852
v 0.056169 0.767366 0.193302
v 0.048104 0.803693 0.214723
v 0.039610 0.839911 0.236107
v 0.030691 0.876010 0.257448
v 0.021352 0.911977 0.278738
v 0.011596 0.947801 0.299973
v 0.016115 -0.741536 -0.633966
v 0.024409 -0.710412 -0.616396
v 0.032446 -0.679008 -0.598649
v 0.040215 -0.647325 -0.580729
v 0.047711 -0.615370 -0.562637
v 0.054923 -0.583145 -0.544375
v 0.061843 -0.550656 -0.525945
v 0.068465 -0.517909 -0.507351
v 0.074780 -0.484907 -0.488594
v 0.080780 -0.451658 -0.469678
v 0.086457 -0.418166 -0.450606
v 0.091804 -0.384439 -0.431380
v 0.096813 -0.350483 -0.412005
v 0.101477 -0.316305 -0.392484
v 0.105788 -0.281911 -0.372822
v 0.109739 -0.247311 -0.353020
v 0.113324 -0.212511 -0.333086
v 0.116536 -0.177520 -0.313021
v 0.119368 -0.142346 -0.292832
v 0.121814 -0.106998 -0.272522
v 0.123869 -0.071485 -0.252097
v 0.125525 -0.035815 -0.231562
v 0.126779 -0.000000 -0.210921
v 0.127624 0.035952 -0.190182
v 0.128057 0.072030 -0.169347
v 0.128072 0.108225 -0.148425
v 0.127665 0.144525 -0.127420
v 0.126833 0.180921 -0.106338
v 0.125572 0.217401 -0.085186
v 0.123877 0.253954 -0.063970
v 0.121749 0.290569 -0.042695
v 0.119183 0.327235 -0.021369
v 0.116179 0.363941 0.000002
v 0.112733 0.400674 0.021411
v 0.108846 0.437423 0.042852
v 0.104516 0.474177 0.064319
v 0.099743 0.510924 0.085803
v 0.094527 0.547652 0.107299
v 0.088869 0.584348 0.128800
v 0.082770 0.621002 0.150299
v 0.076231 0.657602 0.171788
v 0.069253 0.694135 0.193261
v 0.061840 0.730591 0.214711
v 0.053994 0.766957 0.236132
v 0.045717 0.803222 0.257516
v 0.037014 0.839375 0.278857
v 0.027888 0.875404 0.300148
v 0.018343 0.911298 0.321382
v 0.013396 -0.773489 -0.612766
v 0.021813 -0.742580 -0.595181
v 0.029976 -0.711388 -0.577420
v 0.037876 -0.679915 -0.559486
v 0.045505 -0.648167 -0.541381
v 0.052855 -0.616146 -0.523108
v 0.059919 -0.583858 -0.504667
v 0.066687 -0.551308 -0.486063
v 0.073153 -0.518501 -0.467297
v 0.079307 -0.485442 -0.448372
v 0.085143 -0.452137 -0.429292
v 0.090652 -0.418592 -0.410059
v 0.095828 -0.384814 -0.390677
v 0.100662 -0.350809 -0.371151
v 0.105147 -0.316585 -0.351482
v 0.109276 -0.282149 -0.331676
v 0.113043 -0.247508 -0.311737
v 0.116439 -0.212670 -0.291669
v 0.119459 -0.177645 -0.271476
v 0.122096 -0.142439 -0.251163
v 0.124346 -0.107063 -0.230736
v 0.126200 -0.071524 -0.210199
v 0.127654 -0.035833 -0.189556
v 0.128703 0.000000 -0.168815
v 0.129341 0.035967 -0.147980
v 0.129564 0.072057 -0.127056
v 0.129368 0.108259 -0.106050
v 0.128748 0.144563 -0.084968
v 0.127702 0.180959 -0.063816
v 0.126224 0.217435 -0.042599
v 0.124314 0.253981 -0.021324
v 0.121968 0.290585 0.000002
v 0.119184 0.327236 0.021373
v 0.115960 0.363922 0.042782
v 0.112294 0.400632 0.064223
v 0.108188 0.437354 0.085690
v 0.103638 0.474077 0.107174
v 0.098646 0.510789 0.128670
v 0.093211 0.547477 0.150171
v 0.087335 0.584131 0.171669
v 0.081019 0.620739 0.193158
v 0.074263 0.657287 0.214632
v 0.067071 0.693767 0.236082
v 0.059445 0.730164 0.257503
v 0.051387 0.766468 0.278887
v 0.042901 0.802668 0.300228
v 0.033991 0.838752 0.321519
v 0.024660 0.874708 0.342753
v 0.014913 0.910527 0.363924
v 0.018881 -0.774539 -0.574011
v 0.027166 -0.743562 -0.556236
v 0.035192 -0.712302 -0.538289
v 0.042950 -0.680763 -0.520171
v 0.050435 -0.648951 -0.501886
v 0.057637 -0.616868 -0.483434
v 0.064547 -0.584519 -0.464819
v 0.071159 -0.551910 -0.446044
v 0.077464 -0.519045 -0.427110
v 0.083454 -0.485932 -0.408022
v 0.089122 -0.452574 -0.388782
v 0.094460 -0.418979 -0.369394
v 0.099460 -0.385153 -0.349861
v 0.104115 -0.351102 -0.330187
v 0.108418 -0.316835 -0.310376
v 0.112362 -0.282359 -0.290433
v 0.115939 -0.247681 -0.270361
v 0.119144 -0.212809 -0.250164
v 0.121970 -0.177752 -0.229849
v 0.124410 -0.142518 -0.209419
v 0.126458 -0.107117 -0.188879
v 0.128110 -0.071557 -0.168236
v 0.129359 -0.035848 -0.147493
v 0.130201 0.000001 -0.126656
v 0.130630 0.035979 -0.105732
v 0.130642 0.072076 -0.084725
v 0.130233 0.108282 -0.063643
v 0.129398 0.144586 -0.042490
v 0.128136 0.180978 -0.021273
v 0.126442 0.217447 0.000002
v 0.124314 0.253981 0.021328
v 0.121749 0.290570 0.042699
v 0.118746 0.327201 0.064108
v 0.115303 0.363864 0.085549
v 0.111418 0.400547 0.107015
v 0.107091 0.437238 0.128500
v 0.102322 0.473926 0.149995
v 0.097111 0.510599 0.171496
v 0.091459 0.547244 0.192994
v 0.085366 0.583851 0.214483
v 0.078833 0.620408 0.235957
v 0.071863 0.656903 0.257407
v 0.064458 0.693324 0.278828
v 0.056621 0.729659 0.300212
v 0.048353 0.765898 0.321553
v 0.039660 0.802028 0.342844
v 0.030544 0.838040 0.364079
v 0.021011 0.873920 0.385250
v 0.011065 0.909660 0.406352
v 0.015621 -0.806282 -0.552892
v 0.024022 -0.775523 -0.535103
v 0.032169 -0.744479 -0.517142
v 0.040053 -0.713154 -0.499012
v 0.047666 -0.681552 -0.480714
v 0.055002 -0.649677 -0.462252
v 0.062050 -0.617534 -0.443627
v 0.068803 -0.585127 -0.424842
v 0.075254 -0.552461 -0.405899
v 0.081395 -0.519542 -0.386803
v 0.087216 -0.486376 -0.367556
v 0.092712 -0.452969 -0.348161
v 0.097875 -0.419326 -0.328622
v 0.102696 -0.385455 -0.308943
v 0.107169 -0.351362 -0.289127
v 0.111287 -0.317055 -0.269179
v 0.115041 -0.282542 -0.249103
v 0.118427 -0.247829 -0.228904
v 0.121437 -0.212926 -0.208585
v 0.124065 -0.177841 -0.188153
v 0.126305 -0.142583 -0.167611
v 0.128151 -0.107160 -0.146966
v 0.129598 -0.071582 -0.126221
v 0.130640 -0.035859 -0.105384
v 0.131272 0.000001 -0.084459
v 0.131490 0.035986 -0.063451
v 0.131289 0.072087 -0.042368
v 0.130665 0.108293 -0.021215
v 0.129616 0.144594 0.000002
v 0.128136 0.180979 0.021277
v 0.126224 0.217436 0.042603
v 0.123878 0.253955 0.063973
v 0.121094 0.290524 0.085382
v 0.117871 0.327132 0.106823
v 0.114208 0.363768 0.128289
v 0.110104 0.400420 0.149773
v 0.105558 0.437076 0.171269
v 0.100570 0.473725 0.192769
v 0.095141 0.510355 0.214267
v 0.089272 0.546954 0.235756
v 0.082962 0.583511 0.257229
v 0.076215 0.620013 0.278680
v 0.069032 0.656449 0.300101
v 0.061415 0.692808 0.321485
v 0.053369 0.729078 0.342826
v 0.044894 0.765248 0.364117
v 0.035996 0.801306 0.385352
v 0.026678 0.837241 0.406524
v 0.016945 0.873043 0.427626
v 0.012036 -0.837803 -0.531829
v 0.020550 -0.807264 -0.514025
v 0.028813 -0.776439 -0.496051
v 0.036817 -0.745331 -0.477908
v 0.044556 -0.713943 -0.459599
v 0.052020 -0.682280 -0.441125
v 0.059201 -0.650345 -0.422490
v 0.066092 -0.618144 -0.403695
v 0.072684 -0.585681 -0.384744
v 0.078971 -0.552961 -0.365640
v 0.084942 -0.519991 -0.346385
v 0.090592 -0.486775 -0.326984
v 0.095912 -0.453320 -0.307439
v 0.100895 -0.419632 -0.287754
v 0.105534 -0.385719 -0.267934
v 0.109821 -0.351587 -0.247982
v 0.113749 -0.317243 -0.227902
v 0.117313 -0.282696 -0.207699
v 0.120504 -0.247953 -0.187378
v 0.123316 -0.213023 -0.166943
v 0.125744 -0.177913 -0.146400
v 0.127781 -0.142633 -0.125753
v 0.129422 -0.107193 -0.105007
v 0.130662 -0.071600 -0.084168
v 0.131494 -0.035866 -0.063242
v 0.131915 0.000001 -0.042235
v 0.131920 0.035990 -0.021151
v 0.131505 0.072091 0.000002
v 0.130666 0.108293 0.021219
v 0.129399 0.144587 0.042494
v 0.127701 0.180960 0.063819
v 0.125571 0.217402 0.085190
v 0.123005 0.253902 0.106599
v 0.120002 0.290448 0.128039
v 0.116559 0.327029 0.149504
v 0.112677 0.363634 0.170988
v 0.108353 0.400251 0.192483
v 0.103589 0.436868 0.213983
v 0.098383 0.473474 0.235481
v 0.092737 0.510058 0.256970
v 0.086651 0.546606 0.278443
v 0.080127 0.583108 0.299893
v 0.073167 0.619552 0.321314
v 0.065773 0.655927 0.342699
v 0.057947 0.692221 0.364040
v 0.049692 0.728422 0.385332
v 0.041013 0.764519 0.406567
v 0.031912 0.800501 0.427738
v 0.022394 0.836357 0.448841
v 0.012464 0.872076 0.469867
v 0.016754 -0.838781 -0.493009
v 0.025129 -0.808177 -0.475021
v 0.033250 -0.777288 -0.456866
v 0.041108 -0.746118 -0.438545
v 0.048697 -0.714669 -0.420060
v 0.056007 -0.682947 -0.401414
v 0.063030 -0.650955 -0.382610
v 0.069760 -0.618698 -0.363651
v 0.076187 -0.586181 -0.344539
v 0.082304 -0.553410 -0.325277
v 0.088103 -0.520390 -0.305869
v 0.093577 -0.487128 -0.286318
v 0.098718 -0.453628 -0.266628
v 0.103518 -0.419899 -0.246803
v 0.107971 -0.385946 -0.226847
v 0.112069 -0.351778 -0.206763
v 0.115806 -0.317401 -0.186557
v 0.119174 -0.282823 -0.166234
v 0.122167 -0.248052 -0.145797
v 0.124779 -0.213098 -0.125251
v 0.127004 -0.177967 -0.104602
v 0.128837 -0.142669 -0.083856
v 0.130271 -0.107214 -0.063016
v 0.131300 -0.071611 -0.042089
v 0.131921 -0.035869 -0.021081
v 0.132129 0.000001 0.000002
v 0.131920 0.035990 0.021155
v 0.131289 0.072088 0.042372
v 0.130233 0.108283 0.063647
v 0.128748 0.144564 0.084972
v 0.126832 0.180922 0.106342
v 0.124483 0.217345 0.127750
v 0.121698 0.253822 0.149190
v 0.118475 0.290341 0.170655
v 0.114812 0.326892 0.192139
v 0.110711 0.363462 0.213634
v 0.106169 0.400040 0.235133
v 0.101186 0.436615 0.256631
v 0.095763 0.473174 0.278119
v 0.089901 0.509707 0.299592
v 0.083601 0.546201 0.321043
v 0.076863 0.582646 0.342463
v 0.069692 0.619028 0.363848
v 0.062088 0.655337 0.385189
v 0.054055 0.691562 0.406481
v 0.045596 0.727691 0.427716
v 0.036714 0.763712 0.448889
v 0.027413 0.799614 0.469991
v 0.017698 0.835388 0.491018
v 0.012643 -0.870067 -0.472060
v 0.021124 -0.839687 -0.454058
v 0.029356 -0.809020 -0.435890
v 0.037330 -0.778069 -0.417557
v 0.045038 -0.746838 -0.399062
v 0.052472 -0.715330 -0.380406
v 0.059624 -0.683551 -0.361593
v 0.066486 -0.651504 -0.342624
v 0.073050 -0.619194 -0.323504
v 0.079308 -0.586626 -0.304235
v 0.085252 -0.553807 -0.284821
v 0.090875 -0.520740 -0.265264
v 0.096169 -0.487434 -0.245569
v 0.101127 -0.453893 -0.225740
v 0.105742 -0.420125 -0.205779
v 0.110006 -0.386136 -0.185693
v 0.113911 -0.351934 -0.165484
v 0.117453 -0.317527 -0.145157
v 0.120623 -0.282921 -0.124718
v 0.123416 -0.248127 -0.104171
v 0.125825 -0.213151 -0.083521
v 0.127846 -0.178003 -0.062773
v 0.129470 -0.142691 -0.041933
v 0.130695 -0.107225 -0.021006
v 0.131513 -0.071615 0.000002
v 0.131921 -0.035869 0.021086
v 0.131915 0.000001 0.042239
v 0.131490 0.035987 0.063455
v 0.130642 0.072076 0.084729
v 0.129368 0.108260 0.106054
v 0.127665 0.144527 0.127424
v 0.125530 0.180866 0.148831
v 0.122961 0.217265 0.170271
v 0.119956 0.253715 0.191735
v 0.116513 0.290204 0.213218
v 0.112632 0.326720 0.234712
v 0.108312 0.363251 0.256211
v 0.103552 0.399787 0.277708
v 0.098352 0.436315 0.299196
v 0.092713 0.472824 0.320669
v 0.086636 0.509303 0.342119
v 0.080123 0.545739 0.363540
v 0.073174 0.582122 0.384924
v 0.065793 0.618439 0.406266
v 0.057982 0.654679 0.427558
v 0.049744 0.690831 0.448794
v 0.041081 0.726884 0.469966
v 0.032000 0.762826 0.491069
v 0.022502 0.798646 0.512096
v 0.012594 0.834333 0.533041
v 0.016804 -0.870963 -0.433167
v 0.025143 -0.840521 -0.414986
v 0.033227 -0.809792 -0.396642
v 0.041050 -0.778782 -0.378135
v 0.048603 -0.747492 -0.359470
v 0.055879 -0.715928 -0.340647
v 0.062868 -0.684094 -0.321671
v 0.069564 -0.651994 -0.302543
v 0.075959 -0.619634 -0.283267
v 0.082044 -0.587018 -0.263846
v 0.087812 -0.554152 -0.244284
v 0.093255 -0.521042 -0.224584
v 0.098367 -0.487694 -0.204750
v 0.103139 -0.454114 -0.184785
v 0.107564 -0.420310 -0.164695
v 0.111635 -0.386288 -0.144484
v 0.115346 -0.352056 -0.124155
v 0.118690 -0.317622 -0.103714
v 0.121659 -0.282992 -0.083165
v 0.124250 -0.248177 -0.062514
v 0.126454 -0.213183 -0.041765
v 0.128266 -0.178021 -0.020925
v 0.129681 -0.142698 0.000002
v 0.130694 -0.107225 0.021011
v 0.131300 -0.071611 0.042094
v 0.131494 -0.035865 0.063247
v 0.131272 0.000001 0.084463
v 0.130630 0.035979 0.105736
v 0.129564 0.072058 0.127060
v 0.128072 0.108226 0.148429
v 0.126149 0.144474 0.169836
v 0.123795 0.180790 0.191274
v 0.121007 0.217163 0.212738
v 0.117782 0.253582 0.234220
v 0.114120 0.290036 0.255714
v 0.110021 0.326514 0.277212
v 0.105482 0.363003 0.298709
v 0.100504 0.399492 0.320196
v 0.095089 0.435970 0.341669
v 0.089235 0.472425 0.363118
v 0.082945 0.508846 0.384539
v 0.076220 0.545221 0.405924
v 0.069062 0.581538 0.427265
v 0.061474 0.617786 0.448557
v 0.053457 0.653954 0.469793
v 0.045016 0.690030 0.490966
v 0.036155 0.726004 0.512070
v 0.026876 0.761863 0.533098
v 0.017184 0.797597 0.554043
v 0.012175 -0.902000 -0.412352
v 0.020615 -0.871783 -0.394159
v 0.028806 -0.841280 -0.375803
v 0.036739 -0.810492 -0.357286
v 0.044407 -0.779423 -0.338610
v 0.051801 -0.748078 -0.319779
v 0.058914 -0.716460 -0.300794
v 0.065738 -0.684573 -0.281659
v 0.072264 -0.652423 -0.262376
v 0.078485 -0.620015 -0.242949
v 0.084394 -0.587353 -0.223382
v 0.089982 -0.554443 -0.203677
v 0.095242 -0.521292 -0.183838
v 0.100167 -0.487906 -0.163871
v 0.104749 -0.454291 -0.143777
v 0.108983 -0.420454 -0.123563
v 0.112859 -0.386402 -0.103232
v 0.116371 -0.352143 -0.082790
v 0.119515 -0.317684 -0.062240
v 0.122282 -0.283034 -0.041588
v 0.124666 -0.248201 -0.020838
v 0.126663 -0.213194 0.000002
v 0.128266 -0.178020 0.020930
v 0.129470 -0.142691 0.041938
v 0.130270 -0.107214 0.063021
v 0.130661 -0.071600 0.084173
v 0.130640 -0.035858 0.105388
v 0.130201 0.000002 0.126660
v 0.129341 0.035969 0.147984
v 0.128056 0.072032 0.169351
v 0.126345 0.108182 0.190757
v 0.124203 0.144407 0.212195
v 0.121630 0.180696 0.233657
v 0.118622 0.217039 0.255138
v 0.115178 0.253423 0.276631
v 0.111297 0.289839 0.298129
v 0.106980 0.326274 0.319624
v 0.102224 0.362716 0.341111
v 0.097031 0.399156 0.362583
v 0.091400 0.435580 0.384033
v 0.085333 0.471977 0.405453
v 0.078832 0.508337 0.426837
v 0.071897 0.544646 0.448179
v 0.064531 0.580895 0.469471
v 0.056738 0.617071 0.490708
v 0.048519 0.653163 0.511881
v 0.039879 0.689160 0.532985
v 0.030820 0.725050 0.554014
v 0.021347 0.760824 0.574960
v 0.011465 0.796469 0.595818
v 0.015780 -0.902804 -0.373413
v 0.024072 -0.872528 -0.355046
v 0.032111 -0.841965 -0.336518
v 0.039889 -0.811120 -0.317833
v 0.047398 -0.779996 -0.298993
v 0.054629 -0.748596 -0.280000
v 0.061576 -0.716926 -0.260858
v 0.068230 -0.684990 -0.241568
v 0.074582 -0.652792 -0.222136
v 0.080627 -0.620338 -0.202563
v 0.086355 -0.587633 -0.182853
v 0.091760 -0.554683 -0.163011
v 0.096834 -0.521494 -0.143040
v 0.101569 -0.488072 -0.122944
v 0.105959 -0.454424 -0.102728
v 0.109997 -0.420557 -0.082395
v 0.113675 -0.386478 -0.061951
v 0.116987 -0.352195 -0.041400
v 0.119927 -0.317716 -0.020747
v 0.122489 -0.283048 0.000003
v 0.124667 -0.248201 0.020843
v 0.126453 -0.213183 0.041770
v 0.127846 -0.178002 0.062778
v 0.128837 -0.142669 0.083860
v 0.129422 -0.107192 0.105011
v 0.129598 -0.071581 0.126226
v 0.129359 -0.035847 0.147497
v 0.128702 0.000002 0.168819
v 0.127624 0.035954 0.190186
v 0.126121 0.071998 0.211590
v 0.124190 0.108126 0.233026
v 0.121829 0.144324 0.254488
v 0.119036 0.180583 0.275968
v 0.115808 0.216891 0.297459
v 0.112146 0.253238 0.318956
v 0.108047 0.289611 0.340451
v 0.103512 0.326000 0.361937
v 0.098540 0.362393 0.383408
v 0.093132 0.398779 0.404857
v 0.087288 0.435145 0.426277
v 0.081010 0.471482 0.447661
v 0.074299 0.507776 0.469003
v 0.067157 0.544017 0.490296
v 0.059587 0.580193 0.511532
v 0.051591 0.616294 0.532706
v 0.043172 0.652306 0.553811
v 0.034335 0.688221 0.574840
v 0.025081 0.724026 0.595787
v 0.015418 0.759710 0.616646
v 0.010644 -0.933578 -0.352753
v 0.019033 -0.903530 -0.334375
v 0.027173 -0.873195 -0.315838
v 0.035056 -0.842576 -0.297143
v 0.042675 -0.811675 -0.278295
v 0.050020 -0.780497 -0.259294
v 0.057085 -0.749046 -0.240144
v 0.063861 -0.717327 -0.220849
v 0.070341 -0.685343 -0.201411
v 0.076517 -0.653100 -0.181833
v 0.082381 -0.620602 -0.162119
v 0.087926 -0.587857 -0.142273
v 0.093144 -0.554869 -0.122299
v 0.098028 -0.521644 -0.102201
v 0.102571 -0.488190 -0.081982
v 0.106766 -0.454512 -0.061648
v 0.110605 -0.420618 -0.041202
v 0.114083 -0.386516 -0.020651
v 0.117192 -0.352212 0.000002
v 0.119927 -0.317715 0.020752
v 0.122281 -0.283034 0.041592
v 0.124249 -0.248176 0.062519
v 0.125826 -0.213150 0.083526
v 0.127004 -0.177966 0.104607
v 0.127781 -0.142632 0.125757
v 0.128151 -0.107159 0.146970
v 0.128110 -0.071555 0.168240
v 0.127654 -0.035832 0.189560
v 0.126779 0.000002 0.210925
v 0.125482 0.035935 0.232328
v 0.123759 0.071958 0.253763
v 0.121608 0.108059 0.275223
v 0.119028 0.144227 0.296701
v 0.116015 0.180452 0.318192
v 0.112570 0.216722 0.339687
v 0.108689 0.253027 0.361181
v 0.104373 0.289354 0.382666
v 0.099622 0.325693 0.404136
v 0.094436 0.362033 0.425585
v 0.088814 0.398361 0.447004
v 0.082759 0.434667 0.468388
v 0.076271 0.470938 0.489730
v 0.069353 0.507164 0.511022
v 0.062006 0.543333 0.532259
v 0.054233 0.579433 0.553433
v 0.046036 0.615455 0.574538
v 0.037421 0.651385 0.595568
v 0.028389 0.687214 0.616516
v 0.018946 0.722930 0.637376
v 0.013695 -0.934283 -0.313795
v 0.021931 -0.904178 -0.295248
v 0.029915 -0.873786 -0.276544
v 0.037638 -0.843111 -0.257687
v 0.045093 -0.812158 -0.238679
v 0.052272 -0.780929 -0.219523
v 0.059167 -0.749428 -0.200222
v 0.065769 -0.717661 -0.180778
v 0.072071 -0.685632 -0.161196
v 0.078067 -0.653346 -0.141478
v 0.083748 -0.620809 -0.121629
v 0.089106 -0.588026 -0.101652
v 0.094134 -0.555002 -0.081551
v 0.098826 -0.521745 -0.061331
v 0.103173 -0.488261 -0.040996
v 0.107170 -0.454557 -0.020550
v 0.110808 -0.420639 0.000002
v 0.114083 -0.386516 0.020656
v 0.116987 -0.352195 0.041405
v 0.119514 -0.317684 0.062245
v 0.121660 -0.282992 0.083170
v 0.123416 -0.248126 0.104176
v 0.124780 -0.213097 0.125256
v 0.125744 -0.177912 0.146405
v 0.126305 -0.142582 0.167616
v 0.126458 -0.107115 0.188884
v 0.126200 -0.071522 0.210203
v 0.125525 -0.035813 0.231566
v 0.124431 0.000002 0.252967
v 0.122914 0.035913 0.274400
v 0.120972 0.071910 0.295858
v 0.118602 0.107981 0.317335
v 0.115803 0.144115 0.338824
v 0.112571 0.180302 0.360318
v 0.108908 0.216531 0.381810
v 0.104810 0.252790 0.403295
v 0.100278 0.289068 0.424764
v 0.095313 0.325354 0.446211
v 0.089913 0.361636 0.467630
v 0.084080 0.397904 0.489014
v 0.077815 0.434144 0.510355
v 0.071120 0.470348 0.531648
v 0.063996 0.506502 0.552885
v 0.056446 0.542595 0.574059
v 0.048474 0.578617 0.595165
v 0.040080 0.614556 0.616196
v 0.031270 0.650400 0.637145
v 0.022048 0.686140 0.658006
v 0.012417 0.721764 0.678772
v 0.016393 -0.934906 -0.274754
v 0.024472 -0.904744 -0.256042
v 0.032296 -0.874298 -0.237177
v 0.039856 -0.843571 -0.218162
v 0.047143 -0.812566 -0.198999
v 0.054151 -0.781288 -0.179692
v 0.060872 -0.749740 -0.160244
v 0.067297 -0.717929 -0.140657
v 0.073419 -0.685857 -0.120936
v 0.079231 -0.653531 -0.101084
v 0.084724 -0.620956 -0.081104
v 0.089892 -0.588137 -0.061002
v 0.094729 -0.555082 -0.040780
v 0.099225 -0.521795 -0.020444
v 0.103374 -0.488284 0.000003
v 0.107170 -0.454556 0.020555
v 0.110606 -0.420618 0.041207
v 0.113675 -0.386477 0.061956
v 0.116372 -0.352142 0.082795
v 0.118690 -0.317620 0.103719
v 0.120623 -0.282920 0.124723
v 0.122167 -0.248051 0.145801
v 0.123316 -0.213021 0.166948
v 0.124065 -0.177840 0.188158
v 0.124410 -0.142516 0.209424
v 0.124345 -0.107060 0.230740
v 0.123869 -0.071482 0.252101
v 0.122975 -0.035791 0.273501
v 0.121662 0.000003 0.294931
v 0.119925 0.035888 0.316387
v 0.117764 0.071855 0.337862
v 0.115175 0.107892 0.359349
v 0.112157 0.143989 0.380841
v 0.108708 0.180134 0.402332
v 0.104827 0.216318 0.423815
v 0.100513 0.252527 0.445283
v 0.095767 0.288753 0.466729
v 0.090588 0.324981 0.488147
v 0.084977 0.361203 0.509530
v 0.078934 0.397406 0.530871
v 0.072462 0.433579 0.552163
v 0.065561 0.469710 0.573400
v 0.058235 0.505789 0.594575
v 0.050485 0.541803 0.615682
v 0.042315 0.577743 0.636713
v 0.033727 0.613596 0.657663
v 0.024727 0.649352 0.678525
v 0.015316 0.685000 0.699293
v 0.010563 -0.965378 -0.254360
v 0.018735 -0.935448 -0.235639
v 0.026654 -0.905232 -0.216767
v 0.034314 -0.874733 -0.197745
v 0.041706 -0.843955 -0.178577
v 0.048823 -0.812901 -0.159265
v 0.055657 -0.781576 -0.139812
v 0.062200 -0.749985 -0.120221
v 0.068444 -0.718130 -0.100497
v 0.074382 -0.686019 -0.080642
v 0.080007 -0.653655 -0.060661
v 0.085311 -0.621045 -0.040557
v 0.090286 -0.588194 -0.020334
v 0.094926 -0.555109 0.000002
v 0.099224 -0.521796 0.020449
v 0.103173 -0.488261 0.041001
v 0.106766 -0.454512 0.061653
v 0.109996 -0.420557 0.082400
v 0.112859 -0.386402 0.103238
v 0.115346 -0.352055 0.124160
v 0.117453 -0.317526 0.145162
v 0.119174 -0.282822 0.166239
v 0.120504 -0.247952 0.187383
v 0.121437 -0.212925 0.208590
v 0.121969 -0.177750 0.229854
v 0.122096 -0.142437 0.251168
v 0.121814 -0.106995 0.272527
v 0.121118 -0.071435 0.293923
v 0.120005 -0.035765 0.315352
v 0.118473 0.000002 0.336805
v 0.116517 0.035858 0.358278
v 0.114137 0.071791 0.379762
v 0.111330 0.107791 0.401252
v 0.108093 0.143847 0.422741
v 0.104427 0.179948 0.444222
v 0.100330 0.216082 0.465689
v 0.095802 0.252239 0.487134
v 0.090842 0.288407 0.508551
v 0.085452 0.324576 0.529933
v 0.079631 0.360733 0.551274
v 0.073381 0.396868 0.572565
v 0.066703 0.432970 0.593802
v 0.059600 0.469026 0.614978
v 0.052073 0.505026 0.636084
v 0.044126 0.540958 0.657116
v 0.035762 0.576813 0.678067
v 0.026984 0.612577 0.698930
v 0.017796 0.648241 0.719700
v 0.012709 -0.965891 -0.215341
v 0.020720 -0.935907 -0.196462
v 0.028475 -0.905638 -0.177434
v 0.035967 -0.875088 -0.158260
v 0.043188 -0.844262 -0.138943
v 0.050131 -0.813161 -0.119486
v 0.056787 -0.781792 -0.099893
v 0.063149 -0.750158 -0.080165
v 0.069209 -0.718264 -0.060309
v 0.074961 -0.686115 -0.040326
v 0.080395 -0.653716 -0.020221
v 0.085506 -0.621074 0.000002
v 0.090286 -0.588193 0.020339
v 0.094728 -0.555081 0.040785
v 0.098826 -0.521744 0.061336
v 0.102572 -0.488189 0.081987
v 0.105959 -0.454423 0.102733
v 0.108982 -0.420453 0.123568
v 0.111635 -0.386287 0.144489
v 0.113911 -0.351933 0.165489
v 0.115806 -0.317399 0.186562
v 0.117313 -0.282694 0.207704
v 0.118427 -0.247827 0.228908
v 0.119144 -0.212807 0.250169
v 0.119459 -0.177642 0.271480
v 0.119368 -0.142343 0.292836
v 0.118867 -0.106919 0.314230
v 0.117952 -0.071380 0.335655
v 0.116620 -0.035736 0.357106
v 0.114868 0.000003 0.378576
v 0.112693 0.035826 0.400058
v 0.110095 0.071722 0.421546
v 0.107069 0.107681 0.443032
v 0.103616 0.143692 0.464512
v 0.099734 0.179744 0.485976
v 0.095422 0.215826 0.507420
v 0.090681 0.251926 0.528835
v 0.085510 0.288035 0.550216
v 0.079909 0.324139 0.571556
v 0.073881 0.360229 0.592848
v 0.067425 0.396293 0.614084
v 0.060545 0.432319 0.635259
v 0.053242 0.468297 0.656367
v 0.045518 0.504215 0.677399
v 0.037377 0.540062 0.698351
v 0.028821 0.575827 0.719215
v 0.019856 0.611500 0.739986
v 0.010483 0.647070 0.760657
v 0.014500 -0.966319 -0.176266
v 0.022346 -0.936283 -0.157232
v 0.029934 -0.905963 -0.138053
v 0.037255 -0.875365 -0.118732
v 0.044301 -0.844492 -0.099272
v 0.051066 -0.813348 -0.079675
v 0.057541 -0.781936 -0.059946
v 0.063719 -0.750262 -0.040087
v 0.069592 -0.718331 -0.020103
v 0.075153 -0.686147 0.000002
v 0.080395 -0.653716 0.020225
v 0.085311 -0.621044 0.040562
v 0.089892 -0.588137 0.061007
v 0.094135 -0.555002 0.081556
v 0.098029 -0.521644 0.102205
v 0.101569 -0.488071 0.122949
v 0.104749 -0.454290 0.143783
v 0.107564 -0.420309 0.164701
v 0.110006 -0.386135 0.185698
v 0.112069 -0.351776 0.206768
v 0.113750 -0.317242 0.227907
v 0.115041 -0.282540 0.249108
v 0.115939 -0.247679 0.270366
v 0.116439 -0.212668 0.291673
v 0.116536 -0.177517 0.313026
v 0.116226 -0.142235 0.334416
v 0.115506 -0.106832 0.355838
v 0.114372 -0.071318 0.377286
v 0.112820 -0.035703 0.398753
v 0.110850 0.000003 0.420232
v 0.108457 0.035789 0.441717
v 0.105640 0.071645 0.463201
v 0.102398 0.107559 0.484678
v 0.098729 0.143522 0.506140
v 0.094632 0.179522 0.527582
v 0.090107 0.215547 0.548996
v 0.085155 0.251588 0.570376
v 0.079774 0.287633 0.591714
v 0.073966 0.323670 0.613005
v 0.067732 0.359689 0.634241
v 0.061074 0.395678 0.655416
v 0.053994 0.431626 0.676524
v 0.046493 0.467522 0.697557
v 0.038575 0.503355 0.718510
v 0.030242 0.539114 0.739375
v 0.021499 0.574788 0.760147
v 0.012349 0.610366 0.780820
v 0.015935 -0.966661 -0.137144
v 0.023613 -0.936574 -0.117961
v 0.031029 -0.906207 -0.098635
v 0.038174 -0.875563 -0.079172
v 0.045044 -0.844645 -0.059573
v 0.051627 -0.813459 -0.039842
v 0.057918 -0.782008 -0.019982
v 0.063908 -0.750296 0.000002
v 0.069592 -0.718330 0.020108
v 0.074961 -0.686114 0.040330
v 0.080007 -0.653653 0.060666
v 0.084725 -0.620955 0.081109
v 0.089106 -0.588024 0.101657
v 0.093145 -0.554867 0.122304
v 0.096834 -0.521492 0.143045
v 0.100167 -0.487904 0.163876
v 0.103139 -0.454112 0.184791
v 0.105742 -0.420123 0.205784
v 0.107971 -0.385944 0.226851
v 0.109821 -0.351585 0.247987
v 0.111287 -0.317052 0.269184
v 0.112362 -0.282356 0.290438
v 0.113042 -0.247505 0.311742
v 0.113324 -0.212507 0.333090
v 0.113202 -0.177373 0.354477
v 0.112674 -0.142112 0.375895
v 0.111735 -0.106734 0.397339
v 0.110381 -0.071249 0.418802
v 0.108611 -0.035666 0.440278
v 0.106423 0.000003 0.461760
v 0.103812 0.035749 0.483241
v 0.100778 0.071561 0.504715
v 0.097320 0.107428 0.526176
v 0.093436 0.143338 0.547615
v 0.089127 0.179282 0.569027
v 0.084390 0.215249 0.590406
v 0.079227 0.251226 0.611743
v 0.073639 0.287204 0.633033
v 0.067626 0.323170 0.654268
v 0.061189 0.359115 0.675443
v 0.054331 0.395026 0.696551
v 0.047053 0.430892 0.717584
v 0.039358 0.466704 0.738538
v 0.031249 0.502449 0.759404
v 0.022728 0.538116 0.780178
v 0.013801 0.573696 0.800852
v 0.017011 -0.966919 -0.097985
v 0.024518 -0.936784 -0.078657
v 0.031759 -0.906371 -0.059191
v 0.038727 -0.875682 -0.039590
v 0.045414 -0.844723 -0.019858
v 0.051814 -0.813497 0.000002
v 0.057918 -0.782008 0.019987
v 0.063719 -0.750262 0.040092
v 0.069209 -0.718263 0.060313
v 0.074382 -0.686018 0.080647
v 0.079231 -0.653530 0.101089
v 0.083748 -0.620808 0.121634
v 0.087926 -0.587856 0.142278
v 0.091760 -0.554681 0.163016
v 0.095242 -0.521291 0.183844
v 0.098367 -0.487692 0.204755
v 0.101128 -0.453891 0.225745
v 0.103518 -0.419897 0.246808
v 0.105534 -0.385717 0.267939
v 0.107169 -0.351359 0.289132
v 0.108418 -0.316833 0.310382
v 0.109276 -0.282146 0.331681
v 0.109739 -0.247307 0.353025
v 0.109802 -0.212327 0.374408
v 0.109462 -0.177213 0.395822
v 0.108714 -0.141977 0.417262
v 0.107557 -0.106627 0.438721
v 0.105984 -0.071173 0.460193
v 0.103996 -0.035626 0.481672
v 0.101589 0.000004 0.503150
v 0.098762 0.035706 0.524621
v 0.095513 0.071470 0.546078
v 0.091840 0.107285 0.567515
v 0.087743 0.143141 0.588925
v 0.083222 0.179026 0.610302
v 0.078276 0.214929 0.631638
v 0.072906 0.250840 0.652926
v 0.067112 0.286747 0.674161
v 0.060896 0.322640 0.695336
v 0.054259 0.358506 0.716443
v 0.047203 0.394336 0.737477
v 0.039731 0.430119 0.758431
v 0.031844 0.465842 0.779298
v 0.023547 0.501496 0.800073
v 0.014842 0.537069 0.820750
v 0.017730 -0.967090 -0.058801
v 0.025061 -0.936909 -0.039333
v 0.032124 -0.906452 -0.019731
v 0.038911 -0.875722 0.000002
v 0.045415 -0.844723 0.019863
v 0.051627 -0.813459 0.039847
v 0.057541 -0.781936 0.059950
v 0.063149 -0.750157 0.080170
v 0.068444 -0.718129 0.100502
v 0.073419 -0.685856 0.120941
v 0.078067 -0.653345 0.141483
v 0.082382 -0.620601 0.162124
v 0.086355 -0.587631 0.182859
v 0.089982 -0.554442 0.203682
v 0.093255 -0.521039 0.224589
v 0.096170 -0.487432 0.245574
v 0.098718 -0.453626 0.266633
v 0.100895 -0.419630 0.287759
v 0.102696 -0.385452 0.308948
v 0.104115 -0.351100 0.330192
v 0.105147 -0.316582 0.351487
v 0.105787 -0.281908 0.372826
v 0.106032 -0.247086 0.394204
v 0.105877 -0.212125 0.415613
v 0.105318 -0.177036 0.437049
v 0.104351 -0.141827 0.458504
v 0.102975 -0.106508 0.479972
v 0.101185 -0.071090 0.501446
v 0.098979 -0.035583 0.522920
v 0.096356 0.000004 0.544388
v 0.093313 0.035659 0.565842
v 0.089849 0.071372 0.587276
v 0.085963 0.107132 0.608683
v 0.081655 0.142929 0.630058
v 0.076924 0.178751 0.651391
v 0.071770 0.214588 0.672679
v 0.066194 0.250429 0.693912
v 0.060198 0.286263 0.715086
v 0.053782 0.322078 0.736193
v 0.046947 0.357864 0.757227
v 0.039697 0.393610 0.778182
v 0.032033 0.429305 0.799050
v 0.023958 0.464937 0.819827
v 0.015477 0.500497 0.840504
v 0.010672 -0.997123 -0.039070
v 0.018089 -0.967176 -0.019600
v 0.025243 -0.936951 0.000002
v 0.032124 -0.906452 0.019735
v 0.038727 -0.875682 0.039595
v 0.045044 -0.844645 0.059578
v 0.051066 -0.813347 0.079680
v 0.056787 -0.781791 0.099897
v 0.062200 -0.749983 0.120226
v 0.067297 -0.717928 0.140662
v 0.072072 -0.685631 0.161201
v 0.076518 -0.653098 0.181838
v 0.080627 -0.620336 0.202568
v 0.084394 -0.587351 0.223387
v 0.087812 -0.554149 0.244289
v 0.090875 -0.520738 0.265269
v 0.093577 -0.487125 0.286323
v 0.095912 -0.453317 0.307444
v 0.097875 -0.419323 0.328627
v 0.099460 -0.385150 0.349866
v 0.100662 -0.350806 0.371155
v 0.101476 -0.316301 0.392489
v 0.101899 -0.281642 0.413861
v 0.101925 -0.246840 0.435266
v 0.101552 -0.211903 0.456696
v 0.100774 -0.176841 0.478146
v 0.099589 -0.141663 0.499609
v 0.097995 -0.106380 0.521079
v 0.095987 -0.071001 0.542549
v 0.093564 -0.035536 0.564012
v 0.090726 0.000004 0.585463
v 0.087468 0.035608 0.606893
v 0.083791 0.071267 0.628298
v 0.079694 0.106969 0.649670
v 0.075176 0.142703 0.671001
v 0.070238 0.178460 0.692287
v 0.064879 0.214227 0.713519
v 0.059100 0.249995 0.734692
v 0.052903 0.285752 0.755798
v 0.046289 0.321487 0.776832
v 0.039260 0.357189 0.797787
v 0.031818 0.392847 0.818656
v 0.023966 0.428451 0.839434
v 0.015707 0.463990 0.860113
v 0.010850 -0.997167 0.000002
v 0.018089 -0.967176 0.019605
v 0.025062 -0.936909 0.039337
v 0.031759 -0.906370 0.059196
v 0.038174 -0.875563 0.079177
v 0.044301 -0.844491 0.099276
v 0.050131 -0.813160 0.119491
v 0.055657 -0.781575 0.139817
v 0.060872 -0.749739 0.160249
v 0.065769 -0.717660 0.180783
v 0.070341 -0.685341 0.201416
v 0.074582 -0.652790 0.222141
v 0.078486 -0.620013 0.242955
v 0.082044 -0.587015 0.263852
v 0.085252 -0.553805 0.284826
v 0.088103 -0.520388 0.305874
v 0.090592 -0.486772 0.326989
v 0.092712 -0.452966 0.348166
v 0.094460 -0.418976 0.369399
v 0.095828 -0.384811 0.390683
v 0.096813 -0.350479 0.412010
v 0.097409 -0.315989 0.433377
v 0.097614 -0.281350 0.454775
v 0.097422 -0.246570 0.476200
v 0.096830 -0.211660 0.497644
v 0.095834 -0.176629 0.519102
v 0.094431 -0.141486 0.540567
v 0.092619 -0.106241 0.562032
v 0.090395 -0.070904 0.583491
v 0.087757 -0.035485 0.604938
v 0.084704 0.000004 0.626365
v 0.081234 0.035555 0.647766
v 0.077345 0.071156 0.669134
v 0.073039 0.106796 0.690463
v 0.068313 0.142465 0.711747
v 0.063169 0.178153 0.732977
v 0.057607 0.213848 0.754149
v 0.051628 0.249539 0.775255
v 0.045234 0.285216 0.796288
v 0.038425 0.320867 0.817243
v 0.031204 0.356482 0.838113
v 0.023574 0.392050 0.858891
v 0.015537 0.427561 0.879572
v 0.010672 -0.997122 0.039074
v 0.017730 -0.967090 0.058805
v 0.024518 -0.936783 0.078662
v 0.031029 -0.906206 0.098640
v 0.037254 -0.875364 0.118737
v 0.043189 -0.844260 0.138948
v 0.048823 -0.812899 0.159270
v 0.054152 -0.781286 0.179697
v 0.059167 -0.749426 0.200227
v 0.063861 -0.717324 0.220854
v 0.068230 -0.684987 0.241574
v 0.072264 -0.652420 0.262381
v 0.075959 -0.619630 0.283272
v 0.079308 -0.586623 0.304241
v 0.082304 -0.553407 0.325282
v 0.084942 -0.519987 0.346391
v 0.087217 -0.486372 0.367561
v 0.089122 -0.452570 0.388787
v 0.090653 -0.418588 0.410064
v 0.091804 -0.384434 0.431385
v 0.092571 -0.350118 0.452745
v 0.092950 -0.315647 0.474137
v 0.092936 -0.281030 0.495555
v 0.092526 -0.246277 0.516994
v 0.091715 -0.211397 0.538446
v 0.090501 -0.176400 0.559905
v 0.088882 -0.141295 0.581365
v 0.086854 -0.106091 0.602819
v 0.084414 -0.070800 0.624261
v 0.081562 -0.035432 0.645684
v 0.078296 0.000005 0.667081
v 0.074614 0.035498 0.688446
v 0.070517 0.071038 0.709772
v 0.066002 0.106613 0.731053
v 0.061072 0.142214 0.752281
v 0.055724 0.177829 0.773451
v 0.049962 0.213448 0.794556
v 0.043785 0.249059 0.815589
v 0.037196 0.284653 0.836543
v 0.030196 0.320218 0.857414
v 0.022787 0.355743 0.878193
v 0.014971 0.391218 0.898875
v 0.017011 -0.966918 0.097990
v 0.023613 -0.936574 0.117965
v 0.029933 -0.905963 0.138058
v 0.035967 -0.875088 0.158265
v 0.041706 -0.843953 0.178582
v 0.047143 -0.812565 0.199004
v 0.052272 -0.780927 0.219528
v 0.057085 -0.749045 0.240150
v 0.061576 -0.716925 0.260863
v 0.065738 -0.684571 0.281664
v 0.069564 -0.651992 0.302548
v 0.073050 -0.619192 0.323510
v 0.076187 -0.586179 0.344544
v 0.078970 -0.552959 0.365645
v 0.081395 -0.519540 0.386808
v 0.083454 -0.485929 0.408027
v 0.085143 -0.452133 0.429297
v 0.086457 -0.418162 0.450611
v 0.087391 -0.384023 0.471963
v 0.087941 -0.349725 0.493349
v 0.088101 -0.315276 0.514760
v 0.087869 -0.280685 0.536192
v 0.087241 -0.245962 0.557637
v 0.086213 -0.211115 0.579090
v 0.084782 -0.176155 0.600544
v 0.082947 -0.141091 0.621993
v 0.080703 -0.105933 0.643430
v 0.078050 -0.070691 0.664848
v 0.074985 -0.035375 0.686241
v 0.071508 0.000004 0.707602
v 0.067616 0.035437 0.728925
v 0.063311 0.070913 0.750202
v 0.058591 0.106420 0.771429
v 0.053458 0.141949 0.792597
v 0.047911 0.177489 0.813700
v 0.041950 0.213028 0.834732
v 0.035579 0.248557 0.855686
v 0.028798 0.284065 0.876557
v 0.021608 0.319540 0.897336
v 0.014014 0.354973 0.918020
v 0.015935 -0.966659 0.137149
v 0.022347 -0.936280 0.157237
v 0.028476 -0.905635 0.177439
v 0.034315 -0.874730 0.197750
v 0.039856 -0.843568 0.218167
v 0.045094 -0.812154 0.238684
v 0.050021 -0.780494 0.259299
v 0.054630 -0.748593 0.280005
v 0.058914 -0.716456 0.300799
v 0.062869 -0.684090 0.321676
v 0.066486 -0.651500 0.342630
v 0.069760 -0.618694 0.363656
v 0.072684 -0.585677 0.384749
v 0.075255 -0.552457 0.405904
v 0.077464 -0.519041 0.427115
v 0.079308 -0.485437 0.448377
v 0.080780 -0.451652 0.469683
v 0.081877 -0.417695 0.491028
v 0.082593 -0.383574 0.512405
v 0.082925 -0.349297 0.533809
v 0.082868 -0.314874 0.555233
v 0.082418 -0.280312 0.576672
v 0.081573 -0.245622 0.598118
v 0.080328 -0.210812 0.619566
v 0.078682 -0.175893 0.641008
v 0.076631 -0.140874 0.662439
v 0.074173 -0.105764 0.683852
v 0.071307 -0.070574 0.705240
v 0.068031 -0.035314 0.726597
v 0.064344 0.000005 0.747916
v 0.060246 0.035374 0.769190
v 0.055735 0.070782 0.790413
v 0.050813 0.106218 0.811579
v 0.045478 0.141672 0.832680
v 0.039733 0.177133 0.853711
v 0.033578 0.212591 0.874665
v 0.027015 0.248034 0.895535
v 0.020045 0.283452 0.916316
v 0.012671 0.318835 0.937000
v 0.014501 -0.966317 0.176271
v 0.020720 -0.935904 0.196467
v 0.026654 -0.905229 0.216772
v 0.032296 -0.874296 0.237182
v 0.037639 -0.843108 0.257692
v 0.042675 -0.811672 0.278299
v 0.047398 -0.779993 0.298998
v 0.051802 -0.748075 0.319784
v 0.055879 -0.715925 0.340652
v 0.059624 -0.683548 0.361598
v 0.063031 -0.650951 0.382616
v 0.066092 -0.618140 0.403700
v 0.068804 -0.585123 0.424847
v 0.071159 -0.551906 0.446049
v 0.073153 -0.518496 0.467302
v 0.074780 -0.484902 0.488599
v 0.076036 -0.451131 0.509935
v 0.076916 -0.417192 0.531304
v 0.077414 -0.383091 0.552700
v 0.077529 -0.348839 0.574116
v 0.077254 -0.314444 0.595547
v 0.076588 -0.279915 0.616986
v 0.075525 -0.245261 0.638427
v 0.074065 -0.210491 0.659863
v 0.072203 -0.175616 0.681287
v 0.069939 -0.140644 0.702694
v 0.067269 -0.105586 0.724077
v 0.064191 -0.070452 0.745429
v 0.060707 -0.035252 0.766743
v 0.056812 0.000005 0.788014
v 0.052509 0.035307 0.809234
v 0.047795 0.070644 0.830396
v 0.042672 0.106006 0.851496
v 0.037140 0.141382 0.872525
v 0.031200 0.176761 0.893477
v 0.024853 0.212133 0.914347
v 0.018101 0.247488 0.935128
v 0.010945 0.282815 0.955813
v 0.012709 -0.965889 0.215346
v 0.018735 -0.935446 0.235644
v 0.024472 -0.904742 0.256047
v 0.029916 -0.873783 0.276550
v 0.035056 -0.842573 0.297149
v 0.039889 -0.811117 0.317839
v 0.044407 -0.779420 0.338616
v 0.048603 -0.747489 0.359475
v 0.052472 -0.715327 0.380412
v 0.056007 -0.682943 0.401420
v 0.059201 -0.650341 0.422496
v 0.062050 -0.617530 0.443632
v 0.064547 -0.584515 0.464825
v 0.066688 -0.551304 0.486069
v 0.068465 -0.517904 0.507357
v 0.069876 -0.484322 0.528683
v 0.070915 -0.450568 0.550043
v 0.071578 -0.416649 0.571430
v 0.071859 -0.382572 0.592838
v 0.071756 -0.348348 0.614261
v 0.071265 -0.313985 0.635691
v 0.070382 -0.279491 0.657124
v 0.069104 -0.244877 0.678553
v 0.067429 -0.210150 0.699971
v 0.065354 -0.175322 0.721371
v 0.062877 -0.140401 0.742748
v 0.059996 -0.105398 0.764094
v 0.056710 -0.070322 0.785404
v 0.053017 -0.035185 0.806670
v 0.048918 0.000006 0.827886
v 0.044412 0.035238 0.849045
v 0.039498 0.070501 0.870142
v 0.034177 0.105785 0.891169
v 0.028450 0.141080 0.912120
v 0.022317 0.176375 0.932989
v 0.015782 0.211660 0.953770
v 0.010564 -0.965376 0.254364
v 0.016393 -0.934904 0.274759
v 0.021931 -0.904175 0.295253
v 0.027173 -0.873193 0.315843
v 0.032112 -0.841962 0.336524
v 0.036739 -0.810489 0.357291
v 0.041050 -0.778778 0.378141
v 0.045038 -0.746835 0.399067
v 0.048697 -0.714665 0.420065
v 0.052020 -0.682276 0.441130
v 0.055001 -0.649673 0.462257
v 0.057637 -0.616863 0.483439
v 0.059919 -0.583854 0.504672
v 0.061844 -0.550651 0.525950
v 0.063405 -0.517264 0.547267
v 0.064600 -0.483699 0.568617
v 0.065421 -0.449964 0.589994
v 0.065867 -0.416068 0.611393
v 0.065932 -0.382020 0.632806
v 0.065613 -0.347827 0.654228
v 0.064906 -0.313498 0.675652
v 0.063807 -0.279043 0.697073
v 0.062315 -0.244471 0.718483
v 0.060426 -0.209791 0.739876
v 0.058139 -0.175013 0.761246
v 0.055451 -0.140147 0.782587
v 0.052361 -0.105202 0.803891
v 0.048868 -0.070188 0.825152
v 0.044971 -0.035116 0.846363
v 0.040669 0.000005 0.867519
v 0.035962 0.035164 0.888613
v 0.030850 0.070350 0.909637
v 0.025335 0.105554 0.930587
v 0.019415 0.140765 0.951454
v 0.013094 0.175973 0.972234
v 0.013695 -0.934280 0.313800
v 0.019033 -0.903527 0.334380
v 0.024073 -0.872524 0.355051
v 0.028806 -0.841276 0.375808
v 0.033227 -0.809788 0.396647
v 0.037330 -0.778065 0.417563
v 0.041109 -0.746114 0.438550
v 0.044556 -0.713939 0.459604
v 0.047667 -0.681548 0.480720
v 0.050435 -0.648946 0.501891
v 0.052855 -0.616141 0.523113
v 0.054923 -0.583140 0.544380
v 0.056631 -0.549949 0.565686
v 0.057977 -0.516577 0.587026
v 0.058955 -0.483031 0.608392
v 0.059560 -0.449319 0.629781
v 0.059789 -0.415450 0.651184
v 0.059638 -0.381432 0.672597
v 0.059103 -0.347273 0.694012
v 0.058180 -0.312982 0.715424
v 0.056868 -0.278569 0.736826
v 0.055162 -0.244043 0.758211
v 0.053062 -0.209413 0.779574
v 0.050565 -0.174688 0.800908
v 0.047668 -0.139879 0.822206
v 0.044371 -0.104995 0.843461
v 0.040673 -0.070046 0.864668
v 0.036572 -0.035043 0.885820
v 0.032070 0.000006 0.906910
v 0.027165 0.035088 0.927931
v 0.021858 0.070195 0.948878
v 0.016150 0.105316 0.969745
v 0.010645 -0.933575 0.352758
v 0.015780 -0.902801 0.373418
v 0.020615 -0.871780 0.394164
v 0.025143 -0.840517 0.414992
v 0.029356 -0.809016 0.435896
v 0.033250 -0.777285 0.456871
v 0.036818 -0.745327 0.477913
v 0.040053 -0.713150 0.499017
v 0.042951 -0.680759 0.520177
v 0.045505 -0.648162 0.541387
v 0.047711 -0.615365 0.562642
v 0.049563 -0.582374 0.583936
v 0.051055 -0.549199 0.605265
v 0.052185 -0.515845 0.626620
v 0.052946 -0.482321 0.647998
v 0.053336 -0.448635 0.669390
v 0.053349 -0.414796 0.690793
v 0.052982 -0.380811 0.712198
v 0.052232 -0.346689 0.733601
v 0.051096 -0.312440 0.754994
v 0.049571 -0.278072 0.776371
v 0.047654 -0.243595 0.797726
v 0.045343 -0.209017 0.819052
v 0.042636 -0.174349 0.840343
v 0.039533 -0.139600 0.861593
v 0.036031 -0.104781 0.882794
v 0.032130 -0.069900 0.903941
v 0.027830 -0.034968 0.925027
v 0.023129 0.000005 0.946045
v 0.018029 0.035009 0.966989
v 0.012531 0.070033 0.987854
v 0.012175 -0.901996 0.412357
v 0.016804 -0.870960 0.433172
v 0.021125 -0.839684 0.454064
v 0.025129 -0.808174 0.475027
v 0.028812 -0.776435 0.496057
v 0.032169 -0.744475 0.517147
v 0.035192 -0.712298 0.538294
v 0.037876 -0.679911 0.559492
v 0.040216 -0.647320 0.580735
v 0.042206 -0.614534 0.602017
v 0.043843 -0.581558 0.623333
v 0.045120 -0.548400 0.644676
v 0.046034 -0.515067 0.666042
v 0.046579 -0.481569 0.687423
v 0.046753 -0.447912 0.708815
v 0.046552 -0.414105 0.730210
v 0.045970 -0.380157 0.751602
v 0.045007 -0.346075 0.772985
v 0.043657 -0.311870 0.794353
v 0.041921 -0.277550 0.815699
v 0.039794 -0.243125 0.837018
v 0.037275 -0.208603 0.858301
v 0.034362 -0.173995 0.879544
v 0.031054 -0.139309 0.900739
v 0.027349 -0.104557 0.921880
v 0.023248 -0.069747 0.942961
v 0.018749 -0.034889 0.963975
v 0.013855 0.000005 0.984917
v 0.012643 -0.870062 0.472065
v 0.016755 -0.838776 0.493015
v 0.020550 -0.807259 0.514031
v 0.024023 -0.775517 0.535108
v 0.027166 -0.743556 0.556241
v 0.029976 -0.711382 0.577425
v 0.032446 -0.679001 0.598655
v 0.034572 -0.646421 0.619924
v 0.036347 -0.613648 0.641226
v 0.037768 -0.580689 0.662557
v 0.038830 -0.547551 0.683910
v 0.039529 -0.514244 0.705280
v 0.039859 -0.480773 0.726659
v 0.039818 -0.447148 0.748043
v 0.039402 -0.413377 0.769424
v 0.038608 -0.379468 0.790797
v 0.037432 -0.345431 0.812155
v 0.035872 -0.311273 0.833492
v 0.033925 -0.277004 0.854802
v 0.031590 -0.242633 0.876077
v 0.028864 -0.208170 0.897312
v 0.025747 -0.173625 0.918501
v 0.022236 -0.139006 0.939636
v 0.018331 -0.104323 0.960712
v 0.014033 -0.069587 0.981721
v 0.012036 -0.837799 0.531835
v 0.015621 -0.806278 0.552898
v 0.018882 -0.774535 0.574017
v 0.021813 -0.742576 0.595186
v 0.024410 -0.710407 0.616401
v 0.026666 -0.678036 0.637656
v 0.028577 -0.645468 0.658945
v 0.030137 -0.612711 0.680262
v 0.031344 -0.579772 0.701602
v 0.032191 -0.546658 0.722959
v 0.032674 -0.513378 0.744326
v 0.032791 -0.479939 0.765697
v 0.032536 -0.446349 0.787066
v 0.031907 -0.412616 0.808428
v 0.030900 -0.378750 0.829776
v 0.029514 -0.344759 0.851103
v 0.027744 -0.310651 0.872403
v 0.025590 -0.276436 0.893669
v 0.023048 -0.242123 0.914896
v 0.020118 -0.207722 0.936078
v 0.016798 -0.173242 0.957206
v 0.013088 -0.138692 0.978276
v 0.013396 -0.773483 0.612772
v 0.016115 -0.741529 0.633972
v 0.018498 -0.709369 0.655212
v 0.020540 -0.677009 0.676486
v 0.022237 -0.644457 0.697788
v 0.023583 -0.611719 0.719114
v 0.024575 -0.578803 0.740456
v 0.025208 -0.545716 0.761810
v 0.025477 -0.512466 0.783168
v 0.025380 -0.479061 0.804525
v 0.024913 -0.445509 0.825875
v 0.024072 -0.411818 0.847211
v 0.022856 -0.377998 0.868527
v 0.021260 -0.344056 0.889817
v 0.019282 -0.310001 0.911074
v 0.016921 -0.275843 0.932292
v 0.014176 -0.241592 0.953465
v 0.011044 -0.207255 0.974586
v 0.012244 -0.708273 0.693848
v 0.014073 -0.675928 0.715135
v 0.015556 -0.643394 0.736445
v 0.016688 -0.610679 0.757773
v 0.017466 -0.577788 0.779112
v 0.017885 -0.544731 0.800457
v 0.017943 -0.511514 0.821800
v 0.017633 -0.478146 0.843137
v 0.016954 -0.444634 0.864461
v 0.015904 -0.410988 0.885765
v 0.014478 -0.377216 0.907044
v 0.012675 -0.343326 0.928291
v 0.010492 -0.309328 0.949499
v -0.008064 -0.543704 -0.838888
v -0.010756 -0.542585 -0.837106
v -0.009739 -0.807318 -0.592749
v -0.010955 -0.803142 -0.590475
v -0.009740 -0.807312 0.592754
v -0.010955 -0.803136 0.590481
v -0.008008 0.269613 -0.962661
v -0.010701 0.278603 -0.957991
v -0.008007 0.282751 -0.959025
v -0.010700 0.282791 -0.956833
v -0.007984 0.286514 -0.957984
v -0.010693 0.283994 -0.956500
v -0.008013 0.318633 -0.947576
v -0.010704 0.318673 -0.945348
v -0.010634 0.289677 -0.954927
v -0.007945 0.290285 -0.956940
v -0.007971 0.330338 -0.943708
v -0.010671 0.327923 -0.942292
v -0.010604 0.336169 -0.939568
v -0.007918 0.336890 -0.941544
v -0.008003 0.354631 -0.934701
v -0.010693 0.354674 -0.932430
v -0.007981 0.372073 -0.927972
v -0.010674 0.369749 -0.926615
v -0.010604 0.381534 -0.922069
v -0.007918 0.382683 -0.923880
v -0.007975 0.390748 -0.920305
v -0.010670 0.390795 -0.917963
v -0.010690 0.409667 -0.909595
v -0.007997 0.411933 -0.910914
v -0.010622 0.427034 -0.901893
v -0.007937 0.426979 -0.904245
v -0.008007 0.450087 -0.892648
v -0.010685 0.447934 -0.891400
v -0.007979 0.463338 -0.885978
v -0.010654 0.463404 -0.883610
v -0.010600 0.470094 -0.880242
v -0.007914 0.471397 -0.881921
v -0.008000 0.486673 -0.873267
v -0.010682 0.484560 -0.872047
v -0.008000 0.499828 -0.865815
v -0.010681 0.499897 -0.863359
v -0.010650 0.519764 -0.851677
v -0.007975 0.521804 -0.852852
v -0.010599 0.513356 -0.855734
v -0.007912 0.514103 -0.857729
v -0.008005 0.536440 -0.843584
v -0.010684 0.536510 -0.841076
v -0.008003 0.573177 -0.819070
v -0.010698 0.573249 -0.816421
v -0.007927 0.555570 -0.831470
v -0.010614 0.553543 -0.830295
v -0.007978 0.587593 -0.808916
v -0.010676 0.585578 -0.807741
v -0.010600 0.594751 -0.801281
v -0.007911 0.595699 -0.803208
v -0.008009 0.610039 -0.792017
v -0.010705 0.610112 -0.789293
v -0.008016 0.618405 -0.785488
v -0.010710 0.616450 -0.784347
v -0.008041 0.647030 -0.762110
v -0.010745 0.647106 -0.759274
v -0.010608 0.633130 -0.771330
v -0.007918 0.634393 -0.773010
v -0.008025 0.648051 -0.761229
v -0.010760 0.646134 -0.760113
v -0.008032 0.651660 -0.758116
v -0.010753 0.642734 -0.763045
v -0.008012 0.175839 -0.984126
v -0.010702 0.175862 -0.981988
v -0.010641 0.146444 -0.987092
v -0.007951 0.146730 -0.989177
v -0.008001 0.141856 -0.989778
v -0.010633 0.147293 -0.986988
v -0.007950 0.191553 -0.981399
v -0.010652 0.188759 -0.979750
v -0.010607 0.194655 -0.978727
v -0.007924 0.195090 -0.980785
v -0.008001 0.211360 -0.977132
v -0.010687 0.211385 -0.974970
v -0.007965 0.240376 -0.970616
v -0.010655 0.237721 -0.969056
v -0.010630 0.242488 -0.967986
v -0.007952 0.242980 -0.970031
v -0.007981 0.246999 -0.968919
v -0.010663 0.247026 -0.966730
v -0.010609 0.670057 -0.739476
v -0.007927 0.671559 -0.740951
v -0.007982 0.676585 -0.736166
v -0.010660 0.674684 -0.735072
v -0.008007 0.684122 -0.728990
v -0.010691 0.684211 -0.726001
v -0.007952 0.703813 -0.710243
v -0.010642 0.701923 -0.709137
v -0.008007 0.721363 -0.692133
v -0.010702 0.721453 -0.688990
v -0.010602 0.705640 -0.705599
v -0.007917 0.707107 -0.707107
v -0.008010 0.729686 -0.683391
v -0.010704 0.727823 -0.682299
v -0.010610 0.739373 -0.670168
v -0.007918 0.740951 -0.671559
v -0.007979 0.746912 -0.664649
v -0.010632 0.741519 -0.667680
v -0.008019 0.069988 -0.997252
v -0.010683 0.069994 -0.995257
v -0.010615 0.053068 -0.996507
v -0.007939 0.048561 -0.998808
v -0.007992 0.084117 -0.996210
v -0.010665 0.081115 -0.994425
v -0.010592 0.095828 -0.993335
v -0.007922 0.098017 -0.995185
v -0.007973 0.105156 -0.994304
v -0.010659 0.105165 -0.992184
v -0.008013 0.140439 -0.989953
v -0.010698 0.140179 -0.987865
v -0.010711 0.752685 -0.654736
v -0.008033 0.754536 -0.655810
v -0.010698 0.758820 -0.647624
v -0.008024 0.758718 -0.650962
v -0.010655 0.776529 -0.626468
v -0.007970 0.778364 -0.627534
v -0.010597 0.771404 -0.633035
v -0.007910 0.773010 -0.634393
v -0.010686 0.796313 -0.601118
v -0.007998 0.796210 -0.604666
v -0.010674 0.799202 -0.597415
v -0.007977 0.801027 -0.598494
v -0.010641 0.801506 -0.594463
v -0.007946 0.803208 -0.595699
v -0.007974 0.807588 -0.589479
v -0.010652 0.803292 -0.591928
v -0.008026 -0.028255 -0.999306
v -0.010711 -0.024249 -0.997268
v -0.010636 -0.000002 -0.997856
v -0.007936 -0.000002 -1.000000
v -0.008013 0.024264 -0.999404
v -0.010704 0.020794 -0.997334
v -0.008015 0.034927 -0.999143
v -0.010711 0.034938 -0.996972
v -0.008000 0.822336 -0.568540
v -0.010683 0.820516 -0.567471
v -0.007952 0.833824 -0.551853
v -0.010658 0.833930 -0.547755
v -0.010603 0.829723 -0.554398
v -0.007921 0.831470 -0.555570
v -0.008015 0.842648 -0.537918
v -0.010708 0.840832 -0.536855
v -0.010677 0.848349 -0.524984
v -0.007975 0.852258 -0.522742
v -0.007960 -0.096301 -0.995311
v -0.010655 -0.092686 -0.993469
v -0.008008 -0.069530 -0.997286
v -0.010697 -0.069538 -0.995177
v -0.010617 -0.049451 -0.996658
v -0.007926 -0.049068 -0.998796
v -0.007994 -0.040875 -0.998997
v -0.010658 -0.044576 -0.996777
v -0.008027 -0.034817 -0.999145
v -0.010712 -0.034827 -0.997013
v -0.010605 0.855923 -0.513024
v -0.007923 0.857729 -0.514103
v -0.007983 0.861962 -0.506630
v -0.010664 0.860146 -0.505570
v -0.008000 0.871576 -0.489659
v -0.010685 0.871689 -0.485194
v -0.007964 0.880105 -0.474602
v -0.010657 0.878297 -0.473529
v -0.010627 0.880064 -0.470409
v -0.007933 0.881921 -0.471397
v -0.007981 0.887065 -0.461177
v -0.010661 0.883740 -0.463106
v -0.007985 -0.156737 -0.987440
v -0.010661 -0.153601 -0.985850
v -0.010620 -0.146423 -0.987095
v -0.007928 -0.146730 -0.989177
v -0.007983 -0.138594 -0.990180
v -0.010673 -0.138617 -0.988058
v -0.010692 -0.118478 -0.990542
v -0.008006 -0.114095 -0.993202
v -0.010674 -0.104134 -0.992311
v -0.007994 -0.104128 -0.994431
v -0.010630 -0.097805 -0.993091
v -0.007951 -0.098017 -0.995185
v -0.007997 0.896877 -0.441684
v -0.010680 0.895064 -0.440610
v -0.008004 0.909459 -0.415216
v -0.010721 0.909580 -0.409767
v -0.010596 0.902135 -0.426561
v -0.007913 0.903989 -0.427555
v -0.007979 0.912616 -0.408093
v -0.010711 0.910796 -0.407023
v -0.008029 0.914689 -0.403417
v -0.010730 0.911596 -0.405219
v -0.008028 -0.211994 -0.976990
v -0.010722 -0.209060 -0.975494
v -0.008023 -0.207230 -0.978059
v -0.010720 -0.207247 -0.975901
v -0.007962 -0.198320 -0.980060
v -0.010697 -0.203865 -0.976660
v -0.008016 -0.172963 -0.984625
v -0.010699 -0.172988 -0.982486
v -0.010618 -0.194700 -0.978718
v -0.007934 -0.195090 -0.980785
v -0.007972 0.927292 -0.373837
v -0.010662 0.925455 -0.372755
v -0.010594 0.921893 -0.381988
v -0.007908 0.923880 -0.382683
v -0.007993 0.937120 -0.348359
v -0.010680 0.934208 -0.350063
v -0.008013 -0.263121 -0.964458
v -0.010694 -0.260347 -0.963043
v -0.010621 -0.242445 -0.967997
v -0.007931 -0.242980 -0.970031
v -0.007945 -0.241351 -0.970397
v -0.010630 -0.241388 -0.968234
v -0.007961 0.940786 -0.338855
v -0.010639 0.938954 -0.337759
v -0.007996 0.947464 -0.318971
v -0.010697 0.947588 -0.311893
v -0.010623 0.939572 -0.336156
v -0.007942 0.941544 -0.336890
v -0.008014 0.952766 -0.302921
v -0.010708 0.950916 -0.301820
v -0.007975 0.955171 -0.295639
v -0.010684 0.952427 -0.297245
v -0.008049 -0.310697 -0.950197
v -0.010747 -0.308078 -0.948849
v -0.010747 -0.309356 -0.948427
v -0.008049 -0.309323 -0.950651
v -0.008027 -0.305376 -0.951955
v -0.010767 -0.312988 -0.947227
v -0.008010 -0.275386 -0.961064
v -0.010691 -0.275427 -0.958869
v -0.010608 -0.289704 -0.954919
v -0.007924 -0.290285 -0.956940
v -0.008001 0.963583 -0.266282
v -0.010690 0.961709 -0.265169
v -0.010611 0.954923 -0.289689
v -0.007924 0.956940 -0.290285
v -0.007938 0.969507 -0.244876
v -0.010634 0.966900 -0.246409
v -0.008013 -0.355299 -0.934443
v -0.010702 -0.352797 -0.933155
v -0.010674 -0.343165 -0.936870
v -0.007979 -0.343129 -0.939138
v -0.007927 -0.336890 -0.941544
v -0.010616 -0.336170 -0.939568
v -0.010599 0.968212 -0.241668
v -0.007924 0.970031 -0.242980
v -0.007994 0.973191 -0.228910
v -0.010668 0.971327 -0.227804
v -0.010636 0.978185 -0.197289
v -0.007961 0.980614 -0.195853
v -0.008006 -0.397274 -0.917412
v -0.010687 -0.394874 -0.916175
v -0.010613 -0.381864 -0.921942
v -0.007924 -0.382683 -0.923880
v -0.010651 -0.376867 -0.923870
v -0.007968 -0.376813 -0.926144
v -0.007984 0.981533 -0.190780
v -0.010670 0.979580 -0.189622
v -0.008000 0.985603 -0.167326
v -0.010693 0.985732 -0.154191
v -0.007994 0.988309 -0.151732
v -0.010691 0.986363 -0.150569
v -0.007974 0.988891 -0.148377
v -0.010686 0.986501 -0.149782
v -0.008011 -0.410410 -0.911589
v -0.010693 -0.410467 -0.909263
v -0.010611 -0.426644 -0.902093
v -0.007925 -0.427555 -0.903989
v -0.008004 -0.436945 -0.899263
v -0.010679 -0.434635 -0.898070
v -0.008005 0.993492 -0.111746
v -0.010697 0.991519 -0.110570
v -0.010646 0.987127 -0.146180
v -0.007956 0.989177 -0.146730
v -0.007964 0.994664 -0.102240
v -0.010667 0.992380 -0.103588
v -0.007954 -0.471397 -0.881921
v -0.010639 -0.470397 -0.880069
v -0.008024 -0.443896 -0.895764
v -0.010705 -0.443955 -0.893379
v -0.007990 -0.474571 -0.880123
v -0.010660 -0.472339 -0.878969
v -0.010699 0.995166 -0.069699
v -0.008008 0.997185 -0.070901
v -0.010614 0.993091 -0.097819
v -0.007925 0.995185 -0.098017
v -0.010671 0.995981 -0.058646
v -0.007974 0.998185 -0.057343
v -0.008005 -0.477272 -0.878593
v -0.010687 -0.477333 -0.876140
v -0.008006 -0.510113 -0.859989
v -0.010687 -0.509078 -0.858156
v -0.010597 0.996695 -0.048969
v -0.007911 0.998796 -0.049068
v -0.008001 0.999285 -0.029146
v -0.010693 0.997212 -0.027916
v -0.007988 0.999667 -0.013576
v -0.010683 0.997533 -0.014841
v -0.010696 -0.532021 -0.843891
v -0.008015 -0.533159 -0.845664
v -0.010645 -0.513022 -0.855922
v -0.007963 -0.514103 -0.857729
v -0.010593 0.997897 0.000000
v -0.007906 1.000000 0.000000
v -0.007989 0.999667 0.013578
v -0.010683 0.997533 0.014842
v -0.008002 0.999285 0.029148
v -0.010694 0.997212 0.027918
v -0.007963 -0.559835 -0.828466
v -0.010645 -0.558613 -0.826753
v -0.010631 -0.554409 -0.829717
v -0.007938 -0.555570 -0.831470
v -0.010671 0.995981 0.058648
v -0.007974 0.998185 0.057345
v -0.010597 0.996695 0.048968
v -0.007911 0.998796 0.049068
v -0.008008 0.997185 0.070902
v -0.010699 0.995166 0.069701
v -0.008052 -0.576759 -0.816547
v -0.010735 -0.575549 -0.814825
v -0.007933 -0.595699 -0.803208
v -0.010616 -0.594441 -0.801520
v -0.008029 -0.606677 -0.794640
v -0.010705 -0.604644 -0.793558
v -0.010667 0.992380 0.103589
v -0.007965 0.994664 0.102242
v -0.010614 0.993091 0.097819
v -0.007926 0.995185 0.098017
v -0.008005 0.993491 0.111748
v -0.010697 0.991519 0.110572
v -0.007969 -0.636102 -0.771536
v -0.010646 -0.634117 -0.770471
v -0.010633 -0.633064 -0.771378
v -0.007948 -0.634393 -0.773010
v -0.008034 -0.609702 -0.792279
v -0.010714 -0.609784 -0.789547
v -0.007974 0.988890 0.148380
v -0.010686 0.986501 0.149785
v -0.010647 0.987127 0.146180
v -0.007956 0.989177 0.146730
v -0.007995 0.988308 0.151733
v -0.010692 0.986363 0.150570
v -0.008000 -0.642545 -0.765979
v -0.010686 -0.642627 -0.763130
v -0.007994 -0.663842 -0.747608
v -0.010681 -0.661873 -0.746528
v -0.008000 0.985605 0.167317
v -0.010694 0.985733 0.154184
v -0.007985 0.981533 0.190781
v -0.010671 0.979580 0.189622
v -0.008015 -0.690348 -0.723062
v -0.010704 -0.688417 -0.721998
v -0.007964 -0.675281 -0.737408
v -0.010659 -0.675364 -0.734424
v -0.010616 -0.670156 -0.739383
v -0.007933 -0.671559 -0.740951
v -0.007961 0.980613 0.195856
v -0.010636 0.978184 0.197292
v -0.010668 0.971327 0.227805
v -0.007994 0.973191 0.228911
v -0.010654 -0.708001 -0.703118
v -0.007948 -0.707915 -0.706258
v -0.008009 -0.715779 -0.697998
v -0.010700 -0.713878 -0.696946
v -0.010624 -0.705623 -0.705615
v -0.007938 -0.707107 -0.707107
v -0.007938 0.969506 0.244880
v -0.010635 0.966899 0.246412
v -0.010599 0.968212 0.241668
v -0.007924 0.970031 0.242980
v -0.008001 0.963583 0.266283
v -0.010690 0.961708 0.265170
v -0.010686 -0.731370 -0.678572
v -0.007991 -0.739208 -0.673390
v -0.007989 -0.740125 -0.672427
v -0.010673 -0.738612 -0.670965
v -0.010684 0.952426 0.297249
v -0.007976 0.955170 0.295643
v -0.010612 0.954923 0.289689
v -0.007925 0.956940 0.290285
v -0.008014 0.952766 0.302921
v -0.010708 0.950915 0.301821
v -0.010674 -0.738624 -0.670953
v -0.007977 -0.740951 -0.671559
v -0.008012 -0.762956 -0.646049
v -0.010710 -0.761038 -0.644965
v -0.010639 0.938954 0.337760
v -0.007962 0.940786 0.338855
v -0.007942 0.941544 0.336890
v -0.010624 0.939572 0.336156
v -0.007997 0.947466 0.318963
v -0.010697 0.947590 0.311885
v -0.010621 -0.773086 -0.630989
v -0.007936 -0.773010 -0.634393
v -0.008016 -0.784849 -0.619223
v -0.010690 -0.783054 -0.618204
v -0.007993 0.937118 0.348364
v -0.010680 0.934206 0.350068
v -0.010661 0.925455 0.372755
v -0.007972 0.927292 0.373837
v -0.010677 -0.803087 -0.592219
v -0.009648 -0.807300 -0.593540
v -0.010637 -0.800838 -0.595412
v -0.007961 -0.803208 -0.595699
v -0.010594 0.921893 0.381988
v -0.007908 0.923880 0.382683
v -0.008029 0.914687 0.403421
v -0.010730 0.911594 0.405222
v -0.007979 0.912616 0.408093
v -0.010711 0.910796 0.407023
v -0.009655 -0.808331 -0.592077
v -0.010692 -0.805368 -0.588978
v -0.007994 -0.825521 -0.564020
v -0.010680 -0.823694 -0.562958
v -0.008005 0.909461 0.415211
v -0.010721 0.909582 0.409761
v -0.010597 0.902135 0.426561
v -0.007913 0.903989 0.427555
v -0.007997 0.896877 0.441684
v -0.010680 0.895063 0.440610
v -0.007991 -0.837418 -0.546177
v -0.010695 -0.837524 -0.542078
v -0.008030 -0.844157 -0.535534
v -0.010723 -0.842340 -0.534474
v -0.007928 -0.831470 -0.555570
v -0.010612 -0.829729 -0.554389
v -0.007981 0.887063 0.461183
v -0.010661 0.883737 0.463111
v -0.010656 0.878296 0.473529
v -0.007963 0.880105 0.474602
v -0.010627 0.880064 0.470410
v -0.007933 0.881921 0.471397
v -0.007983 -0.852930 -0.521681
v -0.010689 -0.848606 -0.524579
v -0.007937 -0.857729 -0.514103
v -0.010619 -0.855921 -0.513028
v -0.007996 -0.861963 -0.506627
v -0.010678 -0.860147 -0.505567
v -0.007983 0.861962 0.506630
v -0.010664 0.860146 0.505570
v -0.008000 0.871580 0.489652
v -0.010684 0.871692 0.485188
v -0.008010 -0.869536 -0.493260
v -0.010696 -0.869648 -0.488796
v -0.007985 -0.878657 -0.477158
v -0.010676 -0.876851 -0.476081
v -0.010677 0.848345 0.524990
v -0.007975 0.852254 0.522749
v -0.010605 0.855923 0.513024
v -0.007923 0.857729 0.514103
v -0.010708 0.840832 0.536854
v -0.008015 0.842648 0.537918
v -0.007996 -0.887485 -0.460344
v -0.010669 -0.883923 -0.462743
v -0.007936 -0.881921 -0.471397
v -0.010627 -0.880066 -0.470406
v -0.008028 -0.894181 -0.447041
v -0.010709 -0.892372 -0.445957
v -0.010683 0.820516 0.567471
v -0.008000 0.822335 0.568540
v -0.007921 0.831470 0.555570
v -0.010603 0.829723 0.554398
v -0.007952 0.833827 0.551847
v -0.010658 0.833934 0.547749
v -0.008010 -0.908892 -0.416496
v -0.010703 -0.907074 -0.415409
v -0.010625 -0.902092 -0.426648
v -0.007933 -0.903989 -0.427555
v -0.007965 -0.901539 -0.432422
v -0.010630 -0.901655 -0.427516
v -0.007974 0.807584 0.589486
v -0.010652 0.803287 0.591935
v -0.010641 0.801506 0.594463
v -0.007946 0.803208 0.595699
v -0.007977 0.801027 0.598494
v -0.010674 0.799202 0.597415
v -0.008015 -0.914441 -0.403976
v -0.010707 -0.911164 -0.406181
v -0.007964 -0.922646 -0.385467
v -0.010646 -0.920836 -0.384360
v -0.007999 0.796213 0.604662
v -0.010687 0.796316 0.601114
v -0.007970 0.778364 0.627534
v -0.010655 0.776529 0.626468
v -0.008036 -0.933478 -0.357800
v -0.010741 -0.933600 -0.351643
v -0.008045 -0.935072 -0.353669
v -0.010739 -0.933249 -0.352552
v -0.007938 -0.923880 -0.382683
v -0.010623 -0.921942 -0.381866
v -0.010711 0.752685 0.654736
v -0.008033 0.754537 0.655810
v -0.008025 0.758722 0.650958
v -0.010699 0.758824 0.647619
v -0.010597 0.771404 0.633035
v -0.007910 0.773010 0.634393
v -0.008034 -0.936069 -0.351085
v -0.010742 -0.933029 -0.353123
v -0.007927 -0.941544 -0.336890
v -0.010614 -0.939556 -0.336202
v -0.008010 -0.946655 -0.321420
v -0.010700 -0.944813 -0.320289
v -0.007980 0.746905 0.664657
v -0.010633 0.741512 0.667689
v -0.010611 0.739373 0.670168
v -0.007919 0.740951 0.671559
v -0.008010 0.729686 0.683391
v -0.010704 0.727823 0.682299
v -0.007995 -0.953419 -0.300945
v -0.010687 -0.950573 -0.302853
v -0.007962 -0.957377 -0.288706
v -0.010648 -0.955514 -0.287554
v -0.007949 -0.956940 -0.290285
v -0.010630 -0.954930 -0.289666
v -0.007952 0.703813 0.710243
v -0.010641 0.701923 0.709137
v -0.007917 0.707107 0.707107
v -0.010602 0.705640 0.705599
v -0.008007 0.721368 0.692128
v -0.010702 0.721458 0.688985
v -0.008028 -0.965291 -0.260108
v -0.010730 -0.965418 -0.251767
v -0.008033 -0.966660 -0.255164
v -0.010727 -0.964801 -0.253998
v -0.008007 0.684127 0.728985
v -0.010691 0.684216 0.725996
v -0.010660 0.674683 0.735072
v -0.007982 0.676585 0.736166
v -0.008023 -0.967221 -0.253135
v -0.010732 -0.964546 -0.254919
v -0.007936 -0.970031 -0.242980
v -0.010624 -0.967990 -0.242474
v -0.008023 -0.974955 -0.221053
v -0.010714 -0.973067 -0.219867
v -0.008033 0.651638 0.758135
v -0.010754 0.642712 0.763065
v -0.010609 0.670058 0.739476
v -0.007927 0.671559 0.740951
v -0.008026 0.648051 0.761230
v -0.010760 0.646133 0.760114
v -0.007999 -0.978065 -0.207203
v -0.010695 -0.975531 -0.208892
v -0.007987 -0.982293 -0.186401
v -0.010676 -0.980369 -0.185185
v -0.007929 -0.980785 -0.195090
v -0.010614 -0.978719 -0.194696
v -0.010745 0.647112 0.759269
v -0.008042 0.647036 0.762105
v -0.010608 0.633130 0.771330
v -0.007918 0.634393 0.773010
v -0.008016 0.618405 0.785488
v -0.010710 0.616450 0.784347
v -0.008012 -0.986369 -0.162909
v -0.010699 -0.983956 -0.164516
v -0.007975 -0.988426 -0.151058
v -0.010653 -0.986505 -0.149821
v -0.007978 0.587593 0.808917
v -0.010676 0.585578 0.807741
v -0.007911 0.595699 0.803208
v -0.010600 0.594750 0.801282
v -0.008009 0.610044 0.792013
v -0.010705 0.610118 0.789289
v -0.008036 -0.992471 -0.120020
v -0.010715 -0.990161 -0.121557
v -0.007938 -0.989177 -0.146730
v -0.010624 -0.987093 -0.146433
v -0.008032 -0.993111 -0.114831
v -0.010710 -0.991148 -0.113558
v -0.007928 0.555565 0.831473
v -0.010614 0.553538 0.830298
v -0.008003 0.573183 0.819066
v -0.010698 0.573256 0.816417
v -0.010615 -0.993091 -0.097806
v -0.007932 -0.995185 -0.098017
v -0.008053 -0.996668 -0.077913
v -0.010735 -0.994568 -0.077769
v -0.007975 0.521803 0.852853
v -0.010651 0.519764 0.851678
v -0.008005 0.536446 0.843580
v -0.010684 0.536517 0.841072
v -0.008017 -0.999011 -0.040284
v -0.010719 -0.996942 -0.038952
v -0.010635 -0.996696 -0.048952
v -0.007943 -0.998796 -0.049068
v -0.008037 -0.997007 -0.073312
v -0.010728 -0.994912 -0.073148
v -0.010682 0.484559 0.872048
v -0.008001 0.486672 0.873268
v -0.008000 0.499834 0.865812
v -0.010681 0.499903 0.863355
v -0.010599 0.513356 0.855735
v -0.007913 0.514103 0.857729
v -0.008026 -0.999072 -0.037788
v -0.010718 -0.996936 -0.039193
v -0.007979 -0.999955 -0.001828
v -0.010668 -0.997887 -0.000469
v -0.008007 0.450086 0.892648
v -0.010685 0.447933 0.891400
v -0.007980 0.463345 0.885974
v -0.010654 0.463411 0.883607
v -0.010600 0.470093 0.880242
v -0.007914 0.471397 0.881921
v -0.010665 -0.997898 0.000001
v -0.007968 -1.000000 0.000000
v -0.007979 -0.999955 0.001833
v -0.010668 -0.997887 0.000474
v -0.008025 -0.999072 0.037792
v -0.010717 -0.996936 0.039197
v -0.007997 0.411933 0.910914
v -0.010690 0.409667 0.909595
v -0.007937 0.426986 0.904241
v -0.010622 0.427041 0.901890
v -0.008017 -0.999011 0.040289
v -0.010718 -0.996942 0.038957
v -0.007943 -0.998796 0.049068
v -0.010634 -0.996696 0.048952
v -0.008037 -0.997007 0.073316
v -0.010719 -0.994909 0.073152
v -0.008053 -0.996635 0.078363
v -0.010736 -0.994536 0.078220
v -0.007981 0.372072 0.927973
v -0.010674 0.369748 0.926615
v -0.007918 0.382683 0.923880
v -0.010604 0.381534 0.922069
v -0.007975 0.390756 0.920301
v -0.010670 0.390802 0.917960
v -0.008033 -0.993110 0.114836
v -0.010710 -0.991147 0.113564
v -0.010616 -0.993091 0.097806
v -0.007932 -0.995185 0.098017
v -0.008036 -0.992471 0.120023
v -0.010715 -0.990161 0.121561
v -0.007971 0.330337 0.943709
v -0.010671 0.327922 0.942293
v -0.007918 0.336890 0.941544
v -0.010605 0.336169 0.939568
v -0.008003 0.354639 0.934698
v -0.010693 0.354681 0.932427
v -0.007975 -0.988425 0.151063
v -0.010653 -0.986505 0.149826
v -0.007938 -0.989177 0.146730
v -0.010624 -0.987093 0.146433
v -0.008012 -0.986369 0.162913
v -0.010699 -0.983955 0.164520
v -0.007984 0.286513 0.957984
v -0.010693 0.283993 0.956500
v -0.007945 0.290285 0.956940
v -0.010635 0.289679 0.954927
v -0.008014 0.318640 0.947573
v -0.010705 0.318680 0.945346
v -0.007987 -0.982292 0.186406
v -0.010676 -0.980368 0.185190
v -0.007929 -0.980785 0.195090
v -0.010614 -0.978719 0.194696
v -0.007999 -0.978064 0.207207
v -0.010695 -0.975530 0.208896
v -0.007966 0.240374 0.970616
v -0.010655 0.237719 0.969056
v -0.010631 0.242488 0.967986
v -0.007952 0.242980 0.970031
v -0.007981 0.247007 0.968917
v -0.010663 0.247034 0.966727
v -0.008008 0.269652 0.962650
v -0.010701 0.278641 0.957981
v -0.008007 0.282758 0.959023
v -0.010701 0.282798 0.956831
v -0.008022 -0.974954 0.221059
v -0.010714 -0.973066 0.219872
v -0.008023 -0.967220 0.253139
v -0.010732 -0.964545 0.254923
v -0.007936 -0.970031 0.242980
v -0.010624 -0.967990 0.242474
v -0.007950 0.191553 0.981399
v -0.010652 0.188760 0.979750
v -0.010607 0.194655 0.978727
v -0.007923 0.195090 0.980785
v -0.008001 0.211367 0.977130
v -0.010687 0.211393 0.974968
v -0.010727 -0.964799 0.254003
v -0.008033 -0.966658 0.255169
v -0.008028 -0.965289 0.260117
v -0.010730 -0.965416 0.251775
v -0.007962 -0.957376 0.288711
v -0.010648 -0.955513 0.287560
v -0.007949 -0.956940 0.290285
v -0.010630 -0.954930 0.289666
v -0.007995 -0.953417 0.300949
v -0.010687 -0.950572 0.302857
v -0.008015 0.139642 0.990051
v -0.010693 0.139383 0.987962
v -0.008002 0.141881 0.989775
v -0.010633 0.147319 0.986983
v -0.007952 0.146730 0.989177
v -0.010642 0.146471 0.987088
v -0.008012 0.175846 0.984125
v -0.010702 0.175869 0.981987
v -0.008010 -0.946653 0.321426
v -0.010700 -0.944811 0.320295
v -0.008034 -0.936067 0.351089
v -0.010742 -0.933028 0.353127
v -0.007927 -0.941544 0.336890
v -0.010614 -0.939556 0.336203
v -0.007993 0.084115 0.996210
v -0.010666 0.081113 0.994425
v -0.010593 0.095825 0.993336
v -0.007923 0.098017 0.995185
v -0.007974 0.105164 0.994303
v -0.010659 0.105173 0.992183
v -0.008045 -0.935070 0.353674
v -0.010740 -0.933247 0.352558
v -0.008036 -0.933475 0.357808
v -0.010742 -0.933597 0.351651
v -0.007964 -0.922643 0.385473
v -0.010646 -0.920834 0.384366
v -0.007938 -0.923880 0.382683
v -0.010623 -0.921942 0.381865
v -0.008015 -0.914439 0.403981
v -0.010707 -0.911162 0.406186
v -0.008013 0.024263 0.999404
v -0.010705 0.020792 0.997334
v -0.008016 0.034935 0.999142
v -0.010712 0.034946 0.996972
v -0.007939 0.048579 0.998807
v -0.010615 0.053087 0.996506
v -0.008020 0.069996 0.997252
v -0.010684 0.070001 0.995256
v -0.010703 -0.907071 0.415415
v -0.008010 -0.908889 0.416502
v -0.007965 -0.901535 0.432431
v -0.010630 -0.901651 0.427523
v -0.007933 -0.903989 0.427555
v -0.010625 -0.902092 0.426648
v -0.008028 -0.894178 0.447047
v -0.010710 -0.892369 0.445963
v -0.007996 -0.887483 0.460347
v -0.010669 -0.883921 0.462746
v -0.010658 -0.044577 0.996777
v -0.007994 -0.040876 0.998997
v -0.008028 -0.034809 0.999146
v -0.010713 -0.034819 0.997014
v -0.008026 -0.028237 0.999307
v -0.010711 -0.024231 0.997268
v -0.007936 0.000000 1.000000
v -0.010636 0.000001 0.997856
v -0.007936 -0.881921 0.471397
v -0.010628 -0.880066 0.470406
v -0.007985 -0.878654 0.477165
v -0.010676 -0.876848 0.476087
v -0.008011 -0.869531 0.493268
v -0.010696 -0.869643 0.488804
v -0.007997 -0.861960 0.506633
v -0.010679 -0.860143 0.505573
v -0.007937 -0.857729 0.514103
v -0.010619 -0.855921 0.513027
v -0.007983 -0.852926 0.521686
v -0.010689 -0.848602 0.524584
v -0.008006 -0.114099 0.993201
v -0.010692 -0.118482 0.990541
v -0.007994 -0.104120 0.994432
v -0.010674 -0.104126 0.992312
v -0.007960 -0.096283 0.995313
v -0.010655 -0.092669 0.993470
v -0.007951 -0.098017 0.995185
v -0.010630 -0.097807 0.993091
v -0.008008 -0.069522 0.997287
v -0.010697 -0.069530 0.995177
v -0.007927 -0.049068 0.998796
v -0.010618 -0.049454 0.996658
v -0.010723 -0.842336 0.534480
v -0.008030 -0.844154 0.535540
v -0.007991 -0.837413 0.546184
v -0.010695 -0.837520 0.542085
v -0.007994 -0.825517 0.564026
v -0.010680 -0.823689 0.562965
v -0.007928 -0.831470 0.555570
v -0.010612 -0.829729 0.554389
v -0.009655 -0.808329 0.592080
v -0.010692 -0.805366 0.588981
v -0.008017 -0.172955 0.984626
v -0.010699 -0.172980 0.982487
v -0.010618 -0.194700 0.978718
v -0.007935 -0.195090 0.980785
v -0.010697 -0.203866 0.976660
v -0.007962 -0.198322 0.980060
v -0.007985 -0.156722 0.987443
v -0.010661 -0.153586 0.985852
v -0.007928 -0.146730 0.989177
v -0.010620 -0.146422 0.987095
v -0.007983 -0.138586 0.990181
v -0.010673 -0.138609 0.988059
v -0.010677 -0.803081 0.592228
v -0.009648 -0.807293 0.593549
v -0.008016 -0.784844 0.619230
v -0.010690 -0.783049 0.618211
v -0.010637 -0.800839 0.595411
v -0.007961 -0.803208 0.595699
v -0.010623 -0.772952 0.631144
v -0.007938 -0.772870 0.634557
v -0.008013 -0.762949 0.646055
v -0.010711 -0.761032 0.644972
v -0.007977 -0.740896 0.671617
v -0.010672 -0.738624 0.670952
v -0.007988 -0.740119 0.672433
v -0.010668 -0.738605 0.670971
v -0.007991 -0.739203 0.673396
v -0.010686 -0.731366 0.678578
v -0.008011 -0.275377 0.961066
v -0.010691 -0.275418 0.958872
v -0.010608 -0.289704 0.954919
v -0.007924 -0.290285 0.956940
v -0.008028 -0.305380 0.951954
v -0.010767 -0.312992 0.947225
v -0.008014 -0.263107 0.964461
v -0.010695 -0.260333 0.963047
v -0.007931 -0.242980 0.970031
v -0.010621 -0.242445 0.967997
v -0.007945 -0.241342 0.970399
v -0.010630 -0.241380 0.968236
v -0.008029 -0.211979 0.976993
v -0.010723 -0.209046 0.975497
v -0.008023 -0.207221 0.978061
v -0.010720 -0.207238 0.975903
v -0.008009 -0.715773 0.698005
v -0.010700 -0.713871 0.696952
v -0.007948 -0.707908 0.706266
v -0.010654 -0.707994 0.703126
v -0.007938 -0.707107 0.707107
v -0.010624 -0.705625 0.705614
v -0.008016 -0.690342 0.723069
v -0.010704 -0.688410 0.722004
v -0.007965 -0.675273 0.737415
v -0.010659 -0.675357 0.734431
v -0.007994 -0.663835 0.747614
v -0.010681 -0.661866 0.746534
v -0.007933 -0.671559 0.740951
v -0.010616 -0.670156 0.739383
v -0.008000 -0.642537 0.765986
v -0.010687 -0.642619 0.763137
v -0.007969 -0.636095 0.771543
v -0.010646 -0.634109 0.770477
v -0.008034 -0.609694 0.792286
v -0.010714 -0.609776 0.789553
v -0.007948 -0.634393 0.773010
v -0.010633 -0.633064 0.771378
v -0.008029 -0.606669 0.794647
v -0.010705 -0.604635 0.793564
v -0.008052 -0.576751 0.816553
v -0.010734 -0.575541 0.814831
v -0.007933 -0.595699 0.803208
v -0.010616 -0.594440 0.801521
v -0.007963 -0.559828 0.828471
v -0.010655 -0.558609 0.826759
v -0.010645 -0.513022 0.855922
v -0.007964 -0.514103 0.857729
v -0.008015 -0.533204 0.845633
v -0.010697 -0.532073 0.843858
v -0.008006 -0.510103 0.859994
v -0.010689 -0.509068 0.858162
v -0.008005 -0.477264 0.878598
v -0.010687 -0.477324 0.876145
v -0.007990 -0.474561 0.880129
v -0.010661 -0.472329 0.878975
v -0.008024 -0.443888 0.895768
v -0.010705 -0.443947 0.893383
v -0.007955 -0.471397 0.881921
v -0.010639 -0.470397 0.880069
v -0.010678 -0.434625 0.898075
v -0.008004 -0.436935 0.899268
v -0.008011 -0.410401 0.911593
v -0.010692 -0.410458 0.909267
v -0.007925 -0.427555 0.903989
v -0.010611 -0.426644 0.902093
v -0.008006 -0.397263 0.917417
v -0.010687 -0.394863 0.916180
v -0.007924 -0.382683 0.923880
v -0.010613 -0.381864 0.921942
v -0.007968 -0.376804 0.926148
v -0.010651 -0.376858 0.923873
v -0.008014 -0.355286 0.934448
v -0.010702 -0.352785 0.933159
v -0.007979 -0.343120 0.939141
v -0.010675 -0.343156 0.936874
v -0.010616 -0.336170 0.939568
v -0.007927 -0.336890 0.941544
v -0.008049 -0.310684 0.950201
v -0.010747 -0.308065 0.948853
v -0.008049 -0.309315 0.950654
v -0.010747 -0.309347 0.948429
v -0.010630 -0.554402 0.829722
v -0.007938 -0.555570 0.831470
v -0.008043 -0.543779 0.838937
v -0.010724 -0.542659 0.837155
v 0.008008 0.269613 -0.962661
v 0.010701 0.278603 -0.957991
v 0.008007 0.282751 -0.959025
v 0.010700 0.282791 -0.956833
v 0.007984 0.286514 -0.957984
v 0.010693 0.283994 -0.956500
v 0.008013 0.318633 -0.947576
v 0.010704 0.318673 -0.945348
v 0.007945 0.290285 -0.956940
v 0.010634 0.289677 -0.954927
v 0.007971 0.330338 -0.943708
v 0.010671 0.327923 -0.942292
v 0.007918 0.336890 -0.941544
v 0.010604 0.336169 -0.939568
v 0.008003 0.354631 -0.934701
v 0.010693 0.354674 -0.932430
v 0.007981 0.372073 -0.927972
v 0.010674 0.369749 -0.926615
v 0.007918 0.382683 -0.923880
v 0.010604 0.381534 -0.922069
v 0.007975 0.390748 -0.920305
v 0.010670 0.390795 -0.917963
v 0.007997 0.411933 -0.910914
v 0.010690 0.409667 -0.909595
v 0.007937 0.426979 -0.904245
v 0.010622 0.427034 -0.901893
v 0.008007 0.450087 -0.892648
v 0.010685 0.447934 -0.891400
v 0.007979 0.463338 -0.885978
v 0.010654 0.463404 -0.883610
v 0.007914 0.471397 -0.881921
v 0.010600 0.470094 -0.880242
v 0.008000 0.486673 -0.873267
v 0.010682 0.484560 -0.872047
v 0.008000 0.499828 -0.865815
v 0.010681 0.499897 -0.863359
v 0.007975 0.521804 -0.852852
v 0.010650 0.519764 -0.851677
v 0.007912 0.514103 -0.857729
v 0.010599 0.513356 -0.855735
v 0.008005 0.536440 -0.843584
v 0.010684 0.536510 -0.841076
v 0.007927 0.555566 -0.831472
v 0.010614 0.553539 -0.830297
v 0.008003 0.573177 -0.819070
v 0.010698 0.573249 -0.816421
v 0.007978 0.587593 -0.808916
v 0.010676 0.585578 -0.807741
v 0.010600 0.594750 -0.801282
v 0.007911 0.595699 -0.803208
v 0.008009 0.610039 -0.792017
v 0.010705 0.610112 -0.789293
v 0.008016 0.618405 -0.785488
v 0.010710 0.616450 -0.784347
v 0.008041 0.647030 -0.762110
v 0.010745 0.647106 -0.759274
v 0.007918 0.634393 -0.773010
v 0.010608 0.633130 -0.771330
v 0.008025 0.648051 -0.761229
v 0.010760 0.646134 -0.760113
v 0.008032 0.651660 -0.758116
v 0.010753 0.642734 -0.763045
v 0.008012 0.175839 -0.984126
v 0.010702 0.175862 -0.981988
v 0.010641 0.146444 -0.987092
v 0.007951 0.146730 -0.989177
v 0.010633 0.147293 -0.986988
v 0.008001 0.141856 -0.989778
v 0.007950 0.191553 -0.981399
v 0.010652 0.188759 -0.979750
v 0.007924 0.195090 -0.980785
v 0.010607 0.194655 -0.978727
v 0.008001 0.211360 -0.977132
v 0.010687 0.211385 -0.974970
v 0.007965 0.240376 -0.970616
v 0.010655 0.237721 -0.969056
v 0.007952 0.242980 -0.970031
v 0.010630 0.242488 -0.967986
v 0.007981 0.246999 -0.968919
v 0.010663 0.247026 -0.966730
v 0.010609 0.670057 -0.739476
v 0.007927 0.671559 -0.740951
v 0.007982 0.676585 -0.736166
v 0.010660 0.674684 -0.735072
v 0.008007 0.684122 -0.728990
v 0.010691 0.684211 -0.726001
v 0.007952 0.703813 -0.710243
v 0.010642 0.701923 -0.709137
v 0.008007 0.721363 -0.692133
v 0.010702 0.721453 -0.688990
v 0.007917 0.707107 -0.707107
v 0.010602 0.705640 -0.705599
v 0.008010 0.729686 -0.683391
v 0.010704 0.727823 -0.682299
v 0.007918 0.740951 -0.671559
v 0.010610 0.739373 -0.670168
v 0.007979 0.746912 -0.664649
v 0.010632 0.741519 -0.667680
v 0.008019 0.069988 -0.997252
v 0.010683 0.069994 -0.995257
v 0.007939 0.048561 -0.998808
v 0.010615 0.053068 -0.996507
v 0.007992 0.084117 -0.996210
v 0.010665 0.081115 -0.994425
v 0.007922 0.098017 -0.995185
v 0.010592 0.095828 -0.993335
v 0.007973 0.105156 -0.994304
v 0.010659 0.105165 -0.992184
v 0.008013 0.140439 -0.989953
v 0.010691 0.140179 -0.987863
v 0.008033 0.754536 -0.655810
v 0.010711 0.752685 -0.654736
v 0.008024 0.758718 -0.650962
v 0.010698 0.758820 -0.647624
v 0.007970 0.778364 -0.627534
v 0.010655 0.776529 -0.626468
v 0.007910 0.773010 -0.634393
v 0.010597 0.771404 -0.633035
v 0.007998 0.796210 -0.604666
v 0.010686 0.796313 -0.601118
v 0.007977 0.801027 -0.598494
v 0.010674 0.799202 -0.597415
v 0.007946 0.803208 -0.595699
v 0.010641 0.801506 -0.594463
v 0.007974 0.807588 -0.589479
v 0.010652 0.803292 -0.591928
v 0.010711 -0.024249 -0.997268
v 0.008026 -0.028255 -0.999306
v 0.007936 -0.000002 -1.000000
v 0.010636 -0.000002 -0.997856
v 0.008013 0.024264 -0.999404
v 0.010704 0.020794 -0.997334
v 0.010711 0.034938 -0.996972
v 0.008015 0.034927 -0.999143
v 0.008000 0.822336 -0.568540
v 0.010683 0.820516 -0.567471
v 0.007952 0.833824 -0.551853
v 0.010658 0.833930 -0.547755
v 0.010603 0.829723 -0.554398
v 0.007921 0.831470 -0.555570
v 0.008015 0.842648 -0.537918
v 0.010708 0.840832 -0.536855
v 0.007975 0.852258 -0.522742
v 0.010677 0.848349 -0.524984
v 0.007960 -0.096301 -0.995311
v 0.010655 -0.092686 -0.993469
v 0.008008 -0.069530 -0.997286
v 0.010697 -0.069538 -0.995177
v 0.007926 -0.049068 -0.998796
v 0.010617 -0.049451 -0.996658
v 0.007994 -0.040875 -0.998997
v 0.010658 -0.044576 -0.996777
v 0.008027 -0.034817 -0.999145
v 0.010712 -0.034827 -0.997013
v 0.010605 0.855923 -0.513024
v 0.007923 0.857729 -0.514103
v 0.007983 0.861962 -0.506630
v 0.010664 0.860146 -0.505570
v 0.008000 0.871576 -0.489659
v 0.010685 0.871689 -0.485194
v 0.007964 0.880105 -0.474602
v 0.010657 0.878297 -0.473529
v 0.007933 0.881921 -0.471397
v 0.010627 0.880064 -0.470409
v 0.007981 0.887065 -0.461177
v 0.010661 0.883740 -0.463106
v 0.007985 -0.156737 -0.987440
v 0.010661 -0.153601 -0.985850
v 0.007928 -0.146730 -0.989177
v 0.010620 -0.146423 -0.987095
v 0.007983 -0.138594 -0.990180
v 0.010673 -0.138617 -0.988058
v 0.008006 -0.114095 -0.993202
v 0.010692 -0.118478 -0.990542
v 0.007994 -0.104128 -0.994431
v 0.010674 -0.104134 -0.992311
v 0.007951 -0.098017 -0.995185
v 0.010630 -0.097805 -0.993091
v 0.007997 0.896877 -0.441684
v 0.010680 0.895064 -0.440610
v 0.008004 0.909459 -0.415216
v 0.010721 0.909580 -0.409767
v 0.007913 0.903989 -0.427555
v 0.010596 0.902135 -0.426561
v 0.007979 0.912616 -0.408093
v 0.010711 0.910796 -0.407023
v 0.008029 0.914689 -0.403417
v 0.010730 0.911596 -0.405219
v 0.010722 -0.209060 -0.975494
v 0.008028 -0.211994 -0.976990
v 0.008023 -0.207230 -0.978059
v 0.010720 -0.207247 -0.975901
v 0.007962 -0.198320 -0.980060
v 0.010697 -0.203865 -0.976660
v 0.008016 -0.172963 -0.984625
v 0.010699 -0.172988 -0.982486
v 0.007934 -0.195090 -0.980785
v 0.010618 -0.194700 -0.978718
v 0.007972 0.927292 -0.373837
v 0.010662 0.925455 -0.372755
v 0.007908 0.923880 -0.382683
v 0.010594 0.921893 -0.381988
v 0.007993 0.937120 -0.348359
v 0.010680 0.934208 -0.350063
v 0.010694 -0.260347 -0.963043
v 0.008013 -0.263121 -0.964458
v 0.007931 -0.242980 -0.970031
v 0.010621 -0.242445 -0.967997
v 0.010630 -0.241388 -0.968234
v 0.007945 -0.241351 -0.970397
v 0.007961 0.940786 -0.338855
v 0.010639 0.938954 -0.337759
v 0.007996 0.947464 -0.318971
v 0.010697 0.947588 -0.311893
v 0.007942 0.941544 -0.336890
v 0.010623 0.939572 -0.336156
v 0.008014 0.952766 -0.302921
v 0.010708 0.950916 -0.301820
v 0.007975 0.955171 -0.295639
v 0.010684 0.952427 -0.297245
v 0.010747 -0.308078 -0.948849
v 0.008049 -0.310697 -0.950197
v 0.008049 -0.309323 -0.950651
v 0.010747 -0.309356 -0.948427
v 0.008027 -0.305376 -0.951955
v 0.010767 -0.312988 -0.947227
v 0.010691 -0.275427 -0.958869
v 0.008010 -0.275386 -0.961064
v 0.007924 -0.290285 -0.956940
v 0.010608 -0.289704 -0.954919
v 0.008001 0.963583 -0.266282
v 0.010690 0.961709 -0.265169
v 0.007924 0.956940 -0.290285
v 0.010611 0.954923 -0.289689
v 0.007938 0.969507 -0.244876
v 0.010634 0.966900 -0.246409
v 0.010702 -0.352797 -0.933155
v 0.008013 -0.355299 -0.934443
v 0.007979 -0.343129 -0.939138
v 0.010674 -0.343165 -0.936870
v 0.010616 -0.336170 -0.939568
v 0.007927 -0.336890 -0.941544
v 0.007924 0.970031 -0.242980
v 0.010599 0.968212 -0.241668
v 0.007994 0.973191 -0.228910
v 0.010668 0.971327 -0.227804
v 0.007961 0.980614 -0.195853
v 0.010636 0.978185 -0.197289
v 0.008006 -0.397274 -0.917412
v 0.010687 -0.394874 -0.916175
v 0.010613 -0.381864 -0.921942
v 0.007924 -0.382683 -0.923880
v 0.007968 -0.376813 -0.926144
v 0.010651 -0.376867 -0.923870
v 0.007984 0.981533 -0.190780
v 0.010670 0.979580 -0.189622
v 0.008000 0.985603 -0.167326
v 0.010693 0.985732 -0.154191
v 0.007994 0.988309 -0.151732
v 0.010691 0.986363 -0.150569
v 0.007974 0.988891 -0.148377
v 0.010686 0.986501 -0.149782
v 0.008011 -0.410410 -0.911589
v 0.010693 -0.410467 -0.909263
v 0.010611 -0.426644 -0.902093
v 0.007925 -0.427555 -0.903989
v 0.010679 -0.434635 -0.898070
v 0.008004 -0.436945 -0.899263
v 0.008005 0.993492 -0.111746
v 0.010697 0.991519 -0.110570
v 0.010646 0.987127 -0.146180
v 0.007956 0.989177 -0.146730
v 0.007964 0.994664 -0.102240
v 0.010667 0.992380 -0.103588
v 0.010639 -0.470397 -0.880069
v 0.007954 -0.471397 -0.881921
v 0.010705 -0.443955 -0.893379
v 0.008024 -0.443896 -0.895764
v 0.007990 -0.474571 -0.880123
v 0.010660 -0.472339 -0.878969
v 0.008008 0.997185 -0.070901
v 0.010699 0.995166 -0.069699
v 0.010614 0.993091 -0.097819
v 0.007925 0.995185 -0.098017
v 0.007974 0.998185 -0.057343
v 0.010671 0.995981 -0.058646
v 0.008005 -0.477272 -0.878593
v 0.010687 -0.477333 -0.876140
v 0.007911 0.998796 -0.049068
v 0.010597 0.996695 -0.048969
v 0.008001 0.999285 -0.029146
v 0.010693 0.997212 -0.027916
v 0.007988 0.999667 -0.013576
v 0.010683 0.997533 -0.014841
v 0.008043 -0.543786 -0.838929
v 0.010724 -0.542668 -0.837149
v 0.008015 -0.533156 -0.845661
v 0.010696 -0.532026 -0.843888
v 0.008003 -0.510537 -0.859749
v 0.010686 -0.509502 -0.857916
v 0.007963 -0.514103 -0.857729
v 0.010645 -0.513023 -0.855922
v 0.010593 0.997897 0.000000
v 0.007906 1.000000 0.000000
v 0.007989 0.999667 0.013578
v 0.010683 0.997533 0.014842
v 0.008002 0.999285 0.029148
v 0.010694 0.997212 0.027918
v 0.010655 -0.558615 -0.826755
v 0.007963 -0.559835 -0.828466
v 0.007938 -0.555570 -0.831470
v 0.010631 -0.554403 -0.829721
v 0.007974 0.998185 0.057345
v 0.010671 0.995981 0.058648
v 0.010597 0.996695 0.048968
v 0.007911 0.998796 0.049068
v 0.008008 0.997185 0.070902
v 0.010699 0.995166 0.069701
v 0.008052 -0.576759 -0.816547
v 0.010734 -0.575549 -0.814825
v 0.010616 -0.594441 -0.801520
v 0.007933 -0.595699 -0.803208
v 0.008029 -0.606677 -0.794640
v 0.010705 -0.604644 -0.793558
v 0.007965 0.994664 0.102242
v 0.010667 0.992380 0.103589
v 0.010614 0.993091 0.097819
v 0.007926 0.995185 0.098017
v 0.008005 0.993491 0.111748
v 0.010697 0.991519 0.110572
v 0.010646 -0.634117 -0.770471
v 0.007969 -0.636102 -0.771536
v 0.007948 -0.634393 -0.773010
v 0.010633 -0.633064 -0.771378
v 0.010714 -0.609784 -0.789547
v 0.008034 -0.609702 -0.792279
v 0.007974 0.988890 0.148380
v 0.010686 0.986501 0.149785
v 0.010647 0.987127 0.146180
v 0.007956 0.989177 0.146730
v 0.007995 0.988308 0.151733
v 0.010692 0.986363 0.150570
v 0.008000 -0.642545 -0.765979
v 0.010686 -0.642627 -0.763130
v 0.010681 -0.661873 -0.746528
v 0.007994 -0.663842 -0.747608
v 0.008000 0.985605 0.167317
v 0.010694 0.985733 0.154184
v 0.007985 0.981533 0.190781
v 0.010671 0.979580 0.189622
v 0.008015 -0.690348 -0.723062
v 0.010704 -0.688417 -0.721998
v 0.007964 -0.675281 -0.737408
v 0.010659 -0.675364 -0.734424
v 0.010616 -0.670156 -0.739383
v 0.007933 -0.671559 -0.740951
v 0.010636 0.978184 0.197292
v 0.007961 0.980613 0.195856
v 0.007994 0.973191 0.228911
v 0.010668 0.971327 0.227805
v 0.007948 -0.707915 -0.706258
v 0.010664 -0.708003 -0.703061
v 0.008009 -0.715779 -0.697998
v 0.010710 -0.713839 -0.696924
v 0.007938 -0.707107 -0.707107
v 0.010626 -0.705080 -0.706133
v 0.007938 0.969506 0.244880
v 0.010635 0.966899 0.246412
v 0.010599 0.968212 0.241668
v 0.007924 0.970031 0.242980
v 0.008001 0.963583 0.266283
v 0.010690 0.961708 0.265170
v 0.007991 -0.739208 -0.673390
v 0.010699 -0.731181 -0.678698
v 0.007989 -0.740125 -0.672427
v 0.010684 -0.738182 -0.671326
v 0.007976 0.955170 0.295643
v 0.010684 0.952426 0.297249
v 0.007925 0.956940 0.290285
v 0.010612 0.954923 0.289689
v 0.008014 0.952766 0.302921
v 0.010708 0.950915 0.301821
v 0.007977 -0.740951 -0.671559
v 0.010654 -0.741001 -0.668343
v 0.008012 -0.762956 -0.646049
v 0.010691 -0.761107 -0.645004
v 0.007962 0.940786 0.338855
v 0.010639 0.938954 0.337760
v 0.010624 0.939572 0.336156
v 0.007942 0.941544 0.336890
v 0.007997 0.947466 0.318963
v 0.010697 0.947590 0.311885
v 0.007936 -0.773010 -0.634393
v 0.010605 -0.773084 -0.631093
v 0.008016 -0.784849 -0.619223
v 0.010676 -0.783103 -0.618232
v 0.007993 0.937118 0.348364
v 0.010680 0.934206 0.350068
v 0.007972 0.927292 0.373837
v 0.010661 0.925455 0.372755
v 0.010684 -0.803471 -0.591673
v 0.007996 -0.805204 -0.592861
v 0.010692 -0.804120 -0.590752
v 0.008005 -0.805843 -0.591953
v 0.010625 -0.800209 -0.596306
v 0.007961 -0.803208 -0.595699
v 0.007908 0.923880 0.382683
v 0.010594 0.921893 0.381988
v 0.008029 0.914687 0.403421
v 0.010730 0.911594 0.405222
v 0.007979 0.912616 0.408093
v 0.010711 0.910796 0.407023
v 0.010692 -0.805130 -0.589316
v 0.008007 -0.806848 -0.590527
v 0.010680 -0.823694 -0.562958
v 0.007994 -0.825518 -0.564017
v 0.008005 0.909461 0.415211
v 0.010721 0.909582 0.409761
v 0.007913 0.903989 0.427555
v 0.010597 0.902135 0.426561
v 0.007997 0.896877 0.441684
v 0.010680 0.895063 0.440610
v 0.007991 -0.837418 -0.546177
v 0.010695 -0.837524 -0.542078
v 0.008030 -0.844157 -0.535534
v 0.010723 -0.842340 -0.534474
v 0.010612 -0.829729 -0.554389
v 0.007928 -0.831470 -0.555570
v 0.010661 0.883737 0.463111
v 0.007981 0.887063 0.461183
v 0.007963 0.880105 0.474602
v 0.010656 0.878296 0.473529
v 0.007933 0.881921 0.471397
v 0.010627 0.880064 0.470410
v 0.007983 -0.852930 -0.521681
v 0.010689 -0.848606 -0.524579
v 0.010619 -0.855921 -0.513028
v 0.007937 -0.857729 -0.514103
v 0.010678 -0.860147 -0.505567
v 0.007996 -0.861963 -0.506627
v 0.007983 0.861962 0.506630
v 0.010664 0.860146 0.505570
v 0.008000 0.871580 0.489652
v 0.010684 0.871692 0.485188
v 0.008010 -0.869536 -0.493260
v 0.010696 -0.869648 -0.488796
v 0.007985 -0.878657 -0.477158
v 0.010676 -0.876851 -0.476081
v 0.007975 0.852254 0.522749
v 0.010677 0.848345 0.524990
v 0.010605 0.855923 0.513024
v 0.007923 0.857729 0.514103
v 0.008015 0.842648 0.537918
v 0.010708 0.840832 0.536854
v 0.007996 -0.887485 -0.460344
v 0.010669 -0.883923 -0.462743
v 0.010627 -0.880066 -0.470406
v 0.007936 -0.881921 -0.471397
v 0.008028 -0.894181 -0.447041
v 0.010709 -0.892372 -0.445957
v 0.008000 0.822335 0.568540
v 0.010683 0.820516 0.567471
v 0.010603 0.829723 0.554398
v 0.007921 0.831470 0.555570
v 0.007952 0.833827 0.551847
v 0.010658 0.833934 0.547749
v 0.008010 -0.908892 -0.416496
v 0.010703 -0.907074 -0.415409
v 0.007933 -0.903989 -0.427555
v 0.010625 -0.902092 -0.426648
v 0.007965 -0.901539 -0.432422
v 0.010630 -0.901655 -0.427516
v 0.007974 0.807584 0.589486
v 0.010652 0.803287 0.591935
v 0.007946 0.803208 0.595699
v 0.010641 0.801506 0.594463
v 0.007977 0.801027 0.598494
v 0.010674 0.799202 0.597415
v 0.008015 -0.914441 -0.403976
v 0.010707 -0.911164 -0.406181
v 0.010646 -0.920836 -0.384360
v 0.007964 -0.922646 -0.385467
v 0.007999 0.796213 0.604662
v 0.010687 0.796316 0.601114
v 0.007970 0.778364 0.627534
v 0.010655 0.776529 0.626468
v 0.008036 -0.933478 -0.357800
v 0.010741 -0.933600 -0.351643
v 0.008045 -0.935072 -0.353669
v 0.010739 -0.933249 -0.352552
v 0.010623 -0.921942 -0.381866
v 0.007938 -0.923880 -0.382683
v 0.008033 0.754537 0.655810
v 0.010711 0.752685 0.654736
v 0.010699 0.758824 0.647619
v 0.008025 0.758722 0.650958
v 0.010597 0.771404 0.633035
v 0.007910 0.773010 0.634393
v 0.008034 -0.936069 -0.351085
v 0.010742 -0.933029 -0.353123
v 0.010614 -0.939556 -0.336202
v 0.007927 -0.941544 -0.336890
v 0.010700 -0.944813 -0.320289
v 0.008010 -0.946655 -0.321420
v 0.007980 0.746905 0.664657
v 0.010633 0.741512 0.667689
v 0.007919 0.740951 0.671559
v 0.010611 0.739373 0.670168
v 0.010704 0.727823 0.682299
v 0.008010 0.729686 0.683391
v 0.007995 -0.953419 -0.300945
v 0.010687 -0.950573 -0.302853
v 0.007962 -0.957377 -0.288706
v 0.010648 -0.955514 -0.287554
v 0.010630 -0.954930 -0.289666
v 0.007949 -0.956940 -0.290285
v 0.007952 0.703813 0.710243
v 0.010641 0.701923 0.709137
v 0.010602 0.705640 0.705599
v 0.007917 0.707107 0.707107
v 0.008007 0.721368 0.692128
v 0.010702 0.721458 0.688985
v 0.008028 -0.965291 -0.260108
v 0.010730 -0.965418 -0.251767
v 0.008033 -0.966660 -0.255164
v 0.010727 -0.964801 -0.253998
v 0.010691 0.684216 0.725996
v 0.008007 0.684127 0.728985
v 0.007982 0.676585 0.736166
v 0.010660 0.674683 0.735072
v 0.008023 -0.967221 -0.253135
v 0.010732 -0.964546 -0.254919
v 0.010624 -0.967990 -0.242474
v 0.007936 -0.970031 -0.242980
v 0.008023 -0.974955 -0.221053
v 0.010714 -0.973067 -0.219867
v 0.008033 0.651638 0.758135
v 0.010754 0.642712 0.763065
v 0.007927 0.671559 0.740951
v 0.010609 0.670058 0.739476
v 0.010760 0.646133 0.760114
v 0.008026 0.648051 0.761230
v 0.007999 -0.978065 -0.207203
v 0.010695 -0.975531 -0.208892
v 0.007987 -0.982293 -0.186401
v 0.010676 -0.980369 -0.185185
v 0.010614 -0.978719 -0.194696
v 0.007929 -0.980785 -0.195090
v 0.008042 0.647036 0.762105
v 0.010745 0.647112 0.759269
v 0.007918 0.634393 0.773010
v 0.010608 0.633130 0.771330
v 0.008016 0.618405 0.785488
v 0.010710 0.616450 0.784347
v 0.008012 -0.986369 -0.162909
v 0.010699 -0.983956 -0.164516
v 0.007975 -0.988426 -0.151058
v 0.010653 -0.986505 -0.149821
v 0.007978 0.587593 0.808917
v 0.010676 0.585578 0.807741
v 0.010600 0.594750 0.801282
v 0.007911 0.595699 0.803208
v 0.008009 0.610044 0.792013
v 0.010705 0.610118 0.789289
v 0.010715 -0.990161 -0.121557
v 0.008036 -0.992471 -0.120020
v 0.010624 -0.987093 -0.146433
v 0.007938 -0.989177 -0.146730
v 0.008032 -0.993111 -0.114831
v 0.010710 -0.991148 -0.113558
v 0.010614 0.553538 0.830298
v 0.007928 0.555565 0.831473
v 0.008003 0.573183 0.819066
v 0.010698 0.573256 0.816417
v 0.010615 -0.993091 -0.097806
v 0.007932 -0.995185 -0.098017
v 0.008053 -0.996635 -0.078358
v 0.010736 -0.994536 -0.078215
v 0.007975 0.521803 0.852853
v 0.010651 0.519764 0.851678
v 0.008005 0.536446 0.843580
v 0.010684 0.536517 0.841072
v 0.008017 -0.999011 -0.040284
v 0.010719 -0.996942 -0.038952
v 0.010635 -0.996696 -0.048952
v 0.007943 -0.998796 -0.049068
v 0.008037 -0.997007 -0.073312
v 0.010719 -0.994909 -0.073147
v 0.008001 0.486672 0.873268
v 0.010682 0.484559 0.872048
v 0.010681 0.499903 0.863355
v 0.008000 0.499834 0.865812
v 0.010599 0.513356 0.855735
v 0.007913 0.514103 0.857729
v 0.008026 -0.999072 -0.037788
v 0.010718 -0.996936 -0.039193
v 0.007979 -0.999955 -0.001828
v 0.010668 -0.997887 -0.000469
v 0.008007 0.450086 0.892648
v 0.010685 0.447933 0.891400
v 0.007980 0.463345 0.885974
v 0.010654 0.463411 0.883607
v 0.010600 0.470093 0.880242
v 0.007914 0.471397 0.881921
v 0.010665 -0.997898 0.000001
v 0.007968 -1.000000 0.000000
v 0.007979 -0.999955 0.001833
v 0.010668 -0.997887 0.000474
v 0.010717 -0.996936 0.039197
v 0.008025 -0.999072 0.037792
v 0.007997 0.411933 0.910914
v 0.010690 0.409667 0.909595
v 0.010622 0.427041 0.901890
v 0.007937 0.426986 0.904241
v 0.008017 -0.999011 0.040289
v 0.010718 -0.996942 0.038957
v 0.008037 -0.997007 0.073316
v 0.010728 -0.994911 0.073152
v 0.010634 -0.996696 0.048952
v 0.007943 -0.998796 0.049068
v 0.008053 -0.996635 0.078363
v 0.010734 -0.994535 0.078220
v 0.007981 0.372072 0.927973
v 0.010674 0.369748 0.926615
v 0.010604 0.381534 0.922069
v 0.007918 0.382683 0.923880
v 0.007975 0.390756 0.920301
v 0.010670 0.390802 0.917960
v 0.010710 -0.991147 0.113564
v 0.008033 -0.993110 0.114836
v 0.010616 -0.993091 0.097806
v 0.007932 -0.995185 0.098017
v 0.010715 -0.990161 0.121561
v 0.008036 -0.992471 0.120023
v 0.007971 0.330337 0.943709
v 0.010671 0.327922 0.942293
v 0.010605 0.336169 0.939568
v 0.007918 0.336890 0.941544
v 0.010693 0.354681 0.932427
v 0.008003 0.354639 0.934698
v 0.010653 -0.986505 0.149826
v 0.007975 -0.988425 0.151063
v 0.010624 -0.987093 0.146433
v 0.007938 -0.989177 0.146730
v 0.008012 -0.986369 0.162913
v 0.010699 -0.983955 0.164520
v 0.007984 0.286513 0.957984
v 0.010693 0.283993 0.956500
v 0.010635 0.289679 0.954927
v 0.007945 0.290285 0.956940
v 0.010705 0.318680 0.945346
v 0.008014 0.318640 0.947573
v 0.010676 -0.980368 0.185190
v 0.007987 -0.982292 0.186406
v 0.010614 -0.978719 0.194696
v 0.007929 -0.980785 0.195090
v 0.007999 -0.978064 0.207207
v 0.010695 -0.975530 0.208896
v 0.007966 0.240374 0.970616
v 0.010655 0.237719 0.969056
v 0.010631 0.242488 0.967986
v 0.007952 0.242980 0.970031
v 0.010663 0.247034 0.966727
v 0.007981 0.247007 0.968917
v 0.010701 0.278641 0.957981
v 0.008008 0.269652 0.962650
v 0.008007 0.282758 0.959023
v 0.010701 0.282798 0.956831
v 0.008022 -0.974954 0.221059
v 0.010714 -0.973066 0.219872
v 0.008023 -0.967220 0.253139
v 0.010732 -0.964545 0.254923
v 0.010624 -0.967990 0.242474
v 0.007936 -0.970031 0.242980
v 0.007950 0.191553 0.981399
v 0.010652 0.188760 0.979750
v 0.010607 0.194655 0.978727
v 0.007923 0.195090 0.980785
v 0.008001 0.211367 0.977130
v 0.010687 0.211393 0.974968
v 0.008033 -0.966658 0.255169
v 0.010727 -0.964799 0.254003
v 0.008028 -0.965289 0.260117
v 0.010730 -0.965416 0.251775
v 0.007962 -0.957376 0.288711
v 0.010648 -0.955513 0.287560
v 0.010630 -0.954930 0.289666
v 0.007949 -0.956940 0.290285
v 0.007995 -0.953417 0.300949
v 0.010687 -0.950572 0.302857
v 0.008015 0.139642 0.990051
v 0.010700 0.139383 0.987963
v 0.008002 0.141881 0.989775
v 0.010633 0.147319 0.986983
v 0.010642 0.146471 0.987088
v 0.007952 0.146730 0.989177
v 0.008012 0.175846 0.984125
v 0.010702 0.175869 0.981987
v 0.008010 -0.946653 0.321426
v 0.010700 -0.944811 0.320295
v 0.008034 -0.936067 0.351089
v 0.010742 -0.933028 0.353127
v 0.010614 -0.939556 0.336203
v 0.007927 -0.941544 0.336890
v 0.007993 0.084115 0.996210
v 0.010666 0.081113 0.994425
v 0.010593 0.095825 0.993336
v 0.007923 0.098017 0.995185
v 0.007974 0.105164 0.994303
v 0.010659 0.105173 0.992183
v 0.008045 -0.935070 0.353674
v 0.010740 -0.933247 0.352558
v 0.008036 -0.933475 0.357808
v 0.010742 -0.933597 0.351651
v 0.007964 -0.922643 0.385473
v 0.010646 -0.920834 0.384366
v 0.010623 -0.921942 0.381865
v 0.007938 -0.923880 0.382683
v 0.008015 -0.914439 0.403981
v 0.010707 -0.911162 0.406186
v 0.008013 0.024263 0.999404
v 0.010705 0.020792 0.997334
v 0.008016 0.034935 0.999142
v 0.010712 0.034946 0.996972
v 0.010615 0.053087 0.996506
v 0.007939 0.048579 0.998807
v 0.008020 0.069996 0.997252
v 0.010684 0.070001 0.995256
v 0.008010 -0.908889 0.416502
v 0.010703 -0.907071 0.415415
v 0.007965 -0.901535 0.432431
v 0.010630 -0.901651 0.427523
v 0.010625 -0.902092 0.426648
v 0.007933 -0.903989 0.427555
v 0.008028 -0.894178 0.447047
v 0.010710 -0.892369 0.445963
v 0.007996 -0.887483 0.460347
v 0.010669 -0.883921 0.462746
v 0.007994 -0.040876 0.998997
v 0.010658 -0.044577 0.996777
v 0.010713 -0.034819 0.997014
v 0.008028 -0.034809 0.999146
v 0.010711 -0.024231 0.997268
v 0.008026 -0.028237 0.999307
v 0.010636 0.000001 0.997856
v 0.007936 0.000000 1.000000
v 0.010628 -0.880066 0.470406
v 0.007936 -0.881921 0.471397
v 0.007985 -0.878654 0.477165
v 0.010676 -0.876848 0.476087
v 0.008011 -0.869531 0.493268
v 0.010696 -0.869643 0.488804
v 0.010679 -0.860143 0.505573
v 0.007997 -0.861960 0.506633
v 0.010619 -0.855921 0.513027
v 0.007937 -0.857729 0.514103
v 0.010689 -0.848602 0.524584
v 0.007983 -0.852926 0.521686
v 0.008006 -0.114099 0.993201
v 0.010692 -0.118482 0.990541
v 0.007994 -0.104120 0.994432
v 0.010674 -0.104126 0.992312
v 0.007960 -0.096283 0.995313
v 0.010655 -0.092669 0.993470
v 0.010630 -0.097807 0.993091
v 0.007951 -0.098017 0.995185
v 0.008008 -0.069522 0.997287
v 0.010697 -0.069530 0.995177
v 0.010618 -0.049454 0.996658
v 0.007927 -0.049068 0.998796
v 0.008030 -0.844154 0.535540
v 0.010723 -0.842336 0.534480
v 0.010695 -0.837520 0.542085
v 0.007991 -0.837413 0.546184
v 0.007994 -0.825513 0.564024
v 0.010680 -0.823689 0.562965
v 0.010612 -0.829729 0.554389
v 0.007928 -0.831470 0.555570
v 0.008008 -0.806846 0.590530
v 0.010692 -0.805128 0.589319
v 0.008017 -0.172955 0.984626
v 0.010699 -0.172980 0.982487
v 0.010618 -0.194700 0.978718
v 0.007935 -0.195090 0.980785
v 0.007962 -0.198322 0.980060
v 0.010697 -0.203866 0.976660
v 0.007985 -0.156722 0.987443
v 0.010661 -0.153586 0.985852
v 0.010620 -0.146422 0.987095
v 0.007928 -0.146730 0.989177
v 0.007983 -0.138586 0.990181
v 0.010673 -0.138609 0.988059
v 0.008005 -0.805839 0.591960
v 0.010690 -0.804115 0.590759
v 0.007996 -0.805197 0.592870
v 0.010684 -0.803465 0.591682
v 0.008016 -0.784844 0.619230
v 0.010690 -0.783049 0.618211
v 0.010637 -0.800840 0.595410
v 0.007961 -0.803208 0.595699
v 0.010621 -0.773085 0.630990
v 0.007936 -0.772994 0.634413
v 0.008012 -0.762951 0.646057
v 0.010711 -0.761032 0.644972
v 0.010682 -0.738039 0.671574
v 0.007985 -0.740491 0.672043
v 0.007991 -0.739202 0.673396
v 0.010686 -0.731362 0.678580
v 0.010691 -0.275418 0.958872
v 0.008011 -0.275377 0.961066
v 0.007924 -0.290285 0.956940
v 0.010608 -0.289704 0.954919
v 0.008028 -0.305380 0.951954
v 0.010767 -0.312992 0.947225
v 0.010695 -0.260333 0.963047
v 0.008014 -0.263107 0.964461
v 0.010621 -0.242445 0.967997
v 0.007931 -0.242980 0.970031
v 0.010630 -0.241380 0.968236
v 0.007945 -0.241342 0.970399
v 0.010723 -0.209046 0.975497
v 0.008029 -0.211979 0.976993
v 0.008023 -0.207221 0.978061
v 0.010720 -0.207238 0.975903
v 0.008009 -0.715773 0.698005
v 0.010700 -0.713871 0.696952
v 0.007948 -0.707908 0.706266
v 0.010654 -0.707994 0.703125
v 0.010624 -0.705614 0.705624
v 0.007938 -0.707107 0.707107
v 0.008016 -0.690342 0.723069
v 0.010704 -0.688410 0.722004
v 0.007965 -0.675273 0.737415
v 0.010659 -0.675357 0.734431
v 0.007994 -0.663835 0.747614
v 0.010681 -0.661866 0.746534
v 0.010616 -0.670156 0.739383
v 0.007933 -0.671559 0.740951
v 0.008000 -0.642537 0.765986
v 0.010687 -0.642619 0.763137
v 0.007969 -0.636095 0.771543
v 0.010646 -0.634109 0.770477
v 0.010714 -0.609776 0.789553
v 0.008034 -0.609694 0.792286
v 0.010633 -0.633064 0.771378
v 0.007948 -0.634393 0.773010
v 0.010705 -0.604635 0.793564
v 0.008029 -0.606669 0.794647
v 0.010616 -0.594441 0.801520
v 0.007933 -0.595699 0.803208
v 0.008053 -0.575926 0.817134
v 0.010735 -0.574716 0.815412
v 0.010645 -0.558607 0.826757
v 0.007963 -0.559829 0.828470
v 0.008004 -0.510528 0.859753
v 0.010685 -0.509493 0.857921
v 0.007964 -0.514103 0.857729
v 0.010645 -0.513023 0.855922
v 0.010697 -0.532073 0.843858
v 0.008015 -0.533204 0.845633
v 0.008005 -0.477263 0.878598
v 0.010687 -0.477324 0.876145
v 0.007990 -0.474561 0.880129
v 0.010661 -0.472329 0.878975
v 0.008024 -0.443888 0.895768
v 0.010705 -0.443947 0.893383
v 0.010639 -0.470397 0.880069
v 0.007955 -0.471397 0.881921
v 0.008004 -0.436935 0.899268
v 0.010678 -0.434625 0.898075
v 0.008011 -0.410401 0.911593
v 0.010692 -0.410458 0.909267
v 0.010611 -0.426644 0.902093
v 0.007925 -0.427555 0.903989
v 0.008006 -0.397263 0.917417
v 0.010687 -0.394863 0.916180
v 0.010613 -0.381864 0.921942
v 0.007924 -0.382683 0.923880
v 0.007968 -0.376804 0.926148
v 0.010651 -0.376858 0.923873
v 0.008014 -0.355286 0.934448
v 0.010702 -0.352785 0.933159
v 0.007979 -0.343120 0.939141
v 0.010675 -0.343156 0.936874
v 0.010616 -0.336170 0.939568
v 0.007927 -0.336890 0.941544
v 0.010747 -0.308065 0.948853
v 0.008049 -0.310684 0.950201
v 0.010747 -0.309347 0.948429
v 0.008049 -0.309315 0.950654
v 0.010630 -0.554402 0.829722
v 0.007938 -0.555570 0.831470
v 0.010735 -0.542661 0.837157
v 0.008043 -0.543779 0.838937
vn -0.9722 0.0652 -0.2250
vn -0.9718 0.0710 -0.2250
vn -0.9726 0.0738 -0.2205
vn -0.9721 0.0797 -0.2205
vn -0.9729 0.0825 -0.2159
vn -0.9724 0.0883 -0.2159
vn -0.9732 0.0912 -0.2113
vn -0.9726 0.0971 -0.2113
vn -0.9733 0.0999 -0.2066
vn -0.9727 0.1058 -0.2066
vn -0.9733 0.1087 -0.2019
vn -0.9727 0.1146 -0.2019
vn -0.9733 0.1175 -0.1972
vn -0.9726 0.1234 -0.1972
vn -0.9732 0.1263 -0.1924
vn -0.9724 0.1322 -0.1924
vn -0.9729 0.1351 -0.1876
vn -0.9721 0.1410 -0.1876
vn -0.9726 0.1439 -0.1828
vn -0.9717 0.1498 -0.1828
vn -0.9721 0.1527 -0.1779
vn -0.9726 0.0395 -0.2290
vn -0.9724 0.0453 -0.2290
vn -0.9733 0.0481 -0.2245
vn -0.9730 0.0538 -0.2245
vn -0.9738 0.0567 -0.2200
vn -0.9735 0.0625 -0.2200
vn -0.9743 0.0653 -0.2155
vn -0.9739 0.0711 -0.2155
vn -0.9747 0.0740 -0.2109
vn -0.9742 0.0798 -0.2109
vn -0.9750 0.0827 -0.2063
vn -0.9745 0.0885 -0.2063
vn -0.9752 0.0914 -0.2016
vn -0.9746 0.0973 -0.2016
vn -0.9753 0.1002 -0.1969
vn -0.9747 0.1060 -0.1969
vn -0.9753 0.1089 -0.1922
vn -0.9746 0.1148 -0.1922
vn -0.9752 0.1177 -0.1874
vn -0.9745 0.1236 -0.1874
vn -0.9750 0.1265 -0.1826
vn -0.9742 0.1324 -0.1826
vn -0.9747 0.1353 -0.1778
vn -0.9739 0.1412 -0.1778
vn -0.9743 0.1442 -0.1730
vn -0.9734 0.1501 -0.1730
vn -0.9738 0.1530 -0.1681
vn -0.9729 0.1589 -0.1681
vn -0.9732 0.1619 -0.1631
vn -0.9722 0.1677 -0.1631
vn -0.9725 0.1707 -0.1582
vn -0.9724 0.0140 -0.2328
vn -0.9723 0.0197 -0.2328
vn -0.9733 0.0225 -0.2284
vn -0.9732 0.0282 -0.2284
vn -0.9741 0.0310 -0.2240
vn -0.9739 0.0368 -0.2240
vn -0.9748 0.0395 -0.2195
vn -0.9746 0.0454 -0.2195
vn -0.9754 0.0482 -0.2150
vn -0.9751 0.0540 -0.2150
vn -0.9759 0.0568 -0.2105
vn -0.9756 0.0626 -0.2105
vn -0.9764 0.0654 -0.2059
vn -0.9760 0.0713 -0.2059
vn -0.9767 0.0741 -0.2013
vn -0.9763 0.0800 -0.2013
vn -0.9770 0.0829 -0.1966
vn -0.9765 0.0887 -0.1966
vn -0.9771 0.0916 -0.1919
vn -0.9766 0.0975 -0.1919
vn -0.9772 0.1004 -0.1872
vn -0.9766 0.1062 -0.1872
vn -0.9771 0.1092 -0.1824
vn -0.9765 0.1150 -0.1824
vn -0.9770 0.1180 -0.1776
vn -0.9763 0.1238 -0.1776
vn -0.9768 0.1268 -0.1728
vn -0.9760 0.1326 -0.1728
vn -0.9764 0.1356 -0.1679
vn -0.9756 0.1415 -0.1679
vn -0.9760 0.1444 -0.1630
vn -0.9751 0.1503 -0.1630
vn -0.9754 0.1533 -0.1581
vn -0.9745 0.1592 -0.1581
vn -0.9748 0.1621 -0.1532
vn -0.9738 0.1680 -0.1532
vn -0.9741 0.1710 -0.1482
vn -0.9730 0.1769 -0.1482
vn -0.9732 0.1798 -0.1432
vn -0.9721 0.1857 -0.1432
vn -0.9723 0.1887 -0.1382
vn -0.9727 -0.0028 -0.2321
vn -0.9727 0.0028 -0.2321
vn -0.9737 0.0056 -0.2277
vn -0.9737 0.0113 -0.2277
vn -0.9746 0.0140 -0.2234
vn -0.9745 0.0198 -0.2234
vn -0.9755 0.0225 -0.2190
vn -0.9753 0.0283 -0.2190
vn -0.9762 0.0311 -0.2145
vn -0.9760 0.0368 -0.2145
vn -0.9769 0.0396 -0.2100
vn -0.9766 0.0454 -0.2100
vn -0.9775 0.0483 -0.2055
vn -0.9772 0.0541 -0.2055
vn -0.9780 0.0569 -0.2009
vn -0.9776 0.0627 -0.2009
vn -0.9784 0.0656 -0.1962
vn -0.9779 0.0714 -0.1962
vn -0.9787 0.0743 -0.1916
vn -0.9782 0.0801 -0.1916
vn -0.9789 0.0830 -0.1869
vn -0.9783 0.0889 -0.1869
vn -0.9790 0.0918 -0.1822
vn -0.9784 0.0976 -0.1822
vn -0.9790 0.1005 -0.1774
vn -0.9784 0.1064 -0.1774
vn -0.9789 0.1094 -0.1726
vn -0.9782 0.1152 -0.1726
vn -0.9787 0.1182 -0.1678
vn -0.9780 0.1241 -0.1678
vn -0.9784 0.1270 -0.1629
vn -0.9777 0.1329 -0.1629
vn -0.9780 0.1358 -0.1580
vn -0.9772 0.1417 -0.1580
vn -0.9776 0.1447 -0.1531
vn -0.9767 0.1506 -0.1531
vn -0.9770 0.1535 -0.1482
vn -0.9760 0.1594 -0.1482
vn -0.9763 0.1624 -0.1432
vn -0.9753 0.1683 -0.1432
vn -0.9755 0.1712 -0.1382
vn -0.9744 0.1771 -0.1382
vn -0.9746 0.1801 -0.1332
vn -0.9735 0.1860 -0.1332
vn -0.9736 0.1889 -0.1281
vn -0.9724 0.1948 -0.1281
vn -0.9725 0.1978 -0.1231
vn -0.9727 -0.0195 -0.2313
vn -0.9728 -0.0139 -0.2313
vn -0.9738 -0.0112 -0.2270
vn -0.9739 -0.0056 -0.2270
vn -0.9749 -0.0028 -0.2227
vn -0.9749 0.0028 -0.2227
vn -0.9759 0.0056 -0.2183
vn -0.9758 0.0113 -0.2183
vn -0.9768 0.0141 -0.2139
vn -0.9767 0.0198 -0.2139
vn -0.9776 0.0226 -0.2095
vn -0.9774 0.0283 -0.2095
vn -0.9783 0.0311 -0.2049
vn -0.9781 0.0369 -0.2049
vn -0.9789 0.0397 -0.2004
vn -0.9787 0.0455 -0.2004
vn -0.9794 0.0484 -0.1958
vn -0.9791 0.0542 -0.1958
vn -0.9799 0.0570 -0.1912
vn -0.9795 0.0628 -0.1912
vn -0.9802 0.0657 -0.1865
vn -0.9798 0.0715 -0.1865
vn -0.9805 0.0744 -0.1819
vn -0.9800 0.0803 -0.1819
vn -0.9807 0.0832 -0.1771
vn -0.9802 0.0890 -0.1771
vn -0.9807 0.0919 -0.1724
vn -0.9802 0.0978 -0.1724
vn -0.9807 0.1007 -0.1676
vn -0.9801 0.1066 -0.1676
vn -0.9806 0.1095 -0.1627
vn -0.9799 0.1154 -0.1627
vn -0.9803 0.1184 -0.1579
vn -0.9796 0.1243 -0.1579
vn -0.9800 0.1272 -0.1530
vn -0.9792 0.1331 -0.1530
vn -0.9796 0.1360 -0.1481
vn -0.9787 0.1419 -0.1481
vn -0.9790 0.1449 -0.1431
vn -0.9782 0.1508 -0.1431
vn -0.9784 0.1538 -0.1382
vn -0.9775 0.1596 -0.1382
vn -0.9777 0.1626 -0.1331
vn -0.9767 0.1685 -0.1331
vn -0.9768 0.1715 -0.1281
vn -0.9758 0.1773 -0.1281
vn -0.9759 0.1803 -0.1231
vn -0.9748 0.1862 -0.1231
vn -0.9748 0.1892 -0.1180
vn -0.9737 0.1950 -0.1180
vn -0.9737 0.1980 -0.1130
vn -0.9725 0.2039 -0.1130
vn -0.9724 0.2068 -0.1079
vn -0.9724 -0.0361 -0.2305
vn -0.9726 -0.0306 -0.2305
vn -0.9737 -0.0279 -0.2263
vn -0.9738 -0.0223 -0.2263
vn -0.9749 -0.0196 -0.2220
vn -0.9749 -0.0140 -0.2220
vn -0.9760 -0.0112 -0.2177
vn -0.9760 -0.0056 -0.2177
vn -0.9770 -0.0028 -0.2133
vn -0.9770 0.0028 -0.2133
vn -0.9779 0.0056 -0.2088
vn -0.9779 0.0113 -0.2088
vn -0.9788 0.0141 -0.2044
vn -0.9787 0.0198 -0.2044
vn -0.9796 0.0226 -0.1999
vn -0.9794 0.0284 -0.1999
vn -0.9802 0.0312 -0.1954
vn -0.9800 0.0370 -0.1954
vn -0.9808 0.0398 -0.1908
vn -0.9806 0.0456 -0.1908
vn -0.9813 0.0485 -0.1861
vn -0.9810 0.0543 -0.1861
vn -0.9817 0.0571 -0.1815
vn -0.9814 0.0630 -0.1815
vn -0.9820 0.0659 -0.1768
vn -0.9816 0.0717 -0.1768
vn -0.9823 0.0746 -0.1721
vn -0.9818 0.0804 -0.1721
vn -0.9824 0.0833 -0.1673
vn -0.9819 0.0892 -0.1673
vn -0.9824 0.0921 -0.1625
vn -0.9818 0.0980 -0.1625
vn -0.9823 0.1009 -0.1577
vn -0.9817 0.1068 -0.1577
vn -0.9821 0.1097 -0.1528
vn -0.9815 0.1156 -0.1528
vn -0.9819 0.1186 -0.1479
vn -0.9811 0.1244 -0.1479
vn -0.9815 0.1274 -0.1430
vn -0.9807 0.1333 -0.1430
vn -0.9810 0.1362 -0.1381
vn -0.9802 0.1421 -0.1381
vn -0.9804 0.1451 -0.1331
vn -0.9795 0.1510 -0.1331
vn -0.9797 0.1540 -0.1281
vn -0.9788 0.1599 -0.1281
vn -0.9789 0.1628 -0.1231
vn -0.9780 0.1687 -0.1231
vn -0.9781 0.1717 -0.1180
vn -0.9770 0.1776 -0.1180
vn -0.9771 0.1806 -0.1130
vn -0.9760 0.1864 -0.1130
vn -0.9760 0.1894 -0.1079
vn -0.9748 0.1952 -0.1079
vn -0.9748 0.1982 -0.1028
vn -0.9735 0.2041 -0.1028
vn -0.9734 0.2071 -0.0977
vn -0.9722 0.2129 -0.0977
vn -0.9720 0.2159 -0.0926
vn -0.9719 -0.0526 -0.2296
vn -0.9721 -0.0471 -0.2296
vn -0.9732 -0.0444 -0.2254
vn -0.9735 -0.0389 -0.2254
vn -0.9746 -0.0362 -0.2212
vn -0.9747 -0.0307 -0.2212
vn -0.9758 -0.0280 -0.2169
vn -0.9759 -0.0224 -0.2169
vn -0.9769 -0.0196 -0.2126
vn -0.9770 -0.0140 -0.2126
vn -0.9780 -0.0112 -0.2082
vn -0.9781 -0.0056 -0.2082
vn -0.9790 -0.0028 -0.2038
vn -0.9790 0.0028 -0.2038
vn -0.9799 0.0056 -0.1993
vn -0.9799 0.0113 -0.1993
vn -0.9807 0.0141 -0.1948
vn -0.9806 0.0199 -0.1948
vn -0.9815 0.0227 -0.1903
vn -0.9813 0.0284 -0.1903
vn -0.9821 0.0313 -0.1857
vn -0.9819 0.0371 -0.1857
vn -0.9827 0.0399 -0.1811
vn -0.9824 0.0457 -0.1811
vn -0.9831 0.0486 -0.1764
vn -0.9828 0.0544 -0.1764
vn -0.9835 0.0572 -0.1717
vn -0.9831 0.0631 -0.1717
vn -0.9838 0.0660 -0.1670
vn -0.9833 0.0718 -0.1670
vn -0.9839 0.0747 -0.1622
vn -0.9835 0.0805 -0.1622
vn -0.9840 0.0835 -0.1574
vn -0.9835 0.0893 -0.1574
vn -0.9840 0.0923 -0.1526
vn -0.9834 0.0981 -0.1526
vn -0.9839 0.1011 -0.1477
vn -0.9832 0.1069 -0.1477
vn -0.9836 0.1099 -0.1428
vn -0.9830 0.1158 -0.1428
vn -0.9833 0.1187 -0.1379
vn -0.9826 0.1246 -0.1379
vn -0.9829 0.1276 -0.1330
vn -0.9821 0.1335 -0.1330
vn -0.9823 0.1364 -0.1280
vn -0.9815 0.1423 -0.1280
vn -0.9817 0.1453 -0.1230
vn -0.9808 0.1512 -0.1230
vn -0.9810 0.1542 -0.1180
vn -0.9800 0.1600 -0.1180
vn -0.9801 0.1630 -0.1129
vn -0.9791 0.1689 -0.1129
vn -0.9792 0.1719 -0.1079
vn -0.9781 0.1778 -0.1079
vn -0.9781 0.1807 -0.1028
vn -0.9770 0.1866 -0.1028
vn -0.9770 0.1896 -0.0977
vn -0.9758 0.1954 -0.0977
vn -0.9757 0.1984 -0.0926
vn -0.9745 0.2043 -0.0926
vn -0.9744 0.2073 -0.0875
vn -0.9731 0.2131 -0.0875
vn -0.9729 0.2161 -0.0824
vn -0.9726 -0.0609 -0.2246
vn -0.9729 -0.0554 -0.2246
vn -0.9740 -0.0527 -0.2204
vn -0.9743 -0.0472 -0.2204
vn -0.9754 -0.0445 -0.2161
vn -0.9756 -0.0390 -0.2161
vn -0.9766 -0.0363 -0.2118
vn -0.9768 -0.0307 -0.2118
vn -0.9778 -0.0280 -0.2075
vn -0.9780 -0.0224 -0.2075
vn -0.9790 -0.0197 -0.2031
vn -0.9791 -0.0140 -0.2031
vn -0.9800 -0.0113 -0.1987
vn -0.9800 -0.0056 -0.1987
vn -0.9810 -0.0028 -0.1942
vn -0.9810 0.0028 -0.1942
vn -0.9818 0.0057 -0.1897
vn -0.9818 0.0113 -0.1897
vn -0.9826 0.0142 -0.1852
vn -0.9825 0.0199 -0.1852
vn -0.9833 0.0227 -0.1806
vn -0.9831 0.0285 -0.1806
vn -0.9839 0.0313 -0.1760
vn -0.9837 0.0371 -0.1760
vn -0.9844 0.0400 -0.1713
vn -0.9842 0.0458 -0.1713
vn -0.9848 0.0487 -0.1666
vn -0.9845 0.0544 -0.1666
vn -0.9851 0.0573 -0.1619
vn -0.9848 0.0632 -0.1619
vn -0.9854 0.0661 -0.1571
vn -0.9850 0.0719 -0.1571
vn -0.9855 0.0748 -0.1523
vn -0.9850 0.0807 -0.1523
vn -0.9855 0.0836 -0.1475
vn -0.9850 0.0895 -0.1475
vn -0.9855 0.0924 -0.1426
vn -0.9849 0.0983 -0.1426
vn -0.9853 0.1012 -0.1377
vn -0.9847 0.1071 -0.1377
vn -0.9850 0.1100 -0.1328
vn -0.9843 0.1159 -0.1328
vn -0.9846 0.1189 -0.1279
vn -0.9839 0.1248 -0.1279
vn -0.9842 0.1278 -0.1229
vn -0.9834 0.1336 -0.1229
vn -0.9836 0.1366 -0.1179
vn -0.9827 0.1425 -0.1179
vn -0.9829 0.1455 -0.1129
vn -0.9820 0.1514 -0.1129
vn -0.9821 0.1544 -0.1078
vn -0.9812 0.1602 -0.1078
vn -0.9812 0.1632 -0.1028
vn -0.9802 0.1691 -0.1028
vn -0.9802 0.1721 -0.0977
vn -0.9792 0.1779 -0.0977
vn -0.9791 0.1809 -0.0926
vn -0.9780 0.1868 -0.0926
vn -0.9779 0.1898 -0.0875
vn -0.9768 0.1956 -0.0875
vn -0.9766 0.1986 -0.0824
vn -0.9754 0.2045 -0.0824
vn -0.9752 0.2074 -0.0773
vn -0.9739 0.2133 -0.0773
vn -0.9737 0.2162 -0.0721
vn -0.9724 0.2221 -0.0721
vn -0.9720 0.2250 -0.0670
vn -0.9716 -0.0771 -0.2236
vn -0.9720 -0.0717 -0.2236
vn -0.9732 -0.0691 -0.2195
vn -0.9735 -0.0637 -0.2195
vn -0.9747 -0.0610 -0.2153
vn -0.9750 -0.0555 -0.2153
vn -0.9761 -0.0528 -0.2110
vn -0.9763 -0.0473 -0.2110
vn -0.9774 -0.0446 -0.2067
vn -0.9776 -0.0391 -0.2067
vn -0.9786 -0.0363 -0.2024
vn -0.9788 -0.0308 -0.2024
vn -0.9798 -0.0281 -0.1980
vn -0.9799 -0.0225 -0.1980
vn -0.9809 -0.0197 -0.1936
vn -0.9810 -0.0141 -0.1936
vn -0.9819 -0.0113 -0.1891
vn -0.9819 -0.0056 -0.1891
vn -0.9828 -0.0028 -0.1846
vn -0.9828 0.0028 -0.1846
vn -0.9836 0.0057 -0.1801
vn -0.9836 0.0114 -0.1801
vn -0.9844 0.0142 -0.1755
vn -0.9843 0.0199 -0.1755
vn -0.9850 0.0228 -0.1709
vn -0.9849 0.0285 -0.1709
vn -0.9856 0.0314 -0.1662
vn -0.9854 0.0372 -0.1662
vn -0.9861 0.0400 -0.1615
vn -0.9858 0.0458 -0.1615
vn -0.9864 0.0487 -0.1568
vn -0.9861 0.0545 -0.1568
vn -0.9867 0.0575 -0.1520
vn -0.9864 0.0632 -0.1520
vn -0.9869 0.0662 -0.1472
vn -0.9865 0.0720 -0.1472
vn -0.9870 0.0749 -0.1424
vn -0.9865 0.0808 -0.1424
vn -0.9870 0.0837 -0.1375
vn -0.9864 0.0896 -0.1375
vn -0.9868 0.0925 -0.1326
vn -0.9863 0.0984 -0.1326
vn -0.9866 0.1014 -0.1277
vn -0.9860 0.1072 -0.1277
vn -0.9863 0.1102 -0.1228
vn -0.9856 0.1161 -0.1228
vn -0.9859 0.1190 -0.1178
vn -0.9851 0.1249 -0.1178
vn -0.9853 0.1279 -0.1128
vn -0.9846 0.1338 -0.1128
vn -0.9847 0.1368 -0.1078
vn -0.9839 0.1427 -0.1078
vn -0.9840 0.1456 -0.1027
vn -0.9831 0.1515 -0.1027
vn -0.9831 0.1545 -0.0977
vn -0.9822 0.1604 -0.0977
vn -0.9822 0.1634 -0.0926
vn -0.9812 0.1693 -0.0926
vn -0.9812 0.1722 -0.0875
vn -0.9801 0.1781 -0.0875
vn -0.9800 0.1811 -0.0824
vn -0.9789 0.1870 -0.0824
vn -0.9787 0.1899 -0.0773
vn -0.9776 0.1958 -0.0773
vn -0.9774 0.1988 -0.0722
vn -0.9762 0.2046 -0.0722
vn -0.9759 0.2076 -0.0670
vn -0.9747 0.2134 -0.0670
vn -0.9743 0.2164 -0.0619
vn -0.9730 0.2222 -0.0619
vn -0.9727 0.2252 -0.0567
vn -0.9721 -0.0853 -0.2185
vn -0.9726 -0.0799 -0.2185
vn -0.9737 -0.0773 -0.2144
vn -0.9741 -0.0719 -0.2144
vn -0.9752 -0.0692 -0.2102
vn -0.9756 -0.0638 -0.2102
vn -0.9767 -0.0611 -0.2059
vn -0.9770 -0.0557 -0.2059
vn -0.9780 -0.0529 -0.2016
vn -0.9783 -0.0474 -0.2016
vn -0.9793 -0.0447 -0.1973
vn -0.9796 -0.0392 -0.1973
vn -0.9805 -0.0364 -0.1929
vn -0.9807 -0.0309 -0.1929
vn -0.9817 -0.0281 -0.1885
vn -0.9818 -0.0225 -0.1885
vn -0.9827 -0.0197 -0.1840
vn -0.9828 -0.0141 -0.1840
vn -0.9837 -0.0113 -0.1795
vn -0.9837 -0.0057 -0.1795
vn -0.9846 -0.0028 -0.1749
vn -0.9846 0.0029 -0.1749
vn -0.9854 0.0057 -0.1704
vn -0.9853 0.0114 -0.1704
vn -0.9861 0.0142 -0.1657
vn -0.9860 0.0200 -0.1657
vn -0.9867 0.0228 -0.1611
vn -0.9865 0.0286 -0.1611
vn -0.9872 0.0315 -0.1564
vn -0.9870 0.0372 -0.1564
vn -0.9876 0.0401 -0.1517
vn -0.9874 0.0459 -0.1517
vn -0.9879 0.0488 -0.1469
vn -0.9876 0.0546 -0.1469
vn -0.9882 0.0575 -0.1421
vn -0.9878 0.0634 -0.1421
vn -0.9883 0.0663 -0.1373
vn -0.9879 0.0721 -0.1373
vn -0.9884 0.0751 -0.1324
vn -0.9879 0.0809 -0.1324
vn -0.9883 0.0838 -0.1275
vn -0.9878 0.0897 -0.1275
vn -0.9881 0.0927 -0.1226
vn -0.9876 0.0985 -0.1226
vn -0.9879 0.1015 -0.1176
vn -0.9872 0.1074 -0.1176
vn -0.9875 0.1103 -0.1127
vn -0.9868 0.1162 -0.1127
vn -0.9870 0.1192 -0.1077
vn -0.9863 0.1251 -0.1077
vn -0.9864 0.1281 -0.1027
vn -0.9857 0.1339 -0.1027
vn -0.9858 0.1369 -0.0976
vn -0.9849 0.1428 -0.0976
vn -0.9850 0.1458 -0.0926
vn -0.9841 0.1517 -0.0926
vn -0.9841 0.1547 -0.0875
vn -0.9831 0.1606 -0.0875
vn -0.9831 0.1635 -0.0824
vn -0.9821 0.1694 -0.0824
vn -0.9820 0.1724 -0.0773
vn -0.9809 0.1783 -0.0773
vn -0.9808 0.1812 -0.0722
vn -0.9797 0.1871 -0.0722
vn -0.9795 0.1901 -0.0670
vn -0.9783 0.1960 -0.0670
vn -0.9781 0.1989 -0.0619
vn -0.9769 0.2048 -0.0619
vn -0.9765 0.2077 -0.0567
vn -0.9753 0.2136 -0.0567
vn -0.9749 0.2165 -0.0516
vn -0.9736 0.2223 -0.0516
vn -0.9732 0.2253 -0.0464
vn -0.9725 -0.0934 -0.2134
vn -0.9730 -0.0881 -0.2134
vn -0.9741 -0.0854 -0.2092
vn -0.9746 -0.0801 -0.2092
vn -0.9757 -0.0774 -0.2050
vn -0.9761 -0.0721 -0.2050
vn -0.9772 -0.0693 -0.2008
vn -0.9775 -0.0639 -0.2008
vn -0.9786 -0.0612 -0.1965
vn -0.9789 -0.0558 -0.1965
vn -0.9799 -0.0530 -0.1921
vn -0.9802 -0.0475 -0.1921
vn -0.9812 -0.0448 -0.1878
vn -0.9814 -0.0393 -0.1878
vn -0.9824 -0.0365 -0.1833
vn -0.9826 -0.0309 -0.1833
vn -0.9835 -0.0281 -0.1789
vn -0.9836 -0.0226 -0.1789
vn -0.9845 -0.0197 -0.1744
vn -0.9846 -0.0141 -0.1744
vn -0.9854 -0.0113 -0.1698
vn -0.9855 -0.0057 -0.1698
vn -0.9863 -0.0028 -0.1652
vn -0.9863 0.0028 -0.1652
vn -0.9870 0.0057 -0.1606
vn -0.9870 0.0114 -0.1606
vn -0.9877 0.0143 -0.1559
vn -0.9876 0.0200 -0.1559
vn -0.9882 0.0229 -0.1512
vn -0.9881 0.0286 -0.1512
vn -0.9887 0.0315 -0.1465
vn -0.9885 0.0373 -0.1465
vn -0.9891 0.0402 -0.1418
vn -0.9888 0.0460 -0.1418
vn -0.9894 0.0489 -0.1369
vn -0.9891 0.0547 -0.1369
vn -0.9896 0.0576 -0.1321
vn -0.9892 0.0634 -0.1321
vn -0.9896 0.0664 -0.1273
vn -0.9892 0.0722 -0.1273
vn -0.9896 0.0752 -0.1224
vn -0.9892 0.0810 -0.1224
vn -0.9895 0.0840 -0.1174
vn -0.9890 0.0898 -0.1174
vn -0.9893 0.0928 -0.1125
vn -0.9887 0.0987 -0.1125
vn -0.9890 0.1016 -0.1075
vn -0.9884 0.1075 -0.1075
vn -0.9886 0.1105 -0.1025
vn -0.9879 0.1163 -0.1025
vn -0.9881 0.1193 -0.0975
vn -0.9873 0.1252 -0.0975
vn -0.9874 0.1282 -0.0925
vn -0.9866 0.1341 -0.0925
vn -0.9867 0.1371 -0.0874
vn -0.9859 0.1429 -0.0874
vn -0.9859 0.1459 -0.0824
vn -0.9850 0.1518 -0.0824
vn -0.9849 0.1548 -0.0773
vn -0.9840 0.1607 -0.0773
vn -0.9839 0.1637 -0.0722
vn -0.9829 0.1695 -0.0722
vn -0.9827 0.1725 -0.0670
vn -0.9817 0.1784 -0.0670
vn -0.9815 0.1814 -0.0619
vn -0.9804 0.1872 -0.0619
vn -0.9801 0.1902 -0.0568
vn -0.9789 0.1961 -0.0568
vn -0.9786 0.1990 -0.0516
vn -0.9774 0.2049 -0.0516
vn -0.9771 0.2078 -0.0464
vn -0.9758 0.2137 -0.0464
vn -0.9754 0.2166 -0.0413
vn -0.9741 0.2224 -0.0413
vn -0.9736 0.2254 -0.0361
vn -0.9722 0.2312 -0.0361
vn -0.9717 0.2341 -0.0310
vn -0.9728 -0.1015 -0.2083
vn -0.9733 -0.0963 -0.2083
vn -0.9745 -0.0936 -0.2041
vn -0.9750 -0.0883 -0.2041
vn -0.9761 -0.0856 -0.1999
vn -0.9765 -0.0803 -0.1999
vn -0.9776 -0.0776 -0.1957
vn -0.9780 -0.0722 -0.1957
vn -0.9791 -0.0695 -0.1914
vn -0.9794 -0.0641 -0.1914
vn -0.9804 -0.0613 -0.1870
vn -0.9808 -0.0559 -0.1870
vn -0.9817 -0.0531 -0.1826
vn -0.9820 -0.0476 -0.1826
vn -0.9830 -0.0449 -0.1782
vn -0.9832 -0.0393 -0.1782
vn -0.9841 -0.0365 -0.1737
vn -0.9843 -0.0310 -0.1737
vn -0.9852 -0.0282 -0.1692
vn -0.9853 -0.0226 -0.1692
vn -0.9861 -0.0198 -0.1647
vn -0.9862 -0.0142 -0.1647
vn -0.9870 -0.0113 -0.1601
vn -0.9871 -0.0057 -0.1601
vn -0.9878 -0.0028 -0.1555
vn -0.9878 0.0028 -0.1555
vn -0.9885 0.0057 -0.1508
vn -0.9885 0.0114 -0.1508
vn -0.9892 0.0143 -0.1461
vn -0.9891 0.0200 -0.1461
vn -0.9897 0.0229 -0.1414
vn -0.9895 0.0286 -0.1414
vn -0.9901 0.0315 -0.1366
vn -0.9899 0.0373 -0.1366
vn -0.9905 0.0402 -0.1318
vn -0.9902 0.0460 -0.1318
vn -0.9907 0.0490 -0.1270
vn -0.9904 0.0548 -0.1270
vn -0.9908 0.0577 -0.1221
vn -0.9905 0.0635 -0.1221
vn -0.9909 0.0665 -0.1172
vn -0.9905 0.0723 -0.1172
vn -0.9908 0.0752 -0.1123
vn -0.9904 0.0811 -0.1123
vn -0.9907 0.0841 -0.1074
vn -0.9901 0.0899 -0.1074
vn -0.9904 0.0929 -0.1024
vn -0.9898 0.0988 -0.1024
vn -0.9900 0.1017 -0.0974
vn -0.9894 0.1076 -0.0974
vn -0.9896 0.1106 -0.0924
vn -0.9889 0.1165 -0.0924
vn -0.9890 0.1194 -0.0873
vn -0.9883 0.1253 -0.0873
vn -0.9883 0.1283 -0.0823
vn -0.9875 0.1342 -0.0823
vn -0.9875 0.1372 -0.0772
vn -0.9867 0.1431 -0.0772
vn -0.9866 0.1460 -0.0721
vn -0.9858 0.1519 -0.0721
vn -0.9857 0.1549 -0.0670
vn -0.9847 0.1608 -0.0670
vn -0.9846 0.1638 -0.0619
vn -0.9836 0.1697 -0.0619
vn -0.9833 0.1726 -0.0568
vn -0.9823 0.1785 -0.0568
vn -0.9820 0.1815 -0.0516
vn -0.9809 0.1873 -0.0516
vn -0.9806 0.1903 -0.0465
vn -0.9795 0.1962 -0.0465
vn -0.9791 0.1991 -0.0413
vn -0.9779 0.2050 -0.0413
vn -0.9775 0.2079 -0.0362
vn -0.9762 0.2138 -0.0362
vn -0.9757 0.2167 -0.0310
vn -0.9744 0.2225 -0.0310
vn -0.9739 0.2255 -0.0258
vn -0.9726 0.2312 -0.0258
vn -0.9720 0.2342 -0.0206
vn -0.9730 -0.1096 -0.2032
vn -0.9736 -0.1044 -0.2032
vn -0.9747 -0.1017 -0.1990
vn -0.9752 -0.0965 -0.1990
vn -0.9764 -0.0938 -0.1948
vn -0.9768 -0.0885 -0.1948
vn -0.9779 -0.0858 -0.1905
vn -0.9784 -0.0804 -0.1905
vn -0.9794 -0.0777 -0.1862
vn -0.9798 -0.0723 -0.1862
vn -0.9809 -0.0696 -0.1819
vn -0.9812 -0.0642 -0.1819
vn -0.9822 -0.0614 -0.1775
vn -0.9825 -0.0560 -0.1775
vn -0.9835 -0.0532 -0.1731
vn -0.9838 -0.0477 -0.1731
vn -0.9847 -0.0449 -0.1686
vn -0.9849 -0.0394 -0.1686
vn -0.9858 -0.0366 -0.1641
vn -0.9860 -0.0311 -0.1641
vn -0.9868 -0.0282 -0.1595
vn -0.9869 -0.0227 -0.1595
vn -0.9877 -0.0198 -0.1549
vn -0.9878 -0.0142 -0.1549
vn -0.9886 -0.0113 -0.1503
vn -0.9886 -0.0057 -0.1503
vn -0.9893 -0.0028 -0.1457
vn -0.9893 0.0028 -0.1457
vn -0.9900 0.0057 -0.1409
vn -0.9900 0.0114 -0.1409
vn -0.9906 0.0143 -0.1362
vn -0.9905 0.0200 -0.1362
vn -0.9911 0.0229 -0.1315
vn -0.9909 0.0287 -0.1315
vn -0.9914 0.0316 -0.1266
vn -0.9912 0.0374 -0.1266
vn -0.9917 0.0403 -0.1218
vn -0.9915 0.0461 -0.1218
vn -0.9919 0.0490 -0.1170
vn -0.9916 0.0548 -0.1170
vn -0.9920 0.0578 -0.1121
vn -0.9917 0.0636 -0.1121
vn -0.9920 0.0665 -0.1071
vn -0.9916 0.0724 -0.1071
vn -0.9919 0.0753 -0.1022
vn -0.9914 0.0812 -0.1022
vn -0.9917 0.0841 -0.0972
vn -0.9912 0.0900 -0.0972
vn -0.9914 0.0930 -0.0922
vn -0.9908 0.0988 -0.0922
vn -0.9910 0.1018 -0.0872
vn -0.9904 0.1077 -0.0872
vn -0.9905 0.1107 -0.0822
vn -0.9898 0.1166 -0.0822
vn -0.9898 0.1195 -0.0771
vn -0.9891 0.1254 -0.0771
vn -0.9891 0.1284 -0.0721
vn -0.9883 0.1343 -0.0721
vn -0.9883 0.1373 -0.0670
vn -0.9874 0.1432 -0.0670
vn -0.9873 0.1461 -0.0619
vn -0.9864 0.1520 -0.0619
vn -0.9863 0.1550 -0.0567
vn -0.9853 0.1609 -0.0567
vn -0.9851 0.1639 -0.0516
vn -0.9841 0.1698 -0.0516
vn -0.9839 0.1727 -0.0465
vn -0.9828 0.1786 -0.0465
vn -0.9825 0.1816 -0.0413
vn -0.9814 0.1874 -0.0413
vn -0.9810 0.1904 -0.0362
vn -0.9799 0.1963 -0.0362
vn -0.9795 0.1992 -0.0310
vn -0.9783 0.2050 -0.0310
vn -0.9778 0.2080 -0.0258
vn -0.9765 0.2138 -0.0258
vn -0.9760 0.2168 -0.0207
vn -0.9747 0.2226 -0.0207
vn -0.9741 0.2255 -0.0155
vn -0.9728 0.2313 -0.0155
vn -0.9721 0.2342 -0.0103
vn -0.9731 -0.1176 -0.1980
vn -0.9737 -0.1125 -0.1980
vn -0.9749 -0.1098 -0.1939
vn -0.9754 -0.1046 -0.1939
vn -0.9766 -0.1019 -0.1897
vn -0.9771 -0.0966 -0.1897
vn -0.9782 -0.0939 -0.1854
vn -0.9787 -0.0887 -0.1854
vn -0.9797 -0.0859 -0.1811
vn -0.9802 -0.0806 -0.1811
vn -0.9812 -0.0778 -0.1767
vn -0.9816 -0.0725 -0.1767
vn -0.9826 -0.0697 -0.1723
vn -0.9829 -0.0643 -0.1723
vn -0.9839 -0.0615 -0.1679
vn -0.9842 -0.0561 -0.1679
vn -0.9851 -0.0533 -0.1634
vn -0.9854 -0.0478 -0.1634
vn -0.9863 -0.0450 -0.1589
vn -0.9865 -0.0395 -0.1589
vn -0.9873 -0.0367 -0.1544
vn -0.9875 -0.0311 -0.1544
vn -0.9883 -0.0283 -0.1498
vn -0.9885 -0.0227 -0.1498
vn -0.9892 -0.0198 -0.1452
vn -0.9893 -0.0142 -0.1452
vn -0.9900 -0.0113 -0.1405
vn -0.9901 -0.0057 -0.1405
vn -0.9907 -0.0028 -0.1358
vn -0.9907 0.0028 -0.1358
vn -0.9914 0.0057 -0.1311
vn -0.9913 0.0114 -0.1311
vn -0.9919 0.0143 -0.1263
vn -0.9918 0.0201 -0.1263
vn -0.9923 0.0230 -0.1215
vn -0.9922 0.0287 -0.1215
vn -0.9927 0.0316 -0.1167
vn -0.9925 0.0374 -0.1167
vn -0.9929 0.0403 -0.1118
vn -0.9927 0.0461 -0.1118
vn -0.9931 0.0491 -0.1069
vn -0.9928 0.0549 -0.1069
vn -0.9931 0.0578 -0.1020
vn -0.9927 0.0637 -0.1020
vn -0.9930 0.0666 -0.0970
vn -0.9926 0.0724 -0.0970
vn -0.9929 0.0754 -0.0921
vn -0.9924 0.0813 -0.0921
vn -0.9926 0.0842 -0.0871
vn -0.9921 0.0901 -0.0871
vn -0.9923 0.0931 -0.0821
vn -0.9917 0.0989 -0.0821
vn -0.9918 0.1019 -0.0770
vn -0.9912 0.1078 -0.0770
vn -0.9912 0.1108 -0.0720
vn -0.9906 0.1167 -0.0720
vn -0.9906 0.1196 -0.0669
vn -0.9898 0.1255 -0.0669
vn -0.9898 0.1285 -0.0618
vn -0.9890 0.1344 -0.0618
vn -0.9889 0.1374 -0.0567
vn -0.9881 0.1433 -0.0567
vn -0.9879 0.1462 -0.0516
vn -0.9870 0.1521 -0.0516
vn -0.9868 0.1551 -0.0464
vn -0.9859 0.1610 -0.0464
vn -0.9856 0.1640 -0.0413
vn -0.9846 0.1698 -0.0413
vn -0.9843 0.1728 -0.0361
vn -0.9832 0.1787 -0.0361
vn -0.9829 0.1816 -0.0310
vn -0.9818 0.1875 -0.0310
vn -0.9814 0.1905 -0.0258
vn -0.9802 0.1963 -0.0258
vn -0.9797 0.1993 -0.0207
vn -0.9785 0.2051 -0.0207
vn -0.9780 0.2080 -0.0155
vn -0.9767 0.2139 -0.0155
vn -0.9762 0.2168 -0.0103
vn -0.9749 0.2226 -0.0103
vn -0.9742 0.2255 -0.0052
vn -0.9729 0.2313 -0.0052
vn -0.9722 0.2342 -0.0000
vn -0.9731 -0.1256 -0.1929
vn -0.9738 -0.1205 -0.1929
vn -0.9749 -0.1178 -0.1887
vn -0.9755 -0.1127 -0.1887
vn -0.9767 -0.1100 -0.1845
vn -0.9772 -0.1048 -0.1845
vn -0.9783 -0.1021 -0.1802
vn -0.9788 -0.0968 -0.1802
vn -0.9799 -0.0941 -0.1759
vn -0.9804 -0.0888 -0.1759
vn -0.9814 -0.0861 -0.1716
vn -0.9819 -0.0807 -0.1716
vn -0.9828 -0.0780 -0.1672
vn -0.9832 -0.0726 -0.1672
vn -0.9842 -0.0698 -0.1628
vn -0.9846 -0.0644 -0.1628
vn -0.9855 -0.0616 -0.1583
vn -0.9858 -0.0562 -0.1583
vn -0.9867 -0.0534 -0.1538
vn -0.9869 -0.0479 -0.1538
vn -0.9878 -0.0451 -0.1492
vn -0.9880 -0.0395 -0.1492
vn -0.9888 -0.0367 -0.1446
vn -0.9890 -0.0312 -0.1446
vn -0.9897 -0.0283 -0.1400
vn -0.9899 -0.0227 -0.1400
vn -0.9906 -0.0199 -0.1353
vn -0.9907 -0.0142 -0.1353
vn -0.9914 -0.0114 -0.1306
vn -0.9914 -0.0057 -0.1306
vn -0.9920 -0.0028 -0.1259
vn -0.9920 0.0028 -0.1259
vn -0.9926 0.0057 -0.1211
vn -0.9926 0.0114 -0.1211
vn -0.9931 0.0144 -0.1163
vn -0.9930 0.0201 -0.1163
vn -0.9935 0.0230 -0.1115
vn -0.9933 0.0287 -0.1115
vn -0.9938 0.0317 -0.1066
vn -0.9936 0.0374 -0.1066
vn -0.9940 0.0404 -0.1018
vn -0.9937 0.0462 -0.1018
vn -0.9941 0.0491 -0.0968
vn -0.9938 0.0549 -0.0968
vn -0.9941 0.0579 -0.0919
vn -0.9937 0.0637 -0.0919
vn -0.9940 0.0667 -0.0869
vn -0.9936 0.0725 -0.0869
vn -0.9938 0.0755 -0.0819
vn -0.9933 0.0813 -0.0819
vn -0.9935 0.0843 -0.0769
vn -0.9930 0.0902 -0.0769
vn -0.9931 0.0931 -0.0719
vn -0.9925 0.0990 -0.0719
vn -0.9925 0.1020 -0.0668
vn -0.9919 0.1079 -0.0668
vn -0.9919 0.1108 -0.0617
vn -0.9912 0.1167 -0.0617
vn -0.9912 0.1197 -0.0566
vn -0.9905 0.1256 -0.0566
vn -0.9904 0.1286 -0.0515
vn -0.9896 0.1345 -0.0515
vn -0.9894 0.1374 -0.0464
vn -0.9886 0.1433 -0.0464
vn -0.9884 0.1463 -0.0413
vn -0.9875 0.1522 -0.0413
vn -0.9872 0.1552 -0.0361
vn -0.9863 0.1611 -0.0361
vn -0.9860 0.1640 -0.0310
vn -0.9850 0.1699 -0.0310
vn -0.9846 0.1729 -0.0258
vn -0.9836 0.1787 -0.0258
vn -0.9831 0.1817 -0.0207
vn -0.9820 0.1876 -0.0207
vn -0.9816 0.1905 -0.0155
vn -0.9804 0.1964 -0.0155
vn -0.9799 0.1993 -0.0103
vn -0.9787 0.2051 -0.0103
vn -0.9781 0.2081 -0.0052
vn -0.9768 0.2139 -0.0052
vn -0.9762 0.2168 -0.0000
vn -0.9749 0.2226 -0.0000
vn -0.9742 0.2255 0.0052
vn -0.9729 0.2313 0.0052
vn -0.9721 0.2342 0.0103
vn -0.9731 -0.1336 -0.1878
vn -0.9738 -0.1285 -0.1878
vn -0.9749 -0.1258 -0.1836
vn -0.9756 -0.1207 -0.1836
vn -0.9767 -0.1180 -0.1794
vn -0.9773 -0.1129 -0.1794
vn -0.9784 -0.1102 -0.1751
vn -0.9789 -0.1050 -0.1751
vn -0.9800 -0.1022 -0.1708
vn -0.9805 -0.0970 -0.1708
vn -0.9815 -0.0942 -0.1664
vn -0.9820 -0.0890 -0.1664
vn -0.9830 -0.0862 -0.1620
vn -0.9835 -0.0809 -0.1620
vn -0.9844 -0.0781 -0.1576
vn -0.9848 -0.0727 -0.1576
vn -0.9857 -0.0699 -0.1531
vn -0.9861 -0.0645 -0.1531
vn -0.9870 -0.0617 -0.1486
vn -0.9873 -0.0563 -0.1486
vn -0.9881 -0.0535 -0.1441
vn -0.9884 -0.0480 -0.1441
vn -0.9892 -0.0451 -0.1395
vn -0.9894 -0.0396 -0.1395
vn -0.9902 -0.0367 -0.1348
vn -0.9904 -0.0312 -0.1348
vn -0.9911 -0.0283 -0.1302
vn -0.9912 -0.0228 -0.1302
vn -0.9919 -0.0199 -0.1255
vn -0.9920 -0.0143 -0.1255
vn -0.9926 -0.0114 -0.1207
vn -0.9927 -0.0057 -0.1207
vn -0.9932 -0.0028 -0.1160
vn -0.9932 0.0028 -0.1160
vn -0.9938 0.0058 -0.1112
vn -0.9937 0.0115 -0.1112
vn -0.9942 0.0144 -0.1063
vn -0.9941 0.0201 -0.1063
vn -0.9946 0.0230 -0.1015
vn -0.9944 0.0288 -0.1015
vn -0.9948 0.0317 -0.0966
vn -0.9946 0.0375 -0.0966
vn -0.9950 0.0404 -0.0917
vn -0.9947 0.0462 -0.0917
vn -0.9950 0.0492 -0.0867
vn -0.9947 0.0550 -0.0867
vn -0.9950 0.0579 -0.0818
vn -0.9946 0.0638 -0.0818
vn -0.9948 0.0667 -0.0768
vn -0.9944 0.0726 -0.0768
vn -0.9946 0.0755 -0.0717
vn -0.9941 0.0814 -0.0717
vn -0.9942 0.0844 -0.0667
vn -0.9937 0.0902 -0.0667
vn -0.9937 0.0932 -0.0616
vn -0.9932 0.0991 -0.0616
vn -0.9932 0.1020 -0.0566
vn -0.9925 0.1079 -0.0566
vn -0.9925 0.1109 -0.0515
vn -0.9918 0.1168 -0.0515
vn -0.9917 0.1198 -0.0464
vn -0.9910 0.1257 -0.0464
vn -0.9908 0.1286 -0.0412
vn -0.9901 0.1345 -0.0412
vn -0.9898 0.1375 -0.0361
vn -0.9890 0.1434 -0.0361
vn -0.9887 0.1464 -0.0310
vn -0.9879 0.1523 -0.0310
vn -0.9875 0.1552 -0.0258
vn -0.9866 0.1611 -0.0258
vn -0.9862 0.1641 -0.0207
vn -0.9852 0.1700 -0.0207
vn -0.9848 0.1729 -0.0155
vn -0.9838 0.1788 -0.0155
vn -0.9833 0.1817 -0.0103
vn -0.9822 0.1876 -0.0103
vn -0.9817 0.1905 -0.0052
vn -0.9805 0.1964 -0.0052
vn -0.9799 0.1993 -0.0000
vn -0.9787 0.2051 -0.0000
vn -0.9781 0.2081 0.0052
vn -0.9768 0.2139 0.0052
vn -0.9762 0.2168 0.0103
vn -0.9749 0.2226 0.0103
vn -0.9741 0.2255 0.0155
vn -0.9728 0.2313 0.0155
vn -0.9720 0.2342 0.0206
vn -0.9729 -0.1415 -0.1826
vn -0.9737 -0.1365 -0.1826
vn -0.9748 -0.1338 -0.1785
vn -0.9755 -0.1287 -0.1785
vn -0.9766 -0.1260 -0.1742
vn -0.9772 -0.1209 -0.1742
vn -0.9783 -0.1182 -0.1700
vn -0.9789 -0.1131 -0.1700
vn -0.9800 -0.1103 -0.1656
vn -0.9806 -0.1052 -0.1656
vn -0.9816 -0.1024 -0.1613
vn -0.9821 -0.0972 -0.1613
vn -0.9831 -0.0944 -0.1569
vn -0.9836 -0.0891 -0.1569
vn -0.9845 -0.0863 -0.1525
vn -0.9850 -0.0810 -0.1525
vn -0.9859 -0.0782 -0.1480
vn -0.9863 -0.0728 -0.1480
vn -0.9872 -0.0700 -0.1435
vn -0.9875 -0.0646 -0.1435
vn -0.9884 -0.0618 -0.1389
vn -0.9887 -0.0564 -0.1389
vn -0.9895 -0.0535 -0.1343
vn -0.9898 -0.0480 -0.1343
vn -0.9905 -0.0452 -0.1297
vn -0.9908 -0.0397 -0.1297
vn -0.9915 -0.0368 -0.1250
vn -0.9917 -0.0312 -0.1250
vn -0.9923 -0.0284 -0.1203
vn -0.9925 -0.0228 -0.1203
vn -0.9931 -0.0199 -0.1156
vn -0.9932 -0.0143 -0.1156
vn -0.9938 -0.0114 -0.1108
vn -0.9938 -0.0057 -0.1108
vn -0.9944 -0.0028 -0.1060
vn -0.9944 0.0028 -0.1060
vn -0.9949 0.0058 -0.1012
vn -0.9948 0.0115 -0.1012
vn -0.9952 0.0144 -0.0963
vn -0.9951 0.0201 -0.0963
vn -0.9955 0.0231 -0.0914
vn -0.9954 0.0288 -0.0914
vn -0.9957 0.0318 -0.0865
vn -0.9955 0.0375 -0.0865
vn -0.9958 0.0405 -0.0816
vn -0.9956 0.0463 -0.0816
vn -0.9958 0.0492 -0.0766
vn -0.9955 0.0550 -0.0766
vn -0.9957 0.0580 -0.0716
vn -0.9954 0.0638 -0.0716
vn -0.9955 0.0668 -0.0666
vn -0.9951 0.0726 -0.0666
vn -0.9952 0.0756 -0.0615
vn -0.9948 0.0814 -0.0615
vn -0.9948 0.0844 -0.0565
vn -0.9943 0.0903 -0.0565
vn -0.9943 0.0933 -0.0514
vn -0.9937 0.0991 -0.0514
vn -0.9937 0.1021 -0.0463
vn -0.9931 0.1080 -0.0463
vn -0.9930 0.1110 -0.0412
vn -0.9923 0.1168 -0.0412
vn -0.9921 0.1198 -0.0361
vn -0.9914 0.1257 -0.0361
vn -0.9912 0.1287 -0.0309
vn -0.9904 0.1346 -0.0309
vn -0.9902 0.1375 -0.0258
vn -0.9893 0.1434 -0.0258
vn -0.9890 0.1464 -0.0207
vn -0.9881 0.1523 -0.0207
vn -0.9878 0.1552 -0.0155
vn -0.9868 0.1611 -0.0155
vn -0.9864 0.1641 -0.0103
vn -0.9854 0.1700 -0.0103
vn -0.9849 0.1729 -0.0052
vn -0.9839 0.1788 -0.0052
vn -0.9833 0.1817 -0.0000
vn -0.9822 0.1876 -0.0000
vn -0.9817 0.1905 0.0052
vn -0.9805 0.1964 0.0052
vn -0.9799 0.1993 0.0103
vn -0.9787 0.2051 0.0103
vn -0.9780 0.2080 0.0155
vn -0.9767 0.2139 0.0155
vn -0.9760 0.2168 0.0207
vn -0.9747 0.2226 0.0207
vn -0.9739 0.2255 0.0258
vn -0.9726 0.2312 0.0258
vn -0.9717 0.2341 0.0310
vn -0.9727 -0.1494 -0.1775
vn -0.9735 -0.1444 -0.1775
vn -0.9746 -0.1417 -0.1733
vn -0.9753 -0.1367 -0.1733
vn -0.9764 -0.1340 -0.1691
vn -0.9771 -0.1290 -0.1691
vn -0.9782 -0.1262 -0.1648
vn -0.9789 -0.1212 -0.1648
vn -0.9799 -0.1184 -0.1605
vn -0.9805 -0.1133 -0.1605
vn -0.9815 -0.1105 -0.1561
vn -0.9821 -0.1053 -0.1562
vn -0.9831 -0.1026 -0.1517
vn -0.9836 -0.0973 -0.1517
vn -0.9846 -0.0945 -0.1473
vn -0.9851 -0.0892 -0.1473
vn -0.9860 -0.0864 -0.1428
vn -0.9864 -0.0811 -0.1428
vn -0.9873 -0.0783 -0.1383
vn -0.9877 -0.0729 -0.1383
vn -0.9885 -0.0701 -0.1338
vn -0.9889 -0.0647 -0.1338
vn -0.9897 -0.0619 -0.1292
vn -0.9900 -0.0564 -0.1292
vn -0.9908 -0.0536 -0.1245
vn -0.9910 -0.0481 -0.1245
vn -0.9918 -0.0452 -0.1199
vn -0.9920 -0.0397 -0.1199
vn -0.9927 -0.0368 -0.1152
vn -0.9929 -0.0313 -0.1152
vn -0.9935 -0.0284 -0.1104
vn -0.9936 -0.0228 -0.1104
vn -0.9942 -0.0199 -0.1056
vn -0.9943 -0.0143 -0.1056
vn -0.9948 -0.0114 -0.1009
vn -0.9949 -0.0058 -0.1009
vn -0.9954 -0.0028 -0.0960
vn -0.9954 0.0028 -0.0960
vn -0.9958 0.0058 -0.0911
vn -0.9958 0.0115 -0.0911
vn -0.9962 0.0144 -0.0863
vn -0.9961 0.0201 -0.0863
vn -0.9964 0.0231 -0.0813
vn -0.9963 0.0288 -0.0813
vn -0.9966 0.0318 -0.0764
vn -0.9964 0.0375 -0.0764
vn -0.9966 0.0405 -0.0714
vn -0.9964 0.0463 -0.0714
vn -0.9966 0.0493 -0.0664
vn -0.9963 0.0551 -0.0664
vn -0.9964 0.0580 -0.0614
vn -0.9961 0.0639 -0.0614
vn -0.9962 0.0668 -0.0564
vn -0.9958 0.0727 -0.0564
vn -0.9958 0.0756 -0.0513
vn -0.9954 0.0815 -0.0513
vn -0.9954 0.0845 -0.0462
vn -0.9948 0.0903 -0.0462
vn -0.9948 0.0933 -0.0411
vn -0.9942 0.0992 -0.0411
vn -0.9941 0.1022 -0.0360
vn -0.9935 0.1080 -0.0360
vn -0.9933 0.1110 -0.0309
vn -0.9927 0.1169 -0.0309
vn -0.9925 0.1199 -0.0258
vn -0.9917 0.1257 -0.0258
vn -0.9915 0.1287 -0.0206
vn -0.9907 0.1346 -0.0206
vn -0.9904 0.1376 -0.0155
vn -0.9895 0.1435 -0.0155
vn -0.9892 0.1464 -0.0103
vn -0.9883 0.1523 -0.0103
vn -0.9879 0.1553 -0.0052
vn -0.9869 0.1611 -0.0052
vn -0.9864 0.1641 -0.0000
vn -0.9854 0.1700 -0.0000
vn -0.9849 0.1729 0.0052
vn -0.9839 0.1788 0.0052
vn -0.9833 0.1817 0.0103
vn -0.9822 0.1876 0.0103
vn -0.9816 0.1905 0.0155
vn -0.9804 0.1964 0.0155
vn -0.9797 0.1993 0.0207
vn -0.9785 0.2051 0.0207
vn -0.9778 0.2080 0.0258
vn -0.9765 0.2138 0.0258
vn -0.9757 0.2167 0.0310
vn -0.9744 0.2225 0.0310
vn -0.9736 0.2254 0.0361
vn -0.9722 0.2312 0.0361
vn -0.9724 -0.1572 -0.1724
vn -0.9732 -0.1523 -0.1724
vn -0.9743 -0.1496 -0.1682
vn -0.9751 -0.1447 -0.1682
vn -0.9762 -0.1420 -0.1639
vn -0.9769 -0.1370 -0.1640
vn -0.9780 -0.1343 -0.1597
vn -0.9787 -0.1292 -0.1597
vn -0.9797 -0.1264 -0.1554
vn -0.9804 -0.1213 -0.1554
vn -0.9814 -0.1186 -0.1510
vn -0.9820 -0.1134 -0.1510
vn -0.9830 -0.1107 -0.1466
vn -0.9836 -0.1055 -0.1466
vn -0.9845 -0.1027 -0.1422
vn -0.9850 -0.0975 -0.1422
vn -0.9859 -0.0946 -0.1377
vn -0.9864 -0.0894 -0.1377
vn -0.9873 -0.0866 -0.1332
vn -0.9878 -0.0812 -0.1332
vn -0.9886 -0.0784 -0.1286
vn -0.9890 -0.0731 -0.1286
vn -0.9898 -0.0702 -0.1240
vn -0.9902 -0.0648 -0.1240
vn -0.9909 -0.0619 -0.1194
vn -0.9912 -0.0565 -0.1194
vn -0.9920 -0.0536 -0.1147
vn -0.9922 -0.0482 -0.1147
vn -0.9929 -0.0453 -0.1100
vn -0.9931 -0.0398 -0.1100
vn -0.9938 -0.0369 -0.1053
vn -0.9940 -0.0313 -0.1053
vn -0.9945 -0.0284 -0.1005
vn -0.9947 -0.0228 -0.1005
vn -0.9952 -0.0199 -0.0957
vn -0.9953 -0.0143 -0.0957
vn -0.9958 -0.0114 -0.0908
vn -0.9958 -0.0058 -0.0908
vn -0.9963 -0.0028 -0.0860
vn -0.9963 0.0028 -0.0860
vn -0.9967 0.0058 -0.0811
vn -0.9966 0.0115 -0.0811
vn -0.9970 0.0144 -0.0762
vn -0.9969 0.0201 -0.0762
vn -0.9972 0.0231 -0.0712
vn -0.9970 0.0288 -0.0712
vn -0.9973 0.0318 -0.0663
vn -0.9971 0.0376 -0.0663
vn -0.9973 0.0406 -0.0613
vn -0.9970 0.0463 -0.0613
vn -0.9972 0.0493 -0.0562
vn -0.9969 0.0551 -0.0562
vn -0.9970 0.0581 -0.0512
vn -0.9966 0.0639 -0.0512
vn -0.9967 0.0669 -0.0462
vn -0.9963 0.0727 -0.0462
vn -0.9963 0.0757 -0.0411
vn -0.9958 0.0815 -0.0411
vn -0.9958 0.0845 -0.0360
vn -0.9953 0.0904 -0.0360
vn -0.9952 0.0933 -0.0309
vn -0.9946 0.0992 -0.0309
vn -0.9944 0.1022 -0.0257
vn -0.9938 0.1081 -0.0257
vn -0.9936 0.1110 -0.0206
vn -0.9929 0.1169 -0.0206
vn -0.9927 0.1199 -0.0155
vn -0.9919 0.1258 -0.0155
vn -0.9916 0.1288 -0.0103
vn -0.9908 0.1346 -0.0103
vn -0.9905 0.1376 -0.0052
vn -0.9896 0.1435 -0.0052
vn -0.9892 0.1464 -0.0000
vn -0.9883 0.1523 -0.0000
vn -0.9879 0.1553 0.0052
vn -0.9869 0.1612 0.0052
vn -0.9864 0.1641 0.0103
vn -0.9854 0.1700 0.0103
vn -0.9848 0.1729 0.0155
vn -0.9838 0.1788 0.0155
vn -0.9831 0.1817 0.0207
vn -0.9820 0.1876 0.0207
vn -0.9814 0.1905 0.0258
vn -0.9802 0.1963 0.0258
vn -0.9795 0.1992 0.0310
vn -0.9783 0.2051 0.0310
vn -0.9775 0.2079 0.0361
vn -0.9762 0.2138 0.0361
vn -0.9754 0.2166 0.0413
vn -0.9741 0.2224 0.0413
vn -0.9732 0.2253 0.0464
vn -0.9720 -0.1650 -0.1673
vn -0.9728 -0.1602 -0.1673
vn -0.9740 -0.1575 -0.1631
vn -0.9747 -0.1526 -0.1631
vn -0.9759 -0.1499 -0.1588
vn -0.9766 -0.1449 -0.1588
vn -0.9777 -0.1422 -0.1546
vn -0.9784 -0.1372 -0.1546
vn -0.9795 -0.1344 -0.1502
vn -0.9801 -0.1294 -0.1502
vn -0.9812 -0.1266 -0.1459
vn -0.9818 -0.1215 -0.1459
vn -0.9828 -0.1188 -0.1415
vn -0.9834 -0.1136 -0.1415
vn -0.9844 -0.1108 -0.1370
vn -0.9849 -0.1056 -0.1370
vn -0.9858 -0.1028 -0.1325
vn -0.9864 -0.0976 -0.1325
vn -0.9872 -0.0948 -0.1280
vn -0.9877 -0.0895 -0.1280
vn -0.9886 -0.0867 -0.1235
vn -0.9890 -0.0814 -0.1235
vn -0.9898 -0.0785 -0.1189
vn -0.9902 -0.0732 -0.1189
vn -0.9910 -0.0703 -0.1142
vn -0.9913 -0.0649 -0.1142
vn -0.9920 -0.0620 -0.1095
vn -0.9924 -0.0566 -0.1095
vn -0.9930 -0.0537 -0.1048
vn -0.9933 -0.0482 -0.1048
vn -0.9939 -0.0453 -0.1001
vn -0.9942 -0.0398 -0.1001
vn -0.9948 -0.0369 -0.0953
vn -0.9950 -0.0314 -0.0953
vn -0.9955 -0.0284 -0.0905
vn -0.9956 -0.0229 -0.0905
vn -0.9961 -0.0199 -0.0857
vn -0.9962 -0.0143 -0.0857
vn -0.9967 -0.0114 -0.0808
vn -0.9967 -0.0058 -0.0808
vn -0.9971 -0.0028 -0.0759
vn -0.9971 0.0028 -0.0759
vn -0.9975 0.0058 -0.0710
vn -0.9974 0.0115 -0.0710
vn -0.9977 0.0145 -0.0661
vn -0.9976 0.0201 -0.0661
vn -0.9979 0.0231 -0.0611
vn -0.9977 0.0289 -0.0611
vn -0.9979 0.0318 -0.0561
vn -0.9977 0.0376 -0.0561
vn -0.9979 0.0406 -0.0511
vn -0.9976 0.0464 -0.0511
vn -0.9977 0.0493 -0.0460
vn -0.9974 0.0551 -0.0460
vn -0.9975 0.0581 -0.0410
vn -0.9971 0.0639 -0.0410
vn -0.9971 0.0669 -0.0359
vn -0.9967 0.0727 -0.0359
vn -0.9967 0.0757 -0.0308
vn -0.9962 0.0816 -0.0308
vn -0.9961 0.0845 -0.0257
vn -0.9956 0.0904 -0.0257
vn -0.9954 0.0934 -0.0206
vn -0.9949 0.0992 -0.0206
vn -0.9946 0.1022 -0.0155
vn -0.9940 0.1081 -0.0155
vn -0.9938 0.1111 -0.0103
vn -0.9931 0.1169 -0.0103
vn -0.9928 0.1199 -0.0052
vn -0.9920 0.1258 -0.0052
vn -0.9917 0.1288 -0.0000
vn -0.9909 0.1346 -0.0000
vn -0.9905 0.1376 0.0052
vn -0.9896 0.1435 0.0052
vn -0.9892 0.1464 0.0103
vn -0.9883 0.1523 0.0103
vn -0.9878 0.1553 0.0155
vn -0.9868 0.1611 0.0155
vn -0.9862 0.1641 0.0207
vn -0.9852 0.1700 0.0207
vn -0.9846 0.1729 0.0258
vn -0.9836 0.1787 0.0258
vn -0.9829 0.1816 0.0310
vn -0.9818 0.1875 0.0310
vn -0.9810 0.1904 0.0362
vn -0.9799 0.1963 0.0362
vn -0.9791 0.1991 0.0413
vn -0.9779 0.2050 0.0413
vn -0.9771 0.2078 0.0465
vn -0.9758 0.2137 0.0465
vn -0.9749 0.2165 0.0516
vn -0.9736 0.2223 0.0516
vn -0.9727 0.2252 0.0567
vn -0.9724 -0.1680 -0.1622
vn -0.9735 -0.1653 -0.1580
vn -0.9743 -0.1604 -0.1580
vn -0.9754 -0.1577 -0.1537
vn -0.9762 -0.1528 -0.1537
vn -0.9773 -0.1501 -0.1494
vn -0.9781 -0.1451 -0.1494
vn -0.9791 -0.1424 -0.1451
vn -0.9798 -0.1374 -0.1451
vn -0.9808 -0.1346 -0.1407
vn -0.9815 -0.1296 -0.1407
vn -0.9825 -0.1268 -0.1363
vn -0.9832 -0.1217 -0.1363
vn -0.9841 -0.1189 -0.1319
vn -0.9847 -0.1138 -0.1319
vn -0.9856 -0.1110 -0.1274
vn -0.9862 -0.1058 -0.1274
vn -0.9871 -0.1029 -0.1229
vn -0.9876 -0.0977 -0.1229
vn -0.9884 -0.0949 -0.1183
vn -0.9889 -0.0896 -0.1183
vn -0.9897 -0.0868 -0.1137
vn -0.9902 -0.0814 -0.1137
vn -0.9909 -0.0786 -0.1091
vn -0.9913 -0.0732 -0.1091
vn -0.9920 -0.0703 -0.1044
vn -0.9924 -0.0650 -0.1044
vn -0.9931 -0.0621 -0.0997
vn -0.9934 -0.0566 -0.0997
vn -0.9940 -0.0537 -0.0950
vn -0.9943 -0.0483 -0.0950
vn -0.9949 -0.0454 -0.0902
vn -0.9951 -0.0399 -0.0902
vn -0.9957 -0.0369 -0.0854
vn -0.9959 -0.0314 -0.0854
vn -0.9963 -0.0285 -0.0805
vn -0.9965 -0.0229 -0.0805
vn -0.9969 -0.0200 -0.0757
vn -0.9970 -0.0143 -0.0757
vn -0.9974 -0.0114 -0.0708
vn -0.9975 -0.0058 -0.0708
vn -0.9978 -0.0028 -0.0659
vn -0.9978 0.0028 -0.0659
vn -0.9981 0.0058 -0.0609
vn -0.9981 0.0115 -0.0609
vn -0.9983 0.0145 -0.0559
vn -0.9982 0.0202 -0.0559
vn -0.9984 0.0231 -0.0509
vn -0.9983 0.0289 -0.0509
vn -0.9984 0.0319 -0.0459
vn -0.9982 0.0376 -0.0459
vn -0.9983 0.0406 -0.0409
vn -0.9981 0.0464 -0.0409
vn -0.9981 0.0493 -0.0358
vn -0.9978 0.0551 -0.0358
vn -0.9978 0.0581 -0.0307
vn -0.9975 0.0639 -0.0307
vn -0.9974 0.0669 -0.0257
vn -0.9970 0.0728 -0.0257
vn -0.9969 0.0757 -0.0205
vn -0.9965 0.0816 -0.0205
vn -0.9963 0.0846 -0.0154
vn -0.9958 0.0904 -0.0154
vn -0.9956 0.0934 -0.0103
vn -0.9950 0.0992 -0.0103
vn -0.9947 0.1022 -0.0051
vn -0.9941 0.1081 -0.0051
vn -0.9938 0.1111 -0.0000
vn -0.9931 0.1169 -0.0000
vn -0.9928 0.1199 0.0052
vn -0.9920 0.1258 0.0052
vn -0.9916 0.1287 0.0103
vn -0.9908 0.1346 0.0103
vn -0.9904 0.1376 0.0155
vn -0.9895 0.1435 0.0155
vn -0.9890 0.1464 0.0207
vn -0.9881 0.1523 0.0207
vn -0.9875 0.1552 0.0258
vn -0.9866 0.1611 0.0258
vn -0.9860 0.1640 0.0310
vn -0.9850 0.1699 0.0310
vn -0.9843 0.1728 0.0362
vn -0.9832 0.1787 0.0362
vn -0.9825 0.1816 0.0413
vn -0.9814 0.1874 0.0413
vn -0.9806 0.1903 0.0465
vn -0.9795 0.1962 0.0465
vn -0.9786 0.1990 0.0516
vn -0.9774 0.2049 0.0516
vn -0.9765 0.2077 0.0567
vn -0.9753 0.2136 0.0567
vn -0.9743 0.2164 0.0619
vn -0.9730 0.2222 0.0619
vn -0.9721 0.2250 0.0670
vn -0.9730 -0.1730 -0.1528
vn -0.9738 -0.1682 -0.1528
vn -0.9749 -0.1655 -0.1486
vn -0.9758 -0.1607 -0.1486
vn -0.9768 -0.1579 -0.1443
vn -0.9776 -0.1530 -0.1443
vn -0.9787 -0.1503 -0.1400
vn -0.9794 -0.1453 -0.1400
vn -0.9804 -0.1426 -0.1356
vn -0.9812 -0.1376 -0.1356
vn -0.9822 -0.1348 -0.1312
vn -0.9828 -0.1298 -0.1312
vn -0.9838 -0.1270 -0.1268
vn -0.9844 -0.1219 -0.1268
vn -0.9853 -0.1191 -0.1223
vn -0.9859 -0.1139 -0.1223
vn -0.9868 -0.1111 -0.1177
vn -0.9874 -0.1059 -0.1177
vn -0.9882 -0.1031 -0.1132
vn -0.9887 -0.0978 -0.1132
vn -0.9895 -0.0950 -0.1086
vn -0.9900 -0.0897 -0.1086
vn -0.9908 -0.0869 -0.1039
vn -0.9912 -0.0815 -0.1039
vn -0.9919 -0.0787 -0.0993
vn -0.9924 -0.0733 -0.0993
vn -0.9930 -0.0704 -0.0946
vn -0.9934 -0.0650 -0.0946
vn -0.9940 -0.0621 -0.0898
vn -0.9943 -0.0567 -0.0898
vn -0.9949 -0.0538 -0.0850
vn -0.9952 -0.0483 -0.0850
vn -0.9957 -0.0454 -0.0802
vn -0.9960 -0.0399 -0.0802
vn -0.9965 -0.0370 -0.0754
vn -0.9967 -0.0314 -0.0754
vn -0.9971 -0.0285 -0.0705
vn -0.9972 -0.0229 -0.0705
vn -0.9976 -0.0200 -0.0656
vn -0.9977 -0.0144 -0.0656
vn -0.9981 -0.0114 -0.0607
vn -0.9981 -0.0058 -0.0607
vn -0.9984 -0.0028 -0.0558
vn -0.9984 0.0028 -0.0558
vn -0.9987 0.0058 -0.0508
vn -0.9986 0.0115 -0.0508
vn -0.9988 0.0145 -0.0458
vn -0.9987 0.0202 -0.0458
vn -0.9989 0.0232 -0.0408
vn -0.9988 0.0289 -0.0408
vn -0.9989 0.0319 -0.0357
vn -0.9987 0.0376 -0.0357
vn -0.9987 0.0406 -0.0307
vn -0.9985 0.0464 -0.0307
vn -0.9985 0.0494 -0.0256
vn -0.9981 0.0552 -0.0256
vn -0.9981 0.0582 -0.0205
vn -0.9977 0.0639 -0.0205
vn -0.9976 0.0669 -0.0154
vn -0.9972 0.0728 -0.0154
vn -0.9971 0.0757 -0.0103
vn -0.9966 0.0816 -0.0103
vn -0.9964 0.0846 -0.0051
vn -0.9959 0.0904 -0.0051
vn -0.9956 0.0934 -0.0000
vn -0.9951 0.0993 -0.0000
vn -0.9947 0.1022 0.0051
vn -0.9941 0.1081 0.0051
vn -0.9938 0.1111 0.0103
vn -0.9931 0.1169 0.0103
vn -0.9927 0.1199 0.0155
vn -0.9919 0.1258 0.0155
vn -0.9915 0.1287 0.0206
vn -0.9907 0.1346 0.0206
vn -0.9902 0.1375 0.0258
vn -0.9893 0.1434 0.0258
vn -0.9887 0.1464 0.0310
vn -0.9879 0.1523 0.0310
vn -0.9872 0.1552 0.0361
vn -0.9863 0.1611 0.0361
vn -0.9856 0.1640 0.0413
vn -0.9846 0.1698 0.0413
vn -0.9839 0.1727 0.0465
vn -0.9828 0.1786 0.0465
vn -0.9820 0.1815 0.0516
vn -0.9809 0.1873 0.0516
vn -0.9801 0.1902 0.0568
vn -0.9789 0.1961 0.0568
vn -0.9781 0.1989 0.0619
vn -0.9769 0.2048 0.0619
vn -0.9759 0.2076 0.0670
vn -0.9747 0.2134 0.0670
vn -0.9737 0.2162 0.0721
vn -0.9724 0.2220 0.0721
vn -0.9724 -0.1807 -0.1477
vn -0.9732 -0.1760 -0.1477
vn -0.9744 -0.1733 -0.1435
vn -0.9752 -0.1685 -0.1435
vn -0.9763 -0.1657 -0.1392
vn -0.9771 -0.1609 -0.1392
vn -0.9782 -0.1581 -0.1349
vn -0.9789 -0.1533 -0.1349
vn -0.9800 -0.1505 -0.1305
vn -0.9807 -0.1455 -0.1305
vn -0.9817 -0.1428 -0.1261
vn -0.9824 -0.1377 -0.1261
vn -0.9834 -0.1350 -0.1216
vn -0.9840 -0.1299 -0.1216
vn -0.9849 -0.1271 -0.1172
vn -0.9856 -0.1220 -0.1172
vn -0.9865 -0.1192 -0.1126
vn -0.9871 -0.1140 -0.1126
vn -0.9879 -0.1112 -0.1081
vn -0.9885 -0.1060 -0.1081
vn -0.9893 -0.1032 -0.1034
vn -0.9898 -0.0980 -0.1034
vn -0.9906 -0.0951 -0.0988
vn -0.9910 -0.0898 -0.0988
vn -0.9918 -0.0869 -0.0941
vn -0.9922 -0.0816 -0.0941
vn -0.9929 -0.0787 -0.0894
vn -0.9933 -0.0734 -0.0894
vn -0.9939 -0.0705 -0.0847
vn -0.9943 -0.0651 -0.0847
vn -0.9949 -0.0622 -0.0799
vn -0.9952 -0.0567 -0.0799
vn -0.9957 -0.0538 -0.0751
vn -0.9960 -0.0484 -0.0751
vn -0.9965 -0.0454 -0.0703
vn -0.9967 -0.0399 -0.0703
vn -0.9972 -0.0370 -0.0654
vn -0.9974 -0.0315 -0.0654
vn -0.9978 -0.0285 -0.0605
vn -0.9979 -0.0229 -0.0605
vn -0.9983 -0.0200 -0.0556
vn -0.9984 -0.0144 -0.0556
vn -0.9987 -0.0114 -0.0506
vn -0.9987 -0.0058 -0.0506
vn -0.9990 -0.0028 -0.0456
vn -0.9990 0.0028 -0.0456
vn -0.9992 0.0058 -0.0407
vn -0.9991 0.0115 -0.0407
vn -0.9993 0.0145 -0.0356
vn -0.9992 0.0202 -0.0356
vn -0.9993 0.0232 -0.0306
vn -0.9991 0.0289 -0.0306
vn -0.9992 0.0319 -0.0255
vn -0.9990 0.0376 -0.0255
vn -0.9990 0.0406 -0.0205
vn -0.9987 0.0464 -0.0205
vn -0.9987 0.0494 -0.0153
vn -0.9984 0.0552 -0.0153
vn -0.9983 0.0582 -0.0103
vn -0.9979 0.0640 -0.0103
vn -0.9977 0.0669 -0.0051
vn -0.9973 0.0728 -0.0051
vn -0.9971 0.0758 -0.0000
vn -0.9967 0.0816 -0.0000
vn -0.9964 0.0846 0.0051
vn -0.9959 0.0904 0.0051
vn -0.9956 0.0934 0.0103
vn -0.9950 0.0992 0.0103
vn -0.9946 0.1022 0.0155
vn -0.9940 0.1081 0.0155
vn -0.9936 0.1110 0.0206
vn -0.9929 0.1169 0.0206
vn -0.9925 0.1199 0.0258
vn -0.9917 0.1258 0.0258
vn -0.9912 0.1287 0.0309
vn -0.9904 0.1346 0.0309
vn -0.9898 0.1375 0.0361
vn -0.9890 0.1434 0.0361
vn -0.9884 0.1463 0.0413
vn -0.9875 0.1522 0.0413
vn -0.9868 0.1551 0.0465
vn -0.9859 0.1610 0.0464
vn -0.9851 0.1639 0.0516
vn -0.9841 0.1698 0.0516
vn -0.9833 0.1726 0.0568
vn -0.9823 0.1785 0.0568
vn -0.9815 0.1814 0.0619
vn -0.9804 0.1872 0.0619
vn -0.9795 0.1901 0.0670
vn -0.9783 0.1959 0.0670
vn -0.9774 0.1988 0.0722
vn -0.9762 0.2046 0.0722
vn -0.9752 0.2074 0.0773
vn -0.9739 0.2133 0.0773
vn -0.9729 0.2161 0.0824
vn -0.9726 -0.1837 -0.1426
vn -0.9737 -0.1810 -0.1384
vn -0.9746 -0.1762 -0.1384
vn -0.9757 -0.1735 -0.1341
vn -0.9765 -0.1687 -0.1341
vn -0.9776 -0.1659 -0.1298
vn -0.9784 -0.1611 -0.1298
vn -0.9794 -0.1583 -0.1254
vn -0.9802 -0.1534 -0.1254
vn -0.9812 -0.1507 -0.1210
vn -0.9819 -0.1457 -0.1210
vn -0.9829 -0.1429 -0.1165
vn -0.9836 -0.1379 -0.1165
vn -0.9845 -0.1351 -0.1120
vn -0.9852 -0.1301 -0.1120
vn -0.9860 -0.1272 -0.1075
vn -0.9867 -0.1221 -0.1075
vn -0.9875 -0.1193 -0.1029
vn -0.9881 -0.1142 -0.1029
vn -0.9889 -0.1113 -0.0983
vn -0.9895 -0.1061 -0.0983
vn -0.9902 -0.1033 -0.0937
vn -0.9908 -0.0980 -0.0937
vn -0.9915 -0.0952 -0.0890
vn -0.9920 -0.0899 -0.0890
vn -0.9926 -0.0870 -0.0843
vn -0.9931 -0.0817 -0.0843
vn -0.9937 -0.0788 -0.0795
vn -0.9941 -0.0735 -0.0795
vn -0.9947 -0.0705 -0.0748
vn -0.9951 -0.0651 -0.0748
vn -0.9956 -0.0622 -0.0700
vn -0.9959 -0.0568 -0.0700
vn -0.9964 -0.0539 -0.0651
vn -0.9967 -0.0484 -0.0651
vn -0.9971 -0.0455 -0.0603
vn -0.9974 -0.0399 -0.0603
vn -0.9978 -0.0370 -0.0554
vn -0.9980 -0.0315 -0.0554
vn -0.9983 -0.0285 -0.0504
vn -0.9985 -0.0230 -0.0504
vn -0.9988 -0.0200 -0.0455
vn -0.9989 -0.0144 -0.0455
vn -0.9991 -0.0114 -0.0405
vn -0.9992 -0.0058 -0.0405
vn -0.9994 -0.0028 -0.0355
vn -0.9994 0.0028 -0.0355
vn -0.9995 0.0058 -0.0305
vn -0.9995 0.0115 -0.0305
vn -0.9996 0.0145 -0.0255
vn -0.9995 0.0202 -0.0255
vn -0.9995 0.0232 -0.0204
vn -0.9994 0.0289 -0.0204
vn -0.9994 0.0319 -0.0153
vn -0.9992 0.0376 -0.0153
vn -0.9991 0.0406 -0.0102
vn -0.9989 0.0464 -0.0102
vn -0.9988 0.0494 -0.0051
vn -0.9985 0.0552 -0.0051
vn -0.9983 0.0582 -0.0000
vn -0.9980 0.0640 -0.0000
vn -0.9977 0.0669 0.0051
vn -0.9973 0.0728 0.0051
vn -0.9971 0.0757 0.0103
vn -0.9966 0.0816 0.0103
vn -0.9963 0.0845 0.0154
vn -0.9958 0.0904 0.0154
vn -0.9954 0.0934 0.0206
vn -0.9949 0.0992 0.0206
vn -0.9944 0.1022 0.0257
vn -0.9938 0.1081 0.0257
vn -0.9933 0.1110 0.0309
vn -0.9927 0.1169 0.0309
vn -0.9921 0.1198 0.0361
vn -0.9914 0.1257 0.0361
vn -0.9908 0.1286 0.0412
vn -0.9900 0.1345 0.0413
vn -0.9894 0.1374 0.0464
vn -0.9886 0.1433 0.0464
vn -0.9879 0.1462 0.0516
vn -0.9870 0.1521 0.0516
vn -0.9863 0.1550 0.0567
vn -0.9853 0.1609 0.0567
vn -0.9846 0.1638 0.0619
vn -0.9836 0.1697 0.0619
vn -0.9827 0.1725 0.0670
vn -0.9817 0.1784 0.0670
vn -0.9808 0.1813 0.0722
vn -0.9797 0.1871 0.0722
vn -0.9787 0.1899 0.0773
vn -0.9776 0.1958 0.0773
vn -0.9766 0.1986 0.0824
vn -0.9754 0.2045 0.0824
vn -0.9744 0.2073 0.0875
vn -0.9731 0.2131 0.0875
vn -0.9720 0.2159 0.0926
vn -0.9730 -0.1886 -0.1333
vn -0.9739 -0.1839 -0.1333
vn -0.9749 -0.1812 -0.1290
vn -0.9758 -0.1765 -0.1290
vn -0.9769 -0.1737 -0.1247
vn -0.9777 -0.1689 -0.1247
vn -0.9787 -0.1661 -0.1203
vn -0.9795 -0.1613 -0.1203
vn -0.9805 -0.1585 -0.1159
vn -0.9813 -0.1536 -0.1159
vn -0.9823 -0.1508 -0.1114
vn -0.9830 -0.1459 -0.1114
vn -0.9839 -0.1431 -0.1069
vn -0.9846 -0.1381 -0.1069
vn -0.9855 -0.1352 -0.1024
vn -0.9862 -0.1302 -0.1024
vn -0.9870 -0.1274 -0.0978
vn -0.9877 -0.1223 -0.0978
vn -0.9885 -0.1194 -0.0932
vn -0.9891 -0.1143 -0.0932
vn -0.9898 -0.1114 -0.0886
vn -0.9904 -0.1062 -0.0886
vn -0.9911 -0.1034 -0.0839
vn -0.9916 -0.0981 -0.0839
vn -0.9923 -0.0952 -0.0792
vn -0.9928 -0.0900 -0.0792
vn -0.9934 -0.0871 -0.0744
vn -0.9939 -0.0818 -0.0744
vn -0.9944 -0.0789 -0.0697
vn -0.9949 -0.0735 -0.0697
vn -0.9954 -0.0706 -0.0648
vn -0.9958 -0.0652 -0.0648
vn -0.9963 -0.0623 -0.0600
vn -0.9966 -0.0568 -0.0600
vn -0.9970 -0.0539 -0.0551
vn -0.9973 -0.0484 -0.0551
vn -0.9977 -0.0455 -0.0502
vn -0.9979 -0.0400 -0.0502
vn -0.9983 -0.0370 -0.0453
vn -0.9985 -0.0315 -0.0453
vn -0.9988 -0.0285 -0.0404
vn -0.9989 -0.0230 -0.0404
vn -0.9992 -0.0200 -0.0354
vn -0.9993 -0.0144 -0.0354
vn -0.9995 -0.0114 -0.0304
vn -0.9995 -0.0058 -0.0304
vn -0.9997 -0.0028 -0.0254
vn -0.9997 0.0028 -0.0254
vn -0.9998 0.0058 -0.0203
vn -0.9997 0.0115 -0.0203
vn -0.9998 0.0145 -0.0153
vn -0.9997 0.0202 -0.0153
vn -0.9997 0.0232 -0.0102
vn -0.9995 0.0289 -0.0102
vn -0.9995 0.0319 -0.0051
vn -0.9993 0.0376 -0.0051
vn -0.9992 0.0406 -0.0000
vn -0.9989 0.0464 -0.0000
vn -0.9988 0.0494 0.0051
vn -0.9985 0.0552 0.0051
vn -0.9983 0.0582 0.0102
vn -0.9979 0.0640 0.0102
vn -0.9976 0.0669 0.0154
vn -0.9972 0.0728 0.0154
vn -0.9969 0.0757 0.0205
vn -0.9965 0.0816 0.0205
vn -0.9961 0.0845 0.0257
vn -0.9956 0.0904 0.0257
vn -0.9952 0.0933 0.0309
vn -0.9946 0.0992 0.0309
vn -0.9941 0.1022 0.0360
vn -0.9935 0.1080 0.0360
vn -0.9930 0.1110 0.0412
vn -0.9923 0.1168 0.0412
vn -0.9917 0.1198 0.0464
vn -0.9910 0.1257 0.0464
vn -0.9904 0.1286 0.0515
vn -0.9896 0.1345 0.0515
vn -0.9889 0.1374 0.0567
vn -0.9881 0.1433 0.0567
vn -0.9873 0.1462 0.0619
vn -0.9864 0.1520 0.0619
vn -0.9857 0.1549 0.0670
vn -0.9847 0.1608 0.0670
vn -0.9839 0.1637 0.0722
vn -0.9829 0.1695 0.0722
vn -0.9820 0.1724 0.0773
vn -0.9809 0.1783 0.0773
vn -0.9800 0.1811 0.0824
vn -0.9789 0.1870 0.0824
vn -0.9779 0.1898 0.0875
vn -0.9768 0.1956 0.0875
vn -0.9757 0.1984 0.0926
vn -0.9745 0.2043 0.0926
vn -0.9734 0.2071 0.0977
vn -0.9722 0.2129 0.0977
vn -0.9721 -0.1962 -0.1282
vn -0.9731 -0.1916 -0.1282
vn -0.9742 -0.1889 -0.1239
vn -0.9750 -0.1842 -0.1239
vn -0.9761 -0.1814 -0.1196
vn -0.9770 -0.1767 -0.1196
vn -0.9780 -0.1739 -0.1152
vn -0.9788 -0.1691 -0.1152
vn -0.9798 -0.1663 -0.1108
vn -0.9806 -0.1615 -0.1108
vn -0.9816 -0.1587 -0.1063
vn -0.9824 -0.1538 -0.1063
vn -0.9833 -0.1510 -0.1018
vn -0.9840 -0.1460 -0.1018
vn -0.9849 -0.1432 -0.0973
vn -0.9856 -0.1382 -0.0973
vn -0.9864 -0.1354 -0.0927
vn -0.9871 -0.1303 -0.0927
vn -0.9879 -0.1275 -0.0881
vn -0.9886 -0.1224 -0.0881
vn -0.9893 -0.1195 -0.0835
vn -0.9899 -0.1144 -0.0835
vn -0.9906 -0.1115 -0.0788
vn -0.9912 -0.1063 -0.0788
vn -0.9919 -0.1034 -0.0741
vn -0.9924 -0.0982 -0.0741
vn -0.9930 -0.0953 -0.0694
vn -0.9935 -0.0901 -0.0694
vn -0.9941 -0.0871 -0.0646
vn -0.9946 -0.0818 -0.0646
vn -0.9951 -0.0789 -0.0597
vn -0.9955 -0.0735 -0.0597
vn -0.9960 -0.0706 -0.0549
vn -0.9964 -0.0652 -0.0549
vn -0.9968 -0.0623 -0.0500
vn -0.9971 -0.0569 -0.0500
vn -0.9975 -0.0539 -0.0451
vn -0.9978 -0.0485 -0.0451
vn -0.9982 -0.0455 -0.0402
vn -0.9984 -0.0400 -0.0402
vn -0.9987 -0.0370 -0.0353
vn -0.9989 -0.0315 -0.0353
vn -0.9991 -0.0285 -0.0303
vn -0.9993 -0.0230 -0.0303
vn -0.9995 -0.0200 -0.0253
vn -0.9996 -0.0144 -0.0253
vn -0.9997 -0.0114 -0.0203
vn -0.9998 -0.0058 -0.0203
vn -0.9999 -0.0028 -0.0152
vn -0.9999 0.0028 -0.0152
vn -0.9999 0.0058 -0.0102
vn -0.9999 0.0115 -0.0102
vn -0.9999 0.0145 -0.0051
vn -0.9998 0.0202 -0.0051
vn -0.9997 0.0232 -0.0000
vn -0.9996 0.0289 -0.0000
vn -0.9995 0.0319 0.0051
vn -0.9993 0.0376 0.0051
vn -0.9991 0.0406 0.0102
vn -0.9989 0.0464 0.0102
vn -0.9987 0.0494 0.0154
vn -0.9984 0.0552 0.0154
vn -0.9981 0.0581 0.0205
vn -0.9977 0.0640 0.0205
vn -0.9974 0.0669 0.0257
vn -0.9970 0.0727 0.0257
vn -0.9967 0.0757 0.0308
vn -0.9962 0.0816 0.0308
vn -0.9958 0.0845 0.0360
vn -0.9953 0.0904 0.0360
vn -0.9948 0.0933 0.0411
vn -0.9942 0.0992 0.0411
vn -0.9937 0.1021 0.0463
vn -0.9931 0.1080 0.0463
vn -0.9925 0.1109 0.0515
vn -0.9918 0.1168 0.0515
vn -0.9912 0.1197 0.0566
vn -0.9905 0.1256 0.0566
vn -0.9898 0.1285 0.0618
vn -0.9890 0.1344 0.0618
vn -0.9883 0.1373 0.0670
vn -0.9874 0.1432 0.0670
vn -0.9866 0.1460 0.0721
vn -0.9858 0.1519 0.0721
vn -0.9849 0.1548 0.0773
vn -0.9840 0.1607 0.0773
vn -0.9831 0.1635 0.0824
vn -0.9821 0.1694 0.0824
vn -0.9812 0.1722 0.0875
vn -0.9801 0.1781 0.0875
vn -0.9791 0.1809 0.0926
vn -0.9780 0.1868 0.0926
vn -0.9770 0.1896 0.0977
vn -0.9758 0.1955 0.0977
vn -0.9747 0.1982 0.1028
vn -0.9735 0.2041 0.1028
vn -0.9724 0.2068 0.1079
vn -0.9722 -0.1992 -0.1232
vn -0.9733 -0.1965 -0.1189
vn -0.9742 -0.1918 -0.1189
vn -0.9753 -0.1891 -0.1145
vn -0.9762 -0.1844 -0.1145
vn -0.9772 -0.1816 -0.1102
vn -0.9780 -0.1769 -0.1102
vn -0.9790 -0.1741 -0.1057
vn -0.9799 -0.1693 -0.1057
vn -0.9808 -0.1665 -0.1013
vn -0.9816 -0.1617 -0.1013
vn -0.9826 -0.1588 -0.0968
vn -0.9833 -0.1539 -0.0968
vn -0.9842 -0.1511 -0.0922
vn -0.9849 -0.1462 -0.0922
vn -0.9858 -0.1433 -0.0877
vn -0.9865 -0.1383 -0.0877
vn -0.9873 -0.1355 -0.0830
vn -0.9880 -0.1305 -0.0830
vn -0.9887 -0.1276 -0.0784
vn -0.9894 -0.1225 -0.0784
vn -0.9901 -0.1196 -0.0737
vn -0.9907 -0.1145 -0.0737
vn -0.9914 -0.1116 -0.0690
vn -0.9919 -0.1064 -0.0690
vn -0.9926 -0.1035 -0.0642
vn -0.9931 -0.0983 -0.0642
vn -0.9937 -0.0954 -0.0595
vn -0.9942 -0.0901 -0.0595
vn -0.9947 -0.0872 -0.0547
vn -0.9951 -0.0819 -0.0547
vn -0.9956 -0.0789 -0.0498
vn -0.9960 -0.0736 -0.0498
vn -0.9965 -0.0706 -0.0449
vn -0.9969 -0.0653 -0.0449
vn -0.9973 -0.0623 -0.0400
vn -0.9976 -0.0569 -0.0400
vn -0.9979 -0.0539 -0.0351
vn -0.9982 -0.0485 -0.0351
vn -0.9985 -0.0455 -0.0302
vn -0.9987 -0.0400 -0.0302
vn -0.9990 -0.0370 -0.0252
vn -0.9992 -0.0315 -0.0252
vn -0.9994 -0.0285 -0.0202
vn -0.9995 -0.0230 -0.0202
vn -0.9997 -0.0200 -0.0152
vn -0.9998 -0.0144 -0.0152
vn -0.9999 -0.0114 -0.0101
vn -0.9999 -0.0058 -0.0101
vn -1.0000 -0.0028 -0.0051
vn -1.0000 0.0028 -0.0051
vn -1.0000 0.0058 -0.0000
vn -0.9999 0.0115 -0.0000
vn -0.9999 0.0145 0.0051
vn -0.9998 0.0202 0.0051
vn -0.9997 0.0232 0.0102
vn -0.9995 0.0289 0.0102
vn -0.9994 0.0319 0.0153
vn -0.9992 0.0376 0.0153
vn -0.9990 0.0406 0.0205
vn -0.9987 0.0464 0.0205
vn -0.9985 0.0494 0.0256
vn -0.9981 0.0552 0.0256
vn -0.9978 0.0581 0.0307
vn -0.9975 0.0639 0.0307
vn -0.9971 0.0669 0.0359
vn -0.9967 0.0727 0.0359
vn -0.9963 0.0757 0.0411
vn -0.9958 0.0815 0.0411
vn -0.9954 0.0845 0.0462
vn -0.9948 0.0903 0.0462
vn -0.9943 0.0933 0.0514
vn -0.9937 0.0991 0.0514
vn -0.9932 0.1021 0.0566
vn -0.9925 0.1079 0.0566
vn -0.9919 0.1108 0.0617
vn -0.9912 0.1167 0.0617
vn -0.9906 0.1196 0.0669
vn -0.9898 0.1255 0.0669
vn -0.9891 0.1284 0.0720
vn -0.9883 0.1343 0.0720
vn -0.9875 0.1372 0.0772
vn -0.9867 0.1431 0.0772
vn -0.9859 0.1459 0.0823
vn -0.9850 0.1518 0.0823
vn -0.9841 0.1547 0.0875
vn -0.9831 0.1605 0.0875
vn -0.9822 0.1634 0.0926
vn -0.9812 0.1693 0.0926
vn -0.9802 0.1721 0.0977
vn -0.9792 0.1780 0.0977
vn -0.9781 0.1808 0.1028
vn -0.9770 0.1866 0.1028
vn -0.9760 0.1894 0.1079
vn -0.9748 0.1953 0.1079
vn -0.9737 0.1980 0.1130
vn -0.9725 0.2039 0.1130
vn -0.9723 -0.2040 -0.1138
vn -0.9733 -0.1994 -0.1138
vn -0.9743 -0.1967 -0.1095
vn -0.9753 -0.1920 -0.1095
vn -0.9763 -0.1893 -0.1051
vn -0.9772 -0.1846 -0.1051
vn -0.9782 -0.1818 -0.1007
vn -0.9790 -0.1771 -0.1007
vn -0.9800 -0.1743 -0.0962
vn -0.9808 -0.1695 -0.0962
vn -0.9817 -0.1667 -0.0917
vn -0.9826 -0.1618 -0.0917
vn -0.9834 -0.1590 -0.0872
vn -0.9842 -0.1541 -0.0872
vn -0.9850 -0.1512 -0.0826
vn -0.9858 -0.1463 -0.0826
vn -0.9866 -0.1434 -0.0780
vn -0.9873 -0.1385 -0.0780
vn -0.9880 -0.1356 -0.0733
vn -0.9887 -0.1306 -0.0733
vn -0.9894 -0.1277 -0.0686
vn -0.9901 -0.1226 -0.0686
vn -0.9908 -0.1197 -0.0639
vn -0.9914 -0.1146 -0.0639
vn -0.9920 -0.1117 -0.0592
vn -0.9926 -0.1065 -0.0592
vn -0.9931 -0.1036 -0.0544
vn -0.9937 -0.0983 -0.0544
vn -0.9942 -0.0954 -0.0496
vn -0.9947 -0.0902 -0.0496
vn -0.9952 -0.0872 -0.0447
vn -0.9956 -0.0819 -0.0447
vn -0.9961 -0.0790 -0.0399
vn -0.9965 -0.0736 -0.0399
vn -0.9969 -0.0707 -0.0350
vn -0.9973 -0.0653 -0.0350
vn -0.9976 -0.0623 -0.0300
vn -0.9979 -0.0569 -0.0300
vn -0.9982 -0.0539 -0.0251
vn -0.9985 -0.0485 -0.0251
vn -0.9988 -0.0455 -0.0201
vn -0.9990 -0.0400 -0.0201
vn -0.9992 -0.0370 -0.0151
vn -0.9994 -0.0315 -0.0151
vn -0.9995 -0.0286 -0.0101
vn -0.9997 -0.0230 -0.0101
vn -0.9998 -0.0200 -0.0051
vn -0.9999 -0.0144 -0.0051
vn -0.9999 -0.0114 -0.0000
vn -1.0000 -0.0058 -0.0000
vn -1.0000 -0.0028 0.0051
vn -1.0000 0.0028 0.0051
vn -0.9999 0.0058 0.0102
vn -0.9999 0.0115 0.0102
vn -0.9998 0.0145 0.0153
vn -0.9997 0.0202 0.0153
vn -0.9995 0.0232 0.0204
vn -0.9994 0.0289 0.0204
vn -0.9992 0.0319 0.0255
vn -0.9990 0.0376 0.0255
vn -0.9987 0.0406 0.0307
vn -0.9985 0.0464 0.0307
vn -0.9981 0.0493 0.0358
vn -0.9978 0.0551 0.0358
vn -0.9975 0.0581 0.0410
vn -0.9971 0.0639 0.0410
vn -0.9967 0.0669 0.0461
vn -0.9963 0.0727 0.0461
vn -0.9958 0.0756 0.0513
vn -0.9954 0.0815 0.0513
vn -0.9948 0.0844 0.0565
vn -0.9943 0.0903 0.0565
vn -0.9937 0.0932 0.0616
vn -0.9932 0.0991 0.0616
vn -0.9925 0.1020 0.0668
vn -0.9919 0.1079 0.0668
vn -0.9912 0.1108 0.0720
vn -0.9906 0.1167 0.0720
vn -0.9898 0.1195 0.0771
vn -0.9891 0.1254 0.0771
vn -0.9883 0.1283 0.0823
vn -0.9875 0.1342 0.0823
vn -0.9867 0.1371 0.0874
vn -0.9859 0.1429 0.0874
vn -0.9850 0.1458 0.0926
vn -0.9841 0.1517 0.0926
vn -0.9831 0.1545 0.0977
vn -0.9822 0.1604 0.0977
vn -0.9812 0.1632 0.1028
vn -0.9802 0.1691 0.1028
vn -0.9792 0.1719 0.1079
vn -0.9781 0.1778 0.1079
vn -0.9771 0.1805 0.1130
vn -0.9760 0.1864 0.1130
vn -0.9748 0.1892 0.1180
vn -0.9737 0.1950 0.1180
vn -0.9725 0.1978 0.1231
vn -0.9723 -0.2070 -0.1088
vn -0.9733 -0.2042 -0.1045
vn -0.9743 -0.1996 -0.1045
vn -0.9753 -0.1969 -0.1001
vn -0.9762 -0.1922 -0.1001
vn -0.9772 -0.1894 -0.0956
vn -0.9781 -0.1848 -0.0956
vn -0.9791 -0.1820 -0.0912
vn -0.9799 -0.1772 -0.0912
vn -0.9809 -0.1744 -0.0867
vn -0.9817 -0.1696 -0.0867
vn -0.9826 -0.1668 -0.0821
vn -0.9834 -0.1619 -0.0821
vn -0.9842 -0.1591 -0.0775
vn -0.9850 -0.1542 -0.0775
vn -0.9858 -0.1513 -0.0729
vn -0.9865 -0.1464 -0.0729
vn -0.9873 -0.1435 -0.0683
vn -0.9880 -0.1386 -0.0683
vn -0.9887 -0.1357 -0.0636
vn -0.9894 -0.1306 -0.0636
vn -0.9901 -0.1277 -0.0589
vn -0.9907 -0.1227 -0.0589
vn -0.9913 -0.1197 -0.0541
vn -0.9919 -0.1146 -0.0541
vn -0.9925 -0.1117 -0.0494
vn -0.9931 -0.1065 -0.0494
vn -0.9936 -0.1036 -0.0445
vn -0.9941 -0.0984 -0.0445
vn -0.9946 -0.0954 -0.0397
vn -0.9951 -0.0902 -0.0397
vn -0.9956 -0.0873 -0.0348
vn -0.9960 -0.0820 -0.0348
vn -0.9964 -0.0790 -0.0299
vn -0.9968 -0.0737 -0.0299
vn -0.9972 -0.0707 -0.0250
vn -0.9976 -0.0653 -0.0250
vn -0.9979 -0.0624 -0.0200
vn -0.9982 -0.0569 -0.0200
vn -0.9984 -0.0540 -0.0151
vn -0.9987 -0.0485 -0.0151
vn -0.9989 -0.0455 -0.0101
vn -0.9991 -0.0400 -0.0101
vn -0.9993 -0.0371 -0.0050
vn -0.9995 -0.0315 -0.0050
vn -0.9996 -0.0285 -0.0000
vn -0.9997 -0.0230 -0.0000
vn -0.9998 -0.0200 0.0050
vn -0.9999 -0.0144 0.0050
vn -0.9999 -0.0114 0.0101
vn -0.9999 -0.0058 0.0101
vn -0.9999 -0.0028 0.0152
vn -0.9999 0.0028 0.0152
vn -0.9998 0.0058 0.0203
vn -0.9997 0.0115 0.0203
vn -0.9996 0.0145 0.0255
vn -0.9995 0.0202 0.0255
vn -0.9993 0.0232 0.0306
vn -0.9991 0.0289 0.0306
vn -0.9989 0.0319 0.0357
vn -0.9987 0.0376 0.0357
vn -0.9983 0.0406 0.0409
vn -0.9981 0.0464 0.0409
vn -0.9977 0.0493 0.0460
vn -0.9974 0.0551 0.0460
vn -0.9970 0.0581 0.0512
vn -0.9966 0.0639 0.0512
vn -0.9962 0.0668 0.0564
vn -0.9958 0.0727 0.0564
vn -0.9952 0.0756 0.0615
vn -0.9948 0.0814 0.0615
vn -0.9942 0.0844 0.0667
vn -0.9937 0.0902 0.0667
vn -0.9931 0.0931 0.0719
vn -0.9925 0.0990 0.0719
vn -0.9918 0.1019 0.0770
vn -0.9912 0.1078 0.0770
vn -0.9905 0.1107 0.0822
vn -0.9898 0.1166 0.0822
vn -0.9890 0.1194 0.0873
vn -0.9883 0.1253 0.0873
vn -0.9874 0.1282 0.0925
vn -0.9866 0.1341 0.0925
vn -0.9858 0.1369 0.0976
vn -0.9849 0.1428 0.0976
vn -0.9840 0.1456 0.1027
vn -0.9831 0.1515 0.1027
vn -0.9821 0.1543 0.1079
vn -0.9812 0.1602 0.1079
vn -0.9801 0.1630 0.1130
vn -0.9791 0.1689 0.1130
vn -0.9781 0.1717 0.1180
vn -0.9770 0.1776 0.1180
vn -0.9759 0.1803 0.1231
vn -0.9748 0.1862 0.1231
vn -0.9736 0.1889 0.1282
vn -0.9724 0.1948 0.1282
vn -0.9723 -0.2117 -0.0994
vn -0.9732 -0.2072 -0.0994
vn -0.9743 -0.2044 -0.0950
vn -0.9752 -0.1998 -0.0950
vn -0.9762 -0.1970 -0.0906
vn -0.9771 -0.1924 -0.0906
vn -0.9781 -0.1896 -0.0862
vn -0.9790 -0.1849 -0.0862
vn -0.9799 -0.1821 -0.0816
vn -0.9808 -0.1774 -0.0816
vn -0.9816 -0.1745 -0.0771
vn -0.9825 -0.1698 -0.0771
vn -0.9833 -0.1669 -0.0725
vn -0.9841 -0.1621 -0.0725
vn -0.9849 -0.1592 -0.0679
vn -0.9857 -0.1543 -0.0679
vn -0.9864 -0.1514 -0.0632
vn -0.9872 -0.1465 -0.0632
vn -0.9879 -0.1436 -0.0586
vn -0.9886 -0.1386 -0.0586
vn -0.9893 -0.1357 -0.0538
vn -0.9900 -0.1307 -0.0538
vn -0.9906 -0.1278 -0.0491
vn -0.9912 -0.1227 -0.0491
vn -0.9918 -0.1198 -0.0443
vn -0.9924 -0.1147 -0.0443
vn -0.9930 -0.1118 -0.0395
vn -0.9935 -0.1066 -0.0395
vn -0.9940 -0.1037 -0.0346
vn -0.9945 -0.0984 -0.0346
vn -0.9950 -0.0955 -0.0298
vn -0.9955 -0.0902 -0.0298
vn -0.9959 -0.0873 -0.0249
vn -0.9963 -0.0820 -0.0249
vn -0.9967 -0.0790 -0.0199
vn -0.9971 -0.0737 -0.0199
vn -0.9974 -0.0707 -0.0150
vn -0.9978 -0.0653 -0.0150
vn -0.9980 -0.0624 -0.0100
vn -0.9983 -0.0569 -0.0100
vn -0.9985 -0.0540 -0.0050
vn -0.9988 -0.0485 -0.0050
vn -0.9990 -0.0455 -0.0000
vn -0.9992 -0.0400 -0.0000
vn -0.9993 -0.0370 0.0050
vn -0.9995 -0.0315 0.0050
vn -0.9995 -0.0285 0.0101
vn -0.9997 -0.0230 0.0101
vn -0.9997 -0.0200 0.0152
vn -0.9998 -0.0144 0.0152
vn -0.9997 -0.0114 0.0203
vn -0.9998 -0.0058 0.0203
vn -0.9997 -0.0028 0.0254
vn -0.9997 0.0028 0.0254
vn -0.9995 0.0058 0.0305
vn -0.9995 0.0115 0.0305
vn -0.9993 0.0145 0.0356
vn -0.9992 0.0202 0.0356
vn -0.9989 0.0231 0.0408
vn -0.9988 0.0289 0.0408
vn -0.9984 0.0319 0.0459
vn -0.9982 0.0376 0.0459
vn -0.9979 0.0406 0.0511
vn -0.9976 0.0463 0.0511
vn -0.9972 0.0493 0.0562
vn -0.9969 0.0551 0.0562
vn -0.9964 0.0580 0.0614
vn -0.9961 0.0639 0.0614
vn -0.9955 0.0668 0.0666
vn -0.9951 0.0726 0.0666
vn -0.9946 0.0755 0.0717
vn -0.9941 0.0814 0.0717
vn -0.9935 0.0843 0.0769
vn -0.9930 0.0902 0.0769
vn -0.9923 0.0931 0.0821
vn -0.9917 0.0989 0.0821
vn -0.9910 0.1018 0.0872
vn -0.9903 0.1077 0.0872
vn -0.9896 0.1106 0.0924
vn -0.9889 0.1165 0.0924
vn -0.9881 0.1193 0.0975
vn -0.9873 0.1252 0.0975
vn -0.9864 0.1281 0.1027
vn -0.9857 0.1339 0.1027
vn -0.9847 0.1368 0.1078
vn -0.9839 0.1427 0.1078
vn -0.9829 0.1455 0.1129
vn -0.9820 0.1514 0.1129
vn -0.9810 0.1542 0.1180
vn -0.9800 0.1601 0.1180
vn -0.9789 0.1628 0.1231
vn -0.9780 0.1687 0.1231
vn -0.9768 0.1715 0.1281
vn -0.9758 0.1774 0.1281
vn -0.9746 0.1801 0.1332
vn -0.9735 0.1860 0.1332
vn -0.9723 0.1887 0.1382
vn -0.9721 -0.2147 -0.0944
vn -0.9731 -0.2119 -0.0900
vn -0.9741 -0.2074 -0.0900
vn -0.9751 -0.2046 -0.0856
vn -0.9760 -0.2000 -0.0856
vn -0.9770 -0.1972 -0.0811
vn -0.9779 -0.1926 -0.0811
vn -0.9788 -0.1898 -0.0766
vn -0.9797 -0.1851 -0.0766
vn -0.9806 -0.1822 -0.0721
vn -0.9815 -0.1775 -0.0721
vn -0.9823 -0.1747 -0.0675
vn -0.9831 -0.1699 -0.0675
vn -0.9839 -0.1670 -0.0629
vn -0.9848 -0.1622 -0.0629
vn -0.9855 -0.1593 -0.0582
vn -0.9863 -0.1544 -0.0582
vn -0.9870 -0.1515 -0.0536
vn -0.9877 -0.1466 -0.0536
vn -0.9884 -0.1437 -0.0488
vn -0.9891 -0.1387 -0.0488
vn -0.9898 -0.1358 -0.0441
vn -0.9904 -0.1308 -0.0441
vn -0.9910 -0.1279 -0.0393
vn -0.9917 -0.1228 -0.0393
vn -0.9922 -0.1198 -0.0345
vn -0.9928 -0.1147 -0.0345
vn -0.9933 -0.1118 -0.0296
vn -0.9939 -0.1066 -0.0296
vn -0.9943 -0.1037 -0.0248
vn -0.9948 -0.0985 -0.0248
vn -0.9952 -0.0955 -0.0199
vn -0.9957 -0.0902 -0.0199
vn -0.9961 -0.0873 -0.0149
vn -0.9965 -0.0820 -0.0149
vn -0.9968 -0.0790 -0.0100
vn -0.9972 -0.0737 -0.0100
vn -0.9975 -0.0707 -0.0050
vn -0.9979 -0.0653 -0.0050
vn -0.9981 -0.0624 -0.0000
vn -0.9984 -0.0569 -0.0000
vn -0.9985 -0.0540 0.0050
vn -0.9988 -0.0485 0.0050
vn -0.9989 -0.0455 0.0101
vn -0.9991 -0.0400 0.0101
vn -0.9992 -0.0370 0.0151
vn -0.9994 -0.0315 0.0151
vn -0.9994 -0.0285 0.0202
vn -0.9995 -0.0230 0.0202
vn -0.9995 -0.0200 0.0253
vn -0.9996 -0.0144 0.0253
vn -0.9995 -0.0114 0.0304
vn -0.9995 -0.0058 0.0304
vn -0.9994 -0.0028 0.0355
vn -0.9994 0.0028 0.0355
vn -0.9992 0.0058 0.0406
vn -0.9991 0.0115 0.0406
vn -0.9988 0.0145 0.0458
vn -0.9987 0.0202 0.0458
vn -0.9984 0.0231 0.0509
vn -0.9983 0.0289 0.0509
vn -0.9979 0.0318 0.0561
vn -0.9977 0.0376 0.0561
vn -0.9973 0.0405 0.0613
vn -0.9970 0.0463 0.0613
vn -0.9966 0.0493 0.0664
vn -0.9963 0.0551 0.0664
vn -0.9957 0.0580 0.0716
vn -0.9954 0.0638 0.0716
vn -0.9948 0.0667 0.0768
vn -0.9944 0.0726 0.0768
vn -0.9938 0.0755 0.0819
vn -0.9933 0.0813 0.0819
vn -0.9926 0.0842 0.0871
vn -0.9921 0.0901 0.0871
vn -0.9914 0.0930 0.0923
vn -0.9908 0.0989 0.0923
vn -0.9900 0.1017 0.0974
vn -0.9894 0.1076 0.0974
vn -0.9886 0.1105 0.1025
vn -0.9879 0.1163 0.1025
vn -0.9870 0.1192 0.1077
vn -0.9863 0.1251 0.1077
vn -0.9853 0.1279 0.1128
vn -0.9846 0.1338 0.1128
vn -0.9836 0.1366 0.1179
vn -0.9827 0.1425 0.1179
vn -0.9817 0.1453 0.1230
vn -0.9808 0.1512 0.1230
vn -0.9797 0.1540 0.1281
vn -0.9788 0.1599 0.1281
vn -0.9777 0.1626 0.1331
vn -0.9767 0.1685 0.1331
vn -0.9755 0.1712 0.1382
vn -0.9744 0.1771 0.1382
vn -0.9732 0.1798 0.1432
vn -0.9721 0.1857 0.1432
vn -0.9719 -0.2193 -0.0851
vn -0.9729 -0.2149 -0.0851
vn -0.9739 -0.2121 -0.0806
vn -0.9749 -0.2075 -0.0806
vn -0.9758 -0.2047 -0.0762
vn -0.9768 -0.2002 -0.0762
vn -0.9777 -0.1973 -0.0717
vn -0.9786 -0.1927 -0.0717
vn -0.9795 -0.1899 -0.0671
vn -0.9804 -0.1852 -0.0671
vn -0.9812 -0.1824 -0.0625
vn -0.9821 -0.1776 -0.0625
vn -0.9829 -0.1748 -0.0579
vn -0.9837 -0.1700 -0.0579
vn -0.9845 -0.1671 -0.0532
vn -0.9853 -0.1623 -0.0532
vn -0.9860 -0.1594 -0.0486
vn -0.9868 -0.1545 -0.0486
vn -0.9875 -0.1516 -0.0438
vn -0.9882 -0.1467 -0.0438
vn -0.9888 -0.1438 -0.0391
vn -0.9896 -0.1388 -0.0391
vn -0.9901 -0.1359 -0.0343
vn -0.9908 -0.1308 -0.0343
vn -0.9913 -0.1279 -0.0295
vn -0.9920 -0.1228 -0.0295
vn -0.9925 -0.1199 -0.0246
vn -0.9931 -0.1148 -0.0246
vn -0.9935 -0.1118 -0.0198
vn -0.9941 -0.1067 -0.0198
vn -0.9945 -0.1037 -0.0149
vn -0.9950 -0.0985 -0.0149
vn -0.9954 -0.0955 -0.0099
vn -0.9959 -0.0903 -0.0099
vn -0.9962 -0.0873 -0.0050
vn -0.9966 -0.0820 -0.0050
vn -0.9969 -0.0790 -0.0000
vn -0.9973 -0.0737 -0.0000
vn -0.9975 -0.0707 0.0050
vn -0.9978 -0.0654 0.0050
vn -0.9980 -0.0624 0.0100
vn -0.9983 -0.0569 0.0100
vn -0.9984 -0.0540 0.0151
vn -0.9987 -0.0485 0.0151
vn -0.9988 -0.0455 0.0201
vn -0.9990 -0.0400 0.0201
vn -0.9990 -0.0371 0.0252
vn -0.9992 -0.0315 0.0252
vn -0.9991 -0.0285 0.0303
vn -0.9993 -0.0230 0.0303
vn -0.9992 -0.0200 0.0354
vn -0.9993 -0.0144 0.0354
vn -0.9991 -0.0114 0.0405
vn -0.9992 -0.0058 0.0405
vn -0.9990 -0.0028 0.0456
vn -0.9990 0.0028 0.0456
vn -0.9987 0.0058 0.0508
vn -0.9986 0.0115 0.0508
vn -0.9983 0.0145 0.0559
vn -0.9982 0.0202 0.0559
vn -0.9979 0.0231 0.0611
vn -0.9977 0.0289 0.0611
vn -0.9973 0.0318 0.0662
vn -0.9971 0.0376 0.0662
vn -0.9966 0.0405 0.0714
vn -0.9964 0.0463 0.0714
vn -0.9958 0.0492 0.0766
vn -0.9955 0.0550 0.0766
vn -0.9950 0.0580 0.0817
vn -0.9946 0.0638 0.0817
vn -0.9940 0.0667 0.0869
vn -0.9936 0.0725 0.0869
vn -0.9929 0.0754 0.0921
vn -0.9924 0.0813 0.0921
vn -0.9917 0.0841 0.0972
vn -0.9912 0.0900 0.0972
vn -0.9904 0.0929 0.1024
vn -0.9898 0.0988 0.1024
vn -0.9890 0.1016 0.1075
vn -0.9884 0.1075 0.1075
vn -0.9875 0.1103 0.1127
vn -0.9868 0.1162 0.1127
vn -0.9859 0.1190 0.1178
vn -0.9851 0.1249 0.1178
vn -0.9842 0.1278 0.1229
vn -0.9834 0.1336 0.1229
vn -0.9823 0.1364 0.1280
vn -0.9815 0.1423 0.1280
vn -0.9804 0.1451 0.1331
vn -0.9795 0.1510 0.1331
vn -0.9784 0.1538 0.1382
vn -0.9775 0.1596 0.1382
vn -0.9763 0.1624 0.1432
vn -0.9753 0.1683 0.1432
vn -0.9741 0.1710 0.1482
vn -0.9730 0.1769 0.1482
vn -0.9717 -0.2223 -0.0801
vn -0.9727 -0.2195 -0.0757
vn -0.9737 -0.2150 -0.0757
vn -0.9746 -0.2122 -0.0712
vn -0.9756 -0.2077 -0.0712
vn -0.9765 -0.2049 -0.0667
vn -0.9775 -0.2003 -0.0667
vn -0.9783 -0.1975 -0.0621
vn -0.9793 -0.1928 -0.0621
vn -0.9801 -0.1900 -0.0576
vn -0.9810 -0.1853 -0.0576
vn -0.9818 -0.1825 -0.0529
vn -0.9827 -0.1777 -0.0529
vn -0.9834 -0.1748 -0.0483
vn -0.9842 -0.1701 -0.0483
vn -0.9850 -0.1672 -0.0436
vn -0.9858 -0.1623 -0.0436
vn -0.9864 -0.1594 -0.0389
vn -0.9872 -0.1546 -0.0389
vn -0.9878 -0.1517 -0.0341
vn -0.9886 -0.1467 -0.0341
vn -0.9892 -0.1438 -0.0293
vn -0.9899 -0.1388 -0.0293
vn -0.9904 -0.1359 -0.0245
vn -0.9911 -0.1309 -0.0245
vn -0.9916 -0.1279 -0.0197
vn -0.9922 -0.1229 -0.0197
vn -0.9927 -0.1199 -0.0148
vn -0.9933 -0.1148 -0.0148
vn -0.9937 -0.1118 -0.0099
vn -0.9942 -0.1067 -0.0099
vn -0.9946 -0.1037 -0.0049
vn -0.9951 -0.0985 -0.0049
vn -0.9954 -0.0955 -0.0000
vn -0.9959 -0.0903 -0.0000
vn -0.9962 -0.0873 0.0050
vn -0.9966 -0.0820 0.0050
vn -0.9968 -0.0790 0.0100
vn -0.9972 -0.0737 0.0100
vn -0.9974 -0.0707 0.0150
vn -0.9978 -0.0653 0.0150
vn -0.9979 -0.0623 0.0200
vn -0.9982 -0.0569 0.0200
vn -0.9982 -0.0540 0.0251
vn -0.9985 -0.0485 0.0251
vn -0.9985 -0.0455 0.0302
vn -0.9987 -0.0400 0.0302
vn -0.9987 -0.0370 0.0353
vn -0.9989 -0.0315 0.0353
vn -0.9988 -0.0285 0.0404
vn -0.9989 -0.0230 0.0404
vn -0.9988 -0.0200 0.0455
vn -0.9989 -0.0144 0.0455
vn -0.9987 -0.0114 0.0506
vn -0.9987 -0.0058 0.0506
vn -0.9984 -0.0028 0.0558
vn -0.9984 0.0028 0.0558
vn -0.9981 0.0058 0.0609
vn -0.9981 0.0115 0.0609
vn -0.9977 0.0144 0.0661
vn -0.9976 0.0202 0.0661
vn -0.9972 0.0231 0.0712
vn -0.9970 0.0288 0.0712
vn -0.9966 0.0318 0.0764
vn -0.9964 0.0376 0.0764
vn -0.9958 0.0405 0.0816
vn -0.9956 0.0462 0.0816
vn -0.9950 0.0492 0.0867
vn -0.9947 0.0550 0.0867
vn -0.9941 0.0579 0.0919
vn -0.9937 0.0637 0.0919
vn -0.9930 0.0666 0.0971
vn -0.9926 0.0724 0.0970
vn -0.9919 0.0753 0.1022
vn -0.9914 0.0812 0.1022
vn -0.9907 0.0841 0.1074
vn -0.9901 0.0899 0.1074
vn -0.9893 0.0928 0.1125
vn -0.9887 0.0986 0.1125
vn -0.9879 0.1015 0.1176
vn -0.9872 0.1074 0.1176
vn -0.9863 0.1102 0.1228
vn -0.9856 0.1161 0.1228
vn -0.9846 0.1189 0.1279
vn -0.9839 0.1248 0.1279
vn -0.9829 0.1276 0.1330
vn -0.9821 0.1335 0.1330
vn -0.9810 0.1362 0.1381
vn -0.9802 0.1421 0.1381
vn -0.9790 0.1449 0.1431
vn -0.9782 0.1508 0.1431
vn -0.9770 0.1535 0.1482
vn -0.9760 0.1594 0.1482
vn -0.9748 0.1621 0.1532
vn -0.9738 0.1680 0.1532
vn -0.9725 0.1707 0.1582
vn -0.9724 -0.2225 -0.0707
vn -0.9733 -0.2196 -0.0663
vn -0.9743 -0.2152 -0.0663
vn -0.9752 -0.2123 -0.0617
vn -0.9762 -0.2078 -0.0617
vn -0.9771 -0.2050 -0.0572
vn -0.9780 -0.2004 -0.0572
vn -0.9789 -0.1976 -0.0526
vn -0.9798 -0.1930 -0.0526
vn -0.9806 -0.1901 -0.0480
vn -0.9815 -0.1854 -0.0480
vn -0.9822 -0.1825 -0.0433
vn -0.9831 -0.1778 -0.0433
vn -0.9838 -0.1749 -0.0386
vn -0.9847 -0.1701 -0.0386
vn -0.9853 -0.1673 -0.0339
vn -0.9861 -0.1624 -0.0339
vn -0.9868 -0.1595 -0.0292
vn -0.9875 -0.1546 -0.0292
vn -0.9881 -0.1517 -0.0244
vn -0.9889 -0.1468 -0.0244
vn -0.9894 -0.1438 -0.0195
vn -0.9901 -0.1389 -0.0195
vn -0.9906 -0.1359 -0.0147
vn -0.9913 -0.1309 -0.0147
vn -0.9917 -0.1279 -0.0098
vn -0.9924 -0.1229 -0.0098
vn -0.9928 -0.1199 -0.0049
vn -0.9934 -0.1148 -0.0049
vn -0.9937 -0.1118 -0.0000
vn -0.9943 -0.1067 -0.0000
vn -0.9946 -0.1037 0.0049
vn -0.9951 -0.0985 0.0049
vn -0.9954 -0.0955 0.0099
vn -0.9959 -0.0903 0.0099
vn -0.9961 -0.0873 0.0149
vn -0.9965 -0.0820 0.0149
vn -0.9967 -0.0790 0.0199
vn -0.9971 -0.0737 0.0199
vn -0.9972 -0.0707 0.0250
vn -0.9976 -0.0653 0.0250
vn -0.9976 -0.0623 0.0300
vn -0.9979 -0.0569 0.0300
vn -0.9979 -0.0539 0.0351
vn -0.9982 -0.0485 0.0351
vn -0.9982 -0.0455 0.0402
vn -0.9984 -0.0400 0.0402
vn -0.9983 -0.0370 0.0453
vn -0.9985 -0.0315 0.0453
vn -0.9983 -0.0285 0.0504
vn -0.9985 -0.0230 0.0504
vn -0.9983 -0.0200 0.0556
vn -0.9984 -0.0144 0.0556
vn -0.9981 -0.0114 0.0607
vn -0.9981 -0.0058 0.0607
vn -0.9978 -0.0028 0.0659
vn -0.9978 0.0028 0.0659
vn -0.9975 0.0058 0.0710
vn -0.9974 0.0115 0.0710
vn -0.9970 0.0144 0.0762
vn -0.9969 0.0201 0.0762
vn -0.9964 0.0231 0.0813
vn -0.9963 0.0288 0.0813
vn -0.9957 0.0318 0.0865
vn -0.9955 0.0375 0.0865
vn -0.9950 0.0405 0.0917
vn -0.9947 0.0462 0.0917
vn -0.9941 0.0491 0.0968
vn -0.9938 0.0549 0.0968
vn -0.9931 0.0578 0.1020
vn -0.9927 0.0637 0.1020
vn -0.9920 0.0665 0.1071
vn -0.9916 0.0724 0.1071
vn -0.9908 0.0752 0.1123
vn -0.9904 0.0811 0.1123
vn -0.9895 0.0840 0.1174
vn -0.9890 0.0898 0.1174
vn -0.9881 0.0927 0.1226
vn -0.9876 0.0985 0.1226
vn -0.9866 0.1014 0.1277
vn -0.9860 0.1072 0.1277
vn -0.9850 0.1101 0.1328
vn -0.9843 0.1159 0.1328
vn -0.9833 0.1187 0.1379
vn -0.9826 0.1246 0.1379
vn -0.9815 0.1274 0.1430
vn -0.9807 0.1333 0.1430
vn -0.9796 0.1360 0.1481
vn -0.9787 0.1419 0.1481
vn -0.9776 0.1447 0.1531
vn -0.9767 0.1506 0.1531
vn -0.9754 0.1533 0.1581
vn -0.9745 0.1592 0.1581
vn -0.9732 0.1619 0.1631
vn -0.9722 0.1677 0.1631
vn -0.9720 -0.2270 -0.0613
vn -0.9730 -0.2226 -0.0613
vn -0.9739 -0.2198 -0.0568
vn -0.9749 -0.2153 -0.0568
vn -0.9758 -0.2125 -0.0523
vn -0.9767 -0.2079 -0.0523
vn -0.9776 -0.2051 -0.0477
vn -0.9785 -0.2005 -0.0477
vn -0.9793 -0.1977 -0.0431
vn -0.9802 -0.1931 -0.0431
vn -0.9810 -0.1902 -0.0384
vn -0.9819 -0.1855 -0.0384
vn -0.9826 -0.1826 -0.0337
vn -0.9835 -0.1779 -0.0337
vn -0.9841 -0.1750 -0.0290
vn -0.9850 -0.1702 -0.0290
vn -0.9856 -0.1673 -0.0242
vn -0.9864 -0.1625 -0.0242
vn -0.9870 -0.1595 -0.0194
vn -0.9878 -0.1547 -0.0194
vn -0.9883 -0.1517 -0.0146
vn -0.9891 -0.1468 -0.0146
vn -0.9895 -0.1439 -0.0098
vn -0.9903 -0.1389 -0.0098
vn -0.9907 -0.1359 -0.0049
vn -0.9914 -0.1309 -0.0049
vn -0.9918 -0.1280 -0.0000
vn -0.9924 -0.1229 -0.0000
vn -0.9928 -0.1199 0.0049
vn -0.9934 -0.1148 0.0049
vn -0.9937 -0.1118 0.0099
vn -0.9942 -0.1067 0.0099
vn -0.9945 -0.1037 0.0149
vn -0.9950 -0.0985 0.0149
vn -0.9952 -0.0955 0.0199
vn -0.9957 -0.0903 0.0199
vn -0.9959 -0.0873 0.0249
vn -0.9963 -0.0820 0.0249
vn -0.9964 -0.0790 0.0299
vn -0.9968 -0.0737 0.0299
vn -0.9969 -0.0707 0.0350
vn -0.9973 -0.0653 0.0350
vn -0.9973 -0.0623 0.0401
vn -0.9976 -0.0569 0.0401
vn -0.9975 -0.0539 0.0451
vn -0.9978 -0.0485 0.0451
vn -0.9977 -0.0455 0.0502
vn -0.9979 -0.0400 0.0502
vn -0.9978 -0.0370 0.0554
vn -0.9980 -0.0315 0.0554
vn -0.9978 -0.0285 0.0605
vn -0.9979 -0.0229 0.0605
vn -0.9976 -0.0200 0.0656
vn -0.9977 -0.0144 0.0656
vn -0.9974 -0.0114 0.0708
vn -0.9975 -0.0058 0.0708
vn -0.9971 -0.0028 0.0759
vn -0.9971 0.0028 0.0759
vn -0.9967 0.0058 0.0811
vn -0.9966 0.0115 0.0811
vn -0.9962 0.0144 0.0863
vn -0.9961 0.0201 0.0863
vn -0.9955 0.0231 0.0914
vn -0.9954 0.0288 0.0914
vn -0.9948 0.0317 0.0966
vn -0.9946 0.0375 0.0966
vn -0.9940 0.0404 0.1018
vn -0.9937 0.0462 0.1018
vn -0.9931 0.0491 0.1069
vn -0.9928 0.0549 0.1069
vn -0.9920 0.0578 0.1121
vn -0.9917 0.0636 0.1121
vn -0.9909 0.0665 0.1172
vn -0.9905 0.0723 0.1172
vn -0.9896 0.0752 0.1224
vn -0.9892 0.0810 0.1224
vn -0.9883 0.0839 0.1275
vn -0.9878 0.0897 0.1275
vn -0.9868 0.0925 0.1326
vn -0.9863 0.0984 0.1326
vn -0.9853 0.1012 0.1377
vn -0.9847 0.1071 0.1377
vn -0.9836 0.1099 0.1428
vn -0.9830 0.1158 0.1428
vn -0.9819 0.1186 0.1479
vn -0.9811 0.1244 0.1479
vn -0.9800 0.1272 0.1530
vn -0.9792 0.1331 0.1530
vn -0.9781 0.1358 0.1580
vn -0.9772 0.1417 0.1580
vn -0.9760 0.1444 0.1630
vn -0.9751 0.1503 0.1630
vn -0.9738 0.1530 0.1680
vn -0.9729 0.1589 0.1680
vn -0.9716 -0.2299 -0.0565
vn -0.9725 -0.2271 -0.0519
vn -0.9735 -0.2227 -0.0519
vn -0.9744 -0.2199 -0.0474
vn -0.9754 -0.2154 -0.0474
vn -0.9762 -0.2125 -0.0428
vn -0.9772 -0.2080 -0.0428
vn -0.9780 -0.2052 -0.0382
vn -0.9789 -0.2006 -0.0382
vn -0.9797 -0.1977 -0.0335
vn -0.9806 -0.1931 -0.0335
vn -0.9813 -0.1902 -0.0288
vn -0.9822 -0.1856 -0.0288
vn -0.9829 -0.1826 -0.0241
vn -0.9837 -0.1779 -0.0241
vn -0.9844 -0.1750 -0.0193
vn -0.9852 -0.1702 -0.0193
vn -0.9858 -0.1673 -0.0145
vn -0.9866 -0.1625 -0.0145
vn -0.9871 -0.1596 -0.0097
vn -0.9879 -0.1547 -0.0097
vn -0.9884 -0.1517 -0.0049
vn -0.9892 -0.1468 -0.0049
vn -0.9896 -0.1439 -0.0000
vn -0.9903 -0.1389 -0.0000
vn -0.9907 -0.1359 0.0049
vn -0.9914 -0.1309 0.0049
vn -0.9917 -0.1280 0.0098
vn -0.9924 -0.1229 0.0098
vn -0.9927 -0.1199 0.0148
vn -0.9933 -0.1148 0.0148
vn -0.9935 -0.1118 0.0198
vn -0.9941 -0.1066 0.0198
vn -0.9943 -0.1037 0.0248
vn -0.9948 -0.0985 0.0248
vn -0.9950 -0.0955 0.0298
vn -0.9955 -0.0902 0.0298
vn -0.9956 -0.0873 0.0348
vn -0.9960 -0.0820 0.0348
vn -0.9961 -0.0790 0.0399
vn -0.9965 -0.0736 0.0399
vn -0.9965 -0.0707 0.0449
vn -0.9969 -0.0653 0.0449
vn -0.9968 -0.0623 0.0500
vn -0.9971 -0.0569 0.0500
vn -0.9970 -0.0539 0.0551
vn -0.9973 -0.0484 0.0551
vn -0.9971 -0.0454 0.0603
vn -0.9974 -0.0400 0.0603
vn -0.9972 -0.0370 0.0654
vn -0.9974 -0.0315 0.0654
vn -0.9971 -0.0285 0.0705
vn -0.9972 -0.0229 0.0705
vn -0.9969 -0.0200 0.0757
vn -0.9970 -0.0144 0.0757
vn -0.9967 -0.0114 0.0808
vn -0.9967 -0.0058 0.0808
vn -0.9963 -0.0028 0.0860
vn -0.9963 0.0029 0.0860
vn -0.9958 0.0058 0.0911
vn -0.9958 0.0115 0.0911
vn -0.9952 0.0144 0.0963
vn -0.9951 0.0201 0.0963
vn -0.9946 0.0230 0.1015
vn -0.9944 0.0288 0.1015
vn -0.9938 0.0317 0.1066
vn -0.9936 0.0375 0.1066
vn -0.9929 0.0404 0.1118
vn -0.9927 0.0461 0.1118
vn -0.9919 0.0490 0.1170
vn -0.9916 0.0548 0.1170
vn -0.9908 0.0577 0.1221
vn -0.9905 0.0635 0.1221
vn -0.9896 0.0664 0.1273
vn -0.9892 0.0722 0.1273
vn -0.9884 0.0751 0.1324
vn -0.9879 0.0809 0.1324
vn -0.9870 0.0837 0.1375
vn -0.9864 0.0896 0.1375
vn -0.9855 0.0924 0.1426
vn -0.9849 0.0983 0.1426
vn -0.9839 0.1011 0.1477
vn -0.9832 0.1069 0.1477
vn -0.9821 0.1097 0.1528
vn -0.9815 0.1156 0.1528
vn -0.9803 0.1184 0.1579
vn -0.9796 0.1243 0.1579
vn -0.9784 0.1270 0.1629
vn -0.9777 0.1329 0.1629
vn -0.9764 0.1356 0.1680
vn -0.9756 0.1415 0.1680
vn -0.9743 0.1442 0.1730
vn -0.9734 0.1501 0.1730
vn -0.9721 0.1527 0.1779
vn -0.9720 -0.2301 -0.0471
vn -0.9729 -0.2272 -0.0425
vn -0.9739 -0.2228 -0.0425
vn -0.9748 -0.2199 -0.0379
vn -0.9758 -0.2155 -0.0379
vn -0.9766 -0.2126 -0.0333
vn -0.9775 -0.2081 -0.0333
vn -0.9783 -0.2052 -0.0286
vn -0.9792 -0.2007 -0.0286
vn -0.9800 -0.1978 -0.0239
vn -0.9809 -0.1932 -0.0239
vn -0.9815 -0.1903 -0.0192
vn -0.9824 -0.1856 -0.0192
vn -0.9831 -0.1827 -0.0145
vn -0.9839 -0.1780 -0.0145
vn -0.9845 -0.1750 -0.0097
vn -0.9853 -0.1703 -0.0097
vn -0.9859 -0.1673 -0.0048
vn -0.9867 -0.1625 -0.0048
vn -0.9872 -0.1596 -0.0000
vn -0.9880 -0.1547 -0.0000
vn -0.9884 -0.1517 0.0049
vn -0.9892 -0.1468 0.0049
vn -0.9895 -0.1439 0.0098
vn -0.9903 -0.1389 0.0098
vn -0.9906 -0.1359 0.0147
vn -0.9913 -0.1309 0.0147
vn -0.9916 -0.1279 0.0197
vn -0.9922 -0.1229 0.0197
vn -0.9925 -0.1199 0.0246
vn -0.9931 -0.1148 0.0246
vn -0.9933 -0.1118 0.0296
vn -0.9939 -0.1066 0.0296
vn -0.9940 -0.1037 0.0346
vn -0.9945 -0.0984 0.0346
vn -0.9946 -0.0955 0.0397
vn -0.9951 -0.0902 0.0397
vn -0.9952 -0.0872 0.0447
vn -0.9956 -0.0819 0.0447
vn -0.9956 -0.0789 0.0498
vn -0.9960 -0.0736 0.0498
vn -0.9960 -0.0706 0.0549
vn -0.9964 -0.0652 0.0549
vn -0.9963 -0.0623 0.0600
vn -0.9966 -0.0568 0.0600
vn -0.9964 -0.0538 0.0651
vn -0.9967 -0.0484 0.0651
vn -0.9965 -0.0454 0.0702
vn -0.9967 -0.0399 0.0702
vn -0.9965 -0.0370 0.0754
vn -0.9967 -0.0314 0.0754
vn -0.9963 -0.0284 0.0805
vn -0.9965 -0.0229 0.0805
vn -0.9961 -0.0199 0.0857
vn -0.9962 -0.0143 0.0857
vn -0.9958 -0.0114 0.0909
vn -0.9958 -0.0058 0.0909
vn -0.9954 -0.0028 0.0960
vn -0.9954 0.0028 0.0960
vn -0.9949 0.0058 0.1012
vn -0.9948 0.0115 0.1012
vn -0.9942 0.0144 0.1063
vn -0.9941 0.0201 0.1063
vn -0.9935 0.0230 0.1115
vn -0.9934 0.0287 0.1115
vn -0.9927 0.0317 0.1167
vn -0.9925 0.0374 0.1167
vn -0.9917 0.0403 0.1218
vn -0.9915 0.0461 0.1218
vn -0.9907 0.0490 0.1270
vn -0.9904 0.0547 0.1270
vn -0.9896 0.0576 0.1321
vn -0.9892 0.0634 0.1321
vn -0.9883 0.0663 0.1373
vn -0.9879 0.0721 0.1373
vn -0.9870 0.0749 0.1424
vn -0.9865 0.0808 0.1424
vn -0.9855 0.0836 0.1475
vn -0.9850 0.0895 0.1475
vn -0.9840 0.0923 0.1526
vn -0.9834 0.0981 0.1526
vn -0.9823 0.1009 0.1577
vn -0.9817 0.1068 0.1577
vn -0.9806 0.1095 0.1627
vn -0.9799 0.1154 0.1627
vn -0.9787 0.1182 0.1678
vn -0.9780 0.1240 0.1678
vn -0.9768 0.1268 0.1728
vn -0.9760 0.1327 0.1728
vn -0.9747 0.1354 0.1778
vn -0.9739 0.1412 0.1778
vn -0.9726 0.1439 0.1828
vn -0.9717 0.1498 0.1828
vn -0.9724 -0.2301 -0.0377
vn -0.9733 -0.2273 -0.0331
vn -0.9743 -0.2229 -0.0331
vn -0.9751 -0.2200 -0.0284
vn -0.9761 -0.2156 -0.0284
vn -0.9768 -0.2127 -0.0238
vn -0.9778 -0.2082 -0.0238
vn -0.9785 -0.2053 -0.0191
vn -0.9795 -0.2007 -0.0191
vn -0.9801 -0.1978 -0.0144
vn -0.9811 -0.1932 -0.0144
vn -0.9817 -0.1903 -0.0096
vn -0.9826 -0.1856 -0.0096
vn -0.9832 -0.1827 -0.0048
vn -0.9840 -0.1780 -0.0048
vn -0.9846 -0.1750 -0.0000
vn -0.9854 -0.1703 -0.0000
vn -0.9859 -0.1673 0.0048
vn -0.9867 -0.1625 0.0048
vn -0.9871 -0.1595 0.0097
vn -0.9879 -0.1547 0.0097
vn -0.9883 -0.1517 0.0146
vn -0.9891 -0.1468 0.0146
vn -0.9894 -0.1438 0.0196
vn -0.9901 -0.1389 0.0196
vn -0.9904 -0.1359 0.0245
vn -0.9911 -0.1309 0.0245
vn -0.9913 -0.1279 0.0295
vn -0.9920 -0.1228 0.0295
vn -0.9922 -0.1199 0.0345
vn -0.9928 -0.1147 0.0345
vn -0.9930 -0.1118 0.0395
vn -0.9935 -0.1066 0.0395
vn -0.9936 -0.1036 0.0445
vn -0.9942 -0.0984 0.0445
vn -0.9942 -0.0954 0.0496
vn -0.9947 -0.0901 0.0496
vn -0.9947 -0.0872 0.0546
vn -0.9951 -0.0819 0.0546
vn -0.9951 -0.0789 0.0597
vn -0.9955 -0.0736 0.0597
vn -0.9954 -0.0706 0.0648
vn -0.9958 -0.0652 0.0648
vn -0.9956 -0.0622 0.0700
vn -0.9959 -0.0568 0.0700
vn -0.9957 -0.0538 0.0751
vn -0.9960 -0.0484 0.0751
vn -0.9957 -0.0454 0.0802
vn -0.9960 -0.0399 0.0802
vn -0.9957 -0.0369 0.0854
vn -0.9959 -0.0314 0.0854
vn -0.9955 -0.0284 0.0905
vn -0.9956 -0.0229 0.0905
vn -0.9952 -0.0199 0.0957
vn -0.9953 -0.0143 0.0957
vn -0.9948 -0.0114 0.1008
vn -0.9949 -0.0058 0.1008
vn -0.9944 -0.0028 0.1060
vn -0.9944 0.0028 0.1060
vn -0.9938 0.0058 0.1112
vn -0.9937 0.0115 0.1112
vn -0.9931 0.0144 0.1163
vn -0.9930 0.0201 0.1163
vn -0.9923 0.0230 0.1215
vn -0.9922 0.0287 0.1215
vn -0.9914 0.0316 0.1267
vn -0.9912 0.0374 0.1267
vn -0.9905 0.0402 0.1318
vn -0.9902 0.0460 0.1318
vn -0.9894 0.0489 0.1369
vn -0.9891 0.0547 0.1369
vn -0.9882 0.0575 0.1421
vn -0.9878 0.0633 0.1421
vn -0.9869 0.0662 0.1472
vn -0.9865 0.0720 0.1472
vn -0.9855 0.0748 0.1523
vn -0.9850 0.0807 0.1523
vn -0.9840 0.0835 0.1574
vn -0.9835 0.0893 0.1574
vn -0.9824 0.0921 0.1625
vn -0.9818 0.0980 0.1625
vn -0.9807 0.1007 0.1676
vn -0.9801 0.1066 0.1676
vn -0.9789 0.1093 0.1726
vn -0.9782 0.1152 0.1726
vn -0.9770 0.1180 0.1776
vn -0.9763 0.1238 0.1776
vn -0.9750 0.1265 0.1827
vn -0.9742 0.1324 0.1827
vn -0.9729 0.1351 0.1876
vn -0.9721 0.1410 0.1876
vn -0.9727 -0.2302 -0.0283
vn -0.9735 -0.2273 -0.0236
vn -0.9745 -0.2230 -0.0236
vn -0.9753 -0.2201 -0.0190
vn -0.9763 -0.2156 -0.0190
vn -0.9770 -0.2127 -0.0143
vn -0.9780 -0.2082 -0.0143
vn -0.9786 -0.2053 -0.0095
vn -0.9796 -0.2008 -0.0095
vn -0.9802 -0.1979 -0.0048
vn -0.9811 -0.1932 -0.0048
vn -0.9817 -0.1903 -0.0000
vn -0.9826 -0.1856 -0.0000
vn -0.9832 -0.1827 0.0048
vn -0.9840 -0.1780 0.0048
vn -0.9845 -0.1750 0.0097
vn -0.9853 -0.1703 0.0097
vn -0.9858 -0.1673 0.0146
vn -0.9866 -0.1625 0.0146
vn -0.9870 -0.1595 0.0194
vn -0.9878 -0.1547 0.0194
vn -0.9881 -0.1517 0.0244
vn -0.9889 -0.1468 0.0244
vn -0.9892 -0.1438 0.0293
vn -0.9899 -0.1388 0.0293
vn -0.9901 -0.1359 0.0343
vn -0.9908 -0.1308 0.0343
vn -0.9910 -0.1279 0.0393
vn -0.9917 -0.1228 0.0393
vn -0.9918 -0.1198 0.0443
vn -0.9924 -0.1147 0.0443
vn -0.9925 -0.1117 0.0493
vn -0.9931 -0.1065 0.0493
vn -0.9931 -0.1035 0.0544
vn -0.9937 -0.0984 0.0544
vn -0.9937 -0.0954 0.0595
vn -0.9942 -0.0901 0.0595
vn -0.9941 -0.0871 0.0646
vn -0.9946 -0.0818 0.0646
vn -0.9944 -0.0788 0.0697
vn -0.9949 -0.0735 0.0697
vn -0.9947 -0.0705 0.0748
vn -0.9951 -0.0651 0.0748
vn -0.9949 -0.0622 0.0799
vn -0.9952 -0.0568 0.0799
vn -0.9949 -0.0538 0.0850
vn -0.9952 -0.0483 0.0850
vn -0.9949 -0.0454 0.0902
vn -0.9951 -0.0399 0.0902
vn -0.9948 -0.0369 0.0953
vn -0.9950 -0.0314 0.0953
vn -0.9945 -0.0284 0.1005
vn -0.9947 -0.0228 0.1005
vn -0.9942 -0.0199 0.1056
vn -0.9943 -0.0143 0.1056
vn -0.9938 -0.0114 0.1108
vn -0.9938 -0.0058 0.1108
vn -0.9932 -0.0028 0.1160
vn -0.9932 0.0028 0.1160
vn -0.9926 0.0057 0.1211
vn -0.9926 0.0114 0.1211
vn -0.9919 0.0143 0.1263
vn -0.9918 0.0201 0.1263
vn -0.9911 0.0230 0.1314
vn -0.9909 0.0287 0.1314
vn -0.9901 0.0316 0.1366
vn -0.9899 0.0373 0.1366
vn -0.9891 0.0402 0.1417
vn -0.9888 0.0460 0.1417
vn -0.9879 0.0488 0.1469
vn -0.9876 0.0546 0.1469
vn -0.9867 0.0575 0.1520
vn -0.9864 0.0633 0.1520
vn -0.9854 0.0661 0.1571
vn -0.9850 0.0719 0.1571
vn -0.9839 0.0747 0.1622
vn -0.9835 0.0806 0.1622
vn -0.9824 0.0833 0.1673
vn -0.9819 0.0892 0.1673
vn -0.9807 0.0920 0.1724
vn -0.9802 0.0978 0.1724
vn -0.9790 0.1006 0.1774
vn -0.9784 0.1064 0.1774
vn -0.9771 0.1091 0.1824
vn -0.9765 0.1150 0.1824
vn -0.9752 0.1177 0.1874
vn -0.9745 0.1236 0.1874
vn -0.9732 0.1263 0.1924
vn -0.9724 0.1322 0.1924
vn -0.9729 -0.2303 -0.0189
vn -0.9737 -0.2274 -0.0142
vn -0.9747 -0.2230 -0.0142
vn -0.9754 -0.2201 -0.0095
vn -0.9764 -0.2156 -0.0095
vn -0.9771 -0.2127 -0.0048
vn -0.9781 -0.2082 -0.0048
vn -0.9787 -0.2053 -0.0000
vn -0.9796 -0.2008 -0.0000
vn -0.9802 -0.1978 0.0048
vn -0.9811 -0.1932 0.0048
vn -0.9817 -0.1903 0.0096
vn -0.9826 -0.1856 0.0096
vn -0.9831 -0.1827 0.0145
vn -0.9839 -0.1780 0.0145
vn -0.9844 -0.1750 0.0193
vn -0.9852 -0.1702 0.0193
vn -0.9856 -0.1673 0.0242
vn -0.9864 -0.1625 0.0242
vn -0.9868 -0.1595 0.0292
vn -0.9875 -0.1546 0.0292
vn -0.9878 -0.1517 0.0341
vn -0.9886 -0.1467 0.0341
vn -0.9888 -0.1438 0.0391
vn -0.9896 -0.1388 0.0391
vn -0.9898 -0.1358 0.0441
vn -0.9904 -0.1308 0.0441
vn -0.9906 -0.1278 0.0491
vn -0.9912 -0.1227 0.0491
vn -0.9913 -0.1198 0.0541
vn -0.9919 -0.1146 0.0541
vn -0.9920 -0.1116 0.0592
vn -0.9926 -0.1065 0.0592
vn -0.9926 -0.1035 0.0642
vn -0.9931 -0.0983 0.0642
vn -0.9930 -0.0953 0.0693
vn -0.9935 -0.0901 0.0693
vn -0.9934 -0.0871 0.0744
vn -0.9939 -0.0818 0.0744
vn -0.9937 -0.0788 0.0796
vn -0.9941 -0.0735 0.0796
vn -0.9939 -0.0705 0.0847
vn -0.9943 -0.0651 0.0847
vn -0.9940 -0.0621 0.0898
vn -0.9943 -0.0567 0.0898
vn -0.9940 -0.0537 0.0949
vn -0.9943 -0.0483 0.0949
vn -0.9939 -0.0453 0.1001
vn -0.9942 -0.0398 0.1001
vn -0.9938 -0.0369 0.1053
vn -0.9940 -0.0313 0.1053
vn -0.9935 -0.0284 0.1104
vn -0.9936 -0.0228 0.1104
vn -0.9931 -0.0199 0.1156
vn -0.9932 -0.0143 0.1156
vn -0.9926 -0.0114 0.1208
vn -0.9927 -0.0057 0.1208
vn -0.9920 -0.0028 0.1259
vn -0.9920 0.0028 0.1259
vn -0.9914 0.0057 0.1311
vn -0.9913 0.0114 0.1311
vn -0.9906 0.0143 0.1362
vn -0.9905 0.0200 0.1362
vn -0.9897 0.0229 0.1414
vn -0.9895 0.0287 0.1414
vn -0.9887 0.0315 0.1465
vn -0.9885 0.0373 0.1465
vn -0.9876 0.0401 0.1517
vn -0.9874 0.0459 0.1517
vn -0.9864 0.0487 0.1568
vn -0.9861 0.0545 0.1568
vn -0.9851 0.0574 0.1619
vn -0.9848 0.0632 0.1619
vn -0.9838 0.0659 0.1670
vn -0.9833 0.0718 0.1670
vn -0.9823 0.0746 0.1721
vn -0.9818 0.0804 0.1721
vn -0.9807 0.0832 0.1771
vn -0.9802 0.0890 0.1771
vn -0.9790 0.0918 0.1822
vn -0.9784 0.0977 0.1822
vn -0.9772 0.1004 0.1872
vn -0.9766 0.1062 0.1872
vn -0.9753 0.1089 0.1922
vn -0.9746 0.1148 0.1922
vn -0.9733 0.1175 0.1972
vn -0.9726 0.1234 0.1972
vn -0.9720 -0.2346 -0.0094
vn -0.9731 -0.2303 -0.0094
vn -0.9738 -0.2274 -0.0047
vn -0.9748 -0.2230 -0.0047
vn -0.9755 -0.2201 -0.0000
vn -0.9765 -0.2157 -0.0000
vn -0.9771 -0.2127 0.0048
vn -0.9781 -0.2082 0.0048
vn -0.9786 -0.2053 0.0095
vn -0.9796 -0.2008 0.0095
vn -0.9801 -0.1978 0.0144
vn -0.9811 -0.1932 0.0144
vn -0.9815 -0.1903 0.0192
vn -0.9824 -0.1856 0.0192
vn -0.9829 -0.1827 0.0241
vn -0.9837 -0.1779 0.0241
vn -0.9841 -0.1750 0.0290
vn -0.9850 -0.1702 0.0290
vn -0.9853 -0.1672 0.0339
vn -0.9861 -0.1624 0.0339
vn -0.9864 -0.1595 0.0389
vn -0.9872 -0.1546 0.0389
vn -0.9875 -0.1516 0.0438
vn -0.9882 -0.1467 0.0438
vn -0.9884 -0.1437 0.0488
vn -0.9891 -0.1387 0.0488
vn -0.9893 -0.1357 0.0538
vn -0.9900 -0.1307 0.0538
vn -0.9901 -0.1277 0.0589
vn -0.9907 -0.1227 0.0589
vn -0.9908 -0.1197 0.0639
vn -0.9914 -0.1146 0.0639
vn -0.9914 -0.1116 0.0690
vn -0.9919 -0.1064 0.0690
vn -0.9919 -0.1034 0.0741
vn -0.9924 -0.0982 0.0741
vn -0.9923 -0.0952 0.0792
vn -0.9928 -0.0900 0.0792
vn -0.9926 -0.0870 0.0843
vn -0.9931 -0.0817 0.0843
vn -0.9929 -0.0787 0.0894
vn -0.9933 -0.0734 0.0894
vn -0.9930 -0.0704 0.0946
vn -0.9934 -0.0650 0.0946
vn -0.9931 -0.0621 0.0997
vn -0.9934 -0.0566 0.0997
vn -0.9930 -0.0537 0.1048
vn -0.9933 -0.0482 0.1048
vn -0.9929 -0.0453 0.1100
vn -0.9931 -0.0398 0.1100
vn -0.9927 -0.0368 0.1152
vn -0.9929 -0.0313 0.1152
vn -0.9923 -0.0284 0.1203
vn -0.9925 -0.0228 0.1203
vn -0.9919 -0.0199 0.1255
vn -0.9920 -0.0143 0.1255
vn -0.9914 -0.0113 0.1306
vn -0.9914 -0.0057 0.1306
vn -0.9907 -0.0028 0.1358
vn -0.9907 0.0029 0.1358
vn -0.9900 0.0057 0.1409
vn -0.9900 0.0114 0.1409
vn -0.9892 0.0143 0.1461
vn -0.9891 0.0200 0.1461
vn -0.9882 0.0229 0.1512
vn -0.9881 0.0286 0.1512
vn -0.9872 0.0315 0.1564
vn -0.9870 0.0372 0.1564
vn -0.9861 0.0401 0.1615
vn -0.9858 0.0458 0.1615
vn -0.9848 0.0487 0.1666
vn -0.9845 0.0545 0.1666
vn -0.9835 0.0573 0.1717
vn -0.9831 0.0630 0.1717
vn -0.9820 0.0658 0.1768
vn -0.9816 0.0717 0.1768
vn -0.9805 0.0744 0.1819
vn -0.9800 0.0803 0.1819
vn -0.9789 0.0830 0.1869
vn -0.9783 0.0889 0.1869
vn -0.9771 0.0916 0.1919
vn -0.9766 0.0975 0.1919
vn -0.9753 0.1002 0.1970
vn -0.9747 0.1060 0.1970
vn -0.9734 0.1087 0.2019
vn -0.9727 0.1146 0.2019
vn -0.9714 -0.2375 -0.0047
vn -0.9721 -0.2347 -0.0000
vn -0.9731 -0.2303 -0.0000
vn -0.9738 -0.2274 0.0047
vn -0.9748 -0.2230 0.0047
vn -0.9754 -0.2201 0.0095
vn -0.9764 -0.2156 0.0095
vn -0.9770 -0.2127 0.0143
vn -0.9780 -0.2082 0.0143
vn -0.9785 -0.2053 0.0191
vn -0.9795 -0.2007 0.0191
vn -0.9800 -0.1978 0.0239
vn -0.9809 -0.1932 0.0239
vn -0.9813 -0.1902 0.0288
vn -0.9822 -0.1856 0.0288
vn -0.9826 -0.1826 0.0337
vn -0.9835 -0.1779 0.0337
vn -0.9838 -0.1749 0.0386
vn -0.9847 -0.1701 0.0386
vn -0.9850 -0.1672 0.0436
vn -0.9858 -0.1624 0.0436
vn -0.9860 -0.1594 0.0486
vn -0.9868 -0.1545 0.0486
vn -0.9870 -0.1515 0.0536
vn -0.9877 -0.1466 0.0536
vn -0.9879 -0.1436 0.0586
vn -0.9886 -0.1387 0.0586
vn -0.9887 -0.1357 0.0636
vn -0.9894 -0.1306 0.0636
vn -0.9894 -0.1277 0.0686
vn -0.9901 -0.1226 0.0686
vn -0.9901 -0.1196 0.0737
vn -0.9907 -0.1145 0.0737
vn -0.9906 -0.1115 0.0788
vn -0.9912 -0.1063 0.0788
vn -0.9911 -0.1034 0.0839
vn -0.9916 -0.0981 0.0839
vn -0.9915 -0.0952 0.0890
vn -0.9920 -0.0899 0.0890
vn -0.9918 -0.0869 0.0941
vn -0.9922 -0.0816 0.0941
vn -0.9919 -0.0787 0.0993
vn -0.9924 -0.0733 0.0993
vn -0.9920 -0.0703 0.1044
vn -0.9924 -0.0650 0.1044
vn -0.9920 -0.0620 0.1096
vn -0.9924 -0.0566 0.1096
vn -0.9920 -0.0536 0.1147
vn -0.9922 -0.0482 0.1147
vn -0.9918 -0.0452 0.1199
vn -0.9920 -0.0397 0.1199
vn -0.9915 -0.0368 0.1250
vn -0.9917 -0.0313 0.1250
vn -0.9911 -0.0283 0.1302
vn -0.9912 -0.0228 0.1302
vn -0.9906 -0.0198 0.1353
vn -0.9907 -0.0142 0.1353
vn -0.9900 -0.0113 0.1405
vn -0.9901 -0.0057 0.1405
vn -0.9893 -0.0028 0.1457
vn -0.9893 0.0028 0.1457
vn -0.9885 0.0057 0.1508
vn -0.9885 0.0114 0.1508
vn -0.9877 0.0143 0.1559
vn -0.9876 0.0200 0.1559
vn -0.9867 0.0228 0.1611
vn -0.9865 0.0286 0.1611
vn -0.9856 0.0314 0.1662
vn -0.9854 0.0372 0.1662
vn -0.9844 0.0400 0.1713
vn -0.9842 0.0458 0.1713
vn -0.9831 0.0486 0.1764
vn -0.9828 0.0544 0.1764
vn -0.9817 0.0571 0.1815
vn -0.9814 0.0630 0.1815
vn -0.9802 0.0657 0.1865
vn -0.9798 0.0715 0.1865
vn -0.9787 0.0743 0.1916
vn -0.9782 0.0801 0.1916
vn -0.9770 0.0829 0.1966
vn -0.9765 0.0887 0.1966
vn -0.9752 0.0914 0.2016
vn -0.9746 0.0973 0.2016
vn -0.9733 0.1000 0.2066
vn -0.9727 0.1058 0.2066
vn -0.9714 -0.2376 0.0047
vn -0.9720 -0.2346 0.0094
vn -0.9731 -0.2303 0.0094
vn -0.9737 -0.2274 0.0142
vn -0.9747 -0.2230 0.0142
vn -0.9753 -0.2201 0.0190
vn -0.9763 -0.2156 0.0190
vn -0.9768 -0.2127 0.0238
vn -0.9778 -0.2082 0.0238
vn -0.9783 -0.2053 0.0286
vn -0.9792 -0.2007 0.0286
vn -0.9797 -0.1977 0.0335
vn -0.9806 -0.1931 0.0335
vn -0.9810 -0.1902 0.0384
vn -0.9819 -0.1855 0.0384
vn -0.9822 -0.1825 0.0433
vn -0.9831 -0.1778 0.0433
vn -0.9834 -0.1748 0.0483
vn -0.9842 -0.1701 0.0483
vn -0.9845 -0.1671 0.0532
vn -0.9853 -0.1623 0.0532
vn -0.9855 -0.1593 0.0582
vn -0.9863 -0.1544 0.0582
vn -0.9864 -0.1515 0.0632
vn -0.9872 -0.1465 0.0632
vn -0.9873 -0.1435 0.0683
vn -0.9880 -0.1386 0.0683
vn -0.9880 -0.1356 0.0733
vn -0.9887 -0.1306 0.0733
vn -0.9887 -0.1276 0.0784
vn -0.9894 -0.1225 0.0784
vn -0.9893 -0.1195 0.0835
vn -0.9899 -0.1144 0.0835
vn -0.9898 -0.1114 0.0886
vn -0.9904 -0.1062 0.0886
vn -0.9902 -0.1033 0.0937
vn -0.9908 -0.0980 0.0937
vn -0.9906 -0.0951 0.0988
vn -0.9910 -0.0898 0.0988
vn -0.9908 -0.0868 0.1039
vn -0.9912 -0.0815 0.1039
vn -0.9909 -0.0786 0.1091
vn -0.9913 -0.0732 0.1091
vn -0.9910 -0.0703 0.1142
vn -0.9913 -0.0649 0.1142
vn -0.9909 -0.0619 0.1194
vn -0.9912 -0.0565 0.1194
vn -0.9908 -0.0536 0.1245
vn -0.9910 -0.0481 0.1245
vn -0.9905 -0.0452 0.1297
vn -0.9908 -0.0397 0.1297
vn -0.9902 -0.0368 0.1348
vn -0.9904 -0.0312 0.1348
vn -0.9897 -0.0283 0.1400
vn -0.9899 -0.0227 0.1400
vn -0.9892 -0.0198 0.1452
vn -0.9893 -0.0142 0.1452
vn -0.9886 -0.0113 0.1503
vn -0.9886 -0.0057 0.1503
vn -0.9878 -0.0028 0.1554
vn -0.9878 0.0028 0.1554
vn -0.9870 0.0057 0.1606
vn -0.9870 0.0114 0.1606
vn -0.9861 0.0142 0.1657
vn -0.9860 0.0200 0.1657
vn -0.9850 0.0228 0.1709
vn -0.9849 0.0285 0.1709
vn -0.9839 0.0313 0.1760
vn -0.9837 0.0371 0.1760
vn -0.9827 0.0399 0.1811
vn -0.9824 0.0457 0.1811
vn -0.9813 0.0485 0.1861
vn -0.9810 0.0543 0.1861
vn -0.9799 0.0570 0.1912
vn -0.9795 0.0628 0.1912
vn -0.9784 0.0656 0.1963
vn -0.9779 0.0714 0.1963
vn -0.9767 0.0741 0.2013
vn -0.9763 0.0800 0.2013
vn -0.9750 0.0827 0.2063
vn -0.9745 0.0885 0.2063
vn -0.9732 0.0912 0.2113
vn -0.9726 0.0971 0.2113
vn -0.9729 -0.2303 0.0188
vn -0.9735 -0.2273 0.0236
vn -0.9745 -0.2230 0.0236
vn -0.9751 -0.2200 0.0285
vn -0.9761 -0.2156 0.0285
vn -0.9766 -0.2126 0.0333
vn -0.9775 -0.2081 0.0333
vn -0.9780 -0.2052 0.0382
vn -0.9789 -0.2006 0.0382
vn -0.9793 -0.1977 0.0431
vn -0.9802 -0.1931 0.0431
vn -0.9806 -0.1901 0.0480
vn -0.9815 -0.1854 0.0480
vn -0.9818 -0.1825 0.0529
vn -0.9827 -0.1777 0.0529
vn -0.9829 -0.1748 0.0579
vn -0.9837 -0.1700 0.0579
vn -0.9839 -0.1670 0.0629
vn -0.9848 -0.1622 0.0629
vn -0.9849 -0.1592 0.0679
vn -0.9857 -0.1543 0.0679
vn -0.9858 -0.1514 0.0729
vn -0.9865 -0.1464 0.0729
vn -0.9866 -0.1434 0.0780
vn -0.9873 -0.1385 0.0780
vn -0.9873 -0.1355 0.0830
vn -0.9880 -0.1304 0.0830
vn -0.9879 -0.1275 0.0881
vn -0.9886 -0.1224 0.0881
vn -0.9885 -0.1194 0.0932
vn -0.9891 -0.1143 0.0932
vn -0.9889 -0.1113 0.0983
vn -0.9895 -0.1061 0.0983
vn -0.9893 -0.1032 0.1034
vn -0.9898 -0.0979 0.1034
vn -0.9895 -0.0950 0.1086
vn -0.9900 -0.0897 0.1086
vn -0.9897 -0.0868 0.1137
vn -0.9902 -0.0814 0.1137
vn -0.9898 -0.0785 0.1189
vn -0.9902 -0.0732 0.1189
vn -0.9898 -0.0702 0.1240
vn -0.9902 -0.0648 0.1240
vn -0.9897 -0.0619 0.1292
vn -0.9900 -0.0564 0.1292
vn -0.9895 -0.0535 0.1343
vn -0.9898 -0.0480 0.1343
vn -0.9892 -0.0451 0.1395
vn -0.9894 -0.0396 0.1395
vn -0.9888 -0.0367 0.1446
vn -0.9890 -0.0312 0.1446
vn -0.9883 -0.0283 0.1498
vn -0.9885 -0.0227 0.1498
vn -0.9877 -0.0198 0.1549
vn -0.9878 -0.0142 0.1549
vn -0.9870 -0.0113 0.1601
vn -0.9871 -0.0057 0.1601
vn -0.9863 -0.0028 0.1652
vn -0.9863 0.0028 0.1652
vn -0.9854 0.0057 0.1704
vn -0.9853 0.0114 0.1704
vn -0.9844 0.0142 0.1755
vn -0.9843 0.0199 0.1755
vn -0.9833 0.0227 0.1806
vn -0.9831 0.0285 0.1806
vn -0.9821 0.0313 0.1857
vn -0.9819 0.0371 0.1857
vn -0.9808 0.0398 0.1908
vn -0.9806 0.0456 0.1908
vn -0.9794 0.0484 0.1958
vn -0.9791 0.0542 0.1958
vn -0.9780 0.0569 0.2009
vn -0.9776 0.0627 0.2009
vn -0.9764 0.0655 0.2059
vn -0.9760 0.0713 0.2059
vn -0.9747 0.0740 0.2109
vn -0.9742 0.0798 0.2109
vn -0.9729 0.0825 0.2159
vn -0.9724 0.0884 0.2159
vn -0.9727 -0.2302 0.0283
vn -0.9733 -0.2273 0.0331
vn -0.9743 -0.2229 0.0331
vn -0.9748 -0.2199 0.0379
vn -0.9758 -0.2155 0.0379
vn -0.9762 -0.2126 0.0428
vn -0.9772 -0.2080 0.0428
vn -0.9776 -0.2051 0.0477
vn -0.9785 -0.2005 0.0477
vn -0.9789 -0.1976 0.0526
vn -0.9798 -0.1930 0.0526
vn -0.9801 -0.1900 0.0576
vn -0.9810 -0.1853 0.0576
vn -0.9812 -0.1824 0.0625
vn -0.9821 -0.1776 0.0625
vn -0.9823 -0.1747 0.0675
vn -0.9831 -0.1699 0.0675
vn -0.9833 -0.1669 0.0725
vn -0.9841 -0.1621 0.0725
vn -0.9842 -0.1591 0.0775
vn -0.9850 -0.1542 0.0775
vn -0.9850 -0.1512 0.0826
vn -0.9858 -0.1463 0.0826
vn -0.9858 -0.1433 0.0877
vn -0.9865 -0.1383 0.0877
vn -0.9864 -0.1354 0.0927
vn -0.9871 -0.1303 0.0927
vn -0.9870 -0.1274 0.0978
vn -0.9877 -0.1223 0.0978
vn -0.9875 -0.1193 0.1029
vn -0.9881 -0.1142 0.1029
vn -0.9879 -0.1112 0.1080
vn -0.9885 -0.1060 0.1080
vn -0.9882 -0.1031 0.1132
vn -0.9887 -0.0978 0.1132
vn -0.9884 -0.0949 0.1183
vn -0.9889 -0.0896 0.1183
vn -0.9886 -0.0867 0.1235
vn -0.9890 -0.0813 0.1235
vn -0.9886 -0.0784 0.1286
vn -0.9890 -0.0731 0.1286
vn -0.9885 -0.0701 0.1338
vn -0.9889 -0.0647 0.1338
vn -0.9884 -0.0618 0.1389
vn -0.9887 -0.0563 0.1389
vn -0.9881 -0.0534 0.1441
vn -0.9884 -0.0480 0.1441
vn -0.9878 -0.0451 0.1492
vn -0.9880 -0.0395 0.1492
vn -0.9873 -0.0366 0.1544
vn -0.9875 -0.0311 0.1544
vn -0.9868 -0.0282 0.1595
vn -0.9869 -0.0227 0.1595
vn -0.9861 -0.0198 0.1647
vn -0.9862 -0.0142 0.1647
vn -0.9854 -0.0113 0.1698
vn -0.9855 -0.0057 0.1698
vn -0.9846 -0.0028 0.1750
vn -0.9846 0.0028 0.1750
vn -0.9836 0.0057 0.1801
vn -0.9836 0.0114 0.1801
vn -0.9826 0.0142 0.1852
vn -0.9825 0.0199 0.1852
vn -0.9815 0.0227 0.1903
vn -0.9813 0.0284 0.1903
vn -0.9802 0.0312 0.1954
vn -0.9800 0.0370 0.1954
vn -0.9789 0.0397 0.2004
vn -0.9787 0.0455 0.2004
vn -0.9775 0.0483 0.2055
vn -0.9772 0.0541 0.2055
vn -0.9759 0.0568 0.2105
vn -0.9756 0.0626 0.2105
vn -0.9743 0.0653 0.2155
vn -0.9739 0.0711 0.2155
vn -0.9726 0.0738 0.2205
vn -0.9721 0.0797 0.2205
vn -0.9724 -0.2301 0.0377
vn -0.9729 -0.2272 0.0425
vn -0.9739 -0.2228 0.0425
vn -0.9744 -0.2199 0.0474
vn -0.9754 -0.2154 0.0474
vn -0.9758 -0.2125 0.0523
vn -0.9767 -0.2079 0.0523
vn -0.9771 -0.2050 0.0572
vn -0.9780 -0.2004 0.0572
vn -0.9783 -0.1975 0.0621
vn -0.9793 -0.1928 0.0621
vn -0.9795 -0.1899 0.0671
vn -0.9804 -0.1852 0.0671
vn -0.9806 -0.1822 0.0721
vn -0.9815 -0.1775 0.0721
vn -0.9816 -0.1745 0.0771
vn -0.9825 -0.1698 0.0771
vn -0.9826 -0.1668 0.0821
vn -0.9834 -0.1619 0.0821
vn -0.9834 -0.1590 0.0872
vn -0.9842 -0.1541 0.0872
vn -0.9842 -0.1511 0.0922
vn -0.9850 -0.1462 0.0922
vn -0.9849 -0.1432 0.0973
vn -0.9856 -0.1382 0.0973
vn -0.9855 -0.1352 0.1024
vn -0.9862 -0.1302 0.1024
vn -0.9860 -0.1272 0.1075
vn -0.9867 -0.1222 0.1075
vn -0.9865 -0.1192 0.1126
vn -0.9871 -0.1140 0.1126
vn -0.9868 -0.1111 0.1177
vn -0.9874 -0.1059 0.1177
vn -0.9871 -0.1029 0.1229
vn -0.9876 -0.0977 0.1229
vn -0.9872 -0.0948 0.1280
vn -0.9877 -0.0895 0.1280
vn -0.9873 -0.0866 0.1332
vn -0.9878 -0.0812 0.1332
vn -0.9873 -0.0783 0.1383
vn -0.9877 -0.0729 0.1383
vn -0.9872 -0.0700 0.1435
vn -0.9875 -0.0646 0.1435
vn -0.9870 -0.0617 0.1486
vn -0.9873 -0.0563 0.1486
vn -0.9867 -0.0534 0.1538
vn -0.9869 -0.0479 0.1538
vn -0.9863 -0.0450 0.1589
vn -0.9865 -0.0395 0.1589
vn -0.9858 -0.0366 0.1641
vn -0.9860 -0.0310 0.1641
vn -0.9852 -0.0282 0.1692
vn -0.9853 -0.0226 0.1692
vn -0.9845 -0.0197 0.1744
vn -0.9846 -0.0141 0.1744
vn -0.9837 -0.0113 0.1795
vn -0.9837 -0.0056 0.1795
vn -0.9828 -0.0028 0.1846
vn -0.9828 0.0028 0.1846
vn -0.9818 0.0057 0.1897
vn -0.9818 0.0114 0.1897
vn -0.9807 0.0142 0.1948
vn -0.9806 0.0199 0.1948
vn -0.9796 0.0226 0.1999
vn -0.9794 0.0284 0.1999
vn -0.9783 0.0312 0.2050
vn -0.9781 0.0369 0.2050
vn -0.9769 0.0397 0.2100
vn -0.9766 0.0454 0.2100
vn -0.9754 0.0481 0.2150
vn -0.9751 0.0540 0.2150
vn -0.9738 0.0567 0.2200
vn -0.9735 0.0625 0.2200
vn -0.9722 0.0651 0.2250
vn -0.9718 0.0710 0.2250
vn -0.9720 -0.2300 0.0471
vn -0.9725 -0.2271 0.0519
vn -0.9735 -0.2227 0.0519
vn -0.9739 -0.2198 0.0568
vn -0.9749 -0.2153 0.0568
vn -0.9752 -0.2124 0.0617
vn -0.9762 -0.2078 0.0617
vn -0.9765 -0.2049 0.0667
vn -0.9775 -0.2003 0.0667
vn -0.9777 -0.1974 0.0717
vn -0.9786 -0.1927 0.0717
vn -0.9788 -0.1897 0.0766
vn -0.9797 -0.1851 0.0766
vn -0.9799 -0.1821 0.0816
vn -0.9807 -0.1774 0.0816
vn -0.9809 -0.1744 0.0867
vn -0.9817 -0.1696 0.0867
vn -0.9817 -0.1667 0.0917
vn -0.9826 -0.1618 0.0917
vn -0.9826 -0.1588 0.0968
vn -0.9833 -0.1539 0.0968
vn -0.9833 -0.1510 0.1018
vn -0.9840 -0.1460 0.1018
vn -0.9839 -0.1431 0.1069
vn -0.9846 -0.1381 0.1069
vn -0.9845 -0.1351 0.1120
vn -0.9852 -0.1301 0.1120
vn -0.9849 -0.1271 0.1171
vn -0.9856 -0.1220 0.1171
vn -0.9853 -0.1191 0.1223
vn -0.9859 -0.1139 0.1223
vn -0.9856 -0.1110 0.1274
vn -0.9862 -0.1058 0.1274
vn -0.9858 -0.1028 0.1325
vn -0.9864 -0.0976 0.1325
vn -0.9859 -0.0946 0.1377
vn -0.9864 -0.0894 0.1377
vn -0.9860 -0.0864 0.1428
vn -0.9864 -0.0811 0.1428
vn -0.9859 -0.0782 0.1480
vn -0.9863 -0.0728 0.1480
vn -0.9857 -0.0699 0.1531
vn -0.9861 -0.0645 0.1531
vn -0.9855 -0.0616 0.1583
vn -0.9858 -0.0562 0.1583
vn -0.9851 -0.0533 0.1634
vn -0.9854 -0.0478 0.1634
vn -0.9847 -0.0449 0.1686
vn -0.9849 -0.0394 0.1686
vn -0.9841 -0.0365 0.1737
vn -0.9843 -0.0310 0.1737
vn -0.9835 -0.0281 0.1789
vn -0.9836 -0.0226 0.1789
vn -0.9827 -0.0197 0.1840
vn -0.9828 -0.0141 0.1840
vn -0.9819 -0.0113 0.1891
vn -0.9819 -0.0056 0.1891
vn -0.9810 -0.0028 0.1942
vn -0.9810 0.0028 0.1942
vn -0.9799 0.0056 0.1993
vn -0.9799 0.0113 0.1993
vn -0.9788 0.0141 0.2044
vn -0.9787 0.0198 0.2044
vn -0.9776 0.0226 0.2095
vn -0.9774 0.0283 0.2095
vn -0.9762 0.0311 0.2145
vn -0.9760 0.0368 0.2145
vn -0.9748 0.0396 0.2195
vn -0.9746 0.0453 0.2195
vn -0.9733 0.0480 0.2245
vn -0.9730 0.0539 0.2245
vn -0.9716 -0.2299 0.0565
vn -0.9720 -0.2270 0.0613
vn -0.9730 -0.2226 0.0613
vn -0.9733 -0.2196 0.0663
vn -0.9743 -0.2152 0.0663
vn -0.9746 -0.2122 0.0712
vn -0.9756 -0.2077 0.0712
vn -0.9759 -0.2047 0.0761
vn -0.9768 -0.2002 0.0761
vn -0.9770 -0.1972 0.0811
vn -0.9779 -0.1926 0.0811
vn -0.9781 -0.1896 0.0862
vn -0.9790 -0.1849 0.0862
vn -0.9791 -0.1820 0.0912
vn -0.9799 -0.1772 0.0912
vn -0.9800 -0.1743 0.0962
vn -0.9808 -0.1695 0.0962
vn -0.9808 -0.1665 0.1013
vn -0.9816 -0.1616 0.1013
vn -0.9816 -0.1587 0.1063
vn -0.9824 -0.1538 0.1063
vn -0.9823 -0.1508 0.1114
vn -0.9830 -0.1459 0.1114
vn -0.9829 -0.1429 0.1165
vn -0.9836 -0.1379 0.1165
vn -0.9834 -0.1350 0.1216
vn -0.9840 -0.1299 0.1216
vn -0.9838 -0.1269 0.1268
vn -0.9844 -0.1219 0.1268
vn -0.9841 -0.1189 0.1319
vn -0.9847 -0.1138 0.1319
vn -0.9843 -0.1108 0.1370
vn -0.9849 -0.1056 0.1370
vn -0.9845 -0.1027 0.1422
vn -0.9850 -0.0975 0.1422
vn -0.9846 -0.0945 0.1473
vn -0.9851 -0.0892 0.1473
vn -0.9845 -0.0863 0.1525
vn -0.9850 -0.0810 0.1525
vn -0.9844 -0.0781 0.1576
vn -0.9848 -0.0727 0.1576
vn -0.9842 -0.0698 0.1628
vn -0.9846 -0.0644 0.1628
vn -0.9839 -0.0615 0.1679
vn -0.9842 -0.0561 0.1679
vn -0.9835 -0.0532 0.1731
vn -0.9838 -0.0477 0.1731
vn -0.9830 -0.0449 0.1782
vn -0.9832 -0.0393 0.1782
vn -0.9824 -0.0365 0.1833
vn -0.9826 -0.0309 0.1833
vn -0.9817 -0.0281 0.1885
vn -0.9818 -0.0225 0.1885
vn -0.9809 -0.0197 0.1936
vn -0.9810 -0.0141 0.1936
vn -0.9800 -0.0113 0.1987
vn -0.9800 -0.0056 0.1987
vn -0.9790 -0.0028 0.2038
vn -0.9790 0.0028 0.2038
vn -0.9779 0.0056 0.2089
vn -0.9779 0.0113 0.2089
vn -0.9767 0.0141 0.2139
vn -0.9767 0.0198 0.2139
vn -0.9755 0.0225 0.2190
vn -0.9753 0.0283 0.2190
vn -0.9741 0.0310 0.2240
vn -0.9739 0.0368 0.2240
vn -0.9726 0.0395 0.2290
vn -0.9724 0.0453 0.2290
vn -0.9724 -0.2224 0.0707
vn -0.9727 -0.2195 0.0757
vn -0.9737 -0.2150 0.0757
vn -0.9739 -0.2121 0.0806
vn -0.9749 -0.2076 0.0806
vn -0.9751 -0.2046 0.0856
vn -0.9760 -0.2000 0.0856
vn -0.9762 -0.1970 0.0906
vn -0.9771 -0.1924 0.0906
vn -0.9772 -0.1894 0.0956
vn -0.9781 -0.1848 0.0956
vn -0.9782 -0.1818 0.1007
vn -0.9790 -0.1771 0.1007
vn -0.9790 -0.1741 0.1057
vn -0.9799 -0.1693 0.1057
vn -0.9798 -0.1663 0.1108
vn -0.9806 -0.1615 0.1108
vn -0.9805 -0.1585 0.1159
vn -0.9813 -0.1536 0.1159
vn -0.9812 -0.1507 0.1210
vn -0.9819 -0.1457 0.1210
vn -0.9817 -0.1427 0.1261
vn -0.9824 -0.1378 0.1261
vn -0.9821 -0.1348 0.1312
vn -0.9828 -0.1297 0.1312
vn -0.9825 -0.1268 0.1363
vn -0.9832 -0.1217 0.1363
vn -0.9828 -0.1187 0.1415
vn -0.9834 -0.1136 0.1415
vn -0.9830 -0.1107 0.1466
vn -0.9836 -0.1055 0.1466
vn -0.9831 -0.1025 0.1518
vn -0.9836 -0.0973 0.1518
vn -0.9831 -0.0944 0.1569
vn -0.9836 -0.0891 0.1569
vn -0.9830 -0.0862 0.1621
vn -0.9835 -0.0809 0.1621
vn -0.9828 -0.0780 0.1672
vn -0.9832 -0.0726 0.1672
vn -0.9826 -0.0697 0.1724
vn -0.9829 -0.0643 0.1724
vn -0.9822 -0.0614 0.1775
vn -0.9825 -0.0560 0.1775
vn -0.9817 -0.0531 0.1826
vn -0.9820 -0.0476 0.1826
vn -0.9812 -0.0448 0.1878
vn -0.9814 -0.0392 0.1878
vn -0.9805 -0.0364 0.1929
vn -0.9807 -0.0309 0.1929
vn -0.9798 -0.0280 0.1980
vn -0.9799 -0.0225 0.1980
vn -0.9790 -0.0197 0.2031
vn -0.9791 -0.0140 0.2031
vn -0.9780 -0.0112 0.2082
vn -0.9781 -0.0056 0.2082
vn -0.9770 -0.0028 0.2133
vn -0.9770 0.0028 0.2133
vn -0.9759 0.0056 0.2183
vn -0.9758 0.0113 0.2183
vn -0.9746 0.0140 0.2234
vn -0.9745 0.0197 0.2234
vn -0.9733 0.0225 0.2284
vn -0.9732 0.0282 0.2284
vn -0.9717 -0.2223 0.0801
vn -0.9719 -0.2193 0.0851
vn -0.9729 -0.2149 0.0851
vn -0.9731 -0.2119 0.0901
vn -0.9741 -0.2074 0.0901
vn -0.9743 -0.2044 0.0950
vn -0.9752 -0.1998 0.0950
vn -0.9753 -0.1969 0.1001
vn -0.9762 -0.1922 0.1001
vn -0.9763 -0.1893 0.1051
vn -0.9772 -0.1846 0.1051
vn -0.9772 -0.1816 0.1101
vn -0.9781 -0.1769 0.1101
vn -0.9780 -0.1739 0.1152
vn -0.9788 -0.1691 0.1152
vn -0.9787 -0.1661 0.1203
vn -0.9795 -0.1613 0.1203
vn -0.9794 -0.1583 0.1254
vn -0.9802 -0.1534 0.1254
vn -0.9800 -0.1505 0.1305
vn -0.9807 -0.1455 0.1305
vn -0.9805 -0.1426 0.1356
vn -0.9812 -0.1376 0.1356
vn -0.9809 -0.1346 0.1407
vn -0.9815 -0.1296 0.1407
vn -0.9812 -0.1266 0.1459
vn -0.9818 -0.1215 0.1459
vn -0.9814 -0.1186 0.1510
vn -0.9820 -0.1134 0.1510
vn -0.9815 -0.1105 0.1561
vn -0.9821 -0.1053 0.1561
vn -0.9816 -0.1024 0.1613
vn -0.9821 -0.0972 0.1613
vn -0.9815 -0.0943 0.1664
vn -0.9820 -0.0890 0.1664
vn -0.9814 -0.0861 0.1716
vn -0.9819 -0.0807 0.1716
vn -0.9812 -0.0778 0.1767
vn -0.9816 -0.0725 0.1767
vn -0.9809 -0.0696 0.1819
vn -0.9812 -0.0642 0.1819
vn -0.9804 -0.0613 0.1870
vn -0.9808 -0.0559 0.1870
vn -0.9799 -0.0530 0.1921
vn -0.9802 -0.0475 0.1921
vn -0.9793 -0.0447 0.1973
vn -0.9796 -0.0392 0.1973
vn -0.9786 -0.0364 0.2024
vn -0.9788 -0.0308 0.2024
vn -0.9778 -0.0280 0.2075
vn -0.9780 -0.0224 0.2075
vn -0.9769 -0.0196 0.2126
vn -0.9770 -0.0140 0.2126
vn -0.9760 -0.0112 0.2176
vn -0.9760 -0.0056 0.2176
vn -0.9749 -0.0028 0.2227
vn -0.9749 0.0028 0.2227
vn -0.9737 0.0056 0.2278
vn -0.9737 0.0113 0.2278
vn -0.9724 0.0140 0.2328
vn -0.9723 0.0197 0.2328
vn -0.9721 -0.2147 0.0944
vn -0.9723 -0.2117 0.0994
vn -0.9732 -0.2072 0.0994
vn -0.9733 -0.2042 0.1045
vn -0.9743 -0.1996 0.1045
vn -0.9743 -0.1967 0.1095
vn -0.9753 -0.1920 0.1095
vn -0.9753 -0.1891 0.1145
vn -0.9762 -0.1844 0.1145
vn -0.9761 -0.1814 0.1196
vn -0.9770 -0.1767 0.1196
vn -0.9769 -0.1737 0.1247
vn -0.9777 -0.1689 0.1247
vn -0.9776 -0.1660 0.1298
vn -0.9784 -0.1611 0.1298
vn -0.9782 -0.1581 0.1349
vn -0.9789 -0.1532 0.1349
vn -0.9787 -0.1503 0.1400
vn -0.9794 -0.1453 0.1400
vn -0.9791 -0.1424 0.1451
vn -0.9798 -0.1374 0.1451
vn -0.9795 -0.1344 0.1502
vn -0.9801 -0.1294 0.1502
vn -0.9797 -0.1264 0.1554
vn -0.9804 -0.1213 0.1554
vn -0.9799 -0.1184 0.1605
vn -0.9805 -0.1133 0.1605
vn -0.9800 -0.1104 0.1656
vn -0.9806 -0.1051 0.1657
vn -0.9800 -0.1022 0.1708
vn -0.9805 -0.0970 0.1708
vn -0.9799 -0.0941 0.1759
vn -0.9804 -0.0888 0.1759
vn -0.9797 -0.0859 0.1811
vn -0.9802 -0.0806 0.1811
vn -0.9794 -0.0777 0.1862
vn -0.9798 -0.0724 0.1862
vn -0.9791 -0.0695 0.1914
vn -0.9794 -0.0641 0.1914
vn -0.9786 -0.0612 0.1965
vn -0.9789 -0.0558 0.1965
vn -0.9780 -0.0529 0.2016
vn -0.9783 -0.0474 0.2016
vn -0.9774 -0.0446 0.2067
vn -0.9776 -0.0391 0.2067
vn -0.9766 -0.0363 0.2118
vn -0.9768 -0.0307 0.2118
vn -0.9758 -0.0279 0.2169
vn -0.9759 -0.0224 0.2169
vn -0.9749 -0.0196 0.2220
vn -0.9749 -0.0140 0.2220
vn -0.9738 -0.0112 0.2270
vn -0.9739 -0.0056 0.2271
vn -0.9727 -0.0028 0.2321
vn -0.9727 0.0029 0.2321
vn -0.9723 -0.2070 0.1088
vn -0.9723 -0.2040 0.1138
vn -0.9733 -0.1994 0.1138
vn -0.9733 -0.1965 0.1189
vn -0.9742 -0.1918 0.1189
vn -0.9742 -0.1889 0.1239
vn -0.9751 -0.1842 0.1239
vn -0.9749 -0.1812 0.1290
vn -0.9758 -0.1765 0.1290
vn -0.9757 -0.1735 0.1341
vn -0.9765 -0.1687 0.1341
vn -0.9763 -0.1657 0.1392
vn -0.9771 -0.1609 0.1392
vn -0.9768 -0.1579 0.1443
vn -0.9776 -0.1530 0.1443
vn -0.9773 -0.1501 0.1494
vn -0.9781 -0.1451 0.1494
vn -0.9777 -0.1422 0.1546
vn -0.9784 -0.1372 0.1546
vn -0.9780 -0.1342 0.1597
vn -0.9787 -0.1292 0.1597
vn -0.9782 -0.1263 0.1648
vn -0.9789 -0.1211 0.1648
vn -0.9783 -0.1182 0.1700
vn -0.9789 -0.1131 0.1700
vn -0.9784 -0.1102 0.1751
vn -0.9789 -0.1050 0.1751
vn -0.9783 -0.1021 0.1803
vn -0.9788 -0.0968 0.1803
vn -0.9782 -0.0939 0.1854
vn -0.9787 -0.0887 0.1854
vn -0.9779 -0.0858 0.1905
vn -0.9784 -0.0804 0.1905
vn -0.9776 -0.0776 0.1956
vn -0.9780 -0.0722 0.1956
vn -0.9772 -0.0693 0.2008
vn -0.9775 -0.0639 0.2008
vn -0.9767 -0.0611 0.2059
vn -0.9770 -0.0556 0.2059
vn -0.9761 -0.0528 0.2110
vn -0.9763 -0.0473 0.2110
vn -0.9754 -0.0445 0.2161
vn -0.9756 -0.0390 0.2161
vn -0.9746 -0.0362 0.2212
vn -0.9747 -0.0307 0.2212
vn -0.9737 -0.0279 0.2263
vn -0.9738 -0.0223 0.2263
vn -0.9727 -0.0195 0.2313
vn -0.9728 -0.0139 0.2313
vn -0.9722 -0.1992 0.1232
vn -0.9721 -0.1963 0.1282
vn -0.9731 -0.1916 0.1282
vn -0.9730 -0.1887 0.1333
vn -0.9739 -0.1839 0.1333
vn -0.9737 -0.1810 0.1384
vn -0.9746 -0.1762 0.1384
vn -0.9744 -0.1733 0.1435
vn -0.9752 -0.1685 0.1435
vn -0.9749 -0.1655 0.1486
vn -0.9758 -0.1607 0.1486
vn -0.9754 -0.1577 0.1537
vn -0.9762 -0.1528 0.1537
vn -0.9759 -0.1499 0.1588
vn -0.9766 -0.1449 0.1588
vn -0.9762 -0.1420 0.1640
vn -0.9769 -0.1370 0.1640
vn -0.9764 -0.1340 0.1691
vn -0.9771 -0.1290 0.1691
vn -0.9766 -0.1260 0.1742
vn -0.9772 -0.1209 0.1742
vn -0.9767 -0.1180 0.1794
vn -0.9773 -0.1129 0.1794
vn -0.9767 -0.1100 0.1845
vn -0.9772 -0.1048 0.1845
vn -0.9766 -0.1019 0.1896
vn -0.9771 -0.0966 0.1896
vn -0.9764 -0.0938 0.1948
vn -0.9768 -0.0885 0.1948
vn -0.9761 -0.0856 0.1999
vn -0.9765 -0.0803 0.1999
vn -0.9757 -0.0774 0.2050
vn -0.9761 -0.0721 0.2050
vn -0.9752 -0.0692 0.2102
vn -0.9756 -0.0638 0.2102
vn -0.9747 -0.0610 0.2153
vn -0.9750 -0.0555 0.2153
vn -0.9740 -0.0527 0.2204
vn -0.9743 -0.0472 0.2204
vn -0.9732 -0.0444 0.2254
vn -0.9735 -0.0389 0.2254
vn -0.9724 -0.0361 0.2305
vn -0.9726 -0.0306 0.2305
vn -0.9726 -0.1837 0.1427
vn -0.9724 -0.1808 0.1477
vn -0.9732 -0.1760 0.1477
vn -0.9730 -0.1730 0.1528
vn -0.9738 -0.1682 0.1528
vn -0.9735 -0.1653 0.1580
vn -0.9743 -0.1604 0.1580
vn -0.9740 -0.1575 0.1631
vn -0.9747 -0.1526 0.1631
vn -0.9743 -0.1496 0.1682
vn -0.9751 -0.1447 0.1682
vn -0.9746 -0.1417 0.1733
vn -0.9753 -0.1367 0.1733
vn -0.9748 -0.1338 0.1785
vn -0.9755 -0.1287 0.1785
vn -0.9749 -0.1258 0.1836
vn -0.9756 -0.1207 0.1836
vn -0.9749 -0.1178 0.1887
vn -0.9755 -0.1127 0.1887
vn -0.9749 -0.1098 0.1939
vn -0.9754 -0.1046 0.1939
vn -0.9747 -0.1017 0.1990
vn -0.9752 -0.0964 0.1990
vn -0.9745 -0.0936 0.2041
vn -0.9750 -0.0883 0.2041
vn -0.9741 -0.0854 0.2092
vn -0.9746 -0.0801 0.2092
vn -0.9737 -0.0773 0.2144
vn -0.9741 -0.0719 0.2144
vn -0.9732 -0.0691 0.2195
vn -0.9735 -0.0637 0.2195
vn -0.9726 -0.0609 0.2246
vn -0.9729 -0.0554 0.2246
vn -0.9719 -0.0526 0.2296
vn -0.9721 -0.0471 0.2296
vn -0.9724 -0.1680 0.1622
vn -0.9720 -0.1650 0.1673
vn -0.9728 -0.1602 0.1673
vn -0.9724 -0.1572 0.1724
vn -0.9732 -0.1523 0.1724
vn -0.9727 -0.1494 0.1775
vn -0.9735 -0.1444 0.1775
vn -0.9729 -0.1415 0.1826
vn -0.9737 -0.1365 0.1826
vn -0.9731 -0.1336 0.1878
vn -0.9738 -0.1285 0.1878
vn -0.9731 -0.1256 0.1929
vn -0.9738 -0.1205 0.1929
vn -0.9731 -0.1176 0.1980
vn -0.9737 -0.1124 0.1980
vn -0.9730 -0.1096 0.2032
vn -0.9736 -0.1044 0.2032
vn -0.9728 -0.1015 0.2083
vn -0.9733 -0.0963 0.2083
vn -0.9725 -0.0934 0.2134
vn -0.9730 -0.0881 0.2134
vn -0.9721 -0.0853 0.2185
vn -0.9726 -0.0799 0.2185
vn -0.9716 -0.0771 0.2236
vn -0.9720 -0.0717 0.2236
vn 0.9722 0.0652 -0.2250
vn 0.9718 0.0710 -0.2250
vn 0.9726 0.0738 -0.2205
vn 0.9721 0.0797 -0.2205
vn 0.9729 0.0825 -0.2159
vn 0.9724 0.0883 -0.2159
vn 0.9732 0.0912 -0.2113
vn 0.9726 0.0971 -0.2113
vn 0.9733 0.0999 -0.2066
vn 0.9727 0.1058 -0.2066
vn 0.9733 0.1087 -0.2019
vn 0.9727 0.1146 -0.2019
vn 0.9733 0.1175 -0.1972
vn 0.9726 0.1234 -0.1972
vn 0.9732 0.1263 -0.1924
vn 0.9724 0.1322 -0.1924
vn 0.9729 0.1351 -0.1876
vn 0.9721 0.1410 -0.1876
vn 0.9726 0.1439 -0.1828
vn 0.9717 0.1498 -0.1828
vn 0.9721 0.1527 -0.1779
vn 0.9726 0.0395 -0.2290
vn 0.9724 0.0453 -0.2290
vn 0.9733 0.0481 -0.2245
vn 0.9730 0.0538 -0.2245
vn 0.9738 0.0567 -0.2200
vn 0.9735 0.0625 -0.2200
vn 0.9743 0.0653 -0.2155
vn 0.9739 0.0711 -0.2155
vn 0.9747 0.0740 -0.2109
vn 0.9742 0.0798 -0.2109
vn 0.9750 0.0827 -0.2063
vn 0.9745 0.0885 -0.2063
vn 0.9752 0.0914 -0.2016
vn 0.9746 0.0973 -0.2016
vn 0.9753 0.1002 -0.1969
vn 0.9747 0.1060 -0.1969
vn 0.9753 0.1089 -0.1922
vn 0.9746 0.1148 -0.1922
vn 0.9752 0.1177 -0.1874
vn 0.9745 0.1236 -0.1874
vn 0.9750 0.1265 -0.1826
vn 0.9742 0.1324 -0.1826
vn 0.9747 0.1353 -0.1778
vn 0.9739 0.1412 -0.1778
vn 0.9743 0.1442 -0.1730
vn 0.9734 0.1501 -0.1730
vn 0.9738 0.1530 -0.1681
vn 0.9729 0.1589 -0.1681
vn 0.9732 0.1619 -0.1631
vn 0.9722 0.1677 -0.1631
vn 0.9725 0.1707 -0.1582
vn 0.9724 0.0140 -0.2328
vn 0.9723 0.0197 -0.2328
vn 0.9733 0.0225 -0.2284
vn 0.9732 0.0282 -0.2284
vn 0.9741 0.0310 -0.2240
vn 0.9739 0.0368 -0.2240
vn 0.9748 0.0395 -0.2195
vn 0.9746 0.0454 -0.2195
vn 0.9754 0.0482 -0.2150
vn 0.9751 0.0540 -0.2150
vn 0.9759 0.0568 -0.2105
vn 0.9756 0.0626 -0.2105
vn 0.9764 0.0654 -0.2059
vn 0.9760 0.0713 -0.2059
vn 0.9767 0.0741 -0.2013
vn 0.9763 0.0800 -0.2013
vn 0.9770 0.0829 -0.1966
vn 0.9765 0.0887 -0.1966
vn 0.9771 0.0916 -0.1919
vn 0.9766 0.0975 -0.1919
vn 0.9772 0.1004 -0.1872
vn 0.9766 0.1062 -0.1872
vn 0.9771 0.1092 -0.1824
vn 0.9765 0.1150 -0.1824
vn 0.9770 0.1180 -0.1776
vn 0.9763 0.1238 -0.1776
vn 0.9768 0.1268 -0.1728
vn 0.9760 0.1326 -0.1728
vn 0.9764 0.1356 -0.1679
vn 0.9756 0.1415 -0.1679
vn 0.9760 0.1444 -0.1630
vn 0.9751 0.1503 -0.1630
vn 0.9754 0.1533 -0.1581
vn 0.9745 0.1592 -0.1581
vn 0.9748 0.1621 -0.1532
vn 0.9738 0.1680 -0.1532
vn 0.9741 0.1710 -0.1482
vn 0.9730 0.1769 -0.1482
vn 0.9732 0.1798 -0.1432
vn 0.9721 0.1857 -0.1432
vn 0.9723 0.1887 -0.1382
vn 0.9727 -0.0028 -0.2321
vn 0.9727 0.0028 -0.2321
vn 0.9737 0.0056 -0.2277
vn 0.9737 0.0113 -0.2277
vn 0.9746 0.0140 -0.2234
vn 0.9745 0.0198 -0.2234
vn 0.9755 0.0225 -0.2190
vn 0.9753 0.0283 -0.2190
vn 0.9762 0.0311 -0.2145
vn 0.9760 0.0368 -0.2145
vn 0.9769 0.0396 -0.2100
vn 0.9766 0.0454 -0.2100
vn 0.9775 0.0483 -0.2055
vn 0.9772 0.0541 -0.2055
vn 0.9780 0.0569 -0.2009
vn 0.9776 0.0627 -0.2009
vn 0.9784 0.0656 -0.1962
vn 0.9779 0.0714 -0.1962
vn 0.9787 0.0743 -0.1916
vn 0.9782 0.0801 -0.1916
vn 0.9789 0.0830 -0.1869
vn 0.9783 0.0889 -0.1869
vn 0.9790 0.0918 -0.1822
vn 0.9784 0.0976 -0.1822
vn 0.9790 0.1005 -0.1774
vn 0.9784 0.1064 -0.1774
vn 0.9789 0.1094 -0.1726
vn 0.9782 0.1152 -0.1726
vn 0.9787 0.1182 -0.1678
vn 0.9780 0.1241 -0.1678
vn 0.9784 0.1270 -0.1629
vn 0.9777 0.1329 -0.1629
vn 0.9780 0.1358 -0.1580
vn 0.9772 0.1417 -0.1580
vn 0.9776 0.1447 -0.1531
vn 0.9767 0.1506 -0.1531
vn 0.9770 0.1535 -0.1482
vn 0.9760 0.1594 -0.1482
vn 0.9763 0.1624 -0.1432
vn 0.9753 0.1683 -0.1432
vn 0.9755 0.1712 -0.1382
vn 0.9744 0.1771 -0.1382
vn 0.9746 0.1801 -0.1332
vn 0.9735 0.1860 -0.1332
vn 0.9736 0.1889 -0.1281
vn 0.9724 0.1948 -0.1281
vn 0.9725 0.1978 -0.1231
vn 0.9727 -0.0195 -0.2313
vn 0.9728 -0.0139 -0.2313
vn 0.9738 -0.0112 -0.2270
vn 0.9739 -0.0056 -0.2270
vn 0.9749 -0.0028 -0.2227
vn 0.9749 0.0028 -0.2227
vn 0.9759 0.0056 -0.2183
vn 0.9758 0.0113 -0.2183
vn 0.9768 0.0141 -0.2139
vn 0.9767 0.0198 -0.2139
vn 0.9776 0.0226 -0.2095
vn 0.9774 0.0283 -0.2095
vn 0.9783 0.0311 -0.2049
vn 0.9781 0.0369 -0.2049
vn 0.9789 0.0397 -0.2004
vn 0.9787 0.0455 -0.2004
vn 0.9794 0.0484 -0.1958
vn 0.9791 0.0542 -0.1958
vn 0.9799 0.0570 -0.1912
vn 0.9795 0.0628 -0.1912
vn 0.9802 0.0657 -0.1865
vn 0.9798 0.0715 -0.1865
vn 0.9805 0.0744 -0.1819
vn 0.9800 0.0803 -0.1819
vn 0.9807 0.0832 -0.1771
vn 0.9802 0.0890 -0.1771
vn 0.9807 0.0919 -0.1724
vn 0.9802 0.0978 -0.1724
vn 0.9807 0.1007 -0.1676
vn 0.9801 0.1066 -0.1676
vn 0.9806 0.1095 -0.1627
vn 0.9799 0.1154 -0.1627
vn 0.9803 0.1184 -0.1579
vn 0.9796 0.1243 -0.1579
vn 0.9800 0.1272 -0.1530
vn 0.9792 0.1331 -0.1530
vn 0.9796 0.1360 -0.1481
vn 0.9787 0.1419 -0.1481
vn 0.9790 0.1449 -0.1431
vn 0.9782 0.1508 -0.1431
vn 0.9784 0.1538 -0.1382
vn 0.9775 0.1596 -0.1382
vn 0.9777 0.1626 -0.1331
vn 0.9767 0.1685 -0.1331
vn 0.9768 0.1715 -0.1281
vn 0.9758 0.1773 -0.1281
vn 0.9759 0.1803 -0.1231
vn 0.9748 0.1862 -0.1231
vn 0.9748 0.1892 -0.1180
vn 0.9737 0.1950 -0.1180
vn 0.9737 0.1980 -0.1130
vn 0.9725 0.2039 -0.1130
vn 0.9724 0.2068 -0.1079
vn 0.9724 -0.0361 -0.2305
vn 0.9726 -0.0306 -0.2305
vn 0.9737 -0.0279 -0.2263
vn 0.9738 -0.0223 -0.2263
vn 0.9749 -0.0196 -0.2220
vn 0.9749 -0.0140 -0.2220
vn 0.9760 -0.0112 -0.2177
vn 0.9760 -0.0056 -0.2177
vn 0.9770 -0.0028 -0.2133
vn 0.9770 0.0028 -0.2133
vn 0.9779 0.0056 -0.2088
vn 0.9779 0.0113 -0.2088
vn 0.9788 0.0141 -0.2044
vn 0.9787 0.0198 -0.2044
vn 0.9796 0.0226 -0.1999
vn 0.9794 0.0284 -0.1999
vn 0.9802 0.0312 -0.1954
vn 0.9800 0.0370 -0.1954
vn 0.9808 0.0398 -0.1908
vn 0.9806 0.0456 -0.1908
vn 0.9813 0.0485 -0.1861
vn 0.9810 0.0543 -0.1861
vn 0.9817 0.0571 -0.1815
vn 0.9814 0.0630 -0.1815
vn 0.9820 0.0659 -0.1768
vn 0.9816 0.0717 -0.1768
vn 0.9823 0.0746 -0.1721
vn 0.9818 0.0804 -0.1721
vn 0.9824 0.0833 -0.1673
vn 0.9819 0.0892 -0.1673
vn 0.9824 0.0921 -0.1625
vn 0.9818 0.0980 -0.1625
vn 0.9823 0.1009 -0.1577
vn 0.9817 0.1068 -0.1577
vn 0.9821 0.1097 -0.1528
vn 0.9815 0.1156 -0.1528
vn 0.9819 0.1186 -0.1479
vn 0.9811 0.1244 -0.1479
vn 0.9815 0.1274 -0.1430
vn 0.9807 0.1333 -0.1430
vn 0.9810 0.1362 -0.1381
vn 0.9802 0.1421 -0.1381
vn 0.9804 0.1451 -0.1331
vn 0.9795 0.1510 -0.1331
vn 0.9797 0.1540 -0.1281
vn 0.9788 0.1599 -0.1281
vn 0.9789 0.1628 -0.1231
vn 0.9780 0.1687 -0.1231
vn 0.9781 0.1717 -0.1180
vn 0.9770 0.1776 -0.1180
vn 0.9771 0.1806 -0.1130
vn 0.9760 0.1864 -0.1130
vn 0.9760 0.1894 -0.1079
vn 0.9748 0.1952 -0.1079
vn 0.9748 0.1982 -0.1028
vn 0.9735 0.2041 -0.1028
vn 0.9734 0.2071 -0.0977
vn 0.9722 0.2129 -0.0977
vn 0.9720 0.2159 -0.0926
vn 0.9719 -0.0526 -0.2296
vn 0.9721 -0.0471 -0.2296
vn 0.9732 -0.0444 -0.2254
vn 0.9735 -0.0389 -0.2254
vn 0.9746 -0.0362 -0.2212
vn 0.9747 -0.0307 -0.2212
vn 0.9758 -0.0280 -0.2169
vn 0.9759 -0.0224 -0.2169
vn 0.9769 -0.0196 -0.2126
vn 0.9770 -0.0140 -0.2126
vn 0.9780 -0.0112 -0.2082
vn 0.9781 -0.0056 -0.2082
vn 0.9790 -0.0028 -0.2038
vn 0.9790 0.0028 -0.2038
vn 0.9799 0.0056 -0.1993
vn 0.9799 0.0113 -0.1993
vn 0.9807 0.0141 -0.1948
vn 0.9806 0.0199 -0.1948
vn 0.9815 0.0227 -0.1903
vn 0.9813 0.0284 -0.1903
vn 0.9821 0.0313 -0.1857
vn 0.9819 0.0371 -0.1857
vn 0.9827 0.0399 -0.1811
vn 0.9824 0.0457 -0.1811
vn 0.9831 0.0486 -0.1764
vn 0.9828 0.0544 -0.1764
vn 0.9835 0.0572 -0.1717
vn 0.9831 0.0631 -0.1717
vn 0.9838 0.0660 -0.1670
vn 0.9833 0.0718 -0.1670
vn 0.9839 0.0747 -0.1622
vn 0.9835 0.0805 -0.1622
vn 0.9840 0.0835 -0.1574
vn 0.9835 0.0893 -0.1574
vn 0.9840 0.0923 -0.1526
vn 0.9834 0.0981 -0.1526
vn 0.9839 0.1011 -0.1477
vn 0.9832 0.1069 -0.1477
vn 0.9836 0.1099 -0.1428
vn 0.9830 0.1158 -0.1428
vn 0.9833 0.1187 -0.1379
vn 0.9826 0.1246 -0.1379
vn 0.9829 0.1276 -0.1330
vn 0.9821 0.1335 -0.1330
vn 0.9823 0.1364 -0.1280
vn 0.9815 0.1423 -0.1280
vn 0.9817 0.1453 -0.1230
vn 0.9808 0.1512 -0.1230
vn 0.9810 0.1542 -0.1180
vn 0.9800 0.1600 -0.1180
vn 0.9801 0.1630 -0.1129
vn 0.9791 0.1689 -0.1129
vn 0.9792 0.1719 -0.1079
vn 0.9781 0.1778 -0.1079
vn 0.9781 0.1807 -0.1028
vn 0.9770 0.1866 -0.1028
vn 0.9770 0.1896 -0.0977
vn 0.9758 0.1954 -0.0977
vn 0.9757 0.1984 -0.0926
vn 0.9745 0.2043 -0.0926
vn 0.9744 0.2073 -0.0875
vn 0.9731 0.2131 -0.0875
vn 0.9729 0.2161 -0.0824
vn 0.9726 -0.0609 -0.2246
vn 0.9729 -0.0554 -0.2246
vn 0.9740 -0.0527 -0.2204
vn 0.9743 -0.0472 -0.2204
vn 0.9754 -0.0445 -0.2161
vn 0.9756 -0.0390 -0.2161
vn 0.9766 -0.0363 -0.2118
vn 0.9768 -0.0307 -0.2118
vn 0.9778 -0.0280 -0.2075
vn 0.9780 -0.0224 -0.2075
vn 0.9790 -0.0197 -0.2031
vn 0.9791 -0.0140 -0.2031
vn 0.9800 -0.0113 -0.1987
vn 0.9800 -0.0056 -0.1987
vn 0.9810 -0.0028 -0.1942
vn 0.9810 0.0028 -0.1942
vn 0.9818 0.0057 -0.1897
vn 0.9818 0.0113 -0.1897
vn 0.9826 0.0142 -0.1852
vn 0.9825 0.0199 -0.1852
vn 0.9833 0.0227 -0.1806
vn 0.9831 0.0285 -0.1806
vn 0.9839 0.0313 -0.1760
vn 0.9837 0.0371 -0.1760
vn 0.9844 0.0400 -0.1713
vn 0.9842 0.0458 -0.1713
vn 0.9848 0.0487 -0.1666
vn 0.9845 0.0544 -0.1666
vn 0.9851 0.0573 -0.1619
vn 0.9848 0.0632 -0.1619
vn 0.9854 0.0661 -0.1571
vn 0.9850 0.0719 -0.1571
vn 0.9855 0.0748 -0.1523
vn 0.9850 0.0807 -0.1523
vn 0.9855 0.0836 -0.1475
vn 0.9850 0.0895 -0.1475
vn 0.9855 0.0924 -0.1426
vn 0.9849 0.0983 -0.1426
vn 0.9853 0.1012 -0.1377
vn 0.9847 0.1071 -0.1377
vn 0.9850 0.1100 -0.1328
vn 0.9843 0.1159 -0.1328
vn 0.9846 0.1189 -0.1279
vn 0.9839 0.1248 -0.1279
vn 0.9842 0.1278 -0.1229
vn 0.9834 0.1336 -0.1229
vn 0.9836 0.1366 -0.1179
vn 0.9827 0.1425 -0.1179
vn 0.9829 0.1455 -0.1129
vn 0.9820 0.1514 -0.1129
vn 0.9821 0.1544 -0.1078
vn 0.9812 0.1602 -0.1078
vn 0.9812 0.1632 -0.1028
vn 0.9802 0.1691 -0.1028
vn 0.9802 0.1721 -0.0977
vn 0.9792 0.1779 -0.0977
vn 0.9791 0.1809 -0.0926
vn 0.9780 0.1868 -0.0926
vn 0.9779 0.1898 -0.0875
vn 0.9768 0.1956 -0.0875
vn 0.9766 0.1986 -0.0824
vn 0.9754 0.2045 -0.0824
vn 0.9752 0.2074 -0.0773
vn 0.9739 0.2133 -0.0773
vn 0.9737 0.2162 -0.0721
vn 0.9724 0.2221 -0.0721
vn 0.9720 0.2250 -0.0670
vn 0.9716 -0.0771 -0.2236
vn 0.9720 -0.0717 -0.2236
vn 0.9732 -0.0691 -0.2195
vn 0.9735 -0.0637 -0.2195
vn 0.9747 -0.0610 -0.2153
vn 0.9750 -0.0555 -0.2153
vn 0.9761 -0.0528 -0.2110
vn 0.9763 -0.0473 -0.2110
vn 0.9774 -0.0446 -0.2067
vn 0.9776 -0.0391 -0.2067
vn 0.9786 -0.0363 -0.2024
vn 0.9788 -0.0308 -0.2024
vn 0.9798 -0.0281 -0.1980
vn 0.9799 -0.0225 -0.1980
vn 0.9809 -0.0197 -0.1936
vn 0.9810 -0.0141 -0.1936
vn 0.9819 -0.0113 -0.1891
vn 0.9819 -0.0056 -0.1891
vn 0.9828 -0.0028 -0.1846
vn 0.9828 0.0028 -0.1846
vn 0.9836 0.0057 -0.1801
vn 0.9836 0.0114 -0.1801
vn 0.9844 0.0142 -0.1755
vn 0.9843 0.0199 -0.1755
vn 0.9850 0.0228 -0.1709
vn 0.9849 0.0285 -0.1709
vn 0.9856 0.0314 -0.1662
vn 0.9854 0.0372 -0.1662
vn 0.9861 0.0400 -0.1615
vn 0.9858 0.0458 -0.1615
vn 0.9864 0.0487 -0.1568
vn 0.9861 0.0545 -0.1568
vn 0.9867 0.0575 -0.1520
vn 0.9864 0.0632 -0.1520
vn 0.9869 0.0662 -0.1472
vn 0.9865 0.0720 -0.1472
vn 0.9870 0.0749 -0.1424
vn 0.9865 0.0808 -0.1424
vn 0.9870 0.0837 -0.1375
vn 0.9864 0.0896 -0.1375
vn 0.9868 0.0925 -0.1326
vn 0.9863 0.0984 -0.1326
vn 0.9866 0.1014 -0.1277
vn 0.9860 0.1072 -0.1277
vn 0.9863 0.1102 -0.1228
vn 0.9856 0.1161 -0.1228
vn 0.9859 0.1190 -0.1178
vn 0.9851 0.1249 -0.1178
vn 0.9853 0.1279 -0.1128
vn 0.9846 0.1338 -0.1128
vn 0.9847 0.1368 -0.1078
vn 0.9839 0.1427 -0.1078
vn 0.9840 0.1456 -0.1027
vn 0.9831 0.1515 -0.1027
vn 0.9831 0.1545 -0.0977
vn 0.9822 0.1604 -0.0977
vn 0.9822 0.1634 -0.0926
vn 0.9812 0.1693 -0.0926
vn 0.9812 0.1722 -0.0875
vn 0.9801 0.1781 -0.0875
vn 0.9800 0.1811 -0.0824
vn 0.9789 0.1870 -0.0824
vn 0.9787 0.1899 -0.0773
vn 0.9776 0.1958 -0.0773
vn 0.9774 0.1988 -0.0722
vn 0.9762 0.2046 -0.0722
vn 0.9759 0.2076 -0.0670
vn 0.9747 0.2134 -0.0670
vn 0.9743 0.2164 -0.0619
vn 0.9730 0.2222 -0.0619
vn 0.9727 0.2252 -0.0567
vn 0.9721 -0.0853 -0.2185
vn 0.9726 -0.0799 -0.2185
vn 0.9737 -0.0773 -0.2144
vn 0.9741 -0.0719 -0.2144
vn 0.9752 -0.0692 -0.2102
vn 0.9756 -0.0638 -0.2102
vn 0.9767 -0.0611 -0.2059
vn 0.9770 -0.0557 -0.2059
vn 0.9780 -0.0529 -0.2016
vn 0.9783 -0.0474 -0.2016
vn 0.9793 -0.0447 -0.1973
vn 0.9796 -0.0392 -0.1973
vn 0.9805 -0.0364 -0.1929
vn 0.9807 -0.0309 -0.1929
vn 0.9817 -0.0281 -0.1885
vn 0.9818 -0.0225 -0.1885
vn 0.9827 -0.0197 -0.1840
vn 0.9828 -0.0141 -0.1840
vn 0.9837 -0.0113 -0.1795
vn 0.9837 -0.0057 -0.1795
vn 0.9846 -0.0028 -0.1749
vn 0.9846 0.0029 -0.1749
vn 0.9854 0.0057 -0.1704
vn 0.9853 0.0114 -0.1704
vn 0.9861 0.0142 -0.1657
vn 0.9860 0.0200 -0.1657
vn 0.9867 0.0228 -0.1611
vn 0.9865 0.0286 -0.1611
vn 0.9872 0.0315 -0.1564
vn 0.9870 0.0372 -0.1564
vn 0.9876 0.0401 -0.1517
vn 0.9874 0.0459 -0.1517
vn 0.9879 0.0488 -0.1469
vn 0.9876 0.0546 -0.1469
vn 0.9882 0.0575 -0.1421
vn 0.9878 0.0634 -0.1421
vn 0.9883 0.0663 -0.1373
vn 0.9879 0.0721 -0.1373
vn 0.9884 0.0751 -0.1324
vn 0.9879 0.0809 -0.1324
vn 0.9883 0.0838 -0.1275
vn 0.9878 0.0897 -0.1275
vn 0.9881 0.0927 -0.1226
vn 0.9876 0.0985 -0.1226
vn 0.9879 0.1015 -0.1176
vn 0.9872 0.1074 -0.1176
vn 0.9875 0.1103 -0.1127
vn 0.9868 0.1162 -0.1127
vn 0.9870 0.1192 -0.1077
vn 0.9863 0.1251 -0.1077
vn 0.9864 0.1281 -0.1027
vn 0.9857 0.1339 -0.1027
vn 0.9858 0.1369 -0.0976
vn 0.9849 0.1428 -0.0976
vn 0.9850 0.1458 -0.0926
vn 0.9841 0.1517 -0.0926
vn 0.9841 0.1547 -0.0875
vn 0.9831 0.1606 -0.0875
vn 0.9831 0.1635 -0.0824
vn 0.9821 0.1694 -0.0824
vn 0.9820 0.1724 -0.0773
vn 0.9809 0.1783 -0.0773
vn 0.9808 0.1812 -0.0722
vn 0.9797 0.1871 -0.0722
vn 0.9795 0.1901 -0.0670
vn 0.9783 0.1960 -0.0670
vn 0.9781 0.1989 -0.0619
vn 0.9769 0.2048 -0.0619
vn 0.9765 0.2077 -0.0567
vn 0.9753 0.2136 -0.0567
vn 0.9749 0.2165 -0.0516
vn 0.9736 0.2223 -0.0516
vn 0.9732 0.2253 -0.0464
vn 0.9725 -0.0934 -0.2134
vn 0.9730 -0.0881 -0.2134
vn 0.9741 -0.0854 -0.2092
vn 0.9746 -0.0801 -0.2092
vn 0.9757 -0.0774 -0.2050
vn 0.9761 -0.0721 -0.2050
vn 0.9772 -0.0693 -0.2008
vn 0.9775 -0.0639 -0.2008
vn 0.9786 -0.0612 -0.1965
vn 0.9789 -0.0558 -0.1965
vn 0.9799 -0.0530 -0.1921
vn 0.9802 -0.0475 -0.1921
vn 0.9812 -0.0448 -0.1878
vn 0.9814 -0.0393 -0.1878
vn 0.9824 -0.0365 -0.1833
vn 0.9826 -0.0309 -0.1833
vn 0.9835 -0.0281 -0.1789
vn 0.9836 -0.0226 -0.1789
vn 0.9845 -0.0197 -0.1744
vn 0.9846 -0.0141 -0.1744
vn 0.9854 -0.0113 -0.1698
vn 0.9855 -0.0057 -0.1698
vn 0.9863 -0.0028 -0.1652
vn 0.9863 0.0028 -0.1652
vn 0.9870 0.0057 -0.1606
vn 0.9870 0.0114 -0.1606
vn 0.9877 0.0143 -0.1559
vn 0.9876 0.0200 -0.1559
vn 0.9882 0.0229 -0.1512
vn 0.9881 0.0286 -0.1512
vn 0.9887 0.0315 -0.1465
vn 0.9885 0.0373 -0.1465
vn 0.9891 0.0402 -0.1418
vn 0.9888 0.0460 -0.1418
vn 0.9894 0.0489 -0.1369
vn 0.9891 0.0547 -0.1369
vn 0.9896 0.0576 -0.1321
vn 0.9892 0.0634 -0.1321
vn 0.9896 0.0664 -0.1273
vn 0.9892 0.0722 -0.1273
vn 0.9896 0.0752 -0.1224
vn 0.9892 0.0810 -0.1224
vn 0.9895 0.0840 -0.1174
vn 0.9890 0.0898 -0.1174
vn 0.9893 0.0928 -0.1125
vn 0.9887 0.0987 -0.1125
vn 0.9890 0.1016 -0.1075
vn 0.9884 0.1075 -0.1075
vn 0.9886 0.1105 -0.1025
vn 0.9879 0.1163 -0.1025
vn 0.9881 0.1193 -0.0975
vn 0.9873 0.1252 -0.0975
vn 0.9874 0.1282 -0.0925
vn 0.9866 0.1341 -0.0925
vn 0.9867 0.1371 -0.0874
vn 0.9859 0.1429 -0.0874
vn 0.9859 0.1459 -0.0824
vn 0.9850 0.1518 -0.0824
vn 0.9849 0.1548 -0.0773
vn 0.9840 0.1607 -0.0773
vn 0.9839 0.1637 -0.0722
vn 0.9829 0.1695 -0.0722
vn 0.9827 0.1725 -0.0670
vn 0.9817 0.1784 -0.0670
vn 0.9815 0.1814 -0.0619
vn 0.9804 0.1872 -0.0619
vn 0.9801 0.1902 -0.0568
vn 0.9789 0.1961 -0.0568
vn 0.9786 0.1990 -0.0516
vn 0.9774 0.2049 -0.0516
vn 0.9771 0.2078 -0.0464
vn 0.9758 0.2137 -0.0464
vn 0.9754 0.2166 -0.0413
vn 0.9741 0.2224 -0.0413
vn 0.9736 0.2254 -0.0361
vn 0.9722 0.2312 -0.0361
vn 0.9717 0.2341 -0.0310
vn 0.9728 -0.1015 -0.2083
vn 0.9733 -0.0963 -0.2083
vn 0.9745 -0.0936 -0.2041
vn 0.9750 -0.0883 -0.2041
vn 0.9761 -0.0856 -0.1999
vn 0.9765 -0.0803 -0.1999
vn 0.9776 -0.0776 -0.1957
vn 0.9780 -0.0722 -0.1957
vn 0.9791 -0.0695 -0.1914
vn 0.9794 -0.0641 -0.1914
vn 0.9804 -0.0613 -0.1870
vn 0.9808 -0.0559 -0.1870
vn 0.9817 -0.0531 -0.1826
vn 0.9820 -0.0476 -0.1826
vn 0.9830 -0.0449 -0.1782
vn 0.9832 -0.0393 -0.1782
vn 0.9841 -0.0365 -0.1737
vn 0.9843 -0.0310 -0.1737
vn 0.9852 -0.0282 -0.1692
vn 0.9853 -0.0226 -0.1692
vn 0.9861 -0.0198 -0.1647
vn 0.9862 -0.0142 -0.1647
vn 0.9870 -0.0113 -0.1601
vn 0.9871 -0.0057 -0.1601
vn 0.9878 -0.0028 -0.1555
vn 0.9878 0.0028 -0.1555
vn 0.9885 0.0057 -0.1508
vn 0.9885 0.0114 -0.1508
vn 0.9892 0.0143 -0.1461
vn 0.9891 0.0200 -0.1461
vn 0.9897 0.0229 -0.1414
vn 0.9895 0.0286 -0.1414
vn 0.9901 0.0315 -0.1366
vn 0.9899 0.0373 -0.1366
vn 0.9905 0.0402 -0.1318
vn 0.9902 0.0460 -0.1318
vn 0.9907 0.0490 -0.1270
vn 0.9904 0.0548 -0.1270
vn 0.9908 0.0577 -0.1221
vn 0.9905 0.0635 -0.1221
vn 0.9909 0.0665 -0.1172
vn 0.9905 0.0723 -0.1172
vn 0.9908 0.0752 -0.1123
vn 0.9904 0.0811 -0.1123
vn 0.9907 0.0841 -0.1074
vn 0.9901 0.0899 -0.1074
vn 0.9904 0.0929 -0.1024
vn 0.9898 0.0988 -0.1024
vn 0.9900 0.1017 -0.0974
vn 0.9894 0.1076 -0.0974
vn 0.9896 0.1106 -0.0924
vn 0.9889 0.1165 -0.0924
vn 0.9890 0.1194 -0.0873
vn 0.9883 0.1253 -0.0873
vn 0.9883 0.1283 -0.0823
vn 0.9875 0.1342 -0.0823
vn 0.9875 0.1372 -0.0772
vn 0.9867 0.1431 -0.0772
vn 0.9866 0.1460 -0.0721
vn 0.9858 0.1519 -0.0721
vn 0.9857 0.1549 -0.0670
vn 0.9847 0.1608 -0.0670
vn 0.9846 0.1638 -0.0619
vn 0.9836 0.1697 -0.0619
vn 0.9833 0.1726 -0.0568
vn 0.9823 0.1785 -0.0568
vn 0.9820 0.1815 -0.0516
vn 0.9809 0.1873 -0.0516
vn 0.9806 0.1903 -0.0465
vn 0.9795 0.1962 -0.0465
vn 0.9791 0.1991 -0.0413
vn 0.9779 0.2050 -0.0413
vn 0.9775 0.2079 -0.0362
vn 0.9762 0.2138 -0.0362
vn 0.9757 0.2167 -0.0310
vn 0.9744 0.2225 -0.0310
vn 0.9739 0.2255 -0.0258
vn 0.9726 0.2312 -0.0258
vn 0.9720 0.2342 -0.0206
vn 0.9730 -0.1096 -0.2032
vn 0.9736 -0.1044 -0.2032
vn 0.9747 -0.1017 -0.1990
vn 0.9752 -0.0965 -0.1990
vn 0.9764 -0.0938 -0.1948
vn 0.9768 -0.0885 -0.1948
vn 0.9779 -0.0858 -0.1905
vn 0.9784 -0.0804 -0.1905
vn 0.9794 -0.0777 -0.1862
vn 0.9798 -0.0723 -0.1862
vn 0.9809 -0.0696 -0.1819
vn 0.9812 -0.0642 -0.1819
vn 0.9822 -0.0614 -0.1775
vn 0.9825 -0.0560 -0.1775
vn 0.9835 -0.0532 -0.1731
vn 0.9838 -0.0477 -0.1731
vn 0.9847 -0.0449 -0.1686
vn 0.9849 -0.0394 -0.1686
vn 0.9858 -0.0366 -0.1641
vn 0.9860 -0.0311 -0.1641
vn 0.9868 -0.0282 -0.1595
vn 0.9869 -0.0227 -0.1595
vn 0.9877 -0.0198 -0.1549
vn 0.9878 -0.0142 -0.1549
vn 0.9886 -0.0113 -0.1503
vn 0.9886 -0.0057 -0.1503
vn 0.9893 -0.0028 -0.1457
vn 0.9893 0.0028 -0.1457
vn 0.9900 0.0057 -0.1409
vn 0.9900 0.0114 -0.1409
vn 0.9906 0.0143 -0.1362
vn 0.9905 0.0200 -0.1362
vn 0.9911 0.0229 -0.1315
vn 0.9909 0.0287 -0.1315
vn 0.9914 0.0316 -0.1266
vn 0.9912 0.0374 -0.1266
vn 0.9917 0.0403 -0.1218
vn 0.9915 0.0461 -0.1218
vn 0.9919 0.0490 -0.1170
vn 0.9916 0.0548 -0.1170
vn 0.9920 0.0578 -0.1121
vn 0.9917 0.0636 -0.1121
vn 0.9920 0.0665 -0.1071
vn 0.9916 0.0724 -0.1071
vn 0.9919 0.0753 -0.1022
vn 0.9914 0.0812 -0.1022
vn 0.9917 0.0841 -0.0972
vn 0.9912 0.0900 -0.0972
vn 0.9914 0.0930 -0.0922
vn 0.9908 0.0988 -0.0922
vn 0.9910 0.1018 -0.0872
vn 0.9904 0.1077 -0.0872
vn 0.9905 0.1107 -0.0822
vn 0.9898 0.1166 -0.0822
vn 0.9898 0.1195 -0.0771
vn 0.9891 0.1254 -0.0771
vn 0.9891 0.1284 -0.0721
vn 0.9883 0.1343 -0.0721
vn 0.9883 0.1373 -0.0670
vn 0.9874 0.1432 -0.0670
vn 0.9873 0.1461 -0.0619
vn 0.9864 0.1520 -0.0619
vn 0.9863 0.1550 -0.0567
vn 0.9853 0.1609 -0.0567
vn 0.9851 0.1639 -0.0516
vn 0.9841 0.1698 -0.0516
vn 0.9839 0.1727 -0.0465
vn 0.9828 0.1786 -0.0465
vn 0.9825 0.1816 -0.0413
vn 0.9814 0.1874 -0.0413
vn 0.9810 0.1904 -0.0362
vn 0.9799 0.1963 -0.0362
vn 0.9795 0.1992 -0.0310
vn 0.9783 0.2050 -0.0310
vn 0.9778 0.2080 -0.0258
vn 0.9765 0.2138 -0.0258
vn 0.9760 0.2168 -0.0207
vn 0.9747 0.2226 -0.0207
vn 0.9741 0.2255 -0.0155
vn 0.9728 0.2313 -0.0155
vn 0.9721 0.2342 -0.0103
vn 0.9731 -0.1176 -0.1980
vn 0.9737 -0.1125 -0.1980
vn 0.9749 -0.1098 -0.1939
vn 0.9754 -0.1046 -0.1939
vn 0.9766 -0.1019 -0.1897
vn 0.9771 -0.0966 -0.1897
vn 0.9782 -0.0939 -0.1854
vn 0.9787 -0.0887 -0.1854
vn 0.9797 -0.0859 -0.1811
vn 0.9802 -0.0806 -0.1811
vn 0.9812 -0.0778 -0.1767
vn 0.9816 -0.0725 -0.1767
vn 0.9826 -0.0697 -0.1723
vn 0.9829 -0.0643 -0.1723
vn 0.9839 -0.0615 -0.1679
vn 0.9842 -0.0561 -0.1679
vn 0.9851 -0.0533 -0.1634
vn 0.9854 -0.0478 -0.1634
vn 0.9863 -0.0450 -0.1589
vn 0.9865 -0.0395 -0.1589
vn 0.9873 -0.0367 -0.1544
vn 0.9875 -0.0311 -0.1544
vn 0.9883 -0.0283 -0.1498
vn 0.9885 -0.0227 -0.1498
vn 0.9892 -0.0198 -0.1452
vn 0.9893 -0.0142 -0.1452
vn 0.9900 -0.0113 -0.1405
vn 0.9901 -0.0057 -0.1405
vn 0.9907 -0.0028 -0.1358
vn 0.9907 0.0028 -0.1358
vn 0.9914 0.0057 -0.1311
vn 0.9913 0.0114 -0.1311
vn 0.9919 0.0143 -0.1263
vn 0.9918 0.0201 -0.1263
vn 0.9923 0.0230 -0.1215
vn 0.9922 0.0287 -0.1215
vn 0.9927 0.0316 -0.1167
vn 0.9925 0.0374 -0.1167
vn 0.9929 0.0403 -0.1118
vn 0.9927 0.0461 -0.1118
vn 0.9931 0.0491 -0.1069
vn 0.9928 0.0549 -0.1069
vn 0.9931 0.0578 -0.1020
vn 0.9927 0.0637 -0.1020
vn 0.9930 0.0666 -0.0970
vn 0.9926 0.0724 -0.0970
vn 0.9929 0.0754 -0.0921
vn 0.9924 0.0813 -0.0921
vn 0.9926 0.0842 -0.0871
vn 0.9921 0.0901 -0.0871
vn 0.9923 0.0931 -0.0821
vn 0.9917 0.0989 -0.0821
vn 0.9918 0.1019 -0.0770
vn 0.9912 0.1078 -0.0770
vn 0.9912 0.1108 -0.0720
vn 0.9906 0.1167 -0.0720
vn 0.9906 0.1196 -0.0669
vn 0.9898 0.1255 -0.0669
vn 0.9898 0.1285 -0.0618
vn 0.9890 0.1344 -0.0618
vn 0.9889 0.1374 -0.0567
vn 0.9881 0.1433 -0.0567
vn 0.9879 0.1462 -0.0516
vn 0.9870 0.1521 -0.0516
vn 0.9868 0.1551 -0.0464
vn 0.9859 0.1610 -0.0464
vn 0.9856 0.1640 -0.0413
vn 0.9846 0.1698 -0.0413
vn 0.9843 0.1728 -0.0361
vn 0.9832 0.1787 -0.0361
vn 0.9829 0.1816 -0.0310
vn 0.9818 0.1875 -0.0310
vn 0.9814 0.1905 -0.0258
vn 0.9802 0.1963 -0.0258
vn 0.9797 0.1993 -0.0207
vn 0.9785 0.2051 -0.0207
vn 0.9780 0.2080 -0.0155
vn 0.9767 0.2139 -0.0155
vn 0.9762 0.2168 -0.0103
vn 0.9749 0.2226 -0.0103
vn 0.9742 0.2255 -0.0052
vn 0.9729 0.2313 -0.0052
vn 0.9722 0.2342 -0.0000
vn 0.9731 -0.1256 -0.1929
vn 0.9738 -0.1205 -0.1929
vn 0.9749 -0.1178 -0.1887
vn 0.9755 -0.1127 -0.1887
vn 0.9767 -0.1100 -0.1845
vn 0.9772 -0.1048 -0.1845
vn 0.9783 -0.1021 -0.1802
vn 0.9788 -0.0968 -0.1802
vn 0.9799 -0.0941 -0.1759
vn 0.9804 -0.0888 -0.1759
vn 0.9814 -0.0861 -0.1716
vn 0.9819 -0.0807 -0.1716
vn 0.9828 -0.0780 -0.1672
vn 0.9832 -0.0726 -0.1672
vn 0.9842 -0.0698 -0.1628
vn 0.9846 -0.0644 -0.1628
vn 0.9855 -0.0616 -0.1583
vn 0.9858 -0.0562 -0.1583
vn 0.9867 -0.0534 -0.1538
vn 0.9869 -0.0479 -0.1538
vn 0.9878 -0.0451 -0.1492
vn 0.9880 -0.0395 -0.1492
vn 0.9888 -0.0367 -0.1446
vn 0.9890 -0.0312 -0.1446
vn 0.9897 -0.0283 -0.1400
vn 0.9899 -0.0227 -0.1400
vn 0.9906 -0.0199 -0.1353
vn 0.9907 -0.0142 -0.1353
vn 0.9914 -0.0114 -0.1306
vn 0.9914 -0.0057 -0.1306
vn 0.9920 -0.0028 -0.1259
vn 0.9920 0.0028 -0.1259
vn 0.9926 0.0057 -0.1211
vn 0.9926 0.0114 -0.1211
vn 0.9931 0.0144 -0.1163
vn 0.9930 0.0201 -0.1163
vn 0.9935 0.0230 -0.1115
vn 0.9933 0.0287 -0.1115
vn 0.9938 0.0317 -0.1066
vn 0.9936 0.0374 -0.1066
vn 0.9940 0.0404 -0.1018
vn 0.9937 0.0462 -0.1018
vn 0.9941 0.0491 -0.0968
vn 0.9938 0.0549 -0.0968
vn 0.9941 0.0579 -0.0919
vn 0.9937 0.0637 -0.0919
vn 0.9940 0.0667 -0.0869
vn 0.9936 0.0725 -0.0869
vn 0.9938 0.0755 -0.0819
vn 0.9933 0.0813 -0.0819
vn 0.9935 0.0843 -0.0769
vn 0.9930 0.0902 -0.0769
vn 0.9931 0.0931 -0.0719
vn 0.9925 0.0990 -0.0719
vn 0.9925 0.1020 -0.0668
vn 0.9919 0.1079 -0.0668
vn 0.9919 0.1108 -0.0617
vn 0.9912 0.1167 -0.0617
vn 0.9912 0.1197 -0.0566
vn 0.9905 0.1256 -0.0566
vn 0.9904 0.1286 -0.0515
vn 0.9896 0.1345 -0.0515
vn 0.9894 0.1374 -0.0464
vn 0.9886 0.1433 -0.0464
vn 0.9884 0.1463 -0.0413
vn 0.9875 0.1522 -0.0413
vn 0.9872 0.1552 -0.0361
vn 0.9863 0.1611 -0.0361
vn 0.9860 0.1640 -0.0310
vn 0.9850 0.1699 -0.0310
vn 0.9846 0.1729 -0.0258
vn 0.9836 0.1787 -0.0258
vn 0.9831 0.1817 -0.0207
vn 0.9820 0.1876 -0.0207
vn 0.9816 0.1905 -0.0155
vn 0.9804 0.1964 -0.0155
vn 0.9799 0.1993 -0.0103
vn 0.9787 0.2051 -0.0103
vn 0.9781 0.2081 -0.0052
vn 0.9768 0.2139 -0.0052
vn 0.9762 0.2168 -0.0000
vn 0.9749 0.2226 -0.0000
vn 0.9742 0.2255 0.0052
vn 0.9729 0.2313 0.0052
vn 0.9721 0.2342 0.0103
vn 0.9731 -0.1336 -0.1878
vn 0.9738 -0.1285 -0.1878
vn 0.9749 -0.1258 -0.1836
vn 0.9756 -0.1207 -0.1836
vn 0.9767 -0.1180 -0.1794
vn 0.9773 -0.1129 -0.1794
vn 0.9784 -0.1102 -0.1751
vn 0.9789 -0.1050 -0.1751
vn 0.9800 -0.1022 -0.1708
vn 0.9805 -0.0970 -0.1708
vn 0.9815 -0.0942 -0.1664
vn 0.9820 -0.0890 -0.1664
vn 0.9830 -0.0862 -0.1620
vn 0.9835 -0.0809 -0.1620
vn 0.9844 -0.0781 -0.1576
vn 0.9848 -0.0727 -0.1576
vn 0.9857 -0.0699 -0.1531
vn 0.9861 -0.0645 -0.1531
vn 0.9870 -0.0617 -0.1486
vn 0.9873 -0.0563 -0.1486
vn 0.9881 -0.0535 -0.1441
vn 0.9884 -0.0480 -0.1441
vn 0.9892 -0.0451 -0.1395
vn 0.9894 -0.0396 -0.1395
vn 0.9902 -0.0367 -0.1348
vn 0.9904 -0.0312 -0.1348
vn 0.9911 -0.0283 -0.1302
vn 0.9912 -0.0228 -0.1302
vn 0.9919 -0.0199 -0.1255
vn 0.9920 -0.0143 -0.1255
vn 0.9926 -0.0114 -0.1207
vn 0.9927 -0.0057 -0.1207
vn 0.9932 -0.0028 -0.1160
vn 0.9932 0.0028 -0.1160
vn 0.9938 0.0058 -0.1112
vn 0.9937 0.0115 -0.1112
vn 0.9942 0.0144 -0.1063
vn 0.9941 0.0201 -0.1063
vn 0.9946 0.0230 -0.1015
vn 0.9944 0.0288 -0.1015
vn 0.9948 0.0317 -0.0966
vn 0.9946 0.0375 -0.0966
vn 0.9950 0.0404 -0.0917
vn 0.9947 0.0462 -0.0917
vn 0.9950 0.0492 -0.0867
vn 0.9947 0.0550 -0.0867
vn 0.9950 0.0579 -0.0818
vn 0.9946 0.0638 -0.0818
vn 0.9948 0.0667 -0.0768
vn 0.9944 0.0726 -0.0768
vn 0.9946 0.0755 -0.0717
vn 0.9941 0.0814 -0.0717
vn 0.9942 0.0844 -0.0667
vn 0.9937 0.0902 -0.0667
vn 0.9937 0.0932 -0.0616
vn 0.9932 0.0991 -0.0616
vn 0.9932 0.1020 -0.0566
vn 0.9925 0.1079 -0.0566
vn 0.9925 0.1109 -0.0515
vn 0.9918 0.1168 -0.0515
vn 0.9917 0.1198 -0.0464
vn 0.9910 0.1257 -0.0464
vn 0.9908 0.1286 -0.0412
vn 0.9901 0.1345 -0.0412
vn 0.9898 0.1375 -0.0361
vn 0.9890 0.1434 -0.0361
vn 0.9887 0.1464 -0.0310
vn 0.9879 0.1523 -0.0310
vn 0.9875 0.1552 -0.0258
vn 0.9866 0.1611 -0.0258
vn 0.9862 0.1641 -0.0207
vn 0.9852 0.1700 -0.0207
vn 0.9848 0.1729 -0.0155
vn 0.9838 0.1788 -0.0155
vn 0.9833 0.1817 -0.0103
vn 0.9822 0.1876 -0.0103
vn 0.9817 0.1905 -0.0052
vn 0.9805 0.1964 -0.0052
vn 0.9799 0.1993 -0.0000
vn 0.9787 0.2051 -0.0000
vn 0.9781 0.2081 0.0052
vn 0.9768 0.2139 0.0052
vn 0.9762 0.2168 0.0103
vn 0.9749 0.2226 0.0103
vn 0.9741 0.2255 0.0155
vn 0.9728 0.2313 0.0155
vn 0.9720 0.2342 0.0206
vn 0.9729 -0.1415 -0.1826
vn 0.9737 -0.1365 -0.1826
vn 0.9748 -0.1338 -0.1785
vn 0.9755 -0.1287 -0.1785
vn 0.9766 -0.1260 -0.1742
vn 0.9772 -0.1209 -0.1742
vn 0.9783 -0.1182 -0.1700
vn 0.9789 -0.1131 -0.1700
vn 0.9800 -0.1103 -0.1656
vn 0.9806 -0.1052 -0.1656
vn 0.9816 -0.1024 -0.1613
vn 0.9821 -0.0972 -0.1613
vn 0.9831 -0.0944 -0.1569
vn 0.9836 -0.0891 -0.1569
vn 0.9845 -0.0863 -0.1525
vn 0.9850 -0.0810 -0.1525
vn 0.9859 -0.0782 -0.1480
vn 0.9863 -0.0728 -0.1480
vn 0.9872 -0.0700 -0.1435
vn 0.9875 -0.0646 -0.1435
vn 0.9884 -0.0618 -0.1389
vn 0.9887 -0.0564 -0.1389
vn 0.9895 -0.0535 -0.1343
vn 0.9898 -0.0480 -0.1343
vn 0.9905 -0.0452 -0.1297
vn 0.9908 -0.0397 -0.1297
vn 0.9915 -0.0368 -0.1250
vn 0.9917 -0.0312 -0.1250
vn 0.9923 -0.0284 -0.1203
vn 0.9925 -0.0228 -0.1203
vn 0.9931 -0.0199 -0.1156
vn 0.9932 -0.0143 -0.1156
vn 0.9938 -0.0114 -0.1108
vn 0.9938 -0.0057 -0.1108
vn 0.9944 -0.0028 -0.1060
vn 0.9944 0.0028 -0.1060
vn 0.9949 0.0058 -0.1012
vn 0.9948 0.0115 -0.1012
vn 0.9952 0.0144 -0.0963
vn 0.9951 0.0201 -0.0963
vn 0.9955 0.0231 -0.0914
vn 0.9954 0.0288 -0.0914
vn 0.9957 0.0318 -0.0865
vn 0.9955 0.0375 -0.0865
vn 0.9958 0.0405 -0.0816
vn 0.9956 0.0463 -0.0816
vn 0.9958 0.0492 -0.0766
vn 0.9955 0.0550 -0.0766
vn 0.9957 0.0580 -0.0716
vn 0.9954 0.0638 -0.0716
vn 0.9955 0.0668 -0.0666
vn 0.9951 0.0726 -0.0666
vn 0.9952 0.0756 -0.0615
vn 0.9948 0.0814 -0.0615
vn 0.9948 0.0844 -0.0565
vn 0.9943 0.0903 -0.0565
vn 0.9943 0.0933 -0.0514
vn 0.9937 0.0991 -0.0514
vn 0.9937 0.1021 -0.0463
vn 0.9931 0.1080 -0.0463
vn 0.9930 0.1110 -0.0412
vn 0.9923 0.1168 -0.0412
vn 0.9921 0.1198 -0.0361
vn 0.9914 0.1257 -0.0361
vn 0.9912 0.1287 -0.0309
vn 0.9904 0.1346 -0.0309
vn 0.9902 0.1375 -0.0258
vn 0.9893 0.1434 -0.0258
vn 0.9890 0.1464 -0.0207
vn 0.9881 0.1523 -0.0207
vn 0.9878 0.1552 -0.0155
vn 0.9868 0.1611 -0.0155
vn 0.9864 0.1641 -0.0103
vn 0.9854 0.1700 -0.0103
vn 0.9849 0.1729 -0.0052
vn 0.9839 0.1788 -0.0052
vn 0.9833 0.1817 -0.0000
vn 0.9822 0.1876 -0.0000
vn 0.9817 0.1905 0.0052
vn 0.9805 0.1964 0.0052
vn 0.9799 0.1993 0.0103
vn 0.9787 0.2051 0.0103
vn 0.9780 0.2080 0.0155
vn 0.9767 0.2139 0.0155
vn 0.9760 0.2168 0.0207
vn 0.9747 0.2226 0.0207
vn 0.9739 0.2255 0.0258
vn 0.9726 0.2312 0.0258
vn 0.9717 0.2341 0.0310
vn 0.9727 -0.1494 -0.1775
vn 0.9735 -0.1444 -0.1775
vn 0.9746 -0.1417 -0.1733
vn 0.9753 -0.1367 -0.1733
vn 0.9764 -0.1340 -0.1691
vn 0.9771 -0.1290 -0.1691
vn 0.9782 -0.1262 -0.1648
vn 0.9789 -0.1212 -0.1648
vn 0.9799 -0.1184 -0.1605
vn 0.9805 -0.1133 -0.1605
vn 0.9815 -0.1105 -0.1561
vn 0.9821 -0.1053 -0.1562
vn 0.9831 -0.1026 -0.1517
vn 0.9836 -0.0973 -0.1517
vn 0.9846 -0.0945 -0.1473
vn 0.9851 -0.0892 -0.1473
vn 0.9860 -0.0864 -0.1428
vn 0.9864 -0.0811 -0.1428
vn 0.9873 -0.0783 -0.1383
vn 0.9877 -0.0729 -0.1383
vn 0.9885 -0.0701 -0.1338
vn 0.9889 -0.0647 -0.1338
vn 0.9897 -0.0619 -0.1292
vn 0.9900 -0.0564 -0.1292
vn 0.9908 -0.0536 -0.1245
vn 0.9910 -0.0481 -0.1245
vn 0.9918 -0.0452 -0.1199
vn 0.9920 -0.0397 -0.1199
vn 0.9927 -0.0368 -0.1152
vn 0.9929 -0.0313 -0.1152
vn 0.9935 -0.0284 -0.1104
vn 0.9936 -0.0228 -0.1104
vn 0.9942 -0.0199 -0.1056
vn 0.9943 -0.0143 -0.1056
vn 0.9948 -0.0114 -0.1009
vn 0.9949 -0.0058 -0.1009
vn 0.9954 -0.0028 -0.0960
vn 0.9954 0.0028 -0.0960
vn 0.9958 0.0058 -0.0911
vn 0.9958 0.0115 -0.0911
vn 0.9962 0.0144 -0.0863
vn 0.9961 0.0201 -0.0863
vn 0.9964 0.0231 -0.0813
vn 0.9963 0.0288 -0.0813
vn 0.9966 0.0318 -0.0764
vn 0.9964 0.0375 -0.0764
vn 0.9966 0.0405 -0.0714
vn 0.9964 0.0463 -0.0714
vn 0.9966 0.0493 -0.0664
vn 0.9963 0.0551 -0.0664
vn 0.9964 0.0580 -0.0614
vn 0.9961 0.0639 -0.0614
vn 0.9962 0.0668 -0.0564
vn 0.9958 0.0727 -0.0564
vn 0.9958 0.0756 -0.0513
vn 0.9954 0.0815 -0.0513
vn 0.9954 0.0845 -0.0462
vn 0.9948 0.0903 -0.0462
vn 0.9948 0.0933 -0.0411
vn 0.9942 0.0992 -0.0411
vn 0.9941 0.1022 -0.0360
vn 0.9935 0.1080 -0.0360
vn 0.9933 0.1110 -0.0309
vn 0.9927 0.1169 -0.0309
vn 0.9925 0.1199 -0.0258
vn 0.9917 0.1257 -0.0258
vn 0.9915 0.1287 -0.0206
vn 0.9907 0.1346 -0.0206
vn 0.9904 0.1376 -0.0155
vn 0.9895 0.1435 -0.0155
vn 0.9892 0.1464 -0.0103
vn 0.9883 0.1523 -0.0103
vn 0.9879 0.1553 -0.0052
vn 0.9869 0.1611 -0.0052
vn 0.9864 0.1641 -0.0000
vn 0.9854 0.1700 -0.0000
vn 0.9849 0.1729 0.0052
vn 0.9839 0.1788 0.0052
vn 0.9833 0.1817 0.0103
vn 0.9822 0.1876 0.0103
vn 0.9816 0.1905 0.0155
vn 0.9804 0.1964 0.0155
vn 0.9797 0.1993 0.0207
vn 0.9785 0.2051 0.0207
vn 0.9778 0.2080 0.0258
vn 0.9765 0.2138 0.0258
vn 0.9757 0.2167 0.0310
vn 0.9744 0.2225 0.0310
vn 0.9736 0.2254 0.0361
vn 0.9722 0.2312 0.0361
vn 0.9724 -0.1572 -0.1724
vn 0.9732 -0.1523 -0.1724
vn 0.9743 -0.1496 -0.1682
vn 0.9751 -0.1447 -0.1682
vn 0.9762 -0.1420 -0.1639
vn 0.9769 -0.1370 -0.1640
vn 0.9780 -0.1343 -0.1597
vn 0.9787 -0.1292 -0.1597
vn 0.9797 -0.1264 -0.1554
vn 0.9804 -0.1213 -0.1554
vn 0.9814 -0.1186 -0.1510
vn 0.9820 -0.1134 -0.1510
vn 0.9830 -0.1107 -0.1466
vn 0.9836 -0.1055 -0.1466
vn 0.9845 -0.1027 -0.1422
vn 0.9850 -0.0975 -0.1422
vn 0.9859 -0.0946 -0.1377
vn 0.9864 -0.0894 -0.1377
vn 0.9873 -0.0866 -0.1332
vn 0.9878 -0.0812 -0.1332
vn 0.9886 -0.0784 -0.1286
vn 0.9890 -0.0731 -0.1286
vn 0.9898 -0.0702 -0.1240
vn 0.9902 -0.0648 -0.1240
vn 0.9909 -0.0619 -0.1194
vn 0.9912 -0.0565 -0.1194
vn 0.9920 -0.0536 -0.1147
vn 0.9922 -0.0482 -0.1147
vn 0.9929 -0.0453 -0.1100
vn 0.9931 -0.0398 -0.1100
vn 0.9938 -0.0369 -0.1053
vn 0.9940 -0.0313 -0.1053
vn 0.9945 -0.0284 -0.1005
vn 0.9947 -0.0228 -0.1005
vn 0.9952 -0.0199 -0.0957
vn 0.9953 -0.0143 -0.0957
vn 0.9958 -0.0114 -0.0908
vn 0.9958 -0.0058 -0.0908
vn 0.9963 -0.0028 -0.0860
vn 0.9963 0.0028 -0.0860
vn 0.9967 0.0058 -0.0811
vn 0.9966 0.0115 -0.0811
vn 0.9970 0.0144 -0.0762
vn 0.9969 0.0201 -0.0762
vn 0.9972 0.0231 -0.0712
vn 0.9970 0.0288 -0.0712
vn 0.9973 0.0318 -0.0663
vn 0.9971 0.0376 -0.0663
vn 0.9973 0.0406 -0.0613
vn 0.9970 0.0463 -0.0613
vn 0.9972 0.0493 -0.0562
vn 0.9969 0.0551 -0.0562
vn 0.9970 0.0581 -0.0512
vn 0.9966 0.0639 -0.0512
vn 0.9967 0.0669 -0.0462
vn 0.9963 0.0727 -0.0462
vn 0.9963 0.0757 -0.0411
vn 0.9958 0.0815 -0.0411
vn 0.9958 0.0845 -0.0360
vn 0.9953 0.0904 -0.0360
vn 0.9952 0.0933 -0.0309
vn 0.9946 0.0992 -0.0309
vn 0.9944 0.1022 -0.0257
vn 0.9938 0.1081 -0.0257
vn 0.9936 0.1110 -0.0206
vn 0.9929 0.1169 -0.0206
vn 0.9927 0.1199 -0.0155
vn 0.9919 0.1258 -0.0155
vn 0.9916 0.1288 -0.0103
vn 0.9908 0.1346 -0.0103
vn 0.9905 0.1376 -0.0052
vn 0.9896 0.1435 -0.0052
vn 0.9892 0.1464 -0.0000
vn 0.9883 0.1523 -0.0000
vn 0.9879 0.1553 0.0052
vn 0.9869 0.1612 0.0052
vn 0.9864 0.1641 0.0103
vn 0.9854 0.1700 0.0103
vn 0.9848 0.1729 0.0155
vn 0.9838 0.1788 0.0155
vn 0.9831 0.1817 0.0207
vn 0.9820 0.1876 0.0207
vn 0.9814 0.1905 0.0258
vn 0.9802 0.1963 0.0258
vn 0.9795 0.1992 0.0310
vn 0.9783 0.2051 0.0310
vn 0.9775 0.2079 0.0361
vn 0.9762 0.2138 0.0361
vn 0.9754 0.2166 0.0413
vn 0.9741 0.2224 0.0413
vn 0.9732 0.2253 0.0464
vn 0.9720 -0.1650 -0.1673
vn 0.9728 -0.1602 -0.1673
vn 0.9740 -0.1575 -0.1631
vn 0.9747 -0.1526 -0.1631
vn 0.9759 -0.1499 -0.1588
vn 0.9766 -0.1449 -0.1588
vn 0.9777 -0.1422 -0.1546
vn 0.9784 -0.1372 -0.1546
vn 0.9795 -0.1344 -0.1502
vn 0.9801 -0.1294 -0.1502
vn 0.9812 -0.1266 -0.1459
vn 0.9818 -0.1215 -0.1459
vn 0.9828 -0.1188 -0.1415
vn 0.9834 -0.1136 -0.1415
vn 0.9844 -0.1108 -0.1370
vn 0.9849 -0.1056 -0.1370
vn 0.9858 -0.1028 -0.1325
vn 0.9864 -0.0976 -0.1325
vn 0.9872 -0.0948 -0.1280
vn 0.9877 -0.0895 -0.1280
vn 0.9886 -0.0867 -0.1235
vn 0.9890 -0.0814 -0.1235
vn 0.9898 -0.0785 -0.1189
vn 0.9902 -0.0732 -0.1189
vn 0.9910 -0.0703 -0.1142
vn 0.9913 -0.0649 -0.1142
vn 0.9920 -0.0620 -0.1095
vn 0.9924 -0.0566 -0.1095
vn 0.9930 -0.0537 -0.1048
vn 0.9933 -0.0482 -0.1048
vn 0.9939 -0.0453 -0.1001
vn 0.9942 -0.0398 -0.1001
vn 0.9948 -0.0369 -0.0953
vn 0.9950 -0.0314 -0.0953
vn 0.9955 -0.0284 -0.0905
vn 0.9956 -0.0229 -0.0905
vn 0.9961 -0.0199 -0.0857
vn 0.9962 -0.0143 -0.0857
vn 0.9967 -0.0114 -0.0808
vn 0.9967 -0.0058 -0.0808
vn 0.9971 -0.0028 -0.0759
vn 0.9971 0.0028 -0.0759
vn 0.9975 0.0058 -0.0710
vn 0.9974 0.0115 -0.0710
vn 0.9977 0.0145 -0.0661
vn 0.9976 0.0201 -0.0661
vn 0.9979 0.0231 -0.0611
vn 0.9977 0.0289 -0.0611
vn 0.9979 0.0318 -0.0561
vn 0.9977 0.0376 -0.0561
vn 0.9979 0.0406 -0.0511
vn 0.9976 0.0464 -0.0511
vn 0.9977 0.0493 -0.0460
vn 0.9974 0.0551 -0.0460
vn 0.9975 0.0581 -0.0410
vn 0.9971 0.0639 -0.0410
vn 0.9971 0.0669 -0.0359
vn 0.9967 0.0727 -0.0359
vn 0.9967 0.0757 -0.0308
vn 0.9962 0.0816 -0.0308
vn 0.9961 0.0845 -0.0257
vn 0.9956 0.0904 -0.0257
vn 0.9954 0.0934 -0.0206
vn 0.9949 0.0992 -0.0206
vn 0.9946 0.1022 -0.0155
vn 0.9940 0.1081 -0.0155
vn 0.9938 0.1111 -0.0103
vn 0.9931 0.1169 -0.0103
vn 0.9928 0.1199 -0.0052
vn 0.9920 0.1258 -0.0052
vn 0.9917 0.1288 -0.0000
vn 0.9909 0.1346 -0.0000
vn 0.9905 0.1376 0.0052
vn 0.9896 0.1435 0.0052
vn 0.9892 0.1464 0.0103
vn 0.9883 0.1523 0.0103
vn 0.9878 0.1553 0.0155
vn 0.9868 0.1611 0.0155
vn 0.9862 0.1641 0.0207
vn 0.9852 0.1700 0.0207
vn 0.9846 0.1729 0.0258
vn 0.9836 0.1787 0.0258
vn 0.9829 0.1816 0.0310
vn 0.9818 0.1875 0.0310
vn 0.9810 0.1904 0.0362
vn 0.9799 0.1963 0.0362
vn 0.9791 0.1991 0.0413
vn 0.9779 0.2050 0.0413
vn 0.9771 0.2078 0.0465
vn 0.9758 0.2137 0.0465
vn 0.9749 0.2165 0.0516
vn 0.9736 0.2223 0.0516
vn 0.9727 0.2252 0.0567
vn 0.9724 -0.1680 -0.1622
vn 0.9735 -0.1653 -0.1580
vn 0.9743 -0.1604 -0.1580
vn 0.9754 -0.1577 -0.1537
vn 0.9762 -0.1528 -0.1537
vn 0.9773 -0.1501 -0.1494
vn 0.9781 -0.1451 -0.1494
vn 0.9791 -0.1424 -0.1451
vn 0.9798 -0.1374 -0.1451
vn 0.9808 -0.1346 -0.1407
vn 0.9815 -0.1296 -0.1407
vn 0.9825 -0.1268 -0.1363
vn 0.9832 -0.1217 -0.1363
vn 0.9841 -0.1189 -0.1319
vn 0.9847 -0.1138 -0.1319
vn 0.9856 -0.1110 -0.1274
vn 0.9862 -0.1058 -0.1274
vn 0.9871 -0.1029 -0.1229
vn 0.9876 -0.0977 -0.1229
vn 0.9884 -0.0949 -0.1183
vn 0.9889 -0.0896 -0.1183
vn 0.9897 -0.0868 -0.1137
vn 0.9902 -0.0814 -0.1137
vn 0.9909 -0.0786 -0.1091
vn 0.9913 -0.0732 -0.1091
vn 0.9920 -0.0703 -0.1044
vn 0.9924 -0.0650 -0.1044
vn 0.9931 -0.0621 -0.0997
vn 0.9934 -0.0566 -0.0997
vn 0.9940 -0.0537 -0.0950
vn 0.9943 -0.0483 -0.0950
vn 0.9949 -0.0454 -0.0902
vn 0.9951 -0.0399 -0.0902
vn 0.9957 -0.0369 -0.0854
vn 0.9959 -0.0314 -0.0854
vn 0.9963 -0.0285 -0.0805
vn 0.9965 -0.0229 -0.0805
vn 0.9969 -0.0200 -0.0757
vn 0.9970 -0.0143 -0.0757
vn 0.9974 -0.0114 -0.0708
vn 0.9975 -0.0058 -0.0708
vn 0.9978 -0.0028 -0.0659
vn 0.9978 0.0028 -0.0659
vn 0.9981 0.0058 -0.0609
vn 0.9981 0.0115 -0.0609
vn 0.9983 0.0145 -0.0559
vn 0.9982 0.0202 -0.0559
vn 0.9984 0.0231 -0.0509
vn 0.9983 0.0289 -0.0509
vn 0.9984 0.0319 -0.0459
vn 0.9982 0.0376 -0.0459
vn 0.9983 0.0406 -0.0409
vn 0.9981 0.0464 -0.0409
vn 0.9981 0.0493 -0.0358
vn 0.9978 0.0551 -0.0358
vn 0.9978 0.0581 -0.0307
vn 0.9975 0.0639 -0.0307
vn 0.9974 0.0669 -0.0257
vn 0.9970 0.0728 -0.0257
vn 0.9969 0.0757 -0.0205
vn 0.9965 0.0816 -0.0205
vn 0.9963 0.0846 -0.0154
vn 0.9958 0.0904 -0.0154
vn 0.9956 0.0934 -0.0103
vn 0.9950 0.0992 -0.0103
vn 0.9947 0.1022 -0.0051
vn 0.9941 0.1081 -0.0051
vn 0.9938 0.1111 -0.0000
vn 0.9931 0.1169 -0.0000
vn 0.9928 0.1199 0.0052
vn 0.9920 0.1258 0.0052
vn 0.9916 0.1287 0.0103
vn 0.9908 0.1346 0.0103
vn 0.9904 0.1376 0.0155
vn 0.9895 0.1435 0.0155
vn 0.9890 0.1464 0.0207
vn 0.9881 0.1523 0.0207
vn 0.9875 0.1552 0.0258
vn 0.9866 0.1611 0.0258
vn 0.9860 0.1640 0.0310
vn 0.9850 0.1699 0.0310
vn 0.9843 0.1728 0.0362
vn 0.9832 0.1787 0.0362
vn 0.9825 0.1816 0.0413
vn 0.9814 0.1874 0.0413
vn 0.9806 0.1903 0.0465
vn 0.9795 0.1962 0.0465
vn 0.9786 0.1990 0.0516
vn 0.9774 0.2049 0.0516
vn 0.9765 0.2077 0.0567
vn 0.9753 0.2136 0.0567
vn 0.9743 0.2164 0.0619
vn 0.9730 0.2222 0.0619
vn 0.9721 0.2250 0.0670
vn 0.9730 -0.1730 -0.1528
vn 0.9738 -0.1682 -0.1528
vn 0.9749 -0.1655 -0.1486
vn 0.9758 -0.1607 -0.1486
vn 0.9768 -0.1579 -0.1443
vn 0.9776 -0.1530 -0.1443
vn 0.9787 -0.1503 -0.1400
vn 0.9794 -0.1453 -0.1400
vn 0.9804 -0.1426 -0.1356
vn 0.9812 -0.1376 -0.1356
vn 0.9822 -0.1348 -0.1312
vn 0.9828 -0.1298 -0.1312
vn 0.9838 -0.1270 -0.1268
vn 0.9844 -0.1219 -0.1268
vn 0.9853 -0.1191 -0.1223
vn 0.9859 -0.1139 -0.1223
vn 0.9868 -0.1111 -0.1177
vn 0.9874 -0.1059 -0.1177
vn 0.9882 -0.1031 -0.1132
vn 0.9887 -0.0978 -0.1132
vn 0.9895 -0.0950 -0.1086
vn 0.9900 -0.0897 -0.1086
vn 0.9908 -0.0869 -0.1039
vn 0.9912 -0.0815 -0.1039
vn 0.9919 -0.0787 -0.0993
vn 0.9924 -0.0733 -0.0993
vn 0.9930 -0.0704 -0.0946
vn 0.9934 -0.0650 -0.0946
vn 0.9940 -0.0621 -0.0898
vn 0.9943 -0.0567 -0.0898
vn 0.9949 -0.0538 -0.0850
vn 0.9952 -0.0483 -0.0850
vn 0.9957 -0.0454 -0.0802
vn 0.9960 -0.0399 -0.0802
vn 0.9965 -0.0370 -0.0754
vn 0.9967 -0.0314 -0.0754
vn 0.9971 -0.0285 -0.0705
vn 0.9972 -0.0229 -0.0705
vn 0.9976 -0.0200 -0.0656
vn 0.9977 -0.0144 -0.0656
vn 0.9981 -0.0114 -0.0607
vn 0.9981 -0.0058 -0.0607
vn 0.9984 -0.0028 -0.0558
vn 0.9984 0.0028 -0.0558
vn 0.9987 0.0058 -0.0508
vn 0.9986 0.0115 -0.0508
vn 0.9988 0.0145 -0.0458
vn 0.9987 0.0202 -0.0458
vn 0.9989 0.0232 -0.0408
vn 0.9988 0.0289 -0.0408
vn 0.9989 0.0319 -0.0357
vn 0.9987 0.0376 -0.0357
vn 0.9987 0.0406 -0.0307
vn 0.9985 0.0464 -0.0307
vn 0.9985 0.0494 -0.0256
vn 0.9981 0.0552 -0.0256
vn 0.9981 0.0582 -0.0205
vn 0.9977 0.0639 -0.0205
vn 0.9976 0.0669 -0.0154
vn 0.9972 0.0728 -0.0154
vn 0.9971 0.0757 -0.0103
vn 0.9966 0.0816 -0.0103
vn 0.9964 0.0846 -0.0051
vn 0.9959 0.0904 -0.0051
vn 0.9956 0.0934 -0.0000
vn 0.9951 0.0993 -0.0000
vn 0.9947 0.1022 0.0051
vn 0.9941 0.1081 0.0051
vn 0.9938 0.1111 0.0103
vn 0.9931 0.1169 0.0103
vn 0.9927 0.1199 0.0155
vn 0.9919 0.1258 0.0155
vn 0.9915 0.1287 0.0206
vn 0.9907 0.1346 0.0206
vn 0.9902 0.1375 0.0258
vn 0.9893 0.1434 0.0258
vn 0.9887 0.1464 0.0310
vn 0.9879 0.1523 0.0310
vn 0.9872 0.1552 0.0361
vn 0.9863 0.1611 0.0361
vn 0.9856 0.1640 0.0413
vn 0.9846 0.1698 0.0413
vn 0.9839 0.1727 0.0465
vn 0.9828 0.1786 0.0465
vn 0.9820 0.1815 0.0516
vn 0.9809 0.1873 0.0516
vn 0.9801 0.1902 0.0568
vn 0.9789 0.1961 0.0568
vn 0.9781 0.1989 0.0619
vn 0.9769 0.2048 0.0619
vn 0.9759 0.2076 0.0670
vn 0.9747 0.2134 0.0670
vn 0.9737 0.2162 0.0721
vn 0.9724 0.2220 0.0721
vn 0.9724 -0.1807 -0.1477
vn 0.9732 -0.1760 -0.1477
vn 0.9744 -0.1733 -0.1435
vn 0.9752 -0.1685 -0.1435
vn 0.9763 -0.1657 -0.1392
vn 0.9771 -0.1609 -0.1392
vn 0.9782 -0.1581 -0.1349
vn 0.9789 -0.1533 -0.1349
vn 0.9800 -0.1505 -0.1305
vn 0.9807 -0.1455 -0.1305
vn 0.9817 -0.1428 -0.1261
vn 0.9824 -0.1377 -0.1261
vn 0.9834 -0.1350 -0.1216
vn 0.9840 -0.1299 -0.1216
vn 0.9849 -0.1271 -0.1172
vn 0.9856 -0.1220 -0.1172
vn 0.9865 -0.1192 -0.1126
vn 0.9871 -0.1140 -0.1126
vn 0.9879 -0.1112 -0.1081
vn 0.9885 -0.1060 -0.1081
vn 0.9893 -0.1032 -0.1034
vn 0.9898 -0.0980 -0.1034
vn 0.9906 -0.0951 -0.0988
vn 0.9910 -0.0898 -0.0988
vn 0.9918 -0.0869 -0.0941
vn 0.9922 -0.0816 -0.0941
vn 0.9929 -0.0787 -0.0894
vn 0.9933 -0.0734 -0.0894
vn 0.9939 -0.0705 -0.0847
vn 0.9943 -0.0651 -0.0847
vn 0.9949 -0.0622 -0.0799
vn 0.9952 -0.0567 -0.0799
vn 0.9957 -0.0538 -0.0751
vn 0.9960 -0.0484 -0.0751
vn 0.9965 -0.0454 -0.0703
vn 0.9967 -0.0399 -0.0703
vn 0.9972 -0.0370 -0.0654
vn 0.9974 -0.0315 -0.0654
vn 0.9978 -0.0285 -0.0605
vn 0.9979 -0.0229 -0.0605
vn 0.9983 -0.0200 -0.0556
vn 0.9984 -0.0144 -0.0556
vn 0.9987 -0.0114 -0.0506
vn 0.9987 -0.0058 -0.0506
vn 0.9990 -0.0028 -0.0456
vn 0.9990 0.0028 -0.0456
vn 0.9992 0.0058 -0.0407
vn 0.9991 0.0115 -0.0407
vn 0.9993 0.0145 -0.0356
vn 0.9992 0.0202 -0.0356
vn 0.9993 0.0232 -0.0306
vn 0.9991 0.0289 -0.0306
vn 0.9992 0.0319 -0.0255
vn 0.9990 0.0376 -0.0255
vn 0.9990 0.0406 -0.0205
vn 0.9987 0.0464 -0.0205
vn 0.9987 0.0494 -0.0153
vn 0.9984 0.0552 -0.0153
vn 0.9983 0.0582 -0.0103
vn 0.9979 0.0640 -0.0103
vn 0.9977 0.0669 -0.0051
vn 0.9973 0.0728 -0.0051
vn 0.9971 0.0758 -0.0000
vn 0.9967 0.0816 -0.0000
vn 0.9964 0.0846 0.0051
vn 0.9959 0.0904 0.0051
vn 0.9956 0.0934 0.0103
vn 0.9950 0.0992 0.0103
vn 0.9946 0.1022 0.0155
vn 0.9940 0.1081 0.0155
vn 0.9936 0.1110 0.0206
vn 0.9929 0.1169 0.0206
vn 0.9925 0.1199 0.0258
vn 0.9917 0.1258 0.0258
vn 0.9912 0.1287 0.0309
vn 0.9904 0.1346 0.0309
vn 0.9898 0.1375 0.0361
vn 0.9890 0.1434 0.0361
vn 0.9884 0.1463 0.0413
vn 0.9875 0.1522 0.0413
vn 0.9868 0.1551 0.0465
vn 0.9859 0.1610 0.0464
vn 0.9851 0.1639 0.0516
vn 0.9841 0.1698 0.0516
vn 0.9833 0.1726 0.0568
vn 0.9823 0.1785 0.0568
vn 0.9815 0.1814 0.0619
vn 0.9804 0.1872 0.0619
vn 0.9795 0.1901 0.0670
vn 0.9783 0.1959 0.0670
vn 0.9774 0.1988 0.0722
vn 0.9762 0.2046 0.0722
vn 0.9752 0.2074 0.0773
vn 0.9739 0.2133 0.0773
vn 0.9729 0.2161 0.0824
vn 0.9726 -0.1837 -0.1426
vn 0.9737 -0.1810 -0.1384
vn 0.9746 -0.1762 -0.1384
vn 0.9757 -0.1735 -0.1341
vn 0.9765 -0.1687 -0.1341
vn 0.9776 -0.1659 -0.1298
vn 0.9784 -0.1611 -0.1298
vn 0.9794 -0.1583 -0.1254
vn 0.9802 -0.1534 -0.1254
vn 0.9812 -0.1507 -0.1210
vn 0.9819 -0.1457 -0.1210
vn 0.9829 -0.1429 -0.1165
vn 0.9836 -0.1379 -0.1165
vn 0.9845 -0.1351 -0.1120
vn 0.9852 -0.1301 -0.1120
vn 0.9860 -0.1272 -0.1075
vn 0.9867 -0.1221 -0.1075
vn 0.9875 -0.1193 -0.1029
vn 0.9881 -0.1142 -0.1029
vn 0.9889 -0.1113 -0.0983
vn 0.9895 -0.1061 -0.0983
vn 0.9902 -0.1033 -0.0937
vn 0.9908 -0.0980 -0.0937
vn 0.9915 -0.0952 -0.0890
vn 0.9920 -0.0899 -0.0890
vn 0.9926 -0.0870 -0.0843
vn 0.9931 -0.0817 -0.0843
vn 0.9937 -0.0788 -0.0795
vn 0.9941 -0.0735 -0.0795
vn 0.9947 -0.0705 -0.0748
vn 0.9951 -0.0651 -0.0748
vn 0.9956 -0.0622 -0.0700
vn 0.9959 -0.0568 -0.0700
vn 0.9964 -0.0539 -0.0651
vn 0.9967 -0.0484 -0.0651
vn 0.9971 -0.0455 -0.0603
vn 0.9974 -0.0399 -0.0603
vn 0.9978 -0.0370 -0.0554
vn 0.9980 -0.0315 -0.0554
vn 0.9983 -0.0285 -0.0504
vn 0.9985 -0.0230 -0.0504
vn 0.9988 -0.0200 -0.0455
vn 0.9989 -0.0144 -0.0455
vn 0.9991 -0.0114 -0.0405
vn 0.9992 -0.0058 -0.0405
vn 0.9994 -0.0028 -0.0355
vn 0.9994 0.0028 -0.0355
vn 0.9995 0.0058 -0.0305
vn 0.9995 0.0115 -0.0305
vn 0.9996 0.0145 -0.0255
vn 0.9995 0.0202 -0.0255
vn 0.9995 0.0232 -0.0204
vn 0.9994 0.0289 -0.0204
vn 0.9994 0.0319 -0.0153
vn 0.9992 0.0376 -0.0153
vn 0.9991 0.0406 -0.0102
vn 0.9989 0.0464 -0.0102
vn 0.9988 0.0494 -0.0051
vn 0.9985 0.0552 -0.0051
vn 0.9983 0.0582 -0.0000
vn 0.9980 0.0640 -0.0000
vn 0.9977 0.0669 0.0051
vn 0.9973 0.0728 0.0051
vn 0.9971 0.0757 0.0103
vn 0.9966 0.0816 0.0103
vn 0.9963 0.0845 0.0154
vn 0.9958 0.0904 0.0154
vn 0.9954 0.0934 0.0206
vn 0.9949 0.0992 0.0206
vn 0.9944 0.1022 0.0257
vn 0.9938 0.1081 0.0257
vn 0.9933 0.1110 0.0309
vn 0.9927 0.1169 0.0309
vn 0.9921 0.1198 0.0361
vn 0.9914 0.1257 0.0361
vn 0.9908 0.1286 0.0412
vn 0.9900 0.1345 0.0413
vn 0.9894 0.1374 0.0464
vn 0.9886 0.1433 0.0464
vn 0.9879 0.1462 0.0516
vn 0.9870 0.1521 0.0516
vn 0.9863 0.1550 0.0567
vn 0.9853 0.1609 0.0567
vn 0.9846 0.1638 0.0619
vn 0.9836 0.1697 0.0619
vn 0.9827 0.1725 0.0670
vn 0.9817 0.1784 0.0670
vn 0.9808 0.1813 0.0722
vn 0.9797 0.1871 0.0722
vn 0.9787 0.1899 0.0773
vn 0.9776 0.1958 0.0773
vn 0.9766 0.1986 0.0824
vn 0.9754 0.2045 0.0824
vn 0.9744 0.2073 0.0875
vn 0.9731 0.2131 0.0875
vn 0.9720 0.2159 0.0926
vn 0.9730 -0.1886 -0.1333
vn 0.9739 -0.1839 -0.1333
vn 0.9749 -0.1812 -0.1290
vn 0.9758 -0.1765 -0.1290
vn 0.9769 -0.1737 -0.1247
vn 0.9777 -0.1689 -0.1247
vn 0.9787 -0.1661 -0.1203
vn 0.9795 -0.1613 -0.1203
vn 0.9805 -0.1585 -0.1159
vn 0.9813 -0.1536 -0.1159
vn 0.9823 -0.1508 -0.1114
vn 0.9830 -0.1459 -0.1114
vn 0.9839 -0.1431 -0.1069
vn 0.9846 -0.1381 -0.1069
vn 0.9855 -0.1352 -0.1024
vn 0.9862 -0.1302 -0.1024
vn 0.9870 -0.1274 -0.0978
vn 0.9877 -0.1223 -0.0978
vn 0.9885 -0.1194 -0.0932
vn 0.9891 -0.1143 -0.0932
vn 0.9898 -0.1114 -0.0886
vn 0.9904 -0.1062 -0.0886
vn 0.9911 -0.1034 -0.0839
vn 0.9916 -0.0981 -0.0839
vn 0.9923 -0.0952 -0.0792
vn 0.9928 -0.0900 -0.0792
vn 0.9934 -0.0871 -0.0744
vn 0.9939 -0.0818 -0.0744
vn 0.9944 -0.0789 -0.0697
vn 0.9949 -0.0735 -0.0697
vn 0.9954 -0.0706 -0.0648
vn 0.9958 -0.0652 -0.0648
vn 0.9963 -0.0623 -0.0600
vn 0.9966 -0.0568 -0.0600
vn 0.9970 -0.0539 -0.0551
vn 0.9973 -0.0484 -0.0551
vn 0.9977 -0.0455 -0.0502
vn 0.9979 -0.0400 -0.0502
vn 0.9983 -0.0370 -0.0453
vn 0.9985 -0.0315 -0.0453
vn 0.9988 -0.0285 -0.0404
vn 0.9989 -0.0230 -0.0404
vn 0.9992 -0.0200 -0.0354
vn 0.9993 -0.0144 -0.0354
vn 0.9995 -0.0114 -0.0304
vn 0.9995 -0.0058 -0.0304
vn 0.9997 -0.0028 -0.0254
vn 0.9997 0.0028 -0.0254
vn 0.9998 0.0058 -0.0203
vn 0.9997 0.0115 -0.0203
vn 0.9998 0.0145 -0.0153
vn 0.9997 0.0202 -0.0153
vn 0.9997 0.0232 -0.0102
vn 0.9995 0.0289 -0.0102
vn 0.9995 0.0319 -0.0051
vn 0.9993 0.0376 -0.0051
vn 0.9992 0.0406 -0.0000
vn 0.9989 0.0464 -0.0000
vn 0.9988 0.0494 0.0051
vn 0.9985 0.0552 0.0051
vn 0.9983 0.0582 0.0102
vn 0.9979 0.0640 0.0102
vn 0.9976 0.0669 0.0154
vn 0.9972 0.0728 0.0154
vn 0.9969 0.0757 0.0205
vn 0.9965 0.0816 0.0205
vn 0.9961 0.0845 0.0257
vn 0.9956 0.0904 0.0257
vn 0.9952 0.0933 0.0309
vn 0.9946 0.0992 0.0309
vn 0.9941 0.1022 0.0360
vn 0.9935 0.1080 0.0360
vn 0.9930 0.1110 0.0412
vn 0.9923 0.1168 0.0412
vn 0.9917 0.1198 0.0464
vn 0.9910 0.1257 0.0464
vn 0.9904 0.1286 0.0515
vn 0.9896 0.1345 0.0515
vn 0.9889 0.1374 0.0567
vn 0.9881 0.1433 0.0567
vn 0.9873 0.1462 0.0619
vn 0.9864 0.1520 0.0619
vn 0.9857 0.1549 0.0670
vn 0.9847 0.1608 0.0670
vn 0.9839 0.1637 0.0722
vn 0.9829 0.1695 0.0722
vn 0.9820 0.1724 0.0773
vn 0.9809 0.1783 0.0773
vn 0.9800 0.1811 0.0824
vn 0.9789 0.1870 0.0824
vn 0.9779 0.1898 0.0875
vn 0.9768 0.1956 0.0875
vn 0.9757 0.1984 0.0926
vn 0.9745 0.2043 0.0926
vn 0.9734 0.2071 0.0977
vn 0.9722 0.2129 0.0977
vn 0.9721 -0.1962 -0.1282
vn 0.9731 -0.1916 -0.1282
vn 0.9742 -0.1889 -0.1239
vn 0.9750 -0.1842 -0.1239
vn 0.9761 -0.1814 -0.1196
vn 0.9770 -0.1767 -0.1196
vn 0.9780 -0.1739 -0.1152
vn 0.9788 -0.1691 -0.1152
vn 0.9798 -0.1663 -0.1108
vn 0.9806 -0.1615 -0.1108
vn 0.9816 -0.1587 -0.1063
vn 0.9824 -0.1538 -0.1063
vn 0.9833 -0.1510 -0.1018
vn 0.9840 -0.1460 -0.1018
vn 0.9849 -0.1432 -0.0973
vn 0.9856 -0.1382 -0.0973
vn 0.9864 -0.1354 -0.0927
vn 0.9871 -0.1303 -0.0927
vn 0.9879 -0.1275 -0.0881
vn 0.9886 -0.1224 -0.0881
vn 0.9893 -0.1195 -0.0835
vn 0.9899 -0.1144 -0.0835
vn 0.9906 -0.1115 -0.0788
vn 0.9912 -0.1063 -0.0788
vn 0.9919 -0.1034 -0.0741
vn 0.9924 -0.0982 -0.0741
vn 0.9930 -0.0953 -0.0694
vn 0.9935 -0.0901 -0.0694
vn 0.9941 -0.0871 -0.0646
vn 0.9946 -0.0818 -0.0646
vn 0.9951 -0.0789 -0.0597
vn 0.9955 -0.0735 -0.0597
vn 0.9960 -0.0706 -0.0549
vn 0.9964 -0.0652 -0.0549
vn 0.9968 -0.0623 -0.0500
vn 0.9971 -0.0569 -0.0500
vn 0.9975 -0.0539 -0.0451
vn 0.9978 -0.0485 -0.0451
vn 0.9982 -0.0455 -0.0402
vn 0.9984 -0.0400 -0.0402
vn 0.9987 -0.0370 -0.0353
vn 0.9989 -0.0315 -0.0353
vn 0.9991 -0.0285 -0.0303
vn 0.9993 -0.0230 -0.0303
vn 0.9995 -0.0200 -0.0253
vn 0.9996 -0.0144 -0.0253
vn 0.9997 -0.0114 -0.0203
vn 0.9998 -0.0058 -0.0203
vn 0.9999 -0.0028 -0.0152
vn 0.9999 0.0028 -0.0152
vn 0.9999 0.0058 -0.0102
vn 0.9999 0.0115 -0.0102
vn 0.9999 0.0145 -0.0051
vn 0.9998 0.0202 -0.0051
vn 0.9997 0.0232 -0.0000
vn 0.9996 0.0289 -0.0000
vn 0.9995 0.0319 0.0051
vn 0.9993 0.0376 0.0051
vn 0.9991 0.0406 0.0102
vn 0.9989 0.0464 0.0102
vn 0.9987 0.0494 0.0154
vn 0.9984 0.0552 0.0154
vn 0.9981 0.0581 0.0205
vn 0.9977 0.0640 0.0205
vn 0.9974 0.0669 0.0257
vn 0.9970 0.0727 0.0257
vn 0.9967 0.0757 0.0308
vn 0.9962 0.0816 0.0308
vn 0.9958 0.0845 0.0360
vn 0.9953 0.0904 0.0360
vn 0.9948 0.0933 0.0411
vn 0.9942 0.0992 0.0411
vn 0.9937 0.1021 0.0463
vn 0.9931 0.1080 0.0463
vn 0.9925 0.1109 0.0515
vn 0.9918 0.1168 0.0515
vn 0.9912 0.1197 0.0566
vn 0.9905 0.1256 0.0566
vn 0.9898 0.1285 0.0618
vn 0.9890 0.1344 0.0618
vn 0.9883 0.1373 0.0670
vn 0.9874 0.1432 0.0670
vn 0.9866 0.1460 0.0721
vn 0.9858 0.1519 0.0721
vn 0.9849 0.1548 0.0773
vn 0.9840 0.1607 0.0773
vn 0.9831 0.1635 0.0824
vn 0.9821 0.1694 0.0824
vn 0.9812 0.1722 0.0875
vn 0.9801 0.1781 0.0875
vn 0.9791 0.1809 0.0926
vn 0.9780 0.1868 0.0926
vn 0.9770 0.1896 0.0977
vn 0.9758 0.1955 0.0977
vn 0.9747 0.1982 0.1028
vn 0.9735 0.2041 0.1028
vn 0.9724 0.2068 0.1079
vn 0.9722 -0.1992 -0.1232
vn 0.9733 -0.1965 -0.1189
vn 0.9742 -0.1918 -0.1189
vn 0.9753 -0.1891 -0.1145
vn 0.9762 -0.1844 -0.1145
vn 0.9772 -0.1816 -0.1102
vn 0.9780 -0.1769 -0.1102
vn 0.9790 -0.1741 -0.1057
vn 0.9799 -0.1693 -0.1057
vn 0.9808 -0.1665 -0.1013
vn 0.9816 -0.1617 -0.1013
vn 0.9826 -0.1588 -0.0968
vn 0.9833 -0.1539 -0.0968
vn 0.9842 -0.1511 -0.0922
vn 0.9849 -0.1462 -0.0922
vn 0.9858 -0.1433 -0.0877
vn 0.9865 -0.1383 -0.0877
vn 0.9873 -0.1355 -0.0830
vn 0.9880 -0.1305 -0.0830
vn 0.9887 -0.1276 -0.0784
vn 0.9894 -0.1225 -0.0784
vn 0.9901 -0.1196 -0.0737
vn 0.9907 -0.1145 -0.0737
vn 0.9914 -0.1116 -0.0690
vn 0.9919 -0.1064 -0.0690
vn 0.9926 -0.1035 -0.0642
vn 0.9931 -0.0983 -0.0642
vn 0.9937 -0.0954 -0.0595
vn 0.9942 -0.0901 -0.0595
vn 0.9947 -0.0872 -0.0547
vn 0.9951 -0.0819 -0.0547
vn 0.9956 -0.0789 -0.0498
vn 0.9960 -0.0736 -0.0498
vn 0.9965 -0.0706 -0.0449
vn 0.9969 -0.0653 -0.0449
vn 0.9973 -0.0623 -0.0400
vn 0.9976 -0.0569 -0.0400
vn 0.9979 -0.0539 -0.0351
vn 0.9982 -0.0485 -0.0351
vn 0.9985 -0.0455 -0.0302
vn 0.9987 -0.0400 -0.0302
vn 0.9990 -0.0370 -0.0252
vn 0.9992 -0.0315 -0.0252
vn 0.9994 -0.0285 -0.0202
vn 0.9995 -0.0230 -0.0202
vn 0.9997 -0.0200 -0.0152
vn 0.9998 -0.0144 -0.0152
vn 0.9999 -0.0114 -0.0101
vn 0.9999 -0.0058 -0.0101
vn 1.0000 -0.0028 -0.0051
vn 1.0000 0.0028 -0.0051
vn 1.0000 0.0058 -0.0000
vn 0.9999 0.0115 -0.0000
vn 0.9999 0.0145 0.0051
vn 0.9998 0.0202 0.0051
vn 0.9997 0.0232 0.0102
vn 0.9995 0.0289 0.0102
vn 0.9994 0.0319 0.0153
vn 0.9992 0.0376 0.0153
vn 0.9990 0.0406 0.0205
vn 0.9987 0.0464 0.0205
vn 0.9985 0.0494 0.0256
vn 0.9981 0.0552 0.0256
vn 0.9978 0.0581 0.0307
vn 0.9975 0.0639 0.0307
vn 0.9971 0.0669 0.0359
vn 0.9967 0.0727 0.0359
vn 0.9963 0.0757 0.0411
vn 0.9958 0.0815 0.0411
vn 0.9954 0.0845 0.0462
vn 0.9948 0.0903 0.0462
vn 0.9943 0.0933 0.0514
vn 0.9937 0.0991 0.0514
vn 0.9932 0.1021 0.0566
vn 0.9925 0.1079 0.0566
vn 0.9919 0.1108 0.0617
vn 0.9912 0.1167 0.0617
vn 0.9906 0.1196 0.0669
vn 0.9898 0.1255 0.0669
vn 0.9891 0.1284 0.0720
vn 0.9883 0.1343 0.0720
vn 0.9875 0.1372 0.0772
vn 0.9867 0.1431 0.0772
vn 0.9859 0.1459 0.0823
vn 0.9850 0.1518 0.0823
vn 0.9841 0.1547 0.0875
vn 0.9831 0.1605 0.0875
vn 0.9822 0.1634 0.0926
vn 0.9812 0.1693 0.0926
vn 0.9802 0.1721 0.0977
vn 0.9792 0.1780 0.0977
vn 0.9781 0.1808 0.1028
vn 0.9770 0.1866 0.1028
vn 0.9760 0.1894 0.1079
vn 0.9748 0.1953 0.1079
vn 0.9737 0.1980 0.1130
vn 0.9725 0.2039 0.1130
vn 0.9723 -0.2040 -0.1138
vn 0.9733 -0.1994 -0.1138
vn 0.9743 -0.1967 -0.1095
vn 0.9753 -0.1920 -0.1095
vn 0.9763 -0.1893 -0.1051
vn 0.9772 -0.1846 -0.1051
vn 0.9782 -0.1818 -0.1007
vn 0.9790 -0.1771 -0.1007
vn 0.9800 -0.1743 -0.0962
vn 0.9808 -0.1695 -0.0962
vn 0.9817 -0.1667 -0.0917
vn 0.9826 -0.1618 -0.0917
vn 0.9834 -0.1590 -0.0872
vn 0.9842 -0.1541 -0.0872
vn 0.9850 -0.1512 -0.0826
vn 0.9858 -0.1463 -0.0826
vn 0.9866 -0.1434 -0.0780
vn 0.9873 -0.1385 -0.0780
vn 0.9880 -0.1356 -0.0733
vn 0.9887 -0.1306 -0.0733
vn 0.9894 -0.1277 -0.0686
vn 0.9901 -0.1226 -0.0686
vn 0.9908 -0.1197 -0.0639
vn 0.9914 -0.1146 -0.0639
vn 0.9920 -0.1117 -0.0592
vn 0.9926 -0.1065 -0.0592
vn 0.9931 -0.1036 -0.0544
vn 0.9937 -0.0983 -0.0544
vn 0.9942 -0.0954 -0.0496
vn 0.9947 -0.0902 -0.0496
vn 0.9952 -0.0872 -0.0447
vn 0.9956 -0.0819 -0.0447
vn 0.9961 -0.0790 -0.0399
vn 0.9965 -0.0736 -0.0399
vn 0.9969 -0.0707 -0.0350
vn 0.9973 -0.0653 -0.0350
vn 0.9976 -0.0623 -0.0300
vn 0.9979 -0.0569 -0.0300
vn 0.9982 -0.0539 -0.0251
vn 0.9985 -0.0485 -0.0251
vn 0.9988 -0.0455 -0.0201
vn 0.9990 -0.0400 -0.0201
vn 0.9992 -0.0370 -0.0151
vn 0.9994 -0.0315 -0.0151
vn 0.9995 -0.0286 -0.0101
vn 0.9997 -0.0230 -0.0101
vn 0.9998 -0.0200 -0.0051
vn 0.9999 -0.0144 -0.0051
vn 0.9999 -0.0114 -0.0000
vn 1.0000 -0.0058 -0.0000
vn 1.0000 -0.0028 0.0051
vn 1.0000 0.0028 0.0051
vn 0.9999 0.0058 0.0102
vn 0.9999 0.0115 0.0102
vn 0.9998 0.0145 0.0153
vn 0.9997 0.0202 0.0153
vn 0.9995 0.0232 0.0204
vn 0.9994 0.0289 0.0204
vn 0.9992 0.0319 0.0255
vn 0.9990 0.0376 0.0255
vn 0.9987 0.0406 0.0307
vn 0.9985 0.0464 0.0307
vn 0.9981 0.0493 0.0358
vn 0.9978 0.0551 0.0358
vn 0.9975 0.0581 0.0410
vn 0.9971 0.0639 0.0410
vn 0.9967 0.0669 0.0461
vn 0.9963 0.0727 0.0461
vn 0.9958 0.0756 0.0513
vn 0.9954 0.0815 0.0513
vn 0.9948 0.0844 0.0565
vn 0.9943 0.0903 0.0565
vn 0.9937 0.0932 0.0616
vn 0.9932 0.0991 0.0616
vn 0.9925 0.1020 0.0668
vn 0.9919 0.1079 0.0668
vn 0.9912 0.1108 0.0720
vn 0.9906 0.1167 0.0720
vn 0.9898 0.1195 0.0771
vn 0.9891 0.1254 0.0771
vn 0.9883 0.1283 0.0823
vn 0.9875 0.1342 0.0823
vn 0.9867 0.1371 0.0874
vn 0.9859 0.1429 0.0874
vn 0.9850 0.1458 0.0926
vn 0.9841 0.1517 0.0926
vn 0.9831 0.1545 0.0977
vn 0.9822 0.1604 0.0977
vn 0.9812 0.1632 0.1028
vn 0.9802 0.1691 0.1028
vn 0.9792 0.1719 0.1079
vn 0.9781 0.1778 0.1079
vn 0.9771 0.1805 0.1130
vn 0.9760 0.1864 0.1130
vn 0.9748 0.1892 0.1180
vn 0.9737 0.1950 0.1180
vn 0.9725 0.1978 0.1231
vn 0.9723 -0.2070 -0.1088
vn 0.9733 -0.2042 -0.1045
vn 0.9743 -0.1996 -0.1045
vn 0.9753 -0.1969 -0.1001
vn 0.9762 -0.1922 -0.1001
vn 0.9772 -0.1894 -0.0956
vn 0.9781 -0.1848 -0.0956
vn 0.9791 -0.1820 -0.0912
vn 0.9799 -0.1772 -0.0912
vn 0.9809 -0.1744 -0.0867
vn 0.9817 -0.1696 -0.0867
vn 0.9826 -0.1668 -0.0821
vn 0.9834 -0.1619 -0.0821
vn 0.9842 -0.1591 -0.0775
vn 0.9850 -0.1542 -0.0775
vn 0.9858 -0.1513 -0.0729
vn 0.9865 -0.1464 -0.0729
vn 0.9873 -0.1435 -0.0683
vn 0.9880 -0.1386 -0.0683
vn 0.9887 -0.1357 -0.0636
vn 0.9894 -0.1306 -0.0636
vn 0.9901 -0.1277 -0.0589
vn 0.9907 -0.1227 -0.0589
vn 0.9913 -0.1197 -0.0541
vn 0.9919 -0.1146 -0.0541
vn 0.9925 -0.1117 -0.0494
vn 0.9931 -0.1065 -0.0494
vn 0.9936 -0.1036 -0.0445
vn 0.9941 -0.0984 -0.0445
vn 0.9946 -0.0954 -0.0397
vn 0.9951 -0.0902 -0.0397
vn 0.9956 -0.0873 -0.0348
vn 0.9960 -0.0820 -0.0348
vn 0.9964 -0.0790 -0.0299
vn 0.9968 -0.0737 -0.0299
vn 0.9972 -0.0707 -0.0250
vn 0.9976 -0.0653 -0.0250
vn 0.9979 -0.0624 -0.0200
vn 0.9982 -0.0569 -0.0200
vn 0.9984 -0.0540 -0.0151
vn 0.9987 -0.0485 -0.0151
vn 0.9989 -0.0455 -0.0101
vn 0.9991 -0.0400 -0.0101
vn 0.9993 -0.0371 -0.0050
vn 0.9995 -0.0315 -0.0050
vn 0.9996 -0.0285 -0.0000
vn 0.9997 -0.0230 -0.0000
vn 0.9998 -0.0200 0.0050
vn 0.9999 -0.0144 0.0050
vn 0.9999 -0.0114 0.0101
vn 0.9999 -0.0058 0.0101
vn 0.9999 -0.0028 0.0152
vn 0.9999 0.0028 0.0152
vn 0.9998 0.0058 0.0203
vn 0.9997 0.0115 0.0203
vn 0.9996 0.0145 0.0255
vn 0.9995 0.0202 0.0255
vn 0.9993 0.0232 0.0306
vn 0.9991 0.0289 0.0306
vn 0.9989 0.0319 0.0357
vn 0.9987 0.0376 0.0357
vn 0.9983 0.0406 0.0409
vn 0.9981 0.0464 0.0409
vn 0.9977 0.0493 0.0460
vn 0.9974 0.0551 0.0460
vn 0.9970 0.0581 0.0512
vn 0.9966 0.0639 0.0512
vn 0.9962 0.0668 0.0564
vn 0.9958 0.0727 0.0564
vn 0.9952 0.0756 0.0615
vn 0.9948 0.0814 0.0615
vn 0.9942 0.0844 0.0667
vn 0.9937 0.0902 0.0667
vn 0.9931 0.0931 0.0719
vn 0.9925 0.0990 0.0719
vn 0.9918 0.1019 0.0770
vn 0.9912 0.1078 0.0770
vn 0.9905 0.1107 0.0822
vn 0.9898 0.1166 0.0822
vn 0.9890 0.1194 0.0873
vn 0.9883 0.1253 0.0873
vn 0.9874 0.1282 0.0925
vn 0.9866 0.1341 0.0925
vn 0.9858 0.1369 0.0976
vn 0.9849 0.1428 0.0976
vn 0.9840 0.1456 0.1027
vn 0.9831 0.1515 0.1027
vn 0.9821 0.1543 0.1079
vn 0.9812 0.1602 0.1079
vn 0.9801 0.1630 0.1130
vn 0.9791 0.1689 0.1130
vn 0.9781 0.1717 0.1180
vn 0.9770 0.1776 0.1180
vn 0.9759 0.1803 0.1231
vn 0.9748 0.1862 0.1231
vn 0.9736 0.1889 0.1282
vn 0.9724 0.1948 0.1282
vn 0.9723 -0.2117 -0.0994
vn 0.9732 -0.2072 -0.0994
vn 0.9743 -0.2044 -0.0950
vn 0.9752 -0.1998 -0.0950
vn 0.9762 -0.1970 -0.0906
vn 0.9771 -0.1924 -0.0906
vn 0.9781 -0.1896 -0.0862
vn 0.9790 -0.1849 -0.0862
vn 0.9799 -0.1821 -0.0816
vn 0.9808 -0.1774 -0.0816
vn 0.9816 -0.1745 -0.0771
vn 0.9825 -0.1698 -0.0771
vn 0.9833 -0.1669 -0.0725
vn 0.9841 -0.1621 -0.0725
vn 0.9849 -0.1592 -0.0679
vn 0.9857 -0.1543 -0.0679
vn 0.9864 -0.1514 -0.0632
vn 0.9872 -0.1465 -0.0632
vn 0.9879 -0.1436 -0.0586
vn 0.9886 -0.1386 -0.0586
vn 0.9893 -0.1357 -0.0538
vn 0.9900 -0.1307 -0.0538
vn 0.9906 -0.1278 -0.0491
vn 0.9912 -0.1227 -0.0491
vn 0.9918 -0.1198 -0.0443
vn 0.9924 -0.1147 -0.0443
vn 0.9930 -0.1118 -0.0395
vn 0.9935 -0.1066 -0.0395
vn 0.9940 -0.1037 -0.0346
vn 0.9945 -0.0984 -0.0346
vn 0.9950 -0.0955 -0.0298
vn 0.9955 -0.0902 -0.0298
vn 0.9959 -0.0873 -0.0249
vn 0.9963 -0.0820 -0.0249
vn 0.9967 -0.0790 -0.0199
vn 0.9971 -0.0737 -0.0199
vn 0.9974 -0.0707 -0.0150
vn 0.9978 -0.0653 -0.0150
vn 0.9980 -0.0624 -0.0100
vn 0.9983 -0.0569 -0.0100
vn 0.9985 -0.0540 -0.0050
vn 0.9988 -0.0485 -0.0050
vn 0.9990 -0.0455 -0.0000
vn 0.9992 -0.0400 -0.0000
vn 0.9993 -0.0370 0.0050
vn 0.9995 -0.0315 0.0050
vn 0.9995 -0.0285 0.0101
vn 0.9997 -0.0230 0.0101
vn 0.9997 -0.0200 0.0152
vn 0.9998 -0.0144 0.0152
vn 0.9997 -0.0114 0.0203
vn 0.9998 -0.0058 0.0203
vn 0.9997 -0.0028 0.0254
vn 0.9997 0.0028 0.0254
vn 0.9995 0.0058 0.0305
vn 0.9995 0.0115 0.0305
vn 0.9993 0.0145 0.0356
vn 0.9992 0.0202 0.0356
vn 0.9989 0.0231 0.0408
vn 0.9988 0.0289 0.0408
vn 0.9984 0.0319 0.0459
vn 0.9982 0.0376 0.0459
vn 0.9979 0.0406 0.0511
vn 0.9976 0.0463 0.0511
vn 0.9972 0.0493 0.0562
vn 0.9969 0.0551 0.0562
vn 0.9964 0.0580 0.0614
vn 0.9961 0.0639 0.0614
vn 0.9955 0.0668 0.0666
vn 0.9951 0.0726 0.0666
vn 0.9946 0.0755 0.0717
vn 0.9941 0.0814 0.0717
vn 0.9935 0.0843 0.0769
vn 0.9930 0.0902 0.0769
vn 0.9923 0.0931 0.0821
vn 0.9917 0.0989 0.0821
vn 0.9910 0.1018 0.0872
vn 0.9903 0.1077 0.0872
vn 0.9896 0.1106 0.0924
vn 0.9889 0.1165 0.0924
vn 0.9881 0.1193 0.0975
vn 0.9873 0.1252 0.0975
vn 0.9864 0.1281 0.1027
vn 0.9857 0.1339 0.1027
vn 0.9847 0.1368 0.1078
vn 0.9839 0.1427 0.1078
vn 0.9829 0.1455 0.1129
vn 0.9820 0.1514 0.1129
vn 0.9810 0.1542 0.1180
vn 0.9800 0.1601 0.1180
vn 0.9789 0.1628 0.1231
vn 0.9780 0.1687 0.1231
vn 0.9768 0.1715 0.1281
vn 0.9758 0.1774 0.1281
vn 0.9746 0.1801 0.1332
vn 0.9735 0.1860 0.1332
vn 0.9723 0.1887 0.1382
vn 0.9721 -0.2147 -0.0944
vn 0.9731 -0.2119 -0.0900
vn 0.9741 -0.2074 -0.0900
vn 0.9751 -0.2046 -0.0856
vn 0.9760 -0.2000 -0.0856
vn 0.9770 -0.1972 -0.0811
vn 0.9779 -0.1926 -0.0811
vn 0.9788 -0.1898 -0.0766
vn 0.9797 -0.1851 -0.0766
vn 0.9806 -0.1822 -0.0721
vn 0.9815 -0.1775 -0.0721
vn 0.9823 -0.1747 -0.0675
vn 0.9831 -0.1699 -0.0675
vn 0.9839 -0.1670 -0.0629
vn 0.9848 -0.1622 -0.0629
vn 0.9855 -0.1593 -0.0582
vn 0.9863 -0.1544 -0.0582
vn 0.9870 -0.1515 -0.0536
vn 0.9877 -0.1466 -0.0536
vn 0.9884 -0.1437 -0.0488
vn 0.9891 -0.1387 -0.0488
vn 0.9898 -0.1358 -0.0441
vn 0.9904 -0.1308 -0.0441
vn 0.9910 -0.1279 -0.0393
vn 0.9917 -0.1228 -0.0393
vn 0.9922 -0.1198 -0.0345
vn 0.9928 -0.1147 -0.0345
vn 0.9933 -0.1118 -0.0296
vn 0.9939 -0.1066 -0.0296
vn 0.9943 -0.1037 -0.0248
vn 0.9948 -0.0985 -0.0248
vn 0.9952 -0.0955 -0.0199
vn 0.9957 -0.0902 -0.0199
vn 0.9961 -0.0873 -0.0149
vn 0.9965 -0.0820 -0.0149
vn 0.9968 -0.0790 -0.0100
vn 0.9972 -0.0737 -0.0100
vn 0.9975 -0.0707 -0.0050
vn 0.9979 -0.0653 -0.0050
vn 0.9981 -0.0624 -0.0000
vn 0.9984 -0.0569 -0.0000
vn 0.9985 -0.0540 0.0050
vn 0.9988 -0.0485 0.0050
vn 0.9989 -0.0455 0.0101
vn 0.9991 -0.0400 0.0101
vn 0.9992 -0.0370 0.0151
vn 0.9994 -0.0315 0.0151
vn 0.9994 -0.0285 0.0202
vn 0.9995 -0.0230 0.0202
vn 0.9995 -0.0200 0.0253
vn 0.9996 -0.0144 0.0253
vn 0.9995 -0.0114 0.0304
vn 0.9995 -0.0058 0.0304
vn 0.9994 -0.0028 0.0355
vn 0.9994 0.0028 0.0355
vn 0.9992 0.0058 0.0406
vn 0.9991 0.0115 0.0406
vn 0.9988 0.0145 0.0458
vn 0.9987 0.0202 0.0458
vn 0.9984 0.0231 0.0509
vn 0.9983 0.0289 0.0509
vn 0.9979 0.0318 0.0561
vn 0.9977 0.0376 0.0561
vn 0.9973 0.0405 0.0613
vn 0.9970 0.0463 0.0613
vn 0.9966 0.0493 0.0664
vn 0.9963 0.0551 0.0664
vn 0.9957 0.0580 0.0716
vn 0.9954 0.0638 0.0716
vn 0.9948 0.0667 0.0768
vn 0.9944 0.0726 0.0768
vn 0.9938 0.0755 0.0819
vn 0.9933 0.0813 0.0819
vn 0.9926 0.0842 0.0871
vn 0.9921 0.0901 0.0871
vn 0.9914 0.0930 0.0923
vn 0.9908 0.0989 0.0923
vn 0.9900 0.1017 0.0974
vn 0.9894 0.1076 0.0974
vn 0.9886 0.1105 0.1025
vn 0.9879 0.1163 0.1025
vn 0.9870 0.1192 0.1077
vn 0.9863 0.1251 0.1077
vn 0.9853 0.1279 0.1128
vn 0.9846 0.1338 0.1128
vn 0.9836 0.1366 0.1179
vn 0.9827 0.1425 0.1179
vn 0.9817 0.1453 0.1230
vn 0.9808 0.1512 0.1230
vn 0.9797 0.1540 0.1281
vn 0.9788 0.1599 0.1281
vn 0.9777 0.1626 0.1331
vn 0.9767 0.1685 0.1331
vn 0.9755 0.1712 0.1382
vn 0.9744 0.1771 0.1382
vn 0.9732 0.1798 0.1432
vn 0.9721 0.1857 0.1432
vn 0.9719 -0.2193 -0.0851
vn 0.9729 -0.2149 -0.0851
vn 0.9739 -0.2121 -0.0806
vn 0.9749 -0.2075 -0.0806
vn 0.9758 -0.2047 -0.0762
vn 0.9768 -0.2002 -0.0762
vn 0.9777 -0.1973 -0.0717
vn 0.9786 -0.1927 -0.0717
vn 0.9795 -0.1899 -0.0671
vn 0.9804 -0.1852 -0.0671
vn 0.9812 -0.1824 -0.0625
vn 0.9821 -0.1776 -0.0625
vn 0.9829 -0.1748 -0.0579
vn 0.9837 -0.1700 -0.0579
vn 0.9845 -0.1671 -0.0532
vn 0.9853 -0.1623 -0.0532
vn 0.9860 -0.1594 -0.0486
vn 0.9868 -0.1545 -0.0486
vn 0.9875 -0.1516 -0.0438
vn 0.9882 -0.1467 -0.0438
vn 0.9888 -0.1438 -0.0391
vn 0.9896 -0.1388 -0.0391
vn 0.9901 -0.1359 -0.0343
vn 0.9908 -0.1308 -0.0343
vn 0.9913 -0.1279 -0.0295
vn 0.9920 -0.1228 -0.0295
vn 0.9925 -0.1199 -0.0246
vn 0.9931 -0.1148 -0.0246
vn 0.9935 -0.1118 -0.0198
vn 0.9941 -0.1067 -0.0198
vn 0.9945 -0.1037 -0.0149
vn 0.9950 -0.0985 -0.0149
vn 0.9954 -0.0955 -0.0099
vn 0.9959 -0.0903 -0.0099
vn 0.9962 -0.0873 -0.0050
vn 0.9966 -0.0820 -0.0050
vn 0.9969 -0.0790 -0.0000
vn 0.9973 -0.0737 -0.0000
vn 0.9975 -0.0707 0.0050
vn 0.9978 -0.0654 0.0050
vn 0.9980 -0.0624 0.0100
vn 0.9983 -0.0569 0.0100
vn 0.9984 -0.0540 0.0151
vn 0.9987 -0.0485 0.0151
vn 0.9988 -0.0455 0.0201
vn 0.9990 -0.0400 0.0201
vn 0.9990 -0.0371 0.0252
vn 0.9992 -0.0315 0.0252
vn 0.9991 -0.0285 0.0303
vn 0.9993 -0.0230 0.0303
vn 0.9992 -0.0200 0.0354
vn 0.9993 -0.0144 0.0354
vn 0.9991 -0.0114 0.0405
vn 0.9992 -0.0058 0.0405
vn 0.9990 -0.0028 0.0456
vn 0.9990 0.0028 0.0456
vn 0.9987 0.0058 0.0508
vn 0.9986 0.0115 0.0508
vn 0.9983 0.0145 0.0559
vn 0.9982 0.0202 0.0559
vn 0.9979 0.0231 0.0611
vn 0.9977 0.0289 0.0611
vn 0.9973 0.0318 0.0662
vn 0.9971 0.0376 0.0662
vn 0.9966 0.0405 0.0714
vn 0.9964 0.0463 0.0714
vn 0.9958 0.0492 0.0766
vn 0.9955 0.0550 0.0766
vn 0.9950 0.0580 0.0817
vn 0.9946 0.0638 0.0817
vn 0.9940 0.0667 0.0869
vn 0.9936 0.0725 0.0869
vn 0.9929 0.0754 0.0921
vn 0.9924 0.0813 0.0921
vn 0.9917 0.0841 0.0972
vn 0.9912 0.0900 0.0972
vn 0.9904 0.0929 0.1024
vn 0.9898 0.0988 0.1024
vn 0.9890 0.1016 0.1075
vn 0.9884 0.1075 0.1075
vn 0.9875 0.1103 0.1127
vn 0.9868 0.1162 0.1127
vn 0.9859 0.1190 0.1178
vn 0.9851 0.1249 0.1178
vn 0.9842 0.1278 0.1229
vn 0.9834 0.1336 0.1229
vn 0.9823 0.1364 0.1280
vn 0.9815 0.1423 0.1280
vn 0.9804 0.1451 0.1331
vn 0.9795 0.1510 0.1331
vn 0.9784 0.1538 0.1382
vn 0.9775 0.1596 0.1382
vn 0.9763 0.1624 0.1432
vn 0.9753 0.1683 0.1432
vn 0.9741 0.1710 0.1482
vn 0.9730 0.1769 0.1482
vn 0.9717 -0.2223 -0.0801
vn 0.9727 -0.2195 -0.0757
vn 0.9737 -0.2150 -0.0757
vn 0.9746 -0.2122 -0.0712
vn 0.9756 -0.2077 -0.0712
vn 0.9765 -0.2049 -0.0667
vn 0.9775 -0.2003 -0.0667
vn 0.9783 -0.1975 -0.0621
vn 0.9793 -0.1928 -0.0621
vn 0.9801 -0.1900 -0.0576
vn 0.9810 -0.1853 -0.0576
vn 0.9818 -0.1825 -0.0529
vn 0.9827 -0.1777 -0.0529
vn 0.9834 -0.1748 -0.0483
vn 0.9842 -0.1701 -0.0483
vn 0.9850 -0.1672 -0.0436
vn 0.9858 -0.1623 -0.0436
vn 0.9864 -0.1594 -0.0389
vn 0.9872 -0.1546 -0.0389
vn 0.9878 -0.1517 -0.0341
vn 0.9886 -0.1467 -0.0341
vn 0.9892 -0.1438 -0.0293
vn 0.9899 -0.1388 -0.0293
vn 0.9904 -0.1359 -0.0245
vn 0.9911 -0.1309 -0.0245
vn 0.9916 -0.1279 -0.0197
vn 0.9922 -0.1229 -0.0197
vn 0.9927 -0.1199 -0.0148
vn 0.9933 -0.1148 -0.0148
vn 0.9937 -0.1118 -0.0099
vn 0.9942 -0.1067 -0.0099
vn 0.9946 -0.1037 -0.0049
vn 0.9951 -0.0985 -0.0049
vn 0.9954 -0.0955 -0.0000
vn 0.9959 -0.0903 -0.0000
vn 0.9962 -0.0873 0.0050
vn 0.9966 -0.0820 0.0050
vn 0.9968 -0.0790 0.0100
vn 0.9972 -0.0737 0.0100
vn 0.9974 -0.0707 0.0150
vn 0.9978 -0.0653 0.0150
vn 0.9979 -0.0623 0.0200
vn 0.9982 -0.0569 0.0200
vn 0.9982 -0.0540 0.0251
vn 0.9985 -0.0485 0.0251
vn 0.9985 -0.0455 0.0302
vn 0.9987 -0.0400 0.0302
vn 0.9987 -0.0370 0.0353
vn 0.9989 -0.0315 0.0353
vn 0.9988 -0.0285 0.0404
vn 0.9989 -0.0230 0.0404
vn 0.9988 -0.0200 0.0455
vn 0.9989 -0.0144 0.0455
vn 0.9987 -0.0114 0.0506
vn 0.9987 -0.0058 0.0506
vn 0.9984 -0.0028 0.0558
vn 0.9984 0.0028 0.0558
vn 0.9981 0.0058 0.0609
vn 0.9981 0.0115 0.0609
vn 0.9977 0.0144 0.0661
vn 0.9976 0.0202 0.0661
vn 0.9972 0.0231 0.0712
vn 0.9970 0.0288 0.0712
vn 0.9966 0.0318 0.0764
vn 0.9964 0.0376 0.0764
vn 0.9958 0.0405 0.0816
vn 0.9956 0.0462 0.0816
vn 0.9950 0.0492 0.0867
vn 0.9947 0.0550 0.0867
vn 0.9941 0.0579 0.0919
vn 0.9937 0.0637 0.0919
vn 0.9930 0.0666 0.0971
vn 0.9926 0.0724 0.0970
vn 0.9919 0.0753 0.1022
vn 0.9914 0.0812 0.1022
vn 0.9907 0.0841 0.1074
vn 0.9901 0.0899 0.1074
vn 0.9893 0.0928 0.1125
vn 0.9887 0.0986 0.1125
vn 0.9879 0.1015 0.1176
vn 0.9872 0.1074 0.1176
vn 0.9863 0.1102 0.1228
vn 0.9856 0.1161 0.1228
vn 0.9846 0.1189 0.1279
vn 0.9839 0.1248 0.1279
vn 0.9829 0.1276 0.1330
vn 0.9821 0.1335 0.1330
vn 0.9810 0.1362 0.1381
vn 0.9802 0.1421 0.1381
vn 0.9790 0.1449 0.1431
vn 0.9782 0.1508 0.1431
vn 0.9770 0.1535 0.1482
vn 0.9760 0.1594 0.1482
vn 0.9748 0.1621 0.1532
vn 0.9738 0.1680 0.1532
vn 0.9725 0.1707 0.1582
vn 0.9724 -0.2225 -0.0707
vn 0.9733 -0.2196 -0.0663
vn 0.9743 -0.2152 -0.0663
vn 0.9752 -0.2123 -0.0617
vn 0.9762 -0.2078 -0.0617
vn 0.9771 -0.2050 -0.0572
vn 0.9780 -0.2004 -0.0572
vn 0.9789 -0.1976 -0.0526
vn 0.9798 -0.1930 -0.0526
vn 0.9806 -0.1901 -0.0480
vn 0.9815 -0.1854 -0.0480
vn 0.9822 -0.1825 -0.0433
vn 0.9831 -0.1778 -0.0433
vn 0.9838 -0.1749 -0.0386
vn 0.9847 -0.1701 -0.0386
vn 0.9853 -0.1673 -0.0339
vn 0.9861 -0.1624 -0.0339
vn 0.9868 -0.1595 -0.0292
vn 0.9875 -0.1546 -0.0292
vn 0.9881 -0.1517 -0.0244
vn 0.9889 -0.1468 -0.0244
vn 0.9894 -0.1438 -0.0195
vn 0.9901 -0.1389 -0.0195
vn 0.9906 -0.1359 -0.0147
vn 0.9913 -0.1309 -0.0147
vn 0.9917 -0.1279 -0.0098
vn 0.9924 -0.1229 -0.0098
vn 0.9928 -0.1199 -0.0049
vn 0.9934 -0.1148 -0.0049
vn 0.9937 -0.1118 -0.0000
vn 0.9943 -0.1067 -0.0000
vn 0.9946 -0.1037 0.0049
vn 0.9951 -0.0985 0.0049
vn 0.9954 -0.0955 0.0099
vn 0.9959 -0.0903 0.0099
vn 0.9961 -0.0873 0.0149
vn 0.9965 -0.0820 0.0149
vn 0.9967 -0.0790 0.0199
vn 0.9971 -0.0737 0.0199
vn 0.9972 -0.0707 0.0250
vn 0.9976 -0.0653 0.0250
vn 0.9976 -0.0623 0.0300
vn 0.9979 -0.0569 0.0300
vn 0.9979 -0.0539 0.0351
vn 0.9982 -0.0485 0.0351
vn 0.9982 -0.0455 0.0402
vn 0.9984 -0.0400 0.0402
vn 0.9983 -0.0370 0.0453
vn 0.9985 -0.0315 0.0453
vn 0.9983 -0.0285 0.0504
vn 0.9985 -0.0230 0.0504
vn 0.9983 -0.0200 0.0556
vn 0.9984 -0.0144 0.0556
vn 0.9981 -0.0114 0.0607
vn 0.9981 -0.0058 0.0607
vn 0.9978 -0.0028 0.0659
vn 0.9978 0.0028 0.0659
vn 0.9975 0.0058 0.0710
vn 0.9974 0.0115 0.0710
vn 0.9970 0.0144 0.0762
vn 0.9969 0.0201 0.0762
vn 0.9964 0.0231 0.0813
vn 0.9963 0.0288 0.0813
vn 0.9957 0.0318 0.0865
vn 0.9955 0.0375 0.0865
vn 0.9950 0.0405 0.0917
vn 0.9947 0.0462 0.0917
vn 0.9941 0.0491 0.0968
vn 0.9938 0.0549 0.0968
vn 0.9931 0.0578 0.1020
vn 0.9927 0.0637 0.1020
vn 0.9920 0.0665 0.1071
vn 0.9916 0.0724 0.1071
vn 0.9908 0.0752 0.1123
vn 0.9904 0.0811 0.1123
vn 0.9895 0.0840 0.1174
vn 0.9890 0.0898 0.1174
vn 0.9881 0.0927 0.1226
vn 0.9876 0.0985 0.1226
vn 0.9866 0.1014 0.1277
vn 0.9860 0.1072 0.1277
vn 0.9850 0.1101 0.1328
vn 0.9843 0.1159 0.1328
vn 0.9833 0.1187 0.1379
vn 0.9826 0.1246 0.1379
vn 0.9815 0.1274 0.1430
vn 0.9807 0.1333 0.1430
vn 0.9796 0.1360 0.1481
vn 0.9787 0.1419 0.1481
vn 0.9776 0.1447 0.1531
vn 0.9767 0.1506 0.1531
vn 0.9754 0.1533 0.1581
vn 0.9745 0.1592 0.1581
vn 0.9732 0.1619 0.1631
vn 0.9722 0.1677 0.1631
vn 0.9720 -0.2270 -0.0613
vn 0.9730 -0.2226 -0.0613
vn 0.9739 -0.2198 -0.0568
vn 0.9749 -0.2153 -0.0568
vn 0.9758 -0.2125 -0.0523
vn 0.9767 -0.2079 -0.0523
vn 0.9776 -0.2051 -0.0477
vn 0.9785 -0.2005 -0.0477
vn 0.9793 -0.1977 -0.0431
vn 0.9802 -0.1931 -0.0431
vn 0.9810 -0.1902 -0.0384
vn 0.9819 -0.1855 -0.0384
vn 0.9826 -0.1826 -0.0337
vn 0.9835 -0.1779 -0.0337
vn 0.9841 -0.1750 -0.0290
vn 0.9850 -0.1702 -0.0290
vn 0.9856 -0.1673 -0.0242
vn 0.9864 -0.1625 -0.0242
vn 0.9870 -0.1595 -0.0194
vn 0.9878 -0.1547 -0.0194
vn 0.9883 -0.1517 -0.0146
vn 0.9891 -0.1468 -0.0146
vn 0.9895 -0.1439 -0.0098
vn 0.9903 -0.1389 -0.0098
vn 0.9907 -0.1359 -0.0049
vn 0.9914 -0.1309 -0.0049
vn 0.9918 -0.1280 -0.0000
vn 0.9924 -0.1229 -0.0000
vn 0.9928 -0.1199 0.0049
vn 0.9934 -0.1148 0.0049
vn 0.9937 -0.1118 0.0099
vn 0.9942 -0.1067 0.0099
vn 0.9945 -0.1037 0.0149
vn 0.9950 -0.0985 0.0149
vn 0.9952 -0.0955 0.0199
vn 0.9957 -0.0903 0.0199
vn 0.9959 -0.0873 0.0249
vn 0.9963 -0.0820 0.0249
vn 0.9964 -0.0790 0.0299
vn 0.9968 -0.0737 0.0299
vn 0.9969 -0.0707 0.0350
vn 0.9973 -0.0653 0.0350
vn 0.9973 -0.0623 0.0401
vn 0.9976 -0.0569 0.0401
vn 0.9975 -0.0539 0.0451
vn 0.9978 -0.0485 0.0451
vn 0.9977 -0.0455 0.0502
vn 0.9979 -0.0400 0.0502
vn 0.9978 -0.0370 0.0554
vn 0.9980 -0.0315 0.0554
vn 0.9978 -0.0285 0.0605
vn 0.9979 -0.0229 0.0605
vn 0.9976 -0.0200 0.0656
vn 0.9977 -0.0144 0.0656
vn 0.9974 -0.0114 0.0708
vn 0.9975 -0.0058 0.0708
vn 0.9971 -0.0028 0.0759
vn 0.9971 0.0028 0.0759
vn 0.9967 0.0058 0.0811
vn 0.9966 0.0115 0.0811
vn 0.9962 0.0144 0.0863
vn 0.9961 0.0201 0.0863
vn 0.9955 0.0231 0.0914
vn 0.9954 0.0288 0.0914
vn 0.9948 0.0317 0.0966
vn 0.9946 0.0375 0.0966
vn 0.9940 0.0404 0.1018
vn 0.9937 0.0462 0.1018
vn 0.9931 0.0491 0.1069
vn 0.9928 0.0549 0.1069
vn 0.9920 0.0578 0.1121
vn 0.9917 0.0636 0.1121
vn 0.9909 0.0665 0.1172
vn 0.9905 0.0723 0.1172
vn 0.9896 0.0752 0.1224
vn 0.9892 0.0810 0.1224
vn 0.9883 0.0839 0.1275
vn 0.9878 0.0897 0.1275
vn 0.9868 0.0925 0.1326
vn 0.9863 0.0984 0.1326
vn 0.9853 0.1012 0.1377
vn 0.9847 0.1071 0.1377
vn 0.9836 0.1099 0.1428
vn 0.9830 0.1158 0.1428
vn 0.9819 0.1186 0.1479
vn 0.9811 0.1244 0.1479
vn 0.9800 0.1272 0.1530
vn 0.9792 0.1331 0.1530
vn 0.9781 0.1358 0.1580
vn 0.9772 0.1417 0.1580
vn 0.9760 0.1444 0.1630
vn 0.9751 0.1503 0.1630
vn 0.9738 0.1530 0.1680
vn 0.9729 0.1589 0.1680
vn 0.9716 -0.2299 -0.0565
vn 0.9725 -0.2271 -0.0519
vn 0.9735 -0.2227 -0.0519
vn 0.9744 -0.2199 -0.0474
vn 0.9754 -0.2154 -0.0474
vn 0.9762 -0.2125 -0.0428
vn 0.9772 -0.2080 -0.0428
vn 0.9780 -0.2052 -0.0382
vn 0.9789 -0.2006 -0.0382
vn 0.9797 -0.1977 -0.0335
vn 0.9806 -0.1931 -0.0335
vn 0.9813 -0.1902 -0.0288
vn 0.9822 -0.1856 -0.0288
vn 0.9829 -0.1826 -0.0241
vn 0.9837 -0.1779 -0.0241
vn 0.9844 -0.1750 -0.0193
vn 0.9852 -0.1702 -0.0193
vn 0.9858 -0.1673 -0.0145
vn 0.9866 -0.1625 -0.0145
vn 0.9871 -0.1596 -0.0097
vn 0.9879 -0.1547 -0.0097
vn 0.9884 -0.1517 -0.0049
vn 0.9892 -0.1468 -0.0049
vn 0.9896 -0.1439 -0.0000
vn 0.9903 -0.1389 -0.0000
vn 0.9907 -0.1359 0.0049
vn 0.9914 -0.1309 0.0049
vn 0.9917 -0.1280 0.0098
vn 0.9924 -0.1229 0.0098
vn 0.9927 -0.1199 0.0148
vn 0.9933 -0.1148 0.0148
vn 0.9935 -0.1118 0.0198
vn 0.9941 -0.1066 0.0198
vn 0.9943 -0.1037 0.0248
vn 0.9948 -0.0985 0.0248
vn 0.9950 -0.0955 0.0298
vn 0.9955 -0.0902 0.0298
vn 0.9956 -0.0873 0.0348
vn 0.9960 -0.0820 0.0348
vn 0.9961 -0.0790 0.0399
vn 0.9965 -0.0736 0.0399
vn 0.9965 -0.0707 0.0449
vn 0.9969 -0.0653 0.0449
vn 0.9968 -0.0623 0.0500
vn 0.9971 -0.0569 0.0500
vn 0.9970 -0.0539 0.0551
vn 0.9973 -0.0484 0.0551
vn 0.9971 -0.0454 0.0603
vn 0.9974 -0.0400 0.0603
vn 0.9972 -0.0370 0.0654
vn 0.9974 -0.0315 0.0654
vn 0.9971 -0.0285 0.0705
vn 0.9972 -0.0229 0.0705
vn 0.9969 -0.0200 0.0757
vn 0.9970 -0.0144 0.0757
vn 0.9967 -0.0114 0.0808
vn 0.9967 -0.0058 0.0808
vn 0.9963 -0.0028 0.0860
vn 0.9963 0.0029 0.0860
vn 0.9958 0.0058 0.0911
vn 0.9958 0.0115 0.0911
vn 0.9952 0.0144 0.0963
vn 0.9951 0.0201 0.0963
vn 0.9946 0.0230 0.1015
vn 0.9944 0.0288 0.1015
vn 0.9938 0.0317 0.1066
vn 0.9936 0.0375 0.1066
vn 0.9929 0.0404 0.1118
vn 0.9927 0.0461 0.1118
vn 0.9919 0.0490 0.1170
vn 0.9916 0.0548 0.1170
vn 0.9908 0.0577 0.1221
vn 0.9905 0.0635 0.1221
vn 0.9896 0.0664 0.1273
vn 0.9892 0.0722 0.1273
vn 0.9884 0.0751 0.1324
vn 0.9879 0.0809 0.1324
vn 0.9870 0.0837 0.1375
vn 0.9864 0.0896 0.1375
vn 0.9855 0.0924 0.1426
vn 0.9849 0.0983 0.1426
vn 0.9839 0.1011 0.1477
vn 0.9832 0.1069 0.1477
vn 0.9821 0.1097 0.1528
vn 0.9815 0.1156 0.1528
vn 0.9803 0.1184 0.1579
vn 0.9796 0.1243 0.1579
vn 0.9784 0.1270 0.1629
vn 0.9777 0.1329 0.1629
vn 0.9764 0.1356 0.1680
vn 0.9756 0.1415 0.1680
vn 0.9743 0.1442 0.1730
vn 0.9734 0.1501 0.1730
vn 0.9721 0.1527 0.1779
vn 0.9720 -0.2301 -0.0471
vn 0.9729 -0.2272 -0.0425
vn 0.9739 -0.2228 -0.0425
vn 0.9748 -0.2199 -0.0379
vn 0.9758 -0.2155 -0.0379
vn 0.9766 -0.2126 -0.0333
vn 0.9775 -0.2081 -0.0333
vn 0.9783 -0.2052 -0.0286
vn 0.9792 -0.2007 -0.0286
vn 0.9800 -0.1978 -0.0239
vn 0.9809 -0.1932 -0.0239
vn 0.9815 -0.1903 -0.0192
vn 0.9824 -0.1856 -0.0192
vn 0.9831 -0.1827 -0.0145
vn 0.9839 -0.1780 -0.0145
vn 0.9845 -0.1750 -0.0097
vn 0.9853 -0.1703 -0.0097
vn 0.9859 -0.1673 -0.0048
vn 0.9867 -0.1625 -0.0048
vn 0.9872 -0.1596 -0.0000
vn 0.9880 -0.1547 -0.0000
vn 0.9884 -0.1517 0.0049
vn 0.9892 -0.1468 0.0049
vn 0.9895 -0.1439 0.0098
vn 0.9903 -0.1389 0.0098
vn 0.9906 -0.1359 0.0147
vn 0.9913 -0.1309 0.0147
vn 0.9916 -0.1279 0.0197
vn 0.9922 -0.1229 0.0197
vn 0.9925 -0.1199 0.0246
vn 0.9931 -0.1148 0.0246
vn 0.9933 -0.1118 0.0296
vn 0.9939 -0.1066 0.0296
vn 0.9940 -0.1037 0.0346
vn 0.9945 -0.0984 0.0346
vn 0.9946 -0.0955 0.0397
vn 0.9951 -0.0902 0.0397
vn 0.9952 -0.0872 0.0447
vn 0.9956 -0.0819 0.0447
vn 0.9956 -0.0789 0.0498
vn 0.9960 -0.0736 0.0498
vn 0.9960 -0.0706 0.0549
vn 0.9964 -0.0652 0.0549
vn 0.9963 -0.0623 0.0600
vn 0.9966 -0.0568 0.0600
vn 0.9964 -0.0538 0.0651
vn 0.9967 -0.0484 0.0651
vn 0.9965 -0.0454 0.0702
vn 0.9967 -0.0399 0.0702
vn 0.9965 -0.0370 0.0754
vn 0.9967 -0.0314 0.0754
vn 0.9963 -0.0284 0.0805
vn 0.9965 -0.0229 0.0805
vn 0.9961 -0.0199 0.0857
vn 0.9962 -0.0143 0.0857
vn 0.9958 -0.0114 0.0909
vn 0.9958 -0.0058 0.0909
vn 0.9954 -0.0028 0.0960
vn 0.9954 0.0028 0.0960
vn 0.9949 0.0058 0.1012
vn 0.9948 0.0115 0.1012
vn 0.9942 0.0144 0.1063
vn 0.9941 0.0201 0.1063
vn 0.9935 0.0230 0.1115
vn 0.9933 0.0287 0.1115
vn 0.9927 0.0317 0.1167
vn 0.9925 0.0374 0.1167
vn 0.9917 0.0403 0.1218
vn 0.9915 0.0461 0.1218
vn 0.9907 0.0490 0.1270
vn 0.9904 0.0547 0.1270
vn 0.9896 0.0576 0.1321
vn 0.9892 0.0634 0.1321
vn 0.9883 0.0663 0.1373
vn 0.9879 0.0721 0.1373
vn 0.9870 0.0749 0.1424
vn 0.9865 0.0808 0.1424
vn 0.9855 0.0836 0.1475
vn 0.9850 0.0895 0.1475
vn 0.9840 0.0923 0.1526
vn 0.9834 0.0981 0.1526
vn 0.9823 0.1009 0.1577
vn 0.9817 0.1068 0.1577
vn 0.9806 0.1095 0.1627
vn 0.9799 0.1154 0.1627
vn 0.9787 0.1182 0.1678
vn 0.9780 0.1240 0.1678
vn 0.9768 0.1268 0.1728
vn 0.9760 0.1327 0.1728
vn 0.9747 0.1354 0.1778
vn 0.9739 0.1412 0.1778
vn 0.9726 0.1439 0.1828
vn 0.9717 0.1498 0.1828
vn 0.9724 -0.2301 -0.0377
vn 0.9733 -0.2273 -0.0331
vn 0.9743 -0.2229 -0.0331
vn 0.9751 -0.2200 -0.0284
vn 0.9761 -0.2156 -0.0284
vn 0.9768 -0.2127 -0.0238
vn 0.9778 -0.2082 -0.0238
vn 0.9785 -0.2053 -0.0191
vn 0.9795 -0.2007 -0.0191
vn 0.9801 -0.1978 -0.0144
vn 0.9811 -0.1932 -0.0144
vn 0.9817 -0.1903 -0.0096
vn 0.9826 -0.1856 -0.0096
vn 0.9832 -0.1827 -0.0048
vn 0.9840 -0.1780 -0.0048
vn 0.9846 -0.1750 -0.0000
vn 0.9854 -0.1703 -0.0000
vn 0.9859 -0.1673 0.0048
vn 0.9867 -0.1625 0.0048
vn 0.9871 -0.1595 0.0097
vn 0.9879 -0.1547 0.0097
vn 0.9883 -0.1517 0.0146
vn 0.9891 -0.1468 0.0146
vn 0.9894 -0.1438 0.0196
vn 0.9901 -0.1389 0.0196
vn 0.9904 -0.1359 0.0245
vn 0.9911 -0.1309 0.0245
vn 0.9913 -0.1279 0.0295
vn 0.9920 -0.1228 0.0295
vn 0.9922 -0.1199 0.0345
vn 0.9928 -0.1147 0.0345
vn 0.9930 -0.1118 0.0395
vn 0.9935 -0.1066 0.0395
vn 0.9936 -0.1036 0.0445
vn 0.9942 -0.0984 0.0445
vn 0.9942 -0.0954 0.0496
vn 0.9947 -0.0901 0.0496
vn 0.9947 -0.0872 0.0546
vn 0.9951 -0.0819 0.0546
vn 0.9951 -0.0789 0.0597
vn 0.9955 -0.0736 0.0597
vn 0.9954 -0.0706 0.0648
vn 0.9958 -0.0652 0.0648
vn 0.9956 -0.0622 0.0700
vn 0.9959 -0.0568 0.0700
vn 0.9957 -0.0538 0.0751
vn 0.9960 -0.0484 0.0751
vn 0.9957 -0.0454 0.0802
vn 0.9960 -0.0399 0.0802
vn 0.9957 -0.0369 0.0854
vn 0.9959 -0.0314 0.0854
vn 0.9955 -0.0284 0.0905
vn 0.9956 -0.0229 0.0905
vn 0.9952 -0.0199 0.0957
vn 0.9953 -0.0143 0.0957
vn 0.9948 -0.0114 0.1008
vn 0.9949 -0.0058 0.1008
vn 0.9944 -0.0028 0.1060
vn 0.9944 0.0028 0.1060
vn 0.9938 0.0058 0.1112
vn 0.9937 0.0115 0.1112
vn 0.9931 0.0144 0.1163
vn 0.9930 0.0201 0.1163
vn 0.9923 0.0230 0.1215
vn 0.9922 0.0287 0.1215
vn 0.9914 0.0316 0.1267
vn 0.9912 0.0374 0.1267
vn 0.9905 0.0402 0.1318
vn 0.9902 0.0460 0.1318
vn 0.9894 0.0489 0.1369
vn 0.9891 0.0547 0.1369
vn 0.9882 0.0575 0.1421
vn 0.9878 0.0633 0.1421
vn 0.9869 0.0662 0.1472
vn 0.9865 0.0720 0.1472
vn 0.9855 0.0748 0.1523
vn 0.9850 0.0807 0.1523
vn 0.9840 0.0835 0.1574
vn 0.9835 0.0893 0.1574
vn 0.9824 0.0921 0.1625
vn 0.9818 0.0980 0.1625
vn 0.9807 0.1007 0.1676
vn 0.9801 0.1066 0.1676
vn 0.9789 0.1093 0.1726
vn 0.9782 0.1152 0.1726
vn 0.9770 0.1180 0.1776
vn 0.9763 0.1238 0.1776
vn 0.9750 0.1265 0.1827
vn 0.9742 0.1324 0.1827
vn 0.9729 0.1351 0.1876
vn 0.9721 0.1410 0.1876
vn 0.9727 -0.2302 -0.0283
vn 0.9735 -0.2273 -0.0236
vn 0.9745 -0.2230 -0.0236
vn 0.9753 -0.2201 -0.0190
vn 0.9763 -0.2156 -0.0190
vn 0.9770 -0.2127 -0.0143
vn 0.9780 -0.2082 -0.0143
vn 0.9786 -0.2053 -0.0095
vn 0.9796 -0.2008 -0.0095
vn 0.9802 -0.1979 -0.0048
vn 0.9811 -0.1932 -0.0048
vn 0.9817 -0.1903 -0.0000
vn 0.9826 -0.1856 -0.0000
vn 0.9832 -0.1827 0.0048
vn 0.9840 -0.1780 0.0048
vn 0.9845 -0.1750 0.0097
vn 0.9853 -0.1703 0.0097
vn 0.9858 -0.1673 0.0146
vn 0.9866 -0.1625 0.0146
vn 0.9870 -0.1595 0.0194
vn 0.9878 -0.1547 0.0194
vn 0.9881 -0.1517 0.0244
vn 0.9889 -0.1468 0.0244
vn 0.9892 -0.1438 0.0293
vn 0.9899 -0.1388 0.0293
vn 0.9901 -0.1359 0.0343
vn 0.9908 -0.1308 0.0343
vn 0.9910 -0.1279 0.0393
vn 0.9917 -0.1228 0.0393
vn 0.9918 -0.1198 0.0443
vn 0.9924 -0.1147 0.0443
vn 0.9925 -0.1117 0.0493
vn 0.9931 -0.1065 0.0493
vn 0.9931 -0.1035 0.0544
vn 0.9937 -0.0984 0.0544
vn 0.9937 -0.0954 0.0595
vn 0.9942 -0.0901 0.0595
vn 0.9941 -0.0871 0.0646
vn 0.9946 -0.0818 0.0646
vn 0.9944 -0.0788 0.0697
vn 0.9949 -0.0735 0.0697
vn 0.9947 -0.0705 0.0748
vn 0.9951 -0.0651 0.0748
vn 0.9949 -0.0622 0.0799
vn 0.9952 -0.0568 0.0799
vn 0.9949 -0.0538 0.0850
vn 0.9952 -0.0483 0.0850
vn 0.9949 -0.0454 0.0902
vn 0.9951 -0.0399 0.0902
vn 0.9948 -0.0369 0.0953
vn 0.9950 -0.0314 0.0953
vn 0.9945 -0.0284 0.1005
vn 0.9947 -0.0228 0.1005
vn 0.9942 -0.0199 0.1056
vn 0.9943 -0.0143 0.1056
vn 0.9938 -0.0114 0.1108
vn 0.9938 -0.0058 0.1108
vn 0.9932 -0.0028 0.1160
vn 0.9932 0.0028 0.1160
vn 0.9926 0.0057 0.1211
vn 0.9926 0.0114 0.1211
vn 0.9919 0.0143 0.1263
vn 0.9918 0.0201 0.1263
vn 0.9911 0.0230 0.1314
vn 0.9909 0.0287 0.1314
vn 0.9901 0.0316 0.1366
vn 0.9899 0.0373 0.1366
vn 0.9891 0.0402 0.1417
vn 0.9888 0.0460 0.1417
vn 0.9879 0.0488 0.1469
vn 0.9876 0.0546 0.1469
vn 0.9867 0.0575 0.1520
vn 0.9864 0.0633 0.1520
vn 0.9854 0.0661 0.1571
vn 0.9850 0.0719 0.1571
vn 0.9839 0.0747 0.1622
vn 0.9835 0.0806 0.1622
vn 0.9824 0.0833 0.1673
vn 0.9819 0.0892 0.1673
vn 0.9807 0.0920 0.1724
vn 0.9802 0.0978 0.1724
vn 0.9790 0.1006 0.1774
vn 0.9784 0.1064 0.1774
vn 0.9771 0.1091 0.1824
vn 0.9765 0.1150 0.1824
vn 0.9752 0.1177 0.1874
vn 0.9745 0.1236 0.1874
vn 0.9732 0.1263 0.1924
vn 0.9724 0.1322 0.1924
vn 0.9729 -0.2303 -0.0189
vn 0.9737 -0.2274 -0.0142
vn 0.9747 -0.2230 -0.0142
vn 0.9754 -0.2201 -0.0095
vn 0.9764 -0.2156 -0.0095
vn 0.9771 -0.2127 -0.0048
vn 0.9781 -0.2082 -0.0048
vn 0.9787 -0.2053 -0.0000
vn 0.9796 -0.2008 -0.0000
vn 0.9802 -0.1978 0.0048
vn 0.9811 -0.1932 0.0048
vn 0.9817 -0.1903 0.0096
vn 0.9826 -0.1856 0.0096
vn 0.9831 -0.1827 0.0145
vn 0.9839 -0.1780 0.0145
vn 0.9844 -0.1750 0.0193
vn 0.9852 -0.1702 0.0193
vn 0.9856 -0.1673 0.0242
vn 0.9864 -0.1625 0.0242
vn 0.9868 -0.1595 0.0292
vn 0.9875 -0.1546 0.0292
vn 0.9878 -0.1517 0.0341
vn 0.9886 -0.1467 0.0341
vn 0.9888 -0.1438 0.0391
vn 0.9896 -0.1388 0.0391
vn 0.9898 -0.1358 0.0441
vn 0.9904 -0.1308 0.0441
vn 0.9906 -0.1278 0.0491
vn 0.9912 -0.1227 0.0491
vn 0.9913 -0.1198 0.0541
vn 0.9919 -0.1146 0.0541
vn 0.9920 -0.1116 0.0592
vn 0.9926 -0.1065 0.0592
vn 0.9926 -0.1035 0.0642
vn 0.9931 -0.0983 0.0642
vn 0.9930 -0.0953 0.0693
vn 0.9935 -0.0901 0.0693
vn 0.9934 -0.0871 0.0744
vn 0.9939 -0.0818 0.0744
vn 0.9937 -0.0788 0.0796
vn 0.9941 -0.0735 0.0796
vn 0.9939 -0.0705 0.0847
vn 0.9943 -0.0651 0.0847
vn 0.9940 -0.0621 0.0898
vn 0.9943 -0.0567 0.0898
vn 0.9940 -0.0537 0.0949
vn 0.9943 -0.0483 0.0949
vn 0.9939 -0.0453 0.1001
vn 0.9942 -0.0398 0.1001
vn 0.9938 -0.0369 0.1053
vn 0.9940 -0.0313 0.1053
vn 0.9935 -0.0284 0.1104
vn 0.9936 -0.0228 0.1104
vn 0.9931 -0.0199 0.1156
vn 0.9932 -0.0143 0.1156
vn 0.9926 -0.0114 0.1208
vn 0.9927 -0.0057 0.1208
vn 0.9920 -0.0028 0.1259
vn 0.9920 0.0028 0.1259
vn 0.9914 0.0057 0.1311
vn 0.9913 0.0114 0.1311
vn 0.9906 0.0143 0.1362
vn 0.9905 0.0200 0.1362
vn 0.9897 0.0229 0.1414
vn 0.9895 0.0287 0.1414
vn 0.9887 0.0315 0.1465
vn 0.9885 0.0373 0.1465
vn 0.9876 0.0401 0.1517
vn 0.9874 0.0459 0.1517
vn 0.9864 0.0487 0.1568
vn 0.9861 0.0545 0.1568
vn 0.9851 0.0574 0.1619
vn 0.9848 0.0632 0.1619
vn 0.9838 0.0659 0.1670
vn 0.9833 0.0718 0.1670
vn 0.9823 0.0746 0.1721
vn 0.9818 0.0804 0.1721
vn 0.9807 0.0832 0.1771
vn 0.9802 0.0890 0.1771
vn 0.9790 0.0918 0.1822
vn 0.9784 0.0977 0.1822
vn 0.9772 0.1004 0.1872
vn 0.9766 0.1062 0.1872
vn 0.9753 0.1089 0.1922
vn 0.9746 0.1148 0.1922
vn 0.9733 0.1175 0.1972
vn 0.9726 0.1234 0.1972
vn 0.9720 -0.2346 -0.0094
vn 0.9731 -0.2303 -0.0094
vn 0.9738 -0.2274 -0.0047
vn 0.9748 -0.2230 -0.0047
vn 0.9755 -0.2201 -0.0000
vn 0.9765 -0.2157 -0.0000
vn 0.9771 -0.2127 0.0048
vn 0.9781 -0.2082 0.0048
vn 0.9786 -0.2053 0.0095
vn 0.9796 -0.2008 0.0095
vn 0.9801 -0.1978 0.0144
vn 0.9811 -0.1932 0.0144
vn 0.9815 -0.1903 0.0192
vn 0.9824 -0.1856 0.0192
vn 0.9829 -0.1827 0.0241
vn 0.9837 -0.1779 0.0241
vn 0.9841 -0.1750 0.0290
vn 0.9850 -0.1702 0.0290
vn 0.9853 -0.1672 0.0339
vn 0.9861 -0.1624 0.0339
vn 0.9864 -0.1595 0.0389
vn 0.9872 -0.1546 0.0389
vn 0.9875 -0.1516 0.0438
vn 0.9882 -0.1467 0.0438
vn 0.9884 -0.1437 0.0488
vn 0.9891 -0.1387 0.0488
vn 0.9893 -0.1357 0.0538
vn 0.9900 -0.1307 0.0538
vn 0.9901 -0.1277 0.0589
vn 0.9907 -0.1227 0.0589
vn 0.9908 -0.1197 0.0639
vn 0.9914 -0.1146 0.0639
vn 0.9914 -0.1116 0.0690
vn 0.9919 -0.1064 0.0690
vn 0.9919 -0.1034 0.0741
vn 0.9924 -0.0982 0.0741
vn 0.9923 -0.0952 0.0792
vn 0.9928 -0.0900 0.0792
vn 0.9926 -0.0870 0.0843
vn 0.9931 -0.0817 0.0843
vn 0.9929 -0.0787 0.0894
vn 0.9933 -0.0734 0.0894
vn 0.9930 -0.0704 0.0946
vn 0.9934 -0.0650 0.0946
vn 0.9931 -0.0621 0.0997
vn 0.9934 -0.0566 0.0997
vn 0.9930 -0.0537 0.1048
vn 0.9933 -0.0482 0.1048
vn 0.9929 -0.0453 0.1100
vn 0.9931 -0.0398 0.1100
vn 0.9927 -0.0368 0.1152
vn 0.9929 -0.0313 0.1152
vn 0.9923 -0.0284 0.1203
vn 0.9925 -0.0228 0.1203
vn 0.9919 -0.0199 0.1255
vn 0.9920 -0.0143 0.1255
vn 0.9914 -0.0113 0.1306
vn 0.9914 -0.0057 0.1306
vn 0.9907 -0.0028 0.1358
vn 0.9907 0.0029 0.1358
vn 0.9900 0.0057 0.1409
vn 0.9900 0.0114 0.1409
vn 0.9892 0.0143 0.1461
vn 0.9891 0.0200 0.1461
vn 0.9882 0.0229 0.1512
vn 0.9881 0.0286 0.1512
vn 0.9872 0.0315 0.1564
vn 0.9870 0.0372 0.1564
vn 0.9861 0.0401 0.1615
vn 0.9858 0.0458 0.1615
vn 0.9848 0.0487 0.1666
vn 0.9845 0.0545 0.1666
vn 0.9835 0.0573 0.1717
vn 0.9831 0.0630 0.1717
vn 0.9820 0.0658 0.1768
vn 0.9816 0.0717 0.1768
vn 0.9805 0.0744 0.1819
vn 0.9800 0.0803 0.1819
vn 0.9789 0.0830 0.1869
vn 0.9783 0.0889 0.1869
vn 0.9771 0.0916 0.1919
vn 0.9766 0.0975 0.1919
vn 0.9753 0.1002 0.1970
vn 0.9747 0.1060 0.1970
vn 0.9734 0.1087 0.2019
vn 0.9727 0.1146 0.2019
vn 0.9714 -0.2375 -0.0047
vn 0.9721 -0.2347 -0.0000
vn 0.9731 -0.2303 -0.0000
vn 0.9738 -0.2274 0.0047
vn 0.9748 -0.2230 0.0047
vn 0.9754 -0.2201 0.0095
vn 0.9764 -0.2156 0.0095
vn 0.9770 -0.2127 0.0143
vn 0.9780 -0.2082 0.0143
vn 0.9785 -0.2053 0.0191
vn 0.9795 -0.2007 0.0191
vn 0.9800 -0.1978 0.0239
vn 0.9809 -0.1932 0.0239
vn 0.9813 -0.1902 0.0288
vn 0.9822 -0.1856 0.0288
vn 0.9826 -0.1826 0.0337
vn 0.9835 -0.1779 0.0337
vn 0.9838 -0.1749 0.0386
vn 0.9847 -0.1701 0.0386
vn 0.9850 -0.1672 0.0436
vn 0.9858 -0.1624 0.0436
vn 0.9860 -0.1594 0.0486
vn 0.9868 -0.1545 0.0486
vn 0.9870 -0.1515 0.0536
vn 0.9877 -0.1466 0.0536
vn 0.9879 -0.1436 0.0586
vn 0.9886 -0.1387 0.0586
vn 0.9887 -0.1357 0.0636
vn 0.9894 -0.1306 0.0636
vn 0.9894 -0.1277 0.0686
vn 0.9901 -0.1226 0.0686
vn 0.9901 -0.1196 0.0737
vn 0.9907 -0.1145 0.0737
vn 0.9906 -0.1115 0.0788
vn 0.9912 -0.1063 0.0788
vn 0.9911 -0.1034 0.0839
vn 0.9916 -0.0981 0.0839
vn 0.9915 -0.0952 0.0890
vn 0.9920 -0.0899 0.0890
vn 0.9918 -0.0869 0.0941
vn 0.9922 -0.0816 0.0941
vn 0.9919 -0.0787 0.0993
vn 0.9924 -0.0733 0.0993
vn 0.9920 -0.0703 0.1044
vn 0.9924 -0.0650 0.1044
vn 0.9920 -0.0620 0.1096
vn 0.9924 -0.0566 0.1096
vn 0.9920 -0.0536 0.1147
vn 0.9922 -0.0482 0.1147
vn 0.9918 -0.0452 0.1199
vn 0.9920 -0.0397 0.1199
vn 0.9915 -0.0368 0.1250
vn 0.9917 -0.0313 0.1250
vn 0.9911 -0.0283 0.1302
vn 0.9912 -0.0228 0.1302
vn 0.9906 -0.0198 0.1353
vn 0.9907 -0.0142 0.1353
vn 0.9900 -0.0113 0.1405
vn 0.9901 -0.0057 0.1405
vn 0.9893 -0.0028 0.1457
vn 0.9893 0.0028 0.1457
vn 0.9885 0.0057 0.1508
vn 0.9885 0.0114 0.1508
vn 0.9877 0.0143 0.1559
vn 0.9876 0.0200 0.1559
vn 0.9867 0.0228 0.1611
vn 0.9865 0.0286 0.1611
vn 0.9856 0.0314 0.1662
vn 0.9854 0.0372 0.1662
vn 0.9844 0.0400 0.1713
vn 0.9842 0.0458 0.1713
vn 0.9831 0.0486 0.1764
vn 0.9828 0.0544 0.1764
vn 0.9817 0.0571 0.1815
vn 0.9814 0.0630 0.1815
vn 0.9802 0.0657 0.1865
vn 0.9798 0.0715 0.1865
vn 0.9787 0.0743 0.1916
vn 0.9782 0.0801 0.1916
vn 0.9770 0.0829 0.1966
vn 0.9765 0.0887 0.1966
vn 0.9752 0.0914 0.2016
vn 0.9746 0.0973 0.2016
vn 0.9733 0.1000 0.2066
vn 0.9727 0.1058 0.2066
vn 0.9714 -0.2376 0.0047
vn 0.9720 -0.2346 0.0094
vn 0.9731 -0.2303 0.0094
vn 0.9737 -0.2274 0.0142
vn 0.9747 -0.2230 0.0142
vn 0.9753 -0.2201 0.0190
vn 0.9763 -0.2156 0.0190
vn 0.9768 -0.2127 0.0238
vn 0.9778 -0.2082 0.0238
vn 0.9783 -0.2053 0.0286
vn 0.9792 -0.2007 0.0286
vn 0.9797 -0.1977 0.0335
vn 0.9806 -0.1931 0.0335
vn 0.9810 -0.1902 0.0384
vn 0.9819 -0.1855 0.0384
vn 0.9822 -0.1825 0.0433
vn 0.9831 -0.1778 0.0433
vn 0.9834 -0.1748 0.0483
vn 0.9842 -0.1701 0.0483
vn 0.9845 -0.1671 0.0532
vn 0.9853 -0.1623 0.0532
vn 0.9855 -0.1593 0.0582
vn 0.9863 -0.1544 0.0582
vn 0.9864 -0.1515 0.0632
vn 0.9872 -0.1465 0.0632
vn 0.9873 -0.1435 0.0683
vn 0.9880 -0.1386 0.0683
vn 0.9880 -0.1356 0.0733
vn 0.9887 -0.1306 0.0733
vn 0.9887 -0.1276 0.0784
vn 0.9894 -0.1225 0.0784
vn 0.9893 -0.1195 0.0835
vn 0.9899 -0.1144 0.0835
vn 0.9898 -0.1114 0.0886
vn 0.9904 -0.1062 0.0886
vn 0.9902 -0.1033 0.0937
vn 0.9908 -0.0980 0.0937
vn 0.9906 -0.0951 0.0988
vn 0.9910 -0.0898 0.0988
vn 0.9908 -0.0868 0.1039
vn 0.9912 -0.0815 0.1039
vn 0.9909 -0.0786 0.1091
vn 0.9913 -0.0732 0.1091
vn 0.9910 -0.0703 0.1142
vn 0.9913 -0.0649 0.1142
vn 0.9909 -0.0619 0.1194
vn 0.9912 -0.0565 0.1194
vn 0.9908 -0.0536 0.1245
vn 0.9910 -0.0481 0.1245
vn 0.9905 -0.0452 0.1297
vn 0.9908 -0.0397 0.1297
vn 0.9902 -0.0368 0.1348
vn 0.9904 -0.0312 0.1348
vn 0.9897 -0.0283 0.1400
vn 0.9899 -0.0227 0.1400
vn 0.9892 -0.0198 0.1452
vn 0.9893 -0.0142 0.1452
vn 0.9886 -0.0113 0.1503
vn 0.9886 -0.0057 0.1503
vn 0.9878 -0.0028 0.1554
vn 0.9878 0.0028 0.1554
vn 0.9870 0.0057 0.1606
vn 0.9870 0.0114 0.1606
vn 0.9861 0.0142 0.1657
vn 0.9860 0.0200 0.1657
vn 0.9850 0.0228 0.1709
vn 0.9849 0.0285 0.1709
vn 0.9839 0.0313 0.1760
vn 0.9837 0.0371 0.1760
vn 0.9827 0.0399 0.1811
vn 0.9824 0.0457 0.1811
vn 0.9813 0.0485 0.1861
vn 0.9810 0.0543 0.1861
vn 0.9799 0.0570 0.1912
vn 0.9795 0.0628 0.1912
vn 0.9784 0.0656 0.1963
vn 0.9779 0.0714 0.1963
vn 0.9767 0.0741 0.2013
vn 0.9763 0.0800 0.2013
vn 0.9750 0.0827 0.2063
vn 0.9745 0.0885 0.2063
vn 0.9732 0.0912 0.2113
vn 0.9726 0.0971 0.2113
vn 0.9729 -0.2303 0.0188
vn 0.9735 -0.2273 0.0236
vn 0.9745 -0.2230 0.0236
vn 0.9751 -0.2200 0.0285
vn 0.9761 -0.2156 0.0285
vn 0.9766 -0.2126 0.0333
vn 0.9775 -0.2081 0.0333
vn 0.9780 -0.2052 0.0382
vn 0.9789 -0.2006 0.0382
vn 0.9793 -0.1977 0.0431
vn 0.9802 -0.1931 0.0431
vn 0.9806 -0.1901 0.0480
vn 0.9815 -0.1854 0.0480
vn 0.9818 -0.1825 0.0529
vn 0.9827 -0.1777 0.0529
vn 0.9829 -0.1748 0.0579
vn 0.9837 -0.1700 0.0579
vn 0.9839 -0.1670 0.0629
vn 0.9848 -0.1622 0.0629
vn 0.9849 -0.1592 0.0679
vn 0.9857 -0.1543 0.0679
vn 0.9858 -0.1514 0.0729
vn 0.9865 -0.1464 0.0729
vn 0.9866 -0.1434 0.0780
vn 0.9873 -0.1385 0.0780
vn 0.9873 -0.1355 0.0830
vn 0.9880 -0.1304 0.0830
vn 0.9879 -0.1275 0.0881
vn 0.9886 -0.1224 0.0881
vn 0.9885 -0.1194 0.0932
vn 0.9891 -0.1143 0.0932
vn 0.9889 -0.1113 0.0983
vn 0.9895 -0.1061 0.0983
vn 0.9893 -0.1032 0.1034
vn 0.9898 -0.0979 0.1034
vn 0.9895 -0.0950 0.1086
vn 0.9900 -0.0897 0.1086
vn 0.9897 -0.0868 0.1137
vn 0.9902 -0.0814 0.1137
vn 0.9898 -0.0785 0.1189
vn 0.9902 -0.0732 0.1189
vn 0.9898 -0.0702 0.1240
vn 0.9902 -0.0648 0.1240
vn 0.9897 -0.0619 0.1292
vn 0.9900 -0.0564 0.1292
vn 0.9895 -0.0535 0.1343
vn 0.9898 -0.0480 0.1343
vn 0.9892 -0.0451 0.1395
vn 0.9894 -0.0396 0.1395
vn 0.9888 -0.0367 0.1446
vn 0.9890 -0.0312 0.1446
vn 0.9883 -0.0283 0.1498
vn 0.9885 -0.0227 0.1498
vn 0.9877 -0.0198 0.1549
vn 0.9878 -0.0142 0.1549
vn 0.9870 -0.0113 0.1601
vn 0.9871 -0.0057 0.1601
vn 0.9863 -0.0028 0.1652
vn 0.9863 0.0028 0.1652
vn 0.9854 0.0057 0.1704
vn 0.9853 0.0114 0.1704
vn 0.9844 0.0142 0.1755
vn 0.9843 0.0199 0.1755
vn 0.9833 0.0227 0.1806
vn 0.9831 0.0285 0.1806
vn 0.9821 0.0313 0.1857
vn 0.9819 0.0371 0.1857
vn 0.9808 0.0398 0.1908
vn 0.9806 0.0456 0.1908
vn 0.9794 0.0484 0.1958
vn 0.9791 0.0542 0.1958
vn 0.9780 0.0569 0.2009
vn 0.9776 0.0627 0.2009
vn 0.9764 0.0655 0.2059
vn 0.9760 0.0713 0.2059
vn 0.9747 0.0740 0.2109
vn 0.9742 0.0798 0.2109
vn 0.9729 0.0825 0.2159
vn 0.9724 0.0884 0.2159
vn 0.9727 -0.2302 0.0283
vn 0.9733 -0.2273 0.0331
vn 0.9743 -0.2229 0.0331
vn 0.9748 -0.2199 0.0379
vn 0.9758 -0.2155 0.0379
vn 0.9762 -0.2126 0.0428
vn 0.9772 -0.2080 0.0428
vn 0.9776 -0.2051 0.0477
vn 0.9785 -0.2005 0.0477
vn 0.9789 -0.1976 0.0526
vn 0.9798 -0.1930 0.0526
vn 0.9801 -0.1900 0.0576
vn 0.9810 -0.1853 0.0576
vn 0.9812 -0.1824 0.0625
vn 0.9821 -0.1776 0.0625
vn 0.9823 -0.1747 0.0675
vn 0.9831 -0.1699 0.0675
vn 0.9833 -0.1669 0.0725
vn 0.9841 -0.1621 0.0725
vn 0.9842 -0.1591 0.0775
vn 0.9850 -0.1542 0.0775
vn 0.9850 -0.1512 0.0826
vn 0.9858 -0.1463 0.0826
vn 0.9858 -0.1433 0.0877
vn 0.9865 -0.1383 0.0877
vn 0.9864 -0.1354 0.0927
vn 0.9871 -0.1303 0.0927
vn 0.9870 -0.1274 0.0978
vn 0.9877 -0.1223 0.0978
vn 0.9875 -0.1193 0.1029
vn 0.9881 -0.1142 0.1029
vn 0.9879 -0.1112 0.1080
vn 0.9885 -0.1060 0.1080
vn 0.9882 -0.1031 0.1132
vn 0.9887 -0.0978 0.1132
vn 0.9884 -0.0949 0.1183
vn 0.9889 -0.0896 0.1183
vn 0.9886 -0.0867 0.1235
vn 0.9890 -0.0813 0.1235
vn 0.9886 -0.0784 0.1286
vn 0.9890 -0.0731 0.1286
vn 0.9885 -0.0701 0.1338
vn 0.9889 -0.0647 0.1338
vn 0.9884 -0.0618 0.1389
vn 0.9887 -0.0563 0.1389
vn 0.9881 -0.0534 0.1441
vn 0.9884 -0.0480 0.1441
vn 0.9878 -0.0451 0.1492
vn 0.9880 -0.0395 0.1492
vn 0.9873 -0.0366 0.1544
vn 0.9875 -0.0311 0.1544
vn 0.9868 -0.0282 0.1595
vn 0.9869 -0.0227 0.1595
vn 0.9861 -0.0198 0.1647
vn 0.9862 -0.0142 0.1647
vn 0.9854 -0.0113 0.1698
vn 0.9855 -0.0057 0.1698
vn 0.9846 -0.0028 0.1750
vn 0.9846 0.0028 0.1750
vn 0.9836 0.0057 0.1801
vn 0.9836 0.0114 0.1801
vn 0.9826 0.0142 0.1852
vn 0.9825 0.0199 0.1852
vn 0.9815 0.0227 0.1903
vn 0.9813 0.0284 0.1903
vn 0.9802 0.0312 0.1954
vn 0.9800 0.0370 0.1954
vn 0.9789 0.0397 0.2004
vn 0.9787 0.0455 0.2004
vn 0.9775 0.0483 0.2055
vn 0.9772 0.0541 0.2055
vn 0.9759 0.0568 0.2105
vn 0.9756 0.0626 0.2105
vn 0.9743 0.0653 0.2155
vn 0.9739 0.0711 0.2155
vn 0.9726 0.0738 0.2205
vn 0.9721 0.0797 0.2205
vn 0.9724 -0.2301 0.0377
vn 0.9729 -0.2272 0.0425
vn 0.9739 -0.2228 0.0425
vn 0.9744 -0.2199 0.0474
vn 0.9754 -0.2154 0.0474
vn 0.9758 -0.2125 0.0523
vn 0.9767 -0.2079 0.0523
vn 0.9771 -0.2050 0.0572
vn 0.9780 -0.2004 0.0572
vn 0.9783 -0.1975 0.0621
vn 0.9793 -0.1928 0.0621
vn 0.9795 -0.1899 0.0671
vn 0.9804 -0.1852 0.0671
vn 0.9806 -0.1822 0.0721
vn 0.9815 -0.1775 0.0721
vn 0.9816 -0.1745 0.0771
vn 0.9825 -0.1698 0.0771
vn 0.9826 -0.1668 0.0821
vn 0.9834 -0.1619 0.0821
vn 0.9834 -0.1590 0.0872
vn 0.9842 -0.1541 0.0872
vn 0.9842 -0.1511 0.0922
vn 0.9850 -0.1462 0.0922
vn 0.9849 -0.1432 0.0973
vn 0.9856 -0.1382 0.0973
vn 0.9855 -0.1352 0.1024
vn 0.9862 -0.1302 0.1024
vn 0.9860 -0.1272 0.1075
vn 0.9867 -0.1222 0.1075
vn 0.9865 -0.1192 0.1126
vn 0.9871 -0.1140 0.1126
vn 0.9868 -0.1111 0.1177
vn 0.9874 -0.1059 0.1177
vn 0.9871 -0.1029 0.1229
vn 0.9876 -0.0977 0.1229
vn 0.9872 -0.0948 0.1280
vn 0.9877 -0.0895 0.1280
vn 0.9873 -0.0866 0.1332
vn 0.9878 -0.0812 0.1332
vn 0.9873 -0.0783 0.1383
vn 0.9877 -0.0729 0.1383
vn 0.9872 -0.0700 0.1435
vn 0.9875 -0.0646 0.1435
vn 0.9870 -0.0617 0.1486
vn 0.9873 -0.0563 0.1486
vn 0.9867 -0.0534 0.1538
vn 0.9869 -0.0479 0.1538
vn 0.9863 -0.0450 0.1589
vn 0.9865 -0.0395 0.1589
vn 0.9858 -0.0366 0.1641
vn 0.9860 -0.0310 0.1641
vn 0.9852 -0.0282 0.1692
vn 0.9853 -0.0226 0.1692
vn 0.9845 -0.0197 0.1744
vn 0.9846 -0.0141 0.1744
vn 0.9837 -0.0113 0.1795
vn 0.9837 -0.0056 0.1795
vn 0.9828 -0.0028 0.1846
vn 0.9828 0.0028 0.1846
vn 0.9818 0.0057 0.1897
vn 0.9818 0.0114 0.1897
vn 0.9807 0.0142 0.1948
vn 0.9806 0.0199 0.1948
vn 0.9796 0.0226 0.1999
vn 0.9794 0.0284 0.1999
vn 0.9783 0.0312 0.2050
vn 0.9781 0.0369 0.2050
vn 0.9769 0.0397 0.2100
vn 0.9766 0.0454 0.2100
vn 0.9754 0.0481 0.2150
vn 0.9751 0.0540 0.2150
vn 0.9738 0.0567 0.2200
vn 0.9735 0.0625 0.2200
vn 0.9722 0.0651 0.2250
vn 0.9718 0.0710 0.2250
vn 0.9720 -0.2300 0.0471
vn 0.9725 -0.2271 0.0519
vn 0.9735 -0.2227 0.0519
vn 0.9739 -0.2198 0.0568
vn 0.9749 -0.2153 0.0568
vn 0.9752 -0.2124 0.0617
vn 0.9762 -0.2078 0.0617
vn 0.9765 -0.2049 0.0667
vn 0.9775 -0.2003 0.0667
vn 0.9777 -0.1974 0.0717
vn 0.9786 -0.1927 0.0717
vn 0.9788 -0.1897 0.0766
vn 0.9797 -0.1851 0.0766
vn 0.9799 -0.1821 0.0816
vn 0.9807 -0.1774 0.0816
vn 0.9809 -0.1744 0.0867
vn 0.9817 -0.1696 0.0867
vn 0.9817 -0.1667 0.0917
vn 0.9826 -0.1618 0.0917
vn 0.9826 -0.1588 0.0968
vn 0.9833 -0.1539 0.0968
vn 0.9833 -0.1510 0.1018
vn 0.9840 -0.1460 0.1018
vn 0.9839 -0.1431 0.1069
vn 0.9846 -0.1381 0.1069
vn 0.9845 -0.1351 0.1120
vn 0.9852 -0.1301 0.1120
vn 0.9849 -0.1271 0.1171
vn 0.9856 -0.1220 0.1171
vn 0.9853 -0.1191 0.1223
vn 0.9859 -0.1139 0.1223
vn 0.9856 -0.1110 0.1274
vn 0.9862 -0.1058 0.1274
vn 0.9858 -0.1028 0.1325
vn 0.9864 -0.0976 0.1325
vn 0.9859 -0.0946 0.1377
vn 0.9864 -0.0894 0.1377
vn 0.9860 -0.0864 0.1428
vn 0.9864 -0.0811 0.1428
vn 0.9859 -0.0782 0.1480
vn 0.9863 -0.0728 0.1480
vn 0.9857 -0.0699 0.1531
vn 0.9861 -0.0645 0.1531
vn 0.9855 -0.0616 0.1583
vn 0.9858 -0.0562 0.1583
vn 0.9851 -0.0533 0.1634
vn 0.9854 -0.0478 0.1634
vn 0.9847 -0.0449 0.1686
vn 0.9849 -0.0394 0.1686
vn 0.9841 -0.0365 0.1737
vn 0.9843 -0.0310 0.1737
vn 0.9835 -0.0281 0.1789
vn 0.9836 -0.0226 0.1789
vn 0.9827 -0.0197 0.1840
vn 0.9828 -0.0141 0.1840
vn 0.9819 -0.0113 0.1891
vn 0.9819 -0.0056 0.1891
vn 0.9810 -0.0028 0.1942
vn 0.9810 0.0028 0.1942
vn 0.9799 0.0056 0.1993
vn 0.9799 0.0113 0.1993
vn 0.9788 0.0141 0.2044
vn 0.9787 0.0198 0.2044
vn 0.9776 0.0226 0.2095
vn 0.9774 0.0283 0.2095
vn 0.9762 0.0311 0.2145
vn 0.9760 0.0368 0.2145
vn 0.9748 0.0396 0.2195
vn 0.9746 0.0453 0.2195
vn 0.9733 0.0480 0.2245
vn 0.9730 0.0539 0.2245
vn 0.9716 -0.2299 0.0565
vn 0.9720 -0.2270 0.0613
vn 0.9730 -0.2226 0.0613
vn 0.9733 -0.2196 0.0663
vn 0.9743 -0.2152 0.0663
vn 0.9746 -0.2122 0.0712
vn 0.9756 -0.2077 0.0712
vn 0.9759 -0.2047 0.0761
vn 0.9768 -0.2002 0.0761
vn 0.9770 -0.1972 0.0811
vn 0.9779 -0.1926 0.0811
vn 0.9781 -0.1896 0.0862
vn 0.9790 -0.1849 0.0862
vn 0.9791 -0.1820 0.0912
vn 0.9799 -0.1772 0.0912
vn 0.9800 -0.1743 0.0962
vn 0.9808 -0.1695 0.0962
vn 0.9808 -0.1665 0.1013
vn 0.9816 -0.1616 0.1013
vn 0.9816 -0.1587 0.1063
vn 0.9824 -0.1538 0.1063
vn 0.9823 -0.1508 0.1114
vn 0.9830 -0.1459 0.1114
vn 0.9829 -0.1429 0.1165
vn 0.9836 -0.1379 0.1165
vn 0.9834 -0.1350 0.1216
vn 0.9840 -0.1299 0.1216
vn 0.9838 -0.1269 0.1268
vn 0.9844 -0.1219 0.1268
vn 0.9841 -0.1189 0.1319
vn 0.9847 -0.1138 0.1319
vn 0.9843 -0.1108 0.1370
vn 0.9849 -0.1056 0.1370
vn 0.9845 -0.1027 0.1422
vn 0.9850 -0.0975 0.1422
vn 0.9846 -0.0945 0.1473
vn 0.9851 -0.0892 0.1473
vn 0.9845 -0.0863 0.1525
vn 0.9850 -0.0810 0.1525
vn 0.9844 -0.0781 0.1576
vn 0.9848 -0.0727 0.1576
vn 0.9842 -0.0698 0.1628
vn 0.9846 -0.0644 0.1628
vn 0.9839 -0.0615 0.1679
vn 0.9842 -0.0561 0.1679
vn 0.9835 -0.0532 0.1731
vn 0.9838 -0.0477 0.1731
vn 0.9830 -0.0449 0.1782
vn 0.9832 -0.0393 0.1782
vn 0.9824 -0.0365 0.1833
vn 0.9826 -0.0309 0.1833
vn 0.9817 -0.0281 0.1885
vn 0.9818 -0.0225 0.1885
vn 0.9809 -0.0197 0.1936
vn 0.9810 -0.0141 0.1936
vn 0.9800 -0.0113 0.1987
vn 0.9800 -0.0056 0.1987
vn 0.9790 -0.0028 0.2038
vn 0.9790 0.0028 0.2038
vn 0.9779 0.0056 0.2089
vn 0.9779 0.0113 0.2089
vn 0.9767 0.0141 0.2139
vn 0.9767 0.0198 0.2139
vn 0.9755 0.0225 0.2190
vn 0.9753 0.0283 0.2190
vn 0.9741 0.0310 0.2240
vn 0.9739 0.0368 0.2240
vn 0.9726 0.0395 0.2290
vn 0.9724 0.0453 0.2290
vn 0.9724 -0.2224 0.0707
vn 0.9727 -0.2195 0.0757
vn 0.9737 -0.2150 0.0757
vn 0.9739 -0.2121 0.0806
vn 0.9749 -0.2076 0.0806
vn 0.9751 -0.2046 0.0856
vn 0.9760 -0.2000 0.0856
vn 0.9762 -0.1970 0.0906
vn 0.9771 -0.1924 0.0906
vn 0.9772 -0.1894 0.0956
vn 0.9781 -0.1848 0.0956
vn 0.9782 -0.1818 0.1007
vn 0.9790 -0.1771 0.1007
vn 0.9790 -0.1741 0.1057
vn 0.9799 -0.1693 0.1057
vn 0.9798 -0.1663 0.1108
vn 0.9806 -0.1615 0.1108
vn 0.9805 -0.1585 0.1159
vn 0.9813 -0.1536 0.1159
vn 0.9812 -0.1507 0.1210
vn 0.9819 -0.1457 0.1210
vn 0.9817 -0.1427 0.1261
vn 0.9824 -0.1378 0.1261
vn 0.9821 -0.1348 0.1312
vn 0.9828 -0.1297 0.1312
vn 0.9825 -0.1268 0.1363
vn 0.9832 -0.1217 0.1363
vn 0.9828 -0.1187 0.1415
vn 0.9834 -0.1136 0.1415
vn 0.9830 -0.1107 0.1466
vn 0.9836 -0.1055 0.1466
vn 0.9831 -0.1025 0.1518
vn 0.9836 -0.0973 0.1518
vn 0.9831 -0.0944 0.1569
vn 0.9836 -0.0891 0.1569
vn 0.9830 -0.0862 0.1621
vn 0.9835 -0.0809 0.1621
vn 0.9828 -0.0780 0.1672
vn 0.9832 -0.0726 0.1672
vn 0.9826 -0.0697 0.1724
vn 0.9829 -0.0643 0.1724
vn 0.9822 -0.0614 0.1775
vn 0.9825 -0.0560 0.1775
vn 0.9817 -0.0531 0.1826
vn 0.9820 -0.0476 0.1826
vn 0.9812 -0.0448 0.1878
vn 0.9814 -0.0392 0.1878
vn 0.9805 -0.0364 0.1929
vn 0.9807 -0.0309 0.1929
vn 0.9798 -0.0280 0.1980
vn 0.9799 -0.0225 0.1980
vn 0.9790 -0.0197 0.2031
vn 0.9791 -0.0140 0.2031
vn 0.9780 -0.0112 0.2082
vn 0.9781 -0.0056 0.2082
vn 0.9770 -0.0028 0.2133
vn 0.9770 0.0028 0.2133
vn 0.9759 0.0056 0.2183
vn 0.9758 0.0113 0.2183
vn 0.9746 0.0140 0.2234
vn 0.9745 0.0197 0.2234
vn 0.9733 0.0225 0.2284
vn 0.9732 0.0282 0.2284
vn 0.9717 -0.2223 0.0801
vn 0.9719 -0.2193 0.0851
vn 0.9729 -0.2149 0.0851
vn 0.9731 -0.2119 0.0901
vn 0.9741 -0.2074 0.0901
vn 0.9743 -0.2044 0.0950
vn 0.9752 -0.1998 0.0950
vn 0.9753 -0.1969 0.1001
vn 0.9762 -0.1922 0.1001
vn 0.9763 -0.1893 0.1051
vn 0.9772 -0.1846 0.1051
vn 0.9772 -0.1816 0.1101
vn 0.9780 -0.1769 0.1101
vn 0.9780 -0.1739 0.1152
vn 0.9788 -0.1691 0.1152
vn 0.9787 -0.1661 0.1203
vn 0.9795 -0.1613 0.1203
vn 0.9794 -0.1583 0.1254
vn 0.9802 -0.1534 0.1254
vn 0.9800 -0.1505 0.1305
vn 0.9807 -0.1455 0.1305
vn 0.9805 -0.1426 0.1356
vn 0.9812 -0.1376 0.1356
vn 0.9809 -0.1346 0.1407
vn 0.9815 -0.1296 0.1407
vn 0.9812 -0.1266 0.1459
vn 0.9818 -0.1215 0.1459
vn 0.9814 -0.1186 0.1510
vn 0.9820 -0.1134 0.1510
vn 0.9815 -0.1105 0.1561
vn 0.9821 -0.1053 0.1561
vn 0.9816 -0.1024 0.1613
vn 0.9821 -0.0972 0.1613
vn 0.9815 -0.0943 0.1664
vn 0.9820 -0.0890 0.1664
vn 0.9814 -0.0861 0.1716
vn 0.9819 -0.0807 0.1716
vn 0.9812 -0.0778 0.1767
vn 0.9816 -0.0725 0.1767
vn 0.9809 -0.0696 0.1819
vn 0.9812 -0.0642 0.1819
vn 0.9804 -0.0613 0.1870
vn 0.9808 -0.0559 0.1870
vn 0.9799 -0.0530 0.1921
vn 0.9802 -0.0475 0.1921
vn 0.9793 -0.0447 0.1973
vn 0.9796 -0.0392 0.1973
vn 0.9786 -0.0364 0.2024
vn 0.9788 -0.0308 0.2024
vn 0.9778 -0.0280 0.2075
vn 0.9780 -0.0224 0.2075
vn 0.9769 -0.0196 0.2126
vn 0.9770 -0.0140 0.2126
vn 0.9760 -0.0112 0.2176
vn 0.9760 -0.0056 0.2176
vn 0.9749 -0.0028 0.2227
vn 0.9749 0.0028 0.2227
vn 0.9737 0.0056 0.2278
vn 0.9737 0.0113 0.2278
vn 0.9724 0.0140 0.2328
vn 0.9723 0.0197 0.2328
vn 0.9721 -0.2147 0.0944
vn 0.9723 -0.2117 0.0994
vn 0.9732 -0.2072 0.0994
vn 0.9733 -0.2042 0.1045
vn 0.9743 -0.1996 0.1045
vn 0.9743 -0.1967 0.1095
vn 0.9753 -0.1920 0.1095
vn 0.9753 -0.1891 0.1145
vn 0.9762 -0.1844 0.1145
vn 0.9761 -0.1814 0.1196
vn 0.9770 -0.1767 0.1196
vn 0.9769 -0.1737 0.1247
vn 0.9777 -0.1689 0.1247
vn 0.9776 -0.1660 0.1298
vn 0.9784 -0.1611 0.1298
vn 0.9782 -0.1581 0.1349
vn 0.9789 -0.1532 0.1349
vn 0.9787 -0.1503 0.1400
vn 0.9794 -0.1453 0.1400
vn 0.9791 -0.1424 0.1451
vn 0.9798 -0.1374 0.1451
vn 0.9795 -0.1344 0.1502
vn 0.9801 -0.1294 0.1502
vn 0.9797 -0.1264 0.1554
vn 0.9804 -0.1213 0.1554
vn 0.9799 -0.1184 0.1605
vn 0.9805 -0.1133 0.1605
vn 0.9800 -0.1104 0.1656
vn 0.9806 -0.1051 0.1657
vn 0.9800 -0.1022 0.1708
vn 0.9805 -0.0970 0.1708
vn 0.9799 -0.0941 0.1759
vn 0.9804 -0.0888 0.1759
vn 0.9797 -0.0859 0.1811
vn 0.9802 -0.0806 0.1811
vn 0.9794 -0.0777 0.1862
vn 0.9798 -0.0724 0.1862
vn 0.9791 -0.0695 0.1914
vn 0.9794 -0.0641 0.1914
vn 0.9786 -0.0612 0.1965
vn 0.9789 -0.0558 0.1965
vn 0.9780 -0.0529 0.2016
vn 0.9783 -0.0474 0.2016
vn 0.9774 -0.0446 0.2067
vn 0.9776 -0.0391 0.2067
vn 0.9766 -0.0363 0.2118
vn 0.9768 -0.0307 0.2118
vn 0.9758 -0.0279 0.2169
vn 0.9759 -0.0224 0.2169
vn 0.9749 -0.0196 0.2220
vn 0.9749 -0.0140 0.2220
vn 0.9738 -0.0112 0.2270
vn 0.9739 -0.0056 0.2271
vn 0.9727 -0.0028 0.2321
vn 0.9727 0.0029 0.2321
vn 0.9723 -0.2070 0.1088
vn 0.9723 -0.2040 0.1138
vn 0.9733 -0.1994 0.1138
vn 0.9733 -0.1965 0.1189
vn 0.9742 -0.1918 0.1189
vn 0.9742 -0.1889 0.1239
vn 0.9751 -0.1842 0.1239
vn 0.9749 -0.1812 0.1290
vn 0.9758 -0.1765 0.1290
vn 0.9757 -0.1735 0.1341
vn 0.9765 -0.1687 0.1341
vn 0.9763 -0.1657 0.1392
vn 0.9771 -0.1609 0.1392
vn 0.9768 -0.1579 0.1443
vn 0.9776 -0.1530 0.1443
vn 0.9773 -0.1501 0.1494
vn 0.9781 -0.1451 0.1494
vn 0.9777 -0.1422 0.1546
vn 0.9784 -0.1372 0.1546
vn 0.9780 -0.1342 0.1597
vn 0.9787 -0.1292 0.1597
vn 0.9782 -0.1263 0.1648
vn 0.9789 -0.1211 0.1648
vn 0.9783 -0.1182 0.1700
vn 0.9789 -0.1131 0.1700
vn 0.9784 -0.1102 0.1751
vn 0.9789 -0.1050 0.1751
vn 0.9783 -0.1021 0.1803
vn 0.9788 -0.0968 0.1803
vn 0.9782 -0.0939 0.1854
vn 0.9787 -0.0887 0.1854
vn 0.9779 -0.0858 0.1905
vn 0.9784 -0.0804 0.1905
vn 0.9776 -0.0776 0.1956
vn 0.9780 -0.0722 0.1956
vn 0.9772 -0.0693 0.2008
vn 0.9775 -0.0639 0.2008
vn 0.9767 -0.0611 0.2059
vn 0.9770 -0.0556 0.2059
vn 0.9761 -0.0528 0.2110
vn 0.9763 -0.0473 0.2110
vn 0.9754 -0.0445 0.2161
vn 0.9756 -0.0390 0.2161
vn 0.9746 -0.0362 0.2212
vn 0.9747 -0.0307 0.2212
vn 0.9737 -0.0279 0.2263
vn 0.9738 -0.0223 0.2263
vn 0.9727 -0.0195 0.2313
vn 0.9728 -0.0139 0.2313
vn 0.9722 -0.1992 0.1232
vn 0.9721 -0.1963 0.1282
vn 0.9731 -0.1916 0.1282
vn 0.9730 -0.1887 0.1333
vn 0.9739 -0.1839 0.1333
vn 0.9737 -0.1810 0.1384
vn 0.9746 -0.1762 0.1384
vn 0.9744 -0.1733 0.1435
vn 0.9752 -0.1685 0.1435
vn 0.9749 -0.1655 0.1486
vn 0.9758 -0.1607 0.1486
vn 0.9754 -0.1577 0.1537
vn 0.9762 -0.1528 0.1537
vn 0.9759 -0.1499 0.1588
vn 0.9766 -0.1449 0.1588
vn 0.9762 -0.1420 0.1640
vn 0.9769 -0.1370 0.1640
vn 0.9764 -0.1340 0.1691
vn 0.9771 -0.1290 0.1691
vn 0.9766 -0.1260 0.1742
vn 0.9772 -0.1209 0.1742
vn 0.9767 -0.1180 0.1794
vn 0.9773 -0.1129 0.1794
vn 0.9767 -0.1100 0.1845
vn 0.9772 -0.1048 0.1845
vn 0.9766 -0.1019 0.1896
vn 0.9771 -0.0966 0.1896
vn 0.9764 -0.0938 0.1948
vn 0.9768 -0.0885 0.1948
vn 0.9761 -0.0856 0.1999
vn 0.9765 -0.0803 0.1999
vn 0.9757 -0.0774 0.2050
vn 0.9761 -0.0721 0.2050
vn 0.9752 -0.0692 0.2102
vn 0.9756 -0.0638 0.2102
vn 0.9747 -0.0610 0.2153
vn 0.9750 -0.0555 0.2153
vn 0.9740 -0.0527 0.2204
vn 0.9743 -0.0472 0.2204
vn 0.9732 -0.0444 0.2254
vn 0.9735 -0.0389 0.2254
vn 0.9724 -0.0361 0.2305
vn 0.9726 -0.0306 0.2305
vn 0.9726 -0.1837 0.1427
vn 0.9724 -0.1808 0.1477
vn 0.9732 -0.1760 0.1477
vn 0.9730 -0.1730 0.1528
vn 0.9738 -0.1682 0.1528
vn 0.9735 -0.1653 0.1580
vn 0.9743 -0.1604 0.1580
vn 0.9740 -0.1575 0.1631
vn 0.9747 -0.1526 0.1631
vn 0.9743 -0.1496 0.1682
vn 0.9751 -0.1447 0.1682
vn 0.9746 -0.1417 0.1733
vn 0.9753 -0.1367 0.1733
vn 0.9748 -0.1338 0.1785
vn 0.9755 -0.1287 0.1785
vn 0.9749 -0.1258 0.1836
vn 0.9756 -0.1207 0.1836
vn 0.9749 -0.1178 0.1887
vn 0.9755 -0.1127 0.1887
vn 0.9749 -0.1098 0.1939
vn 0.9754 -0.1046 0.1939
vn 0.9747 -0.1017 0.1990
vn 0.9752 -0.0964 0.1990
vn 0.9745 -0.0936 0.2041
vn 0.9750 -0.0883 0.2041
vn 0.9741 -0.0854 0.2092
vn 0.9746 -0.0801 0.2092
vn 0.9737 -0.0773 0.2144
vn 0.9741 -0.0719 0.2144
vn 0.9732 -0.0691 0.2195
vn 0.9735 -0.0637 0.2195
vn 0.9726 -0.0609 0.2246
vn 0.9729 -0.0554 0.2246
vn 0.9719 -0.0526 0.2296
vn 0.9721 -0.0471 0.2296
vn 0.9724 -0.1680 0.1622
vn 0.9720 -0.1650 0.1673
vn 0.9728 -0.1602 0.1673
vn 0.9724 -0.1572 0.1724
vn 0.9732 -0.1523 0.1724
vn 0.9727 -0.1494 0.1775
vn 0.9735 -0.1444 0.1775
vn 0.9729 -0.1415 0.1826
vn 0.9737 -0.1365 0.1826
vn 0.9731 -0.1336 0.1878
vn 0.9738 -0.1285 0.1878
vn 0.9731 -0.1256 0.1929
vn 0.9738 -0.1205 0.1929
vn 0.9731 -0.1176 0.1980
vn 0.9737 -0.1124 0.1980
vn 0.9730 -0.1096 0.2032
vn 0.9736 -0.1044 0.2032
vn 0.9728 -0.1015 0.2083
vn 0.9733 -0.0963 0.2083
vn 0.9725 -0.0934 0.2134
vn 0.9730 -0.0881 0.2134
vn 0.9721 -0.0853 0.2185
vn 0.9726 -0.0799 0.2185
vn 0.9716 -0.0771 0.2236
vn 0.9720 -0.0717 0.2236
vn -0.6159 0.2160 -0.7576
vn -0.6189 0.3178 -0.7183
vn -0.6162 0.3910 -0.6836
vn -0.6162 0.4819 -0.6229
vn -0.6160 0.1026 -0.7810
vn -0.6171 0.5390 -0.5733
vn -0.6175 0.5938 -0.5159
vn -0.6169 0.6431 -0.4537
vn -0.6171 0.6825 -0.3916
vn -0.6159 -0.0970 -0.7818
vn -0.6156 0.7218 -0.3163
vn -0.6176 0.7345 -0.2813
vn -0.6162 0.7495 -0.2417
vn -0.6172 0.7595 -0.2056
vn -0.6159 -0.2876 -0.7334
vn -0.6166 -0.3498 -0.7053
vn -0.6161 0.7854 -0.0598
vn -0.6152 0.7863 -0.0565
vn -0.6163 -0.4517 -0.6451
vn -0.6180 -0.4831 -0.6203
vn -0.6248 -0.5908 -0.5105
vn -0.6162 0.7347 0.2839
vn -0.8590 -0.4397 -0.2622
vn -0.6154 0.7029 0.3567
vn -0.6158 -0.6860 -0.3876
vn -0.6170 0.6452 0.4506
vn -0.6169 0.6431 0.4537
vn -0.6149 0.6228 0.4839
vn -0.6178 0.5959 0.5130
vn -0.6175 0.5938 0.5159
vn -0.6151 0.5709 0.5438
vn -0.6148 -0.7609 -0.2076
vn -0.6099 0.5219 0.5964
vn -0.6166 -0.7765 -0.1294
vn -0.6155 -0.7861 -0.0556
vn -0.6137 0.3590 0.7032
vn -0.6155 -0.7878 0.0245
vn -0.6171 -0.7814 0.0927
vn -0.6178 -0.7805 0.0958
vn -0.6161 -0.7759 0.1353
vn -0.6176 0.2056 0.7591
vn -0.6169 0.1696 0.7685
vn -0.6169 0.0920 0.7816
vn -0.6281 0.0230 0.7778
vn -0.6157 -0.7025 0.3569
vn -0.6171 -0.6844 0.3884
vn -0.6161 -0.0555 0.7857
vn -0.6167 -0.1674 0.7692
vn -0.6169 -0.2132 0.7576
vn -0.6174 -0.2100 0.7581
vn -0.6154 -0.5686 0.5459
vn -0.6169 -0.5097 0.5997
vn -0.6166 -0.3498 0.7053
vn -0.6158 -0.2497 0.7473
vn 0.6159 0.2160 -0.7576
vn 0.6189 0.3178 -0.7183
vn 0.6162 0.3910 -0.6836
vn 0.6162 0.4819 -0.6229
vn 0.6160 0.1026 -0.7810
vn 0.6171 0.5390 -0.5733
vn 0.6175 0.5938 -0.5159
vn 0.6169 0.6431 -0.4537
vn 0.6171 0.6825 -0.3916
vn 0.6159 -0.0970 -0.7818
vn 0.6156 0.7218 -0.3163
vn 0.6176 0.7345 -0.2813
vn 0.6162 0.7495 -0.2417
vn 0.6172 0.7595 -0.2056
vn 0.6159 -0.2876 -0.7334
vn 0.6166 -0.3498 -0.7053
vn 0.6161 0.7854 -0.0598
vn 0.6152 0.7863 -0.0565
vn 0.6153 -0.4515 -0.6462
vn 0.6180 -0.4831 -0.6203
vn 0.6121 -0.5985 -0.5168
vn 0.6162 0.7347 0.2839
vn 0.6163 -0.6440 -0.4533
vn 0.6154 0.7029 0.3567
vn 0.6158 -0.6860 -0.3876
vn 0.6170 0.6452 0.4506
vn 0.6169 0.6431 0.4537
vn 0.6149 0.6228 0.4839
vn 0.6178 0.5959 0.5130
vn 0.6175 0.5938 0.5159
vn 0.6151 0.5709 0.5438
vn 0.6148 -0.7609 -0.2076
vn 0.6093 0.5224 0.5965
vn 0.6166 -0.7765 -0.1295
vn 0.6164 -0.7854 -0.0557
vn 0.6137 0.3590 0.7032
vn 0.6155 -0.7878 0.0245
vn 0.6171 -0.7814 0.0927
vn 0.6178 -0.7805 0.0958
vn 0.6161 -0.7759 0.1353
vn 0.6176 0.2056 0.7591
vn 0.6169 0.1696 0.7685
vn 0.6169 0.0920 0.7816
vn 0.6281 0.0230 0.7778
vn 0.6157 -0.7025 0.3569
vn 0.6171 -0.6844 0.3884
vn 0.6161 -0.0555 0.7857
vn 0.6167 -0.1674 0.7692
vn 0.6169 -0.2132 0.7576
vn 0.6174 -0.2100 0.7581
vn 0.6155 -0.5686 0.5458
vn 0.6169 -0.5097 0.5997
vn 0.6174 -0.3930 0.6815
vn 0.6166 -0.3498 0.7053
vn 0.6158 -0.2497 0.7473
vn -0.6158 0.2458 -0.7486
vn -0.6152 0.2493 -0.7479
vn -0.6204 0.3200 -0.7161
vn -0.6134 0.4189 -0.6695
vn -0.6140 0.4214 -0.6674
vn -0.6150 0.4848 -0.6218
vn -0.6176 0.5413 -0.5706
vn -0.5993 0.0603 -0.7982
vn -0.6169 0.1018 -0.7805
vn -0.6178 0.5959 -0.5130
vn -0.6213 -0.0172 -0.7834
vn -0.6155 0.6666 -0.4205
vn -0.6220 -0.0189 -0.7828
vn -0.6171 0.6844 -0.3883
vn -0.6174 -0.0955 -0.7808
vn -0.6148 -0.1721 -0.7697
vn -0.6160 -0.2078 -0.7599
vn -0.6162 -0.1742 -0.7681
vn -0.6146 -0.2482 -0.7488
vn -0.6174 -0.2100 -0.7582
vn -0.6153 -0.2822 -0.7360
vn -0.6158 -0.2497 -0.7473
vn -0.6166 -0.2845 -0.7341
vn -0.6177 -0.3522 -0.7032
vn -0.6160 0.7825 0.0908
vn -0.6149 0.7830 0.0939
vn -0.6176 0.7750 0.1343
vn -0.6099 0.7733 0.1731
vn -0.6163 0.7585 0.2119
vn -0.6165 0.7331 0.2873
vn -0.6170 -0.6457 -0.4498
vn -0.6154 0.6883 0.3842
vn -0.6154 0.6864 0.3874
vn -0.6157 -0.6879 -0.3844
vn -0.6170 0.6625 0.4247
vn -0.6168 -0.7202 -0.3175
vn -0.6164 0.5984 0.5119
vn -0.6172 -0.7479 -0.2444
vn -0.6176 0.5413 0.5706
vn -0.6167 -0.7688 -0.1691
vn -0.6190 0.4556 0.6397
vn -0.6185 0.4531 0.6419
vn -0.6164 -0.7855 0.0557
vn -0.6159 0.2160 0.7576
vn -0.6171 0.2092 0.7586
vn -0.6147 0.2139 0.7592
vn -0.6163 0.1026 0.7808
vn -0.6215 -0.0226 0.7831
vn -0.6171 -0.6825 0.3916
vn -0.6197 -0.0243 0.7844
vn -0.6256 -0.5928 0.5071
vn -0.6167 -0.2431 0.7487
vn -0.6152 -0.1687 0.7701
vn -0.6165 -0.5665 0.5468
vn -0.6169 -0.4855 0.6194
vn -0.6179 -0.4831 0.6203
vn -0.6173 -0.4197 0.6654
vn -0.6165 -0.3217 0.7187
vn -0.6172 -0.3187 0.7194
vn -0.6144 -0.2475 0.7492
vn 0.6158 0.2458 -0.7486
vn 0.6152 0.2493 -0.7479
vn 0.6204 0.3200 -0.7161
vn 0.6134 0.4189 -0.6695
vn 0.6140 0.4214 -0.6674
vn 0.6150 0.4848 -0.6218
vn 0.6176 0.5413 -0.5706
vn 0.5993 0.0603 -0.7982
vn 0.6180 0.1011 -0.7797
vn 0.6178 0.5959 -0.5130
vn 0.6213 -0.0172 -0.7834
vn 0.6155 0.6666 -0.4205
vn 0.6220 -0.0189 -0.7828
vn 0.6171 0.6844 -0.3883
vn 0.6174 -0.0955 -0.7808
vn 0.6148 -0.1721 -0.7697
vn 0.6160 -0.2078 -0.7599
vn 0.6162 -0.1742 -0.7681
vn 0.6147 -0.2477 -0.7489
vn 0.6174 -0.2100 -0.7582
vn 0.6153 -0.2822 -0.7360
vn 0.6158 -0.2497 -0.7473
vn 0.6166 -0.2845 -0.7341
vn 0.6177 -0.3522 -0.7032
vn 0.6161 -0.4250 -0.6632
vn 0.6160 0.7825 0.0908
vn 0.6149 0.7830 0.0939
vn 0.6176 0.7750 0.1343
vn 0.6099 0.7733 0.1731
vn 0.6163 0.7585 0.2119
vn 0.6165 0.7331 0.2873
vn 0.6166 -0.6459 -0.4501
vn 0.6154 0.6883 0.3842
vn 0.6154 0.6864 0.3874
vn 0.6157 -0.6879 -0.3844
vn 0.6170 0.6625 0.4247
vn 0.6168 -0.7202 -0.3175
vn 0.6164 0.5984 0.5119
vn 0.6172 -0.7479 -0.2444
vn 0.6176 0.5413 0.5706
vn 0.6167 -0.7688 -0.1691
vn 0.6190 0.4556 0.6397
vn 0.6185 0.4531 0.6419
vn 0.6156 -0.7861 0.0556
vn 0.6159 0.2160 0.7576
vn 0.6171 0.2092 0.7586
vn 0.6147 0.2138 0.7592
vn 0.6163 0.1026 0.7808
vn 0.6215 -0.0226 0.7831
vn 0.6171 -0.6826 0.3916
vn 0.6197 -0.0243 0.7844
vn 0.6167 -0.2431 0.7487
vn 0.6152 -0.1687 0.7701
vn 0.6166 -0.5664 0.5468
vn 0.6169 -0.4855 0.6194
vn 0.6180 -0.4831 0.6203
vn 0.6173 -0.4197 0.6654
vn 0.6165 -0.3217 0.7187
vn 0.6172 -0.3187 0.7194
vn 0.6142 -0.2485 0.7490
vn -0.6157 0.4871 -0.6194
vn -0.6168 0.1391 -0.7748
vn -0.6163 0.5439 -0.5695
vn -0.6164 0.5984 -0.5119
vn -0.6171 0.6665 -0.4183
vn -0.6154 0.6864 -0.3874
vn -0.6176 -0.0920 -0.7811
vn -0.6152 -0.1687 -0.7701
vn -0.6158 -0.1776 -0.7676
vn -0.6155 -0.2436 -0.7496
vn -0.6159 -0.2791 -0.7367
vn -0.6156 0.7820 -0.0973
vn -0.6149 0.7830 -0.0939
vn -0.6163 0.7857 -0.0533
vn -0.6175 -0.4196 -0.6653
vn -0.6165 -0.5144 -0.5961
vn -0.6169 -0.5706 -0.5420
vn -0.6173 0.7360 0.2779
vn -0.6176 0.7345 0.2813
vn -0.7603 -0.2854 -0.5836
vn -0.6161 0.7184 0.3230
vn -0.6171 0.6665 0.4183
vn -0.6155 0.6666 0.4205
vn -0.6166 -0.7218 -0.3143
vn -0.6172 -0.7570 -0.2146
vn -0.6167 -0.7583 -0.2113
vn -0.6171 0.5390 0.5733
vn -0.6168 -0.7748 -0.1385
vn -0.6162 -0.7759 -0.1353
vn -0.6162 0.4819 0.6229
vn -0.6172 0.3878 0.6846
vn -0.6163 0.3855 0.6867
vn -0.6147 -0.7886 0.0156
vn -0.6167 -0.7810 0.0986
vn -0.6158 0.2458 0.7486
vn -0.6153 0.2103 0.7597
vn -0.6153 -0.7595 0.2109
vn -0.6158 0.1335 0.7765
vn -0.6151 -0.7352 0.2849
vn -0.6220 -0.0189 0.7828
vn -0.6170 -0.6665 0.4184
vn -0.6155 -0.6648 0.4233
vn -0.9696 -0.1990 0.1422
vn -0.6157 -0.1313 0.7770
vn -0.9694 -0.1965 0.1468
vn -0.6165 -0.5444 0.5688
vn -0.6156 -0.2440 0.7494
vn 0.6157 0.4871 -0.6194
vn 0.6168 0.1391 -0.7748
vn 0.6163 0.5439 -0.5695
vn 0.6164 0.5984 -0.5119
vn 0.6171 0.6665 -0.4183
vn 0.6154 0.6864 -0.3874
vn 0.6176 -0.0920 -0.7811
vn 0.6152 -0.1687 -0.7701
vn 0.6158 -0.1776 -0.7676
vn 0.6153 -0.2440 -0.7496
vn 0.6159 -0.2791 -0.7367
vn 0.6156 0.7820 -0.0973
vn 0.6149 0.7830 -0.0939
vn 0.6163 0.7857 -0.0533
vn 0.6171 -0.4198 -0.6655
vn 0.6165 -0.5144 -0.5961
vn 0.6264 -0.5658 -0.5362
vn 0.6173 0.7360 0.2779
vn 0.6176 0.7345 0.2813
vn 0.6158 -0.6415 -0.4575
vn 0.6160 -0.6405 -0.4586
vn 0.6161 0.7184 0.3230
vn 0.6171 0.6665 0.4183
vn 0.6155 0.6666 0.4205
vn 0.6166 -0.7218 -0.3143
vn 0.6172 -0.7570 -0.2146
vn 0.6167 -0.7583 -0.2113
vn 0.6171 0.5390 0.5733
vn 0.6168 -0.7748 -0.1385
vn 0.6162 -0.7759 -0.1353
vn 0.6162 0.4819 0.6229
vn 0.6170 -0.7845 -0.0617
vn 0.6172 0.3878 0.6846
vn 0.6163 0.3855 0.6867
vn 0.6147 -0.7886 0.0156
vn 0.6167 -0.7810 0.0986
vn 0.6158 0.2458 0.7486
vn 0.6153 0.2103 0.7597
vn 0.6153 -0.7595 0.2109
vn 0.6158 0.1335 0.7765
vn 0.6151 -0.7352 0.2849
vn 0.6220 -0.0189 0.7828
vn 0.6170 -0.6665 0.4184
vn 0.6155 -0.6648 0.4233
vn 0.6157 -0.1313 0.7770
vn 0.6165 -0.5444 0.5688
vn 0.6155 -0.2440 0.7495
vn -0.6163 0.2515 -0.7462
vn -0.6144 0.3558 -0.7043
vn -0.6150 0.5116 -0.6000
vn -0.6101 0.5226 -0.5956
vn -0.6169 0.1697 -0.7685
vn -0.6167 0.5462 -0.5668
vn -0.6162 0.6183 -0.4879
vn -0.6164 0.6204 -0.4849
vn -0.6281 0.0230 -0.7778
vn -0.6160 -0.0591 -0.7855
vn -0.6154 0.6883 -0.3841
vn -0.6176 -0.0609 -0.7841
vn -0.6167 -0.1674 -0.7692
vn -0.6167 -0.2431 -0.7487
vn -0.6198 0.7731 -0.1346
vn -0.6173 -0.3878 -0.6845
vn -0.6163 0.7857 0.0533
vn -0.6152 0.7863 0.0565
vn -0.6156 0.7820 0.0973
vn -0.6172 -0.5167 -0.5934
vn -0.6110 0.7717 0.1764
vn -0.6171 0.7466 0.2485
vn -0.6168 0.7045 0.3510
vn -0.6170 -0.6665 -0.4183
vn -0.6156 -0.7189 -0.3229
vn -0.6154 -0.7205 -0.3196
vn -0.6164 0.6204 0.4849
vn -0.6162 -0.7364 -0.2794
vn -0.6160 -0.7605 -0.2052
vn -0.6162 0.3910 0.6836
vn -0.6156 -0.7879 0.0186
vn -0.6164 0.2515 0.7462
vn -0.6152 0.2493 0.7479
vn -0.6167 -0.7583 0.2113
vn -0.6165 -0.7338 0.2855
vn -0.6213 -0.0172 0.7834
vn -0.6155 -0.6668 0.4201
vn -0.6167 -0.6632 0.4241
vn -0.6157 -0.1005 0.7816
vn -0.6245 -0.5910 0.5107
vn -0.6160 -0.2078 0.7599
vn -0.6160 -0.5421 0.5716
vn -0.6172 -0.4807 0.6229
vn -0.6172 -0.3878 0.6846
vn -0.6160 -0.3163 0.7214
vn -0.6163 -0.4249 0.6630
vn 0.6163 0.2515 -0.7462
vn 0.6143 0.3558 -0.7043
vn 0.6125 0.4246 -0.6668
vn 0.6150 0.5116 -0.6000
vn 0.6100 0.5227 -0.5955
vn 0.6169 0.1696 -0.7685
vn 0.6167 0.5462 -0.5668
vn 0.6162 0.6183 -0.4879
vn 0.6164 0.6204 -0.4849
vn 0.6281 0.0230 -0.7778
vn 0.6160 -0.0591 -0.7855
vn 0.6154 0.6883 -0.3841
vn 0.6176 -0.0609 -0.7841
vn 0.6167 -0.1674 -0.7692
vn 0.6167 -0.2431 -0.7487
vn 0.6198 0.7731 -0.1346
vn 0.6173 -0.3931 -0.6815
vn 0.6163 0.7857 0.0533
vn 0.6152 0.7863 0.0565
vn 0.6156 0.7820 0.0973
vn 0.6172 -0.5167 -0.5934
vn 0.6110 0.7717 0.1764
vn 0.6171 0.7466 0.2485
vn 0.6161 -0.6438 -0.4538
vn 0.6168 0.7045 0.3510
vn 0.6170 -0.6665 -0.4183
vn 0.6156 -0.7189 -0.3229
vn 0.6154 -0.7205 -0.3196
vn 0.6164 0.6204 0.4849
vn 0.6162 -0.7364 -0.2794
vn 0.6160 -0.7605 -0.2052
vn 0.6162 0.3910 0.6836
vn 0.6155 -0.7879 0.0186
vn 0.6164 0.2515 0.7462
vn 0.6152 0.2493 0.7479
vn 0.6167 -0.7583 0.2113
vn 0.6165 -0.7338 0.2855
vn 0.6213 -0.0172 0.7834
vn 0.6155 -0.6668 0.4201
vn 0.6167 -0.6632 0.4241
vn 0.6157 -0.1005 0.7816
vn 0.6160 -0.2078 0.7599
vn 0.6160 -0.5421 0.5716
vn 0.6172 -0.4807 0.6229
vn 0.6160 -0.3163 0.7214
vn 0.6154 -0.4256 0.6635
vn -0.6164 0.2808 -0.7356
vn -0.6165 0.1732 -0.7680
vn -0.6165 0.5684 -0.5449
vn -0.6151 0.5709 -0.5438
vn -0.6018 0.0618 -0.7962
vn -0.6260 0.0194 -0.7796
vn -0.6161 -0.0555 -0.7857
vn -0.6154 0.7029 -0.3567
vn -0.6168 0.7045 -0.3510
vn -0.6168 -0.1368 -0.7751
vn -0.6173 0.7360 -0.2779
vn -0.6169 -0.2132 -0.7576
vn -0.6110 0.7717 -0.1764
vn -0.6176 0.7750 -0.1343
vn -0.6160 0.7825 -0.0908
vn -0.6169 -0.5097 -0.5997
vn -0.6176 -0.5120 -0.5970
vn -0.6198 0.7731 0.1346
vn -0.6154 -0.5686 -0.5459
vn -0.6165 -0.5665 -0.5468
vn -0.6162 0.7495 0.2417
vn -0.6148 0.7498 0.2445
vn -0.6169 0.7028 0.3543
vn -0.6171 -0.6825 -0.3916
vn -0.6154 0.6647 0.4237
vn -0.6157 -0.7055 -0.3510
vn -0.6161 0.6183 0.4879
vn -0.6163 -0.7468 -0.2500
vn -0.6167 0.5462 0.5668
vn -0.6163 0.5439 0.5695
vn -0.6160 -0.7680 -0.1749
vn -0.6150 0.5116 0.6000
vn -0.6167 -0.7810 -0.0986
vn -0.6178 -0.7805 -0.0958
vn -0.6164 -0.7854 -0.0566
vn -0.6146 -0.7886 0.0215
vn -0.6170 -0.7845 0.0617
vn -0.6164 0.2808 0.7356
vn -0.6168 -0.7748 0.1385
vn -0.6161 -0.7680 0.1749
vn -0.6172 -0.7570 0.2146
vn -0.6163 -0.7468 0.2500
vn -0.6166 -0.7218 0.3143
vn -0.6168 -0.7202 0.3175
vn -0.6156 -0.7188 0.3229
vn -0.6174 -0.0955 0.7808
vn -0.6170 -0.6457 0.4498
vn -0.8590 -0.4397 0.2622
vn -0.6159 -0.0970 0.7818
vn -0.6158 -0.1776 0.7676
vn -0.6171 -0.5399 0.5725
vn -0.6172 -0.4556 0.6414
vn -0.6180 -0.3850 0.6854
vn -0.6159 -0.2876 0.7334
vn 0.6164 0.2808 -0.7356
vn 0.6165 0.1732 -0.7680
vn 0.6165 0.5684 -0.5449
vn 0.6151 0.5709 -0.5438
vn 0.6018 0.0619 -0.7962
vn 0.6260 0.0194 -0.7796
vn 0.6161 -0.0555 -0.7857
vn 0.6154 0.7029 -0.3567
vn 0.6168 0.7045 -0.3510
vn 0.6168 -0.1368 -0.7751
vn 0.6173 0.7360 -0.2779
vn 0.6169 -0.2132 -0.7576
vn 0.6110 0.7717 -0.1764
vn 0.6176 0.7750 -0.1343
vn 0.6160 0.7825 -0.0908
vn 0.6169 -0.5097 -0.5997
vn 0.6176 -0.5120 -0.5970
vn 0.6198 0.7731 0.1346
vn 0.6212 -0.5654 -0.5427
vn 0.6219 -0.5635 -0.5438
vn 0.6162 0.7495 0.2417
vn 0.6149 0.7498 0.2445
vn 0.6169 0.7028 0.3543
vn 0.6171 -0.6825 -0.3916
vn 0.6154 0.6647 0.4237
vn 0.6157 -0.7055 -0.3510
vn 0.6161 0.6183 0.4879
vn 0.6163 -0.7468 -0.2500
vn 0.6167 0.5462 0.5668
vn 0.6163 0.5439 0.5695
vn 0.6160 -0.7680 -0.1749
vn 0.6150 0.5116 0.6000
vn 0.6167 -0.7810 -0.0986
vn 0.6178 -0.7805 -0.0958
vn 0.6146 -0.7885 0.0215
vn 0.6171 -0.7844 0.0616
vn 0.6164 0.2808 0.7356
vn 0.6168 -0.7748 0.1385
vn 0.6161 -0.7680 0.1749
vn 0.6172 -0.7570 0.2146
vn 0.6163 -0.7468 0.2500
vn 0.6166 -0.7218 0.3143
vn 0.6168 -0.7202 0.3175
vn 0.6156 -0.7188 0.3229
vn 0.6174 -0.0955 0.7808
vn 0.6166 -0.6459 0.4501
vn 0.6163 -0.6440 0.4532
vn 0.6159 -0.0970 0.7818
vn 0.6158 -0.1776 0.7676
vn 0.6171 -0.5399 0.5725
vn 0.6180 -0.3850 0.6854
vn 0.6159 -0.2876 0.7334
vn -0.6157 0.2842 -0.7349
vn -0.6137 0.3590 -0.7032
vn -0.6201 0.4499 -0.6427
vn -0.6185 0.4531 -0.6419
vn -0.6091 0.5176 -0.6009
vn -0.6178 0.1753 -0.7666
vn -0.6169 0.0920 -0.7816
vn -0.6148 0.6228 -0.4839
vn -0.6197 -0.0243 -0.7844
vn -0.6169 0.7028 -0.3543
vn -0.6160 0.7184 -0.3230
vn -0.6089 0.7260 -0.3197
vn -0.6171 0.7466 -0.2485
vn -0.6153 0.7483 -0.2479
vn -0.6099 0.7734 -0.1731
vn -0.6164 0.7764 -0.1311
vn -0.6169 -0.3551 -0.7024
vn -0.6170 -0.3826 -0.6877
vn -0.6163 0.7872 -0.0221
vn -0.6164 0.7873 0.0156
vn -0.6160 0.7854 0.0598
vn -0.6169 -0.4855 -0.6194
vn -0.6158 -0.5708 -0.5430
vn -0.6156 0.7218 0.3163
vn -0.6154 -0.6649 -0.4233
vn -0.6167 -0.6632 -0.4241
vn -0.6171 -0.6844 -0.3884
vn -0.6157 -0.7025 -0.3569
vn -0.6171 -0.7022 -0.3550
vn -0.6151 -0.7351 -0.2849
vn -0.6165 -0.7338 -0.2855
vn -0.6159 -0.7482 -0.2467
vn -0.6165 0.5684 0.5449
vn -0.6155 -0.7692 -0.1717
vn -0.6157 0.4871 0.6194
vn -0.6140 0.4214 0.6674
vn -0.6134 0.4189 0.6695
vn -0.6155 -0.7879 -0.0185
vn -0.6204 0.3200 0.7161
vn -0.6168 0.2865 0.7331
vn -0.6189 0.3178 0.7183
vn -0.6158 0.2842 0.7349
vn -0.6167 -0.7688 0.1691
vn -0.6160 -0.7605 0.2052
vn -0.6147 -0.7609 0.2076
vn -0.6172 -0.7479 0.2444
vn -0.6162 -0.7364 0.2794
vn -0.6148 -0.7367 0.2816
vn -0.6157 -0.7055 0.3510
vn -0.6170 -0.7040 0.3517
vn -0.6176 -0.0920 0.7811
vn -0.6162 -0.1742 0.7681
vn -0.6172 -0.5167 0.5934
vn -0.6165 -0.5144 0.5961
vn -0.6170 -0.3826 0.6877
vn -0.6165 -0.2845 0.7341
vn 0.6157 0.2842 -0.7349
vn 0.6137 0.3590 -0.7032
vn 0.6185 0.4531 -0.6419
vn 0.6092 0.5177 -0.6007
vn 0.6178 0.1753 -0.7666
vn 0.6169 0.0920 -0.7816
vn 0.6148 0.6228 -0.4839
vn 0.6197 -0.0243 -0.7844
vn 0.6169 0.7028 -0.3543
vn 0.6160 0.7184 -0.3230
vn 0.6089 0.7260 -0.3197
vn 0.6171 0.7466 -0.2485
vn 0.6153 0.7483 -0.2479
vn 0.6099 0.7734 -0.1731
vn 0.6164 0.7764 -0.1311
vn 0.6169 -0.3551 -0.7024
vn 0.6170 -0.3826 -0.6877
vn 0.6163 0.7872 -0.0221
vn 0.6164 0.7873 0.0156
vn 0.6161 0.7854 0.0598
vn 0.6169 -0.4855 -0.6194
vn 0.6227 -0.5670 -0.5392
vn 0.6156 0.7218 0.3163
vn 0.6155 -0.6649 -0.4233
vn 0.6167 -0.6632 -0.4241
vn 0.6171 -0.6844 -0.3884
vn 0.6157 -0.7025 -0.3569
vn 0.6171 -0.7022 -0.3550
vn 0.6151 -0.7351 -0.2849
vn 0.6165 -0.7338 -0.2855
vn 0.6159 -0.7482 -0.2467
vn 0.6165 0.5684 0.5449
vn 0.6155 -0.7692 -0.1717
vn 0.6157 0.4871 0.6194
vn 0.6140 0.4214 0.6674
vn 0.6134 0.4189 0.6695
vn 0.6155 -0.7879 -0.0185
vn 0.6204 0.3200 0.7161
vn 0.6168 0.2865 0.7331
vn 0.6189 0.3178 0.7183
vn 0.6157 0.2842 0.7349
vn 0.6167 -0.7688 0.1691
vn 0.6160 -0.7605 0.2052
vn 0.6147 -0.7609 0.2076
vn 0.6172 -0.7479 0.2444
vn 0.6162 -0.7364 0.2794
vn 0.6148 -0.7367 0.2816
vn 0.6157 -0.7055 0.3510
vn 0.6170 -0.7040 0.3517
vn 0.6176 -0.0920 0.7811
vn 0.6160 -0.6419 0.4566
vn 0.6162 -0.1742 0.7681
vn 0.6172 -0.5167 0.5934
vn 0.6165 -0.5144 0.5961
vn 0.6170 -0.3826 0.6877
vn 0.6165 -0.2845 0.7341
vn -0.6153 0.2103 -0.7597
vn -0.6168 0.2865 -0.7331
vn -0.6163 0.3855 -0.6867
vn -0.6176 0.2056 -0.7591
vn -0.6171 0.2092 -0.7586
vn -0.6162 0.5163 -0.5948
vn -0.6155 0.5732 -0.5409
vn -0.6151 0.6249 -0.4809
vn -0.6170 0.6452 -0.4506
vn -0.6215 -0.0225 -0.7831
vn -0.6157 -0.1313 -0.7770
vn -0.6171 -0.1334 -0.7755
vn -0.6164 0.7331 -0.2873
vn -0.6162 0.7347 -0.2839
vn -0.6163 0.7585 -0.2119
vn -0.6159 0.7598 -0.2084
vn -0.6175 0.7761 -0.1280
vn -0.6154 0.7880 -0.0188
vn -0.6168 -0.4232 -0.6637
vn -0.6154 0.7880 0.0188
vn -0.6171 -0.4557 -0.6415
vn -0.6160 -0.5421 -0.5716
vn -0.6165 -0.5444 -0.5688
vn -0.6153 0.7483 0.2479
vn -0.6062 -0.6255 -0.4912
vn -0.6093 0.7225 0.3267
vn -0.6155 -0.6668 -0.4201
vn -0.6171 0.6844 0.3883
vn -0.6171 0.6825 0.3916
vn -0.6152 0.6433 0.4558
vn -0.6148 -0.7367 -0.2816
vn -0.6157 0.5940 0.5178
vn -0.6162 0.5163 0.5948
vn -0.6090 0.5181 0.6006
vn -0.6151 0.4848 0.6218
vn -0.6171 -0.7814 -0.0927
vn -0.6147 -0.7886 -0.0156
vn -0.6195 0.3145 0.7193
vn -0.6167 -0.7765 0.1295
vn -0.6173 -0.7755 0.1326
vn -0.6155 -0.7692 0.1717
vn -0.6159 -0.7482 0.2467
vn -0.6154 -0.7205 0.3196
vn -0.6157 -0.6878 0.3844
vn -0.6176 -0.0609 0.7841
vn -0.6160 -0.0591 0.7855
vn -0.7599 -0.2849 0.5843
vn -0.6177 -0.5704 0.5414
vn -0.6148 -0.1721 0.7697
vn -0.6169 -0.3551 0.7024
vn -0.6177 -0.3522 0.7032
vn -0.6153 -0.2822 0.7360
vn 0.6153 0.2103 -0.7597
vn 0.6168 0.2865 -0.7331
vn 0.6163 0.3855 -0.6867
vn 0.6176 0.2056 -0.7591
vn 0.6171 0.2092 -0.7586
vn 0.6162 0.5163 -0.5948
vn 0.6155 0.5732 -0.5409
vn 0.6151 0.6249 -0.4809
vn 0.6170 0.6452 -0.4506
vn 0.6215 -0.0225 -0.7831
vn 0.6157 -0.1313 -0.7770
vn 0.6171 -0.1334 -0.7755
vn 0.6164 0.7331 -0.2873
vn 0.6162 0.7347 -0.2839
vn 0.6163 0.7585 -0.2119
vn 0.6159 0.7598 -0.2084
vn 0.6175 0.7761 -0.1280
vn 0.6154 0.7880 -0.0188
vn 0.6154 0.7880 0.0188
vn 0.6172 -0.4556 -0.6414
vn 0.6160 -0.5421 -0.5716
vn 0.6165 -0.5444 -0.5688
vn 0.6153 0.7483 0.2479
vn 0.5970 -0.6311 -0.4953
vn 0.6093 0.7225 0.3267
vn 0.6155 -0.6668 -0.4201
vn 0.6171 0.6844 0.3883
vn 0.6171 0.6825 0.3916
vn 0.6152 0.6433 0.4558
vn 0.6148 -0.7367 -0.2816
vn 0.6157 0.5940 0.5178
vn 0.6162 0.5163 0.5948
vn 0.6090 0.5180 0.6006
vn 0.6151 0.4848 0.6218
vn 0.6170 -0.7814 -0.0927
vn 0.6147 -0.7886 -0.0156
vn 0.6195 0.3145 0.7193
vn 0.6166 -0.7765 0.1295
vn 0.6173 -0.7755 0.1326
vn 0.6155 -0.7692 0.1717
vn 0.6159 -0.7482 0.2467
vn 0.6154 -0.7205 0.3196
vn 0.6157 -0.6879 0.3844
vn 0.6176 -0.0610 0.7841
vn 0.6160 -0.0591 0.7855
vn 0.6163 -0.6433 0.4542
vn 0.6160 -0.6405 0.4586
vn 0.6148 -0.1721 0.7697
vn 0.6172 -0.4507 0.6449
vn 0.6169 -0.3551 0.7024
vn 0.6177 -0.3522 0.7032
vn 0.6153 -0.2822 0.7360
vn -0.6147 0.2139 -0.7592
vn -0.6195 0.3144 -0.7193
vn -0.6172 0.3878 -0.6846
vn -0.6190 0.4556 -0.6397
vn -0.6158 0.1335 -0.7765
vn -0.6155 0.1371 -0.7761
vn -0.6157 0.5940 -0.5178
vn -0.6152 0.6433 -0.4558
vn -0.6170 0.6625 -0.4247
vn -0.6154 0.6647 -0.4237
vn -0.6157 -0.1005 -0.7816
vn -0.6093 0.7225 -0.3268
vn -0.6149 0.7498 -0.2445
vn -0.6160 -0.3163 -0.7214
vn -0.6165 -0.3217 -0.7187
vn -0.6172 -0.3186 -0.7194
vn -0.6180 -0.3850 -0.6854
vn -0.6164 0.7873 -0.0156
vn -0.6163 0.7872 0.0221
vn -0.6172 -0.4807 -0.6229
vn -0.6175 0.7761 0.1279
vn -0.6164 0.7765 0.1311
vn -0.6171 -0.5399 -0.5725
vn -0.6172 0.7595 0.2056
vn -0.6159 0.7598 0.2084
vn -0.9694 -0.1965 -0.1469
vn -0.6072 -0.6271 -0.4879
vn -0.9696 -0.1990 -0.1422
vn -0.6089 0.7260 0.3197
vn -0.6170 -0.7040 -0.3517
vn -0.6151 0.6248 0.4809
vn -0.6155 0.5732 0.5409
vn -0.6153 -0.7596 -0.2109
vn -0.6173 -0.7754 -0.1326
vn -0.6125 0.4246 0.6668
vn -0.6155 -0.7877 -0.0245
vn -0.6146 -0.7886 -0.0215
vn -0.6143 0.3558 0.7043
vn -0.6178 0.1753 0.7666
vn -0.6168 0.1391 0.7748
vn -0.6165 0.1732 0.7680
vn -0.6155 0.1371 0.7761
vn -0.6018 0.0619 0.7962
vn -0.6174 0.0956 0.7808
vn -0.6260 0.0194 0.7796
vn -0.5993 0.0603 0.7982
vn -0.6172 -0.7022 0.3550
vn -0.6157 -0.6860 0.3876
vn -0.6168 -0.1368 0.7751
vn -0.6171 -0.1333 0.7755
vn -0.6073 -0.6270 0.4879
vn -0.6158 -0.5709 0.5430
vn -0.6176 -0.5120 0.5970
vn -0.6159 -0.2791 0.7367
vn -0.6153 -0.4515 0.6462
vn 0.6147 0.2139 -0.7592
vn 0.6195 0.3144 -0.7193
vn 0.6172 0.3878 -0.6846
vn 0.6190 0.4556 -0.6397
vn 0.6158 0.1335 -0.7765
vn 0.6155 0.1371 -0.7761
vn 0.6157 0.5940 -0.5178
vn 0.6152 0.6433 -0.4558
vn 0.6170 0.6625 -0.4247
vn 0.6154 0.6647 -0.4237
vn 0.6157 -0.1005 -0.7816
vn 0.6093 0.7225 -0.3268
vn 0.6149 0.7498 -0.2445
vn 0.6160 -0.3163 -0.7214
vn 0.6165 -0.3217 -0.7187
vn 0.6172 -0.3186 -0.7194
vn 0.6180 -0.3850 -0.6854
vn 0.6164 0.7873 -0.0156
vn 0.6163 0.7872 0.0221
vn 0.6172 -0.4807 -0.6229
vn 0.6175 0.7761 0.1279
vn 0.6164 0.7764 0.1311
vn 0.6171 -0.5399 -0.5725
vn 0.6172 0.7595 0.2056
vn 0.6159 0.7598 0.2084
vn 0.5988 -0.6321 -0.4918
vn 0.6089 0.7260 0.3197
vn 0.6170 -0.7040 -0.3517
vn 0.6151 0.6248 0.4809
vn 0.6155 0.5732 0.5409
vn 0.6153 -0.7596 -0.2109
vn 0.6173 -0.7754 -0.1326
vn 0.6125 0.4246 0.6668
vn 0.6155 -0.7877 -0.0245
vn 0.6146 -0.7886 -0.0215
vn 0.6143 0.3558 0.7043
vn 0.6178 0.1753 0.7666
vn 0.6168 0.1391 0.7748
vn 0.6165 0.1732 0.7680
vn 0.6155 0.1371 0.7761
vn 0.6018 0.0619 0.7962
vn 0.6167 0.0956 0.7814
vn 0.6260 0.0194 0.7796
vn 0.5993 0.0603 0.7982
vn 0.6171 -0.7022 0.3550
vn 0.6157 -0.6860 0.3876
vn 0.6168 -0.1368 0.7751
vn 0.6171 -0.1333 0.7755
vn 0.6073 -0.6271 0.4879
vn 0.6061 -0.6255 0.4912
vn 0.6160 -0.5708 0.5430
vn 0.6176 -0.5120 0.5970
vn 0.6159 -0.2791 0.7367
vn 0.6163 -0.4517 0.6451
vn -0.6172 -0.4509 -0.6448
vn -0.6201 0.4499 0.6427
vn -0.6184 0.1006 0.7794
vn -0.6173 -0.3928 0.6817
vn 0.6169 -0.4199 -0.6657
vn 0.6163 -0.4515 -0.6453
vn 0.6201 0.4499 0.6427
vn 0.6173 0.1012 0.7802
vn -0.5966 0.0563 -0.8006
vn -0.6156 -0.4224 -0.6653
vn -0.6257 -0.5928 -0.5071
vn 0.5966 0.0563 -0.8006
vn 0.6152 -0.5991 -0.5124
vn 0.6164 -0.7854 0.0568
vn 0.6258 -0.5927 0.5070
vn -0.6219 0.7700 -0.1427
vn -0.6172 -0.7844 -0.0616
vn -0.6172 -0.7849 0.0559
vn -0.5966 0.0563 0.8006
vn 0.6219 0.7700 -0.1427
vn 0.5966 0.0563 0.8006
vn 0.6163 -0.4199 0.6662
vn -0.6127 0.3531 -0.7070
vn -0.6125 0.4246 -0.6668
vn -0.6227 0.0174 -0.7823
vn -0.6174 -0.3927 -0.6816
vn 0.6127 0.3531 -0.7070
vn 0.6227 0.0174 -0.7823
vn 0.6172 -0.3878 -0.6846
vn 0.6275 -0.5688 -0.5316
vn 0.6252 -0.5902 0.5108
vn 0.6173 -0.3878 0.6845
vn -0.6168 -0.5721 0.5406
vn 0.6172 -0.7848 -0.0559
vn 0.6171 -0.4556 0.6415
vn -0.6220 0.7699 0.1427
vn 0.6201 0.4499 -0.6427
vn 0.6219 0.7699 0.1427
vn -0.6167 0.0957 -0.7814
vn -0.6163 -0.4514 0.6452
vn 0.6174 0.0957 -0.7808
vn 0.6150 -0.5712 0.5436
vn -0.6166 -0.5736 -0.5392
vn -0.6127 0.3531 0.7070
vn -0.6227 0.0174 0.7823
vn -0.6063 -0.6252 0.4914
vn 0.6127 0.3531 0.7070
vn 0.6227 0.0174 0.7823
vn -0.0012 -0.5350 -0.8449
vn -0.9713 -0.1251 -0.2024
vn -0.9713 -0.1337 -0.1968
vn -0.9721 -0.1280 -0.1966
vn -0.9784 -0.1169 -0.1704
vn -0.9719 -0.1872 -0.1426
vn -0.9707 -0.1972 -0.1376
vn -0.9721 -0.1907 -0.1366
vn -0.9701 -0.1922 -0.1485
vn 0.0517 -0.8165 -0.5750
vn 0.0517 -0.8165 0.5750
vn -0.9719 -0.1872 0.1427
vn -0.9701 -0.1922 0.1485
vn -0.9707 -0.1972 0.1376
vn -0.9721 -0.1908 0.1366
vn -0.9713 0.0623 -0.2295
vn -0.9699 0.0650 -0.2345
vn -0.0000 0.2667 -0.9638
vn -0.9695 0.0708 -0.2345
vn -0.9704 0.0736 -0.2300
vn -0.0000 0.3137 -0.9495
vn -0.9699 0.0795 -0.2300
vn -0.9708 0.0823 -0.2254
vn -0.0000 0.3599 -0.9330
vn -0.9703 0.0882 -0.2254
vn -0.9711 0.0910 -0.2208
vn -0.0000 0.4052 -0.9142
vn -0.9705 0.0969 -0.2208
vn -0.9712 0.0997 -0.2162
vn -0.9706 0.1056 -0.2162
vn -0.0000 0.4491 -0.8935
vn -0.9713 0.1085 -0.2116
vn -0.9707 0.1144 -0.2116
vn -0.0000 0.4929 -0.8701
vn -0.9713 0.1172 -0.2069
vn -0.9706 0.1231 -0.2069
vn -0.0000 0.5350 -0.8449
vn -0.9712 0.1260 -0.2021
vn -0.9704 0.1319 -0.2021
vn -0.9702 0.1407 -0.1974
vn -0.9710 0.1348 -0.1974
vn -0.0000 0.5758 -0.8176
vn -0.9707 0.1436 -0.1926
vn -0.0000 0.6152 -0.7883
vn -0.9698 0.1495 -0.1926
vn -0.9703 0.1525 -0.1877
vn -0.9662 0.1768 -0.1877
vn -0.0000 0.6532 -0.7572
vn -0.9651 0.1699 -0.1991
vn -0.9712 0.1586 -0.1779
vn -0.9701 0.0452 -0.2384
vn -0.9704 0.0394 -0.2384
vn -0.0000 0.1710 -0.9853
vn -0.0000 0.1224 -0.9925
vn -0.9717 0.0369 -0.2334
vn -0.9711 0.0479 -0.2340
vn -0.0000 0.2191 -0.9757
vn -0.9708 0.0537 -0.2340
vn -0.9717 0.0565 -0.2295
vn -0.0000 0.6895 -0.7242
vn -0.9716 0.1616 -0.1730
vn -0.9706 0.1675 -0.1730
vn -0.9709 0.1704 -0.1681
vn -0.9699 0.1763 -0.1681
vn -0.0000 0.7242 -0.6895
vn -0.9702 0.1793 -0.1632
vn -0.0000 0.7572 -0.6532
vn -0.9715 0.1766 -0.1582
vn -0.0000 0.0731 -0.9973
vn -0.9700 0.0197 -0.2421
vn -0.9701 0.0139 -0.2421
vn -0.9714 0.0113 -0.2371
vn -0.0000 0.0245 -0.9997
vn -0.9711 0.0224 -0.2378
vn -0.9709 0.0282 -0.2378
vn -0.9719 0.0308 -0.2332
vn -0.9717 0.1796 -0.1532
vn -0.9706 0.1854 -0.1532
vn -0.0000 0.7883 -0.6152
vn -0.9708 0.1884 -0.1482
vn -0.9697 0.1942 -0.1482
vn -0.9698 0.1972 -0.1432
vn -0.0000 0.8176 -0.5758
vn -0.9711 0.1945 -0.1382
vn -0.9716 -0.0056 -0.2364
vn -0.9704 -0.0028 -0.2414
vn -0.0000 -0.0245 -0.9997
vn -0.9704 0.0029 -0.2414
vn -0.9715 0.0056 -0.2371
vn -0.9712 0.1975 -0.1332
vn -0.9700 0.2033 -0.1332
vn -0.0000 0.8449 -0.5350
vn -0.9701 0.2063 -0.1281
vn -0.9713 0.2036 -0.1231
vn -0.9716 -0.0222 -0.2356
vn -0.9704 -0.0195 -0.2406
vn -0.0000 -0.0736 -0.9973
vn -0.9705 -0.0139 -0.2406
vn -0.9716 -0.0112 -0.2364
vn -0.0000 0.8701 -0.4929
vn -0.9713 0.2066 -0.1180
vn -0.9700 0.2124 -0.1180
vn -0.9700 0.2154 -0.1129
vn -0.0000 0.8932 -0.4496
vn -0.9712 0.2127 -0.1079
vn -0.9713 -0.0388 -0.2347
vn -0.9702 -0.0361 -0.2398
vn -0.0000 -0.1710 -0.9853
vn -0.0000 -0.1224 -0.9925
vn -0.9703 -0.0305 -0.2398
vn -0.9715 -0.0278 -0.2356
vn -0.9710 0.2156 -0.1028
vn -0.9654 0.2395 -0.1028
vn -0.0000 0.9142 -0.4052
vn -0.9658 0.2331 -0.1137
vn -0.9707 0.2217 -0.0926
vn -0.9707 -0.0553 -0.2338
vn -0.9696 -0.0525 -0.2389
vn -0.0000 -0.2191 -0.9757
vn -0.9699 -0.0470 -0.2389
vn -0.9710 -0.0443 -0.2347
vn -0.9705 0.2247 -0.0874
vn -0.0000 0.9330 -0.3599
vn -0.9716 0.2219 -0.0824
vn -0.9714 -0.0635 -0.2287
vn -0.9704 -0.0607 -0.2338
vn -0.0000 -0.2667 -0.9638
vn -0.9713 0.2249 -0.0772
vn -0.9700 0.2306 -0.0772
vn -0.0000 0.9495 -0.3137
vn -0.9697 0.2336 -0.0721
vn -0.9707 0.2308 -0.0670
vn -0.0000 -0.3137 -0.9495
vn -0.9704 -0.0798 -0.2277
vn -0.9695 -0.0770 -0.2328
vn -0.9699 -0.0716 -0.2328
vn -0.9710 -0.0689 -0.2287
vn -0.9703 0.2338 -0.0618
vn -0.0000 0.9638 -0.2667
vn -0.9713 0.2310 -0.0567
vn -0.0000 -0.3599 -0.9330
vn -0.9709 -0.0879 -0.2226
vn -0.9700 -0.0851 -0.2277
vn -0.0000 0.9757 -0.2191
vn -0.9709 0.2339 -0.0515
vn -0.9718 0.2311 -0.0464
vn -0.0000 0.9851 -0.1717
vn -0.9713 -0.0960 -0.2175
vn -0.9704 -0.0932 -0.2226
vn -0.0000 -0.4052 -0.9142
vn -0.9714 0.2340 -0.0413
vn -0.9699 0.2398 -0.0413
vn -0.9694 0.2427 -0.0361
vn -0.9703 0.2399 -0.0310
vn -0.9708 -0.1013 -0.2175
vn -0.0000 -0.4496 -0.8932
vn -0.9716 -0.1041 -0.2124
vn -0.9697 0.2428 -0.0258
vn -0.0000 0.9925 -0.1224
vn -0.9706 0.2400 -0.0206
vn -0.9710 -0.1094 -0.2124
vn -0.0000 -0.4929 -0.8701
vn -0.9718 -0.1122 -0.2073
vn -0.0000 0.9973 -0.0736
vn -0.9699 0.2429 -0.0155
vn -0.9707 0.2400 -0.0103
vn -0.9712 -0.1174 -0.2073
vn -0.9720 -0.1202 -0.2020
vn -0.0000 0.9997 -0.0245
vn -0.9700 0.2429 -0.0052
vn -0.9708 0.2400 -0.0000
vn -0.0000 0.9997 0.0245
vn -0.9700 0.2429 0.0052
vn -0.9707 0.2400 0.0103
vn -0.0000 -0.5758 -0.8176
vn -0.0000 0.9973 0.0736
vn -0.9699 0.2429 0.0155
vn -0.9706 0.2400 0.0206
vn -0.9720 -0.1361 -0.1917
vn -0.9712 -0.1413 -0.1919
vn -0.0000 -0.6152 -0.7883
vn -0.9718 -0.1442 -0.1868
vn -0.0000 0.9925 0.1224
vn -0.9697 0.2428 0.0258
vn -0.9703 0.2399 0.0310
vn -0.9715 -0.1520 -0.1817
vn -0.9710 -0.1491 -0.1868
vn -0.0000 -0.6532 -0.7572
vn -0.9694 0.2427 0.0361
vn -0.0000 0.9851 0.1717
vn -0.9700 0.2397 0.0413
vn -0.9708 -0.1570 -0.1817
vn -0.9712 -0.1599 -0.1765
vn -0.9714 0.2340 0.0413
vn -0.9718 0.2311 0.0464
vn -0.0000 -0.6895 -0.7242
vn -0.9708 -0.1677 -0.1714
vn -0.9704 -0.1648 -0.1765
vn -0.0000 0.9757 0.2191
vn -0.9709 0.2339 0.0516
vn -0.9713 0.2310 0.0567
vn -0.0000 -0.7242 -0.6895
vn -0.9700 -0.1725 -0.1714
vn -0.9703 -0.1754 -0.1663
vn -0.9703 0.2338 0.0618
vn -0.0000 0.9638 0.2667
vn -0.9707 0.2308 0.0670
vn -0.9715 -0.1727 -0.1622
vn -0.9719 -0.1756 -0.1568
vn -0.9710 -0.1804 -0.1570
vn -0.0000 0.9495 0.3137
vn -0.9697 0.2336 0.0721
vn -0.9700 0.2306 0.0772
vn -0.0000 -0.7572 -0.6532
vn -0.9712 -0.1835 -0.1520
vn -0.0000 0.9330 0.3599
vn -0.9716 0.2219 0.0824
vn -0.9713 0.2248 0.0772
vn -0.0000 -0.7883 -0.6152
vn -0.9703 -0.1881 -0.1520
vn -0.9705 0.2247 0.0875
vn -0.9707 0.2217 0.0926
vn -0.0000 0.9142 0.4052
vn -0.9658 0.2331 0.1136
vn -0.9655 0.2395 0.1027
vn -0.9710 -0.1990 -0.1325
vn -0.9711 0.2156 0.1028
vn -0.0000 0.8932 0.4496
vn -0.9712 0.2127 0.1079
vn -0.9701 -0.2035 -0.1325
vn -0.0000 -0.8449 -0.5350
vn -0.9701 -0.2065 -0.1274
vn -0.9700 0.2154 0.1129
vn -0.0000 0.8701 0.4929
vn -0.9700 0.2124 0.1180
vn -0.9712 -0.2038 -0.1232
vn -0.0000 -0.8701 -0.4929
vn -0.9712 -0.2068 -0.1181
vn -0.9713 0.2036 0.1231
vn -0.9713 0.2066 0.1180
vn -0.9703 -0.2113 -0.1181
vn -0.9702 -0.2143 -0.1131
vn -0.0000 0.8449 0.5350
vn -0.9701 0.2063 0.1281
vn -0.9700 0.2033 0.1332
vn -0.0000 -0.8932 -0.4496
vn -0.9713 -0.2115 -0.1088
vn -0.9712 -0.2145 -0.1038
vn -0.0000 0.8176 0.5758
vn -0.9711 0.1945 0.1382
vn -0.9712 0.1975 0.1332
vn -0.9700 -0.2219 -0.0988
vn -0.9702 -0.2189 -0.1038
vn -0.0000 -0.9142 -0.4052
vn -0.9698 0.1972 0.1432
vn -0.0000 0.7883 0.6152
vn -0.9697 0.1942 0.1482
vn -0.9711 -0.2192 -0.0944
vn -0.9709 -0.2221 -0.0895
vn -0.9708 0.1884 0.1482
vn -0.9706 0.1854 0.1532
vn -0.9699 -0.2265 -0.0895
vn -0.0000 -0.9330 -0.3599
vn -0.9696 -0.2295 -0.0845
vn -0.0000 0.7572 0.6532
vn -0.9715 0.1766 0.1582
vn -0.9717 0.1795 0.1532
vn -0.9707 -0.2267 -0.0801
vn -0.0000 -0.9495 -0.3137
vn -0.9704 -0.2296 -0.0752
vn -0.9702 0.1793 0.1632
vn -0.0000 0.7242 0.6895
vn -0.9699 0.1763 0.1681
vn -0.9714 -0.2269 -0.0707
vn -0.0000 -0.9638 -0.2667
vn -0.9710 -0.2298 -0.0658
vn -0.9706 0.1675 0.1730
vn -0.9709 0.1704 0.1681
vn -0.0000 0.6895 0.7242
vn -0.9700 -0.2341 -0.0658
vn -0.9696 -0.2371 -0.0609
vn -0.9716 0.1616 0.1730
vn -0.9712 0.1586 0.1779
vn -0.9705 -0.2343 -0.0565
vn -0.0000 -0.9757 -0.2191
vn -0.9701 -0.2372 -0.0516
vn -0.9652 0.1699 0.1990
vn -0.0000 0.6532 0.7572
vn -0.9662 0.1768 0.1877
vn -0.9710 -0.2344 -0.0471
vn -0.0000 -0.9853 -0.1710
vn -0.9705 -0.2373 -0.0422
vn -0.9703 0.1525 0.1878
vn -0.0000 0.6152 0.7883
vn -0.9698 0.1495 0.1926
vn -0.9714 -0.2345 -0.0377
vn -0.9709 -0.2374 -0.0329
vn -0.9702 0.1407 0.1974
vn -0.9707 0.1436 0.1926
vn -0.0000 0.5758 0.8176
vn -0.0000 -0.9925 -0.1224
vn -0.9717 -0.2346 -0.0283
vn -0.9711 -0.2375 -0.0234
vn -0.9704 0.1319 0.2021
vn -0.0000 0.5350 0.8449
vn -0.9710 0.1348 0.1974
vn -0.0000 -0.9973 -0.0736
vn -0.9714 -0.2372 -0.0141
vn -0.9720 -0.2344 -0.0189
vn -0.9706 0.1231 0.2069
vn -0.9712 0.1260 0.2021
vn -0.9695 -0.2449 -0.0094
vn -0.9702 -0.2419 -0.0141
vn -0.0000 -0.9997 -0.0245
vn -0.0000 0.4929 0.8701
vn -0.9706 0.1144 0.2116
vn -0.9713 0.1172 0.2069
vn -0.9703 -0.2417 -0.0047
vn -0.9696 -0.2447 -0.0000
vn -0.9706 0.1056 0.2162
vn -0.9713 0.1085 0.2116
vn -0.0000 0.4491 0.8935
vn -0.0000 -0.9997 0.0245
vn -0.9703 -0.2418 0.0047
vn -0.9696 -0.2446 0.0093
vn -0.9705 0.0969 0.2208
vn -0.9712 0.0997 0.2162
vn -0.0000 0.4052 0.9142
vn -0.9741 -0.2256 0.0134
vn -0.0000 -0.9973 0.0736
vn -0.9713 -0.2375 0.0141
vn -0.9711 -0.2375 0.0235
vn -0.9720 -0.2344 0.0188
vn -0.9703 0.0882 0.2254
vn -0.9711 0.0910 0.2208
vn -0.0000 0.3599 0.9330
vn -0.0000 -0.9925 0.1224
vn -0.9717 -0.2345 0.0283
vn -0.9709 -0.2374 0.0329
vn -0.9699 0.0795 0.2300
vn -0.9708 0.0823 0.2254
vn -0.0000 0.3137 0.9495
vn -0.9714 -0.2345 0.0377
vn -0.0000 -0.9853 0.1710
vn -0.9705 -0.2373 0.0422
vn -0.9695 0.0709 0.2345
vn -0.9704 0.0736 0.2300
vn -0.0000 0.2667 0.9638
vn -0.9710 -0.2344 0.0471
vn -0.0000 -0.9757 0.2191
vn -0.9701 -0.2372 0.0516
vn -0.9708 0.0537 0.2340
vn -0.9717 0.0565 0.2295
vn -0.0000 0.2191 0.9757
vn -0.9713 0.0623 0.2295
vn -0.9699 0.0650 0.2345
vn -0.9705 -0.2343 0.0565
vn -0.9696 -0.2371 0.0609
vn -0.0000 -0.9638 0.2667
vn -0.9701 0.0452 0.2384
vn -0.9711 0.0479 0.2340
vn -0.0000 0.1710 0.9853
vn -0.9700 -0.2341 0.0658
vn -0.9710 -0.2298 0.0658
vn -0.9714 -0.2268 0.0707
vn -0.0000 -0.9495 0.3137
vn -0.9704 -0.2296 0.0752
vn -0.9709 0.0284 0.2378
vn -0.0000 0.1224 0.9925
vn -0.9717 0.0366 0.2334
vn -0.9719 0.0309 0.2334
vn -0.9704 0.0394 0.2384
vn -0.9707 -0.2267 0.0801
vn -0.9696 -0.2295 0.0845
vn -0.0000 -0.9330 0.3599
vn -0.9700 0.0197 0.2421
vn -0.9711 0.0224 0.2378
vn -0.0000 0.0731 0.9973
vn -0.9699 -0.2266 0.0895
vn -0.9709 -0.2221 0.0895
vn -0.9711 -0.2191 0.0944
vn -0.0000 -0.9142 0.4052
vn -0.9701 -0.2219 0.0988
vn -0.9704 0.0028 0.2414
vn -0.9715 0.0056 0.2371
vn -0.0000 0.0245 0.9997
vn -0.9714 0.0113 0.2371
vn -0.9701 0.0140 0.2421
vn -0.9702 -0.2189 0.1038
vn -0.0000 -0.8932 0.4496
vn -0.9712 -0.2145 0.1038
vn -0.9713 -0.2115 0.1088
vn -0.9702 -0.2142 0.1131
vn -0.0000 -0.0245 0.9997
vn -0.9705 -0.0139 0.2406
vn -0.9716 -0.0112 0.2364
vn -0.9716 -0.0055 0.2364
vn -0.9704 -0.0028 0.2414
vn -0.0000 -0.8701 0.4929
vn -0.9703 -0.2113 0.1181
vn -0.9712 -0.2067 0.1181
vn -0.9712 -0.2038 0.1232
vn -0.0000 -0.8449 0.5350
vn -0.9701 -0.2065 0.1274
vn -0.9703 -0.0305 0.2398
vn -0.9715 -0.0278 0.2356
vn -0.0000 -0.1224 0.9925
vn -0.9716 -0.0222 0.2356
vn -0.9704 -0.0195 0.2406
vn -0.0000 -0.0736 0.9973
vn -0.9701 -0.2035 0.1325
vn -0.9710 -0.1990 0.1325
vn -0.9713 -0.0388 0.2347
vn -0.9711 -0.0443 0.2347
vn -0.0000 -0.1710 0.9853
vn -0.0000 -0.2191 0.9757
vn -0.9699 -0.0470 0.2389
vn -0.9702 -0.0361 0.2398
vn -0.9703 -0.1881 0.1519
vn -0.0001 -0.7883 0.6153
vn 0.0005 -0.7570 0.6535
vn -0.9712 -0.1834 0.1519
vn -0.9710 -0.1802 0.1571
vn -0.0000 -0.7242 0.6895
vn -0.9715 -0.1728 0.1622
vn -0.9719 -0.1757 0.1570
vn -0.9703 -0.1754 0.1663
vn -0.0000 -0.2667 0.9638
vn -0.9714 -0.0635 0.2287
vn -0.9711 -0.0689 0.2287
vn -0.0000 -0.3137 0.9495
vn -0.9699 -0.0716 0.2328
vn -0.9704 -0.0607 0.2338
vn -0.9707 -0.0553 0.2338
vn -0.9696 -0.0525 0.2389
vn -0.9700 -0.1725 0.1714
vn -0.9708 -0.1677 0.1714
vn -0.0000 -0.6895 0.7242
vn -0.9704 -0.1648 0.1765
vn -0.9712 -0.1599 0.1765
vn -0.0000 -0.6532 0.7572
vn -0.9708 -0.1570 0.1817
vn -0.9715 -0.1520 0.1817
vn -0.9710 -0.1491 0.1868
vn -0.9718 -0.1442 0.1868
vn -0.0000 -0.6152 0.7883
vn -0.9712 -0.1412 0.1919
vn -0.9720 -0.1361 0.1918
vn -0.9714 -0.1333 0.1967
vn -0.0000 -0.5758 0.8176
vn -0.9737 -0.1274 0.1890
vn -0.0000 -0.5350 0.8449
vn -0.0000 -0.4929 0.8701
vn -0.9713 -0.1254 0.2022
vn -0.9712 -0.1174 0.2073
vn -0.9720 -0.1201 0.2020
vn -0.9718 -0.1122 0.2073
vn -0.9710 -0.1094 0.2124
vn -0.9716 -0.1042 0.2124
vn -0.0000 -0.4496 0.8932
vn -0.9708 -0.1013 0.2175
vn -0.0000 -0.4052 0.9142
vn -0.9713 -0.0961 0.2175
vn -0.9704 -0.0932 0.2226
vn -0.0000 -0.3599 0.9330
vn -0.9709 -0.0879 0.2226
vn -0.9700 -0.0851 0.2278
vn -0.9704 -0.0798 0.2278
vn -0.9695 -0.0770 0.2328
vn -0.9720 -0.1282 0.1969
vn 0.9713 0.0624 -0.2295
vn 0.9699 0.0650 -0.2345
vn 0.9695 0.0708 -0.2345
vn 0.9704 0.0736 -0.2300
vn 0.9699 0.0795 -0.2300
vn 0.9708 0.0823 -0.2254
vn 0.9703 0.0882 -0.2254
vn 0.9711 0.0910 -0.2208
vn 0.9705 0.0969 -0.2208
vn 0.9712 0.0997 -0.2162
vn 0.9706 0.1056 -0.2162
vn 0.9713 0.1085 -0.2116
vn 0.9707 0.1144 -0.2116
vn 0.9713 0.1172 -0.2069
vn 0.9706 0.1231 -0.2069
vn 0.9712 0.1260 -0.2021
vn 0.9704 0.1319 -0.2021
vn 0.9710 0.1348 -0.1974
vn 0.9702 0.1407 -0.1974
vn 0.9707 0.1436 -0.1926
vn 0.9698 0.1495 -0.1926
vn 0.9703 0.1525 -0.1877
vn 0.9662 0.1768 -0.1877
vn 0.9651 0.1699 -0.1991
vn 0.9712 0.1586 -0.1779
vn 0.9701 0.0452 -0.2384
vn 0.9704 0.0394 -0.2384
vn 0.9717 0.0367 -0.2334
vn 0.9711 0.0479 -0.2340
vn 0.9708 0.0537 -0.2340
vn 0.9717 0.0565 -0.2295
vn 0.9716 0.1616 -0.1730
vn 0.9706 0.1675 -0.1730
vn 0.9709 0.1704 -0.1681
vn 0.9699 0.1763 -0.1681
vn 0.9702 0.1793 -0.1632
vn 0.9715 0.1766 -0.1582
vn 0.9700 0.0197 -0.2421
vn 0.9701 0.0139 -0.2421
vn 0.9714 0.0113 -0.2371
vn 0.9711 0.0224 -0.2378
vn 0.9709 0.0284 -0.2378
vn 0.9719 0.0309 -0.2334
vn 0.9717 0.1796 -0.1532
vn 0.9706 0.1854 -0.1532
vn 0.9708 0.1884 -0.1482
vn 0.9697 0.1942 -0.1482
vn 0.9698 0.1972 -0.1432
vn 0.9711 0.1945 -0.1382
vn 0.9716 -0.0056 -0.2364
vn 0.9704 -0.0028 -0.2414
vn 0.9704 0.0029 -0.2414
vn 0.9715 0.0056 -0.2371
vn 0.9712 0.1975 -0.1332
vn 0.9700 0.2033 -0.1332
vn 0.9701 0.2063 -0.1281
vn 0.9713 0.2036 -0.1231
vn 0.9716 -0.0222 -0.2356
vn 0.9704 -0.0195 -0.2406
vn 0.9705 -0.0139 -0.2406
vn 0.9716 -0.0112 -0.2364
vn 0.9713 0.2066 -0.1180
vn 0.9700 0.2124 -0.1180
vn 0.9700 0.2154 -0.1129
vn 0.9712 0.2127 -0.1079
vn 0.9713 -0.0388 -0.2347
vn 0.9702 -0.0361 -0.2398
vn 0.9703 -0.0305 -0.2398
vn 0.9715 -0.0278 -0.2356
vn 0.9710 0.2156 -0.1028
vn 0.9654 0.2395 -0.1028
vn 0.9658 0.2331 -0.1137
vn 0.9707 0.2217 -0.0926
vn 0.9707 -0.0553 -0.2338
vn 0.9696 -0.0525 -0.2389
vn 0.9699 -0.0470 -0.2389
vn 0.9710 -0.0443 -0.2347
vn 0.9705 0.2247 -0.0874
vn 0.9716 0.2219 -0.0824
vn 0.9714 -0.0635 -0.2287
vn 0.9704 -0.0607 -0.2338
vn 0.9713 0.2249 -0.0772
vn 0.9700 0.2306 -0.0772
vn 0.9697 0.2336 -0.0721
vn 0.9707 0.2308 -0.0670
vn 0.9704 -0.0798 -0.2277
vn 0.9695 -0.0770 -0.2328
vn 0.9699 -0.0716 -0.2328
vn 0.9710 -0.0689 -0.2287
vn 0.9703 0.2338 -0.0618
vn 0.9713 0.2310 -0.0567
vn 0.9709 -0.0879 -0.2226
vn 0.9700 -0.0851 -0.2277
vn 0.9709 0.2339 -0.0515
vn 0.9718 0.2311 -0.0464
vn 0.9713 -0.0960 -0.2175
vn 0.9704 -0.0932 -0.2226
vn 0.9714 0.2340 -0.0413
vn 0.9699 0.2398 -0.0413
vn 0.9694 0.2427 -0.0361
vn 0.9703 0.2399 -0.0310
vn 0.9708 -0.1013 -0.2175
vn 0.9716 -0.1041 -0.2124
vn 0.9697 0.2428 -0.0258
vn 0.9706 0.2400 -0.0206
vn 0.9710 -0.1094 -0.2124
vn 0.9718 -0.1122 -0.2073
vn 0.9699 0.2429 -0.0155
vn 0.9707 0.2400 -0.0103
vn 0.9712 -0.1175 -0.2073
vn 0.9700 0.2429 -0.0052
vn 0.9708 0.2400 -0.0000
vn 0.9713 -0.1254 -0.2021
vn 0.9720 -0.1282 -0.1969
vn 0.9737 -0.1274 -0.1890
vn 0.9714 -0.1333 -0.1967
vn 0.9720 -0.1202 -0.2020
vn 0.9700 0.2429 0.0052
vn 0.9707 0.2400 0.0103
vn 0.9699 0.2429 0.0155
vn 0.9706 0.2400 0.0206
vn 0.9720 -0.1361 -0.1917
vn 0.9712 -0.1412 -0.1919
vn 0.9718 -0.1442 -0.1868
vn 0.9697 0.2428 0.0258
vn 0.9703 0.2399 0.0310
vn 0.9715 -0.1520 -0.1817
vn 0.9710 -0.1491 -0.1868
vn 0.9694 0.2427 0.0361
vn 0.9699 0.2398 0.0413
vn 0.9708 -0.1570 -0.1817
vn 0.9712 -0.1599 -0.1765
vn 0.9714 0.2340 0.0413
vn 0.9718 0.2311 0.0464
vn 0.9708 -0.1677 -0.1714
vn 0.9704 -0.1648 -0.1765
vn 0.9709 0.2339 0.0516
vn 0.9713 0.2310 0.0567
vn 0.9700 -0.1725 -0.1714
vn 0.9703 -0.1754 -0.1663
vn 0.9703 0.2338 0.0618
vn 0.9707 0.2308 0.0670
vn 0.9715 -0.1728 -0.1622
vn 0.9718 -0.1758 -0.1570
vn 0.9697 0.2336 0.0721
vn 0.9700 0.2306 0.0772
vn 0.9710 -0.1805 -0.1570
vn 0.9712 -0.1835 -0.1520
vn 0.9716 0.2219 0.0824
vn 0.9713 0.2248 0.0772
vn 0.9703 -0.1881 -0.1520
vn 0.9706 -0.1910 -0.1466
vn 0.9705 0.2247 0.0875
vn 0.9707 0.2217 0.0926
vn 0.9717 -0.1883 -0.1426
vn 0.9719 -0.1913 -0.1374
vn 0.9709 -0.1960 -0.1376
vn 0.9658 0.2331 0.1136
vn 0.9655 0.2395 0.1027
vn 0.9710 -0.1990 -0.1325
vn 0.9711 0.2156 0.1028
vn 0.9712 0.2127 0.1079
vn 0.9701 -0.2035 -0.1325
vn 0.9701 -0.2065 -0.1274
vn 0.9700 0.2154 0.1129
vn 0.9700 0.2124 0.1180
vn 0.9712 -0.2038 -0.1232
vn 0.9712 -0.2068 -0.1181
vn 0.9713 0.2036 0.1231
vn 0.9713 0.2066 0.1180
vn 0.9703 -0.2113 -0.1181
vn 0.9702 -0.2143 -0.1131
vn 0.9701 0.2063 0.1281
vn 0.9700 0.2033 0.1332
vn 0.9713 -0.2115 -0.1088
vn 0.9712 -0.2145 -0.1038
vn 0.9711 0.1945 0.1382
vn 0.9712 0.1975 0.1332
vn 0.9700 -0.2219 -0.0988
vn 0.9702 -0.2189 -0.1038
vn 0.9698 0.1972 0.1432
vn 0.9697 0.1942 0.1482
vn 0.9711 -0.2192 -0.0944
vn 0.9709 -0.2221 -0.0895
vn 0.9708 0.1884 0.1482
vn 0.9706 0.1854 0.1532
vn 0.9699 -0.2265 -0.0895
vn 0.9696 -0.2295 -0.0845
vn 0.9715 0.1766 0.1582
vn 0.9717 0.1795 0.1532
vn 0.9707 -0.2267 -0.0801
vn 0.9704 -0.2296 -0.0752
vn 0.9702 0.1793 0.1632
vn 0.9699 0.1763 0.1681
vn 0.9714 -0.2269 -0.0707
vn 0.9710 -0.2298 -0.0658
vn 0.9706 0.1675 0.1730
vn 0.9709 0.1704 0.1681
vn 0.9700 -0.2341 -0.0658
vn 0.9696 -0.2371 -0.0609
vn 0.9716 0.1616 0.1730
vn 0.9712 0.1586 0.1779
vn 0.9705 -0.2343 -0.0565
vn 0.9701 -0.2372 -0.0516
vn 0.9652 0.1699 0.1990
vn 0.9662 0.1768 0.1877
vn 0.9710 -0.2344 -0.0471
vn 0.9705 -0.2373 -0.0422
vn 0.9703 0.1525 0.1878
vn 0.9698 0.1495 0.1926
vn 0.9714 -0.2345 -0.0377
vn 0.9709 -0.2374 -0.0329
vn 0.9702 0.1407 0.1974
vn 0.9707 0.1436 0.1926
vn 0.9717 -0.2346 -0.0283
vn 0.9711 -0.2375 -0.0235
vn 0.9704 0.1319 0.2021
vn 0.9710 0.1348 0.1974
vn 0.9720 -0.2344 -0.0189
vn 0.9713 -0.2375 -0.0141
vn 0.9712 0.1260 0.2021
vn 0.9706 0.1231 0.2069
vn 0.9695 -0.2449 -0.0094
vn 0.9742 -0.2254 -0.0134
vn 0.9706 0.1144 0.2116
vn 0.9713 0.1172 0.2069
vn 0.9703 -0.2417 -0.0047
vn 0.9696 -0.2447 -0.0000
vn 0.9706 0.1056 0.2162
vn 0.9713 0.1085 0.2116
vn 0.9703 -0.2417 0.0047
vn 0.9696 -0.2446 0.0093
vn 0.9705 0.0969 0.2208
vn 0.9712 0.0997 0.2162
vn 0.9702 -0.2418 0.0141
vn 0.9714 -0.2372 0.0141
vn 0.9711 -0.2375 0.0234
vn 0.9720 -0.2344 0.0188
vn 0.9703 0.0882 0.2254
vn 0.9711 0.0910 0.2208
vn 0.9717 -0.2345 0.0283
vn 0.9709 -0.2374 0.0329
vn 0.9699 0.0795 0.2300
vn 0.9708 0.0823 0.2254
vn 0.9714 -0.2345 0.0377
vn 0.9705 -0.2373 0.0422
vn 0.9695 0.0709 0.2345
vn 0.9704 0.0736 0.2300
vn 0.9710 -0.2344 0.0471
vn 0.9701 -0.2372 0.0516
vn 0.9708 0.0537 0.2340
vn 0.9717 0.0565 0.2295
vn 0.9713 0.0623 0.2295
vn 0.9699 0.0650 0.2345
vn 0.9705 -0.2343 0.0565
vn 0.9696 -0.2371 0.0609
vn 0.9701 0.0452 0.2384
vn 0.9711 0.0479 0.2340
vn 0.9700 -0.2341 0.0658
vn 0.9710 -0.2298 0.0658
vn 0.9714 -0.2268 0.0707
vn 0.9704 -0.2296 0.0752
vn 0.9709 0.0282 0.2378
vn 0.9717 0.0368 0.2334
vn 0.9719 0.0308 0.2332
vn 0.9704 0.0394 0.2384
vn 0.9707 -0.2267 0.0801
vn 0.9696 -0.2295 0.0845
vn 0.9700 0.0197 0.2421
vn 0.9711 0.0224 0.2378
vn 0.9699 -0.2266 0.0895
vn 0.9709 -0.2221 0.0895
vn 0.9711 -0.2191 0.0944
vn 0.9700 -0.2219 0.0988
vn 0.9704 0.0028 0.2414
vn 0.9715 0.0056 0.2371
vn 0.9714 0.0113 0.2371
vn 0.9701 0.0140 0.2421
vn 0.9702 -0.2189 0.1038
vn 0.9712 -0.2145 0.1038
vn 0.9713 -0.2115 0.1088
vn 0.9702 -0.2142 0.1131
vn 0.9705 -0.0139 0.2406
vn 0.9716 -0.0112 0.2364
vn 0.9716 -0.0055 0.2364
vn 0.9704 -0.0028 0.2414
vn 0.9703 -0.2113 0.1181
vn 0.9712 -0.2067 0.1181
vn 0.9712 -0.2038 0.1232
vn 0.9701 -0.2065 0.1274
vn 0.9715 -0.0278 0.2356
vn 0.9703 -0.0305 0.2398
vn 0.9716 -0.0222 0.2356
vn 0.9704 -0.0195 0.2406
vn 0.9701 -0.2035 0.1325
vn 0.9710 -0.1990 0.1325
vn 0.9709 -0.1958 0.1376
vn 0.9713 -0.0388 0.2347
vn 0.9711 -0.0443 0.2347
vn 0.9699 -0.0470 0.2389
vn 0.9702 -0.0361 0.2398
vn 0.9718 -0.1913 0.1375
vn 0.9717 -0.1884 0.1427
vn 0.9706 -0.1908 0.1464
vn 0.9703 -0.1881 0.1519
vn 0.9712 -0.1835 0.1519
vn 0.9710 -0.1805 0.1570
vn 0.9719 -0.1755 0.1567
vn 0.9715 -0.1725 0.1624
vn 0.9703 -0.1754 0.1663
vn 0.9714 -0.0635 0.2287
vn 0.9710 -0.0689 0.2287
vn 0.9699 -0.0716 0.2328
vn 0.9704 -0.0607 0.2338
vn 0.9707 -0.0553 0.2338
vn 0.9696 -0.0525 0.2389
vn 0.9700 -0.1725 0.1714
vn 0.9708 -0.1677 0.1714
vn 0.9704 -0.1648 0.1765
vn 0.9712 -0.1599 0.1765
vn 0.9708 -0.1570 0.1817
vn 0.9715 -0.1520 0.1817
vn 0.9710 -0.1491 0.1868
vn 0.9718 -0.1442 0.1868
vn 0.9712 -0.1412 0.1920
vn 0.9713 -0.1336 0.1969
vn 0.9720 -0.1361 0.1917
vn 0.9793 -0.1145 0.1671
vn 0.9712 -0.1175 0.2073
vn 0.9713 -0.1252 0.2023
vn 0.9720 -0.1202 0.2020
vn 0.9718 -0.1122 0.2073
vn 0.9710 -0.1094 0.2124
vn 0.9716 -0.1042 0.2124
vn 0.9708 -0.1013 0.2175
vn 0.9713 -0.0961 0.2175
vn 0.9704 -0.0932 0.2226
vn 0.9709 -0.0879 0.2226
vn 0.9700 -0.0851 0.2278
vn 0.9704 -0.0798 0.2278
vn 0.9695 -0.0770 0.2328
vn 0.9721 -0.1280 0.1966
s 0
f 14//1 15//1 1//1
f 2//2 1//2 15//2
f 15//3 16//3 2//3
f 3//4 2//4 16//4
f 16//5 17//5 3//5
f 4//6 3//6 17//6
f 17//7 18//7 4//7
f 5//8 4//8 18//8
f 18//9 19//9 5//9
f 5//10 19//10 6//10
f 19//11 20//11 6//11
f 7//12 6//12 20//12
f 20//13 21//13 7//13
f 8//14 7//14 21//14
f 21//15 22//15 8//15
f 9//16 8//16 22//16
f 22//17 23//17 9//17
f 10//18 9//18 23//18
f 24//19 10//19 23//19
f 11//20 10//20 24//20
f 25//21 11//21 24//21
f 30//22 31//22 12//22
f 13//23 12//23 31//23
f 31//24 32//24 13//24
f 13//25 32//25 14//25
f 32//26 33//26 14//26
f 14//27 33//27 15//27
f 33//28 34//28 15//28
f 15//29 34//29 16//29
f 34//30 35//30 16//30
f 16//31 35//31 17//31
f 35//32 36//32 17//32
f 17//33 36//33 18//33
f 36//34 37//34 18//34
f 18//35 37//35 19//35
f 37//36 38//36 19//36
f 19//37 38//37 20//37
f 38//38 39//38 20//38
f 20//39 39//39 21//39
f 39//40 40//40 21//40
f 21//41 40//41 22//41
f 40//42 41//42 22//42
f 22//43 41//43 23//43
f 41//44 42//44 23//44
f 23//45 42//45 24//45
f 42//46 43//46 24//46
f 24//47 43//47 25//47
f 43//48 44//48 25//48
f 26//49 25//49 44//49
f 44//50 45//50 26//50
f 27//51 26//51 45//51
f 46//52 27//52 45//52
f 50//53 51//53 28//53
f 28//54 51//54 29//54
f 51//55 52//55 29//55
f 29//56 52//56 30//56
f 52//57 53//57 30//57
f 30//58 53//58 31//58
f 53//59 54//59 31//59
f 31//60 54//60 32//60
f 54//61 55//61 32//61
f 32//62 55//62 33//62
f 55//63 56//63 33//63
f 33//64 56//64 34//64
f 56//65 57//65 34//65
f 34//66 57//66 35//66
f 57//67 58//67 35//67
f 35//68 58//68 36//68
f 58//69 59//69 36//69
f 36//70 59//70 37//70
f 59//71 60//71 37//71
f 37//72 60//72 38//72
f 60//73 61//73 38//73
f 38//74 61//74 39//74
f 61//75 62//75 39//75
f 39//76 62//76 40//76
f 62//77 63//77 40//77
f 40//78 63//78 41//78
f 63//79 64//79 41//79
f 41//80 64//80 42//80
f 64//81 65//81 42//81
f 42//82 65//82 43//82
f 65//83 66//83 43//83
f 43//84 66//84 44//84
f 66//85 67//85 44//85
f 44//86 67//86 45//86
f 67//87 68//87 45//87
f 45//88 68//88 46//88
f 68//89 69//89 46//89
f 47//90 46//90 69//90
f 69//91 70//91 47//91
f 48//92 47//92 70//92
f 71//93 48//93 70//93
f 74//94 75//94 49//94
f 49//95 75//95 50//95
f 75//96 76//96 50//96
f 50//97 76//97 51//97
f 76//98 77//98 51//98
f 51//99 77//99 52//99
f 77//100 78//100 52//100
f 52//101 78//101 53//101
f 78//102 79//102 53//102
f 53//103 79//103 54//103
f 79//104 80//104 54//104
f 54//105 80//105 55//105
f 80//106 81//106 55//106
f 55//107 81//107 56//107
f 81//108 82//108 56//108
f 56//109 82//109 57//109
f 82//110 83//110 57//110
f 57//111 83//111 58//111
f 83//112 84//112 58//112
f 58//113 84//113 59//113
f 84//114 85//114 59//114
f 59//115 85//115 60//115
f 85//116 86//116 60//116
f 60//117 86//117 61//117
f 86//118 87//118 61//118
f 61//119 87//119 62//119
f 87//120 88//120 62//120
f 62//121 88//121 63//121
f 88//122 89//122 63//122
f 63//123 89//123 64//123
f 89//124 90//124 64//124
f 64//125 90//125 65//125
f 90//126 91//126 65//126
f 65//127 91//127 66//127
f 91//128 92//128 66//128
f 66//129 92//129 67//129
f 92//130 93//130 67//130
f 67//131 93//131 68//131
f 93//132 94//132 68//132
f 68//133 94//133 69//133
f 94//134 95//134 69//134
f 69//135 95//135 70//135
f 95//136 96//136 70//136
f 70//137 96//137 71//137
f 96//138 97//138 71//138
f 72//139 71//139 97//139
f 98//140 72//140 97//140
f 101//141 102//141 73//141
f 73//142 102//142 74//142
f 102//143 103//143 74//143
f 74//144 103//144 75//144
f 103//145 104//145 75//145
f 75//146 104//146 76//146
f 104//147 105//147 76//147
f 76//148 105//148 77//148
f 105//149 106//149 77//149
f 77//150 106//150 78//150
f 106//151 107//151 78//151
f 78//152 107//152 79//152
f 107//153 108//153 79//153
f 79//154 108//154 80//154
f 108//155 109//155 80//155
f 80//156 109//156 81//156
f 109//157 110//157 81//157
f 81//158 110//158 82//158
f 110//159 111//159 82//159
f 82//160 111//160 83//160
f 111//161 112//161 83//161
f 83//162 112//162 84//162
f 112//163 113//163 84//163
f 84//164 113//164 85//164
f 113//165 114//165 85//165
f 85//166 114//166 86//166
f 114//167 115//167 86//167
f 86//168 115//168 87//168
f 115//169 116//169 87//169
f 87//170 116//170 88//170
f 116//171 117//171 88//171
f 88//172 117//172 89//172
f 117//173 118//173 89//173
f 89//174 118//174 90//174
f 118//175 119//175 90//175
f 90//176 119//176 91//176
f 119//177 120//177 91//177
f 91//178 120//178 92//178
f 120//179 121//179 92//179
f 92//180 121//180 93//180
f 121//181 122//181 93//181
f 93//182 122//182 94//182
f 122//183 123//183 94//183
f 94//184 123//184 95//184
f 123//185 124//185 95//185
f 95//186 124//186 96//186
f 124//187 125//187 96//187
f 96//188 125//188 97//188
f 125//189 126//189 97//189
f 97//190 126//190 98//190
f 126//191 127//191 98//191
f 99//192 98//192 127//192
f 127//193 128//193 99//193
f 131//194 132//194 100//194
f 100//195 132//195 101//195
f 132//196 133//196 101//196
f 101//197 133//197 102//197
f 133//198 134//198 102//198
f 102//199 134//199 103//199
f 134//200 135//200 103//200
f 103//201 135//201 104//201
f 135//202 136//202 104//202
f 104//203 136//203 105//203
f 136//204 137//204 105//204
f 105//205 137//205 106//205
f 137//206 138//206 106//206
f 106//207 138//207 107//207
f 138//208 139//208 107//208
f 107//209 139//209 108//209
f 139//210 140//210 108//210
f 108//211 140//211 109//211
f 140//212 141//212 109//212
f 109//213 141//213 110//213
f 141//214 142//214 110//214
f 110//215 142//215 111//215
f 142//216 143//216 111//216
f 111//217 143//217 112//217
f 143//218 144//218 112//218
f 112//219 144//219 113//219
f 144//220 145//220 113//220
f 113//221 145//221 114//221
f 145//222 146//222 114//222
f 114//223 146//223 115//223
f 146//224 147//224 115//224
f 115//225 147//225 116//225
f 147//226 148//226 116//226
f 116//227 148//227 117//227
f 148//228 149//228 117//228
f 117//229 149//229 118//229
f 149//230 150//230 118//230
f 118//231 150//231 119//231
f 150//232 151//232 119//232
f 119//233 151//233 120//233
f 151//234 152//234 120//234
f 120//235 152//235 121//235
f 152//236 153//236 121//236
f 121//237 153//237 122//237
f 153//238 154//238 122//238
f 122//239 154//239 123//239
f 154//240 155//240 123//240
f 123//241 155//241 124//241
f 155//242 156//242 124//242
f 124//243 156//243 125//243
f 156//244 157//244 125//244
f 125//245 157//245 126//245
f 157//246 158//246 126//246
f 126//247 158//247 127//247
f 158//248 159//248 127//248
f 127//249 159//249 128//249
f 159//250 160//250 128//250
f 129//251 128//251 160//251
f 161//252 129//252 160//252
f 163//253 130//253 162//253
f 131//254 130//254 163//254
f 163//255 164//255 131//255
f 131//256 164//256 132//256
f 164//257 165//257 132//257
f 132//258 165//258 133//258
f 165//259 166//259 133//259
f 133//260 166//260 134//260
f 166//261 167//261 134//261
f 134//262 167//262 135//262
f 167//263 168//263 135//263
f 135//264 168//264 136//264
f 168//265 169//265 136//265
f 136//266 169//266 137//266
f 169//267 170//267 137//267
f 137//268 170//268 138//268
f 170//269 171//269 138//269
f 138//270 171//270 139//270
f 171//271 172//271 139//271
f 139//272 172//272 140//272
f 172//273 173//273 140//273
f 140//274 173//274 141//274
f 173//275 174//275 141//275
f 141//276 174//276 142//276
f 174//277 175//277 142//277
f 142//278 175//278 143//278
f 175//279 176//279 143//279
f 143//280 176//280 144//280
f 176//281 177//281 144//281
f 144//282 177//282 145//282
f 177//283 178//283 145//283
f 145//284 178//284 146//284
f 178//285 179//285 146//285
f 146//286 179//286 147//286
f 179//287 180//287 147//287
f 147//288 180//288 148//288
f 180//289 181//289 148//289
f 148//290 181//290 149//290
f 181//291 182//291 149//291
f 149//292 182//292 150//292
f 182//293 183//293 150//293
f 150//294 183//294 151//294
f 183//295 184//295 151//295
f 151//296 184//296 152//296
f 184//297 185//297 152//297
f 152//298 185//298 153//298
f 185//299 186//299 153//299
f 153//300 186//300 154//300
f 186//301 187//301 154//301
f 154//302 187//302 155//302
f 187//303 188//303 155//303
f 155//304 188//304 156//304
f 188//305 189//305 156//305
f 156//306 189//306 157//306
f 189//307 190//307 157//307
f 157//308 190//308 158//308
f 190//309 191//309 158//309
f 158//310 191//310 159//310
f 191//311 192//311 159//311
f 159//312 192//312 160//312
f 192//313 193//313 160//313
f 161//314 160//314 193//314
f 193//315 194//315 161//315
f 197//316 198//316 162//316
f 162//317 198//317 163//317
f 198//318 199//318 163//318
f 163//319 199//319 164//319
f 199//320 200//320 164//320
f 164//321 200//321 165//321
f 200//322 201//322 165//322
f 165//323 201//323 166//323
f 201//324 202//324 166//324
f 166//325 202//325 167//325
f 202//326 203//326 167//326
f 167//327 203//327 168//327
f 203//328 204//328 168//328
f 168//329 204//329 169//329
f 204//330 205//330 169//330
f 169//331 205//331 170//331
f 205//332 206//332 170//332
f 170//333 206//333 171//333
f 206//334 207//334 171//334
f 171//335 207//335 172//335
f 207//336 208//336 172//336
f 172//337 208//337 173//337
f 208//338 209//338 173//338
f 173//339 209//339 174//339
f 209//340 210//340 174//340
f 174//341 210//341 175//341
f 210//342 211//342 175//342
f 175//343 211//343 176//343
f 211//344 212//344 176//344
f 176//345 212//345 177//345
f 212//346 213//346 177//346
f 177//347 213//347 178//347
f 213//348 214//348 178//348
f 178//349 214//349 179//349
f 214//350 215//350 179//350
f 179//351 215//351 180//351
f 215//352 216//352 180//352
f 180//353 216//353 181//353
f 216//354 217//354 181//354
f 181//355 217//355 182//355
f 217//356 218//356 182//356
f 182//357 218//357 183//357
f 218//358 219//358 183//358
f 183//359 219//359 184//359
f 219//360 220//360 184//360
f 184//361 220//361 185//361
f 220//362 221//362 185//362
f 185//363 221//363 186//363
f 221//364 222//364 186//364
f 186//365 222//365 187//365
f 222//366 223//366 187//366
f 187//367 223//367 188//367
f 223//368 224//368 188//368
f 188//369 224//369 189//369
f 224//370 225//370 189//370
f 189//371 225//371 190//371
f 225//372 226//372 190//372
f 190//373 226//373 191//373
f 226//374 227//374 191//374
f 191//375 227//375 192//375
f 227//376 228//376 192//376
f 192//377 228//377 193//377
f 228//378 229//378 193//378
f 193//379 229//379 194//379
f 229//380 230//380 194//380
f 195//381 194//381 230//381
f 231//382 195//382 230//382
f 233//383 196//383 232//383
f 197//384 196//384 233//384
f 233//385 234//385 197//385
f 197//386 234//386 198//386
f 234//387 235//387 198//387
f 198//388 235//388 199//388
f 235//389 236//389 199//389
f 199//390 236//390 200//390
f 236//391 237//391 200//391
f 200//392 237//392 201//392
f 237//393 238//393 201//393
f 201//394 238//394 202//394
f 238//395 239//395 202//395
f 202//396 239//396 203//396
f 239//397 240//397 203//397
f 203//398 240//398 204//398
f 240//399 241//399 204//399
f 204//400 241//400 205//400
f 241//401 242//401 205//401
f 205//402 242//402 206//402
f 242//403 243//403 206//403
f 206//404 243//404 207//404
f 243//405 244//405 207//405
f 207//406 244//406 208//406
f 244//407 245//407 208//407
f 208//408 245//408 209//408
f 245//409 246//409 209//409
f 209//410 246//410 210//410
f 246//411 247//411 210//411
f 210//412 247//412 211//412
f 247//413 248//413 211//413
f 211//414 248//414 212//414
f 248//415 249//415 212//415
f 212//416 249//416 213//416
f 249//417 250//417 213//417
f 213//418 250//418 214//418
f 250//419 251//419 214//419
f 214//420 251//420 215//420
f 251//421 252//421 215//421
f 215//422 252//422 216//422
f 252//423 253//423 216//423
f 216//424 253//424 217//424
f 253//425 254//425 217//425
f 217//426 254//426 218//426
f 254//427 255//427 218//427
f 218//428 255//428 219//428
f 255//429 256//429 219//429
f 219//430 256//430 220//430
f 256//431 257//431 220//431
f 220//432 257//432 221//432
f 257//433 258//433 221//433
f 221//434 258//434 222//434
f 258//435 259//435 222//435
f 222//436 259//436 223//436
f 259//437 260//437 223//437
f 223//438 260//438 224//438
f 260//439 261//439 224//439
f 224//440 261//440 225//440
f 261//441 262//441 225//441
f 225//442 262//442 226//442
f 262//443 263//443 226//443
f 226//444 263//444 227//444
f 263//445 264//445 227//445
f 227//446 264//446 228//446
f 264//447 265//447 228//447
f 228//448 265//448 229//448
f 265//449 266//449 229//449
f 229//450 266//450 230//450
f 266//451 267//451 230//451
f 230//452 267//452 231//452
f 267//453 268//453 231//453
f 270//454 232//454 269//454
f 233//455 232//455 270//455
f 270//456 271//456 233//456
f 233//457 271//457 234//457
f 271//458 272//458 234//458
f 234//459 272//459 235//459
f 272//460 273//460 235//460
f 235//461 273//461 236//461
f 273//462 274//462 236//462
f 236//463 274//463 237//463
f 274//464 275//464 237//464
f 237//465 275//465 238//465
f 275//466 276//466 238//466
f 238//467 276//467 239//467
f 276//468 277//468 239//468
f 239//469 277//469 240//469
f 277//470 278//470 240//470
f 240//471 278//471 241//471
f 278//472 279//472 241//472
f 241//473 279//473 242//473
f 279//474 280//474 242//474
f 242//475 280//475 243//475
f 280//476 281//476 243//476
f 243//477 281//477 244//477
f 281//478 282//478 244//478
f 244//479 282//479 245//479
f 282//480 283//480 245//480
f 245//481 283//481 246//481
f 283//482 284//482 246//482
f 246//483 284//483 247//483
f 284//484 285//484 247//484
f 247//485 285//485 248//485
f 285//486 286//486 248//486
f 248//487 286//487 249//487
f 286//488 287//488 249//488
f 249//489 287//489 250//489
f 287//490 288//490 250//490
f 250//491 288//491 251//491
f 288//492 289//492 251//492
f 251//493 289//493 252//493
f 289//494 290//494 252//494
f 252//495 290//495 253//495
f 290//496 291//496 253//496
f 253//497 291//497 254//497
f 291//498 292//498 254//498
f 254//499 292//499 255//499
f 292//500 293//500 255//500
f 255//501 293//501 256//501
f 293//502 294//502 256//502
f 256//503 294//503 257//503
f 294//504 295//504 257//504
f 257//505 295//505 258//505
f 295//506 296//506 258//506
f 258//507 296//507 259//507
f 296//508 297//508 259//508
f 259//509 297//509 260//509
f 297//510 298//510 260//510
f 260//511 298//511 261//511
f 298//512 299//512 261//512
f 261//513 299//513 262//513
f 299//514 300//514 262//514
f 262//515 300//515 263//515
f 300//516 301//516 263//516
f 263//517 301//517 264//517
f 301//518 302//518 264//518
f 264//519 302//519 265//519
f 302//520 303//520 265//520
f 265//521 303//521 266//521
f 303//522 304//522 266//522
f 266//523 304//523 267//523
f 304//524 305//524 267//524
f 267//525 305//525 268//525
f 305//526 306//526 268//526
f 309//527 269//527 308//527
f 269//528 309//528 270//528
f 309//529 310//529 270//529
f 270//530 310//530 271//530
f 310//531 311//531 271//531
f 271//532 311//532 272//532
f 311//533 312//533 272//533
f 272//534 312//534 273//534
f 312//535 313//535 273//535
f 273//536 313//536 274//536
f 313//537 314//537 274//537
f 274//538 314//538 275//538
f 314//539 315//539 275//539
f 275//540 315//540 276//540
f 315//541 316//541 276//541
f 276//542 316//542 277//542
f 316//543 317//543 277//543
f 277//544 317//544 278//544
f 317//545 318//545 278//545
f 278//546 318//546 279//546
f 318//547 319//547 279//547
f 279//548 319//548 280//548
f 319//549 320//549 280//549
f 280//550 320//550 281//550
f 320//551 321//551 281//551
f 281//552 321//552 282//552
f 321//553 322//553 282//553
f 282//554 322//554 283//554
f 322//555 323//555 283//555
f 283//556 323//556 284//556
f 323//557 324//557 284//557
f 284//558 324//558 285//558
f 324//559 325//559 285//559
f 285//560 325//560 286//560
f 325//561 326//561 286//561
f 286//562 326//562 287//562
f 326//563 327//563 287//563
f 287//564 327//564 288//564
f 327//565 328//565 288//565
f 288//566 328//566 289//566
f 328//567 329//567 289//567
f 289//568 329//568 290//568
f 329//569 330//569 290//569
f 290//570 330//570 291//570
f 330//571 331//571 291//571
f 291//572 331//572 292//572
f 331//573 332//573 292//573
f 292//574 332//574 293//574
f 332//575 333//575 293//575
f 293//576 333//576 294//576
f 333//577 334//577 294//577
f 294//578 334//578 295//578
f 334//579 335//579 295//579
f 295//580 335//580 296//580
f 335//581 336//581 296//581
f 296//582 336//582 297//582
f 336//583 337//583 297//583
f 297//584 337//584 298//584
f 337//585 338//585 298//585
f 298//586 338//586 299//586
f 338//587 339//587 299//587
f 299//588 339//588 300//588
f 339//589 340//589 300//589
f 300//590 340//590 301//590
f 340//591 341//591 301//591
f 301//592 341//592 302//592
f 341//593 342//593 302//593
f 302//594 342//594 303//594
f 342//595 343//595 303//595
f 303//596 343//596 304//596
f 343//597 344//597 304//597
f 304//598 344//598 305//598
f 344//599 345//599 305//599
f 305//600 345//600 306//600
f 345//601 346//601 306//601
f 307//602 306//602 346//602
f 347//603 307//603 346//603
f 349//604 308//604 348//604
f 308//605 349//605 309//605
f 349//606 350//606 309//606
f 309//607 350//607 310//607
f 350//608 351//608 310//608
f 310//609 351//609 311//609
f 351//610 352//610 311//610
f 311//611 352//611 312//611
f 352//612 353//612 312//612
f 312//613 353//613 313//613
f 353//614 354//614 313//614
f 313//615 354//615 314//615
f 354//616 355//616 314//616
f 314//617 355//617 315//617
f 355//618 356//618 315//618
f 315//619 356//619 316//619
f 356//620 357//620 316//620
f 316//621 357//621 317//621
f 357//622 358//622 317//622
f 317//623 358//623 318//623
f 358//624 359//624 318//624
f 318//625 359//625 319//625
f 359//626 360//626 319//626
f 319//627 360//627 320//627
f 360//628 361//628 320//628
f 320//629 361//629 321//629
f 361//630 362//630 321//630
f 321//631 362//631 322//631
f 362//632 363//632 322//632
f 322//633 363//633 323//633
f 363//634 364//634 323//634
f 323//635 364//635 324//635
f 364//636 365//636 324//636
f 324//637 365//637 325//637
f 365//638 366//638 325//638
f 325//639 366//639 326//639
f 366//640 367//640 326//640
f 326//641 367//641 327//641
f 367//642 368//642 327//642
f 327//643 368//643 328//643
f 368//644 369//644 328//644
f 328//645 369//645 329//645
f 369//646 370//646 329//646
f 329//647 370//647 330//647
f 370//648 371//648 330//648
f 330//649 371//649 331//649
f 371//650 372//650 331//650
f 331//651 372//651 332//651
f 372//652 373//652 332//652
f 332//653 373//653 333//653
f 373//654 374//654 333//654
f 333//655 374//655 334//655
f 374//656 375//656 334//656
f 334//657 375//657 335//657
f 375//658 376//658 335//658
f 335//659 376//659 336//659
f 376//660 377//660 336//660
f 336//661 377//661 337//661
f 377//662 378//662 337//662
f 337//663 378//663 338//663
f 378//664 379//664 338//664
f 338//665 379//665 339//665
f 379//666 380//666 339//666
f 339//667 380//667 340//667
f 380//668 381//668 340//668
f 340//669 381//669 341//669
f 381//670 382//670 341//670
f 341//671 382//671 342//671
f 382//672 383//672 342//672
f 342//673 383//673 343//673
f 383//674 384//674 343//674
f 343//675 384//675 344//675
f 384//676 385//676 344//676
f 344//677 385//677 345//677
f 385//678 386//678 345//678
f 345//679 386//679 346//679
f 386//680 387//680 346//680
f 346//681 387//681 347//681
f 387//682 388//682 347//682
f 390//683 348//683 389//683
f 348//684 390//684 349//684
f 390//685 391//685 349//685
f 349//686 391//686 350//686
f 391//687 392//687 350//687
f 350//688 392//688 351//688
f 392//689 393//689 351//689
f 351//690 393//690 352//690
f 393//691 394//691 352//691
f 352//692 394//692 353//692
f 394//693 395//693 353//693
f 353//694 395//694 354//694
f 395//695 396//695 354//695
f 354//696 396//696 355//696
f 396//697 397//697 355//697
f 355//698 397//698 356//698
f 397//699 398//699 356//699
f 356//700 398//700 357//700
f 398//701 399//701 357//701
f 357//702 399//702 358//702
f 399//703 400//703 358//703
f 358//704 400//704 359//704
f 400//705 401//705 359//705
f 359//706 401//706 360//706
f 401//707 402//707 360//707
f 360//708 402//708 361//708
f 402//709 403//709 361//709
f 361//710 403//710 362//710
f 403//711 404//711 362//711
f 362//712 404//712 363//712
f 404//713 405//713 363//713
f 363//714 405//714 364//714
f 405//715 406//715 364//715
f 364//716 406//716 365//716
f 406//717 407//717 365//717
f 365//718 407//718 366//718
f 407//719 408//719 366//719
f 366//720 408//720 367//720
f 408//721 409//721 367//721
f 367//722 409//722 368//722
f 409//723 410//723 368//723
f 368//724 410//724 369//724
f 410//725 411//725 369//725
f 369//726 411//726 370//726
f 411//727 412//727 370//727
f 370//728 412//728 371//728
f 412//729 413//729 371//729
f 371//730 413//730 372//730
f 413//731 414//731 372//731
f 372//732 414//732 373//732
f 414//733 415//733 373//733
f 373//734 415//734 374//734
f 415//735 416//735 374//735
f 374//736 416//736 375//736
f 416//737 417//737 375//737
f 375//738 417//738 376//738
f 417//739 418//739 376//739
f 376//740 418//740 377//740
f 418//741 419//741 377//741
f 377//742 419//742 378//742
f 419//743 420//743 378//743
f 378//744 420//744 379//744
f 420//745 421//745 379//745
f 379//746 421//746 380//746
f 421//747 422//747 380//747
f 380//748 422//748 381//748
f 422//749 423//749 381//749
f 381//750 423//750 382//750
f 423//751 424//751 382//751
f 382//752 424//752 383//752
f 424//753 425//753 383//753
f 383//754 425//754 384//754
f 425//755 426//755 384//755
f 384//756 426//756 385//756
f 426//757 427//757 385//757
f 385//758 427//758 386//758
f 427//759 428//759 386//759
f 386//760 428//760 387//760
f 428//761 429//761 387//761
f 387//762 429//762 388//762
f 429//763 430//763 388//763
f 431//764 432//764 389//764
f 389//765 432//765 390//765
f 432//766 433//766 390//766
f 390//767 433//767 391//767
f 433//768 434//768 391//768
f 391//769 434//769 392//769
f 434//770 435//770 392//770
f 392//771 435//771 393//771
f 435//772 436//772 393//772
f 393//773 436//773 394//773
f 436//774 437//774 394//774
f 394//775 437//775 395//775
f 437//776 438//776 395//776
f 395//777 438//777 396//777
f 438//778 439//778 396//778
f 396//779 439//779 397//779
f 439//780 440//780 397//780
f 397//781 440//781 398//781
f 440//782 441//782 398//782
f 398//783 441//783 399//783
f 441//784 442//784 399//784
f 399//785 442//785 400//785
f 442//786 443//786 400//786
f 400//787 443//787 401//787
f 443//788 444//788 401//788
f 401//789 444//789 402//789
f 444//790 445//790 402//790
f 402//791 445//791 403//791
f 445//792 446//792 403//792
f 403//793 446//793 404//793
f 446//794 447//794 404//794
f 404//795 447//795 405//795
f 447//796 448//796 405//796
f 405//797 448//797 406//797
f 448//798 449//798 406//798
f 406//799 449//799 407//799
f 449//800 450//800 407//800
f 407//801 450//801 408//801
f 450//802 451//802 408//802
f 408//803 451//803 409//803
f 451//804 452//804 409//804
f 409//805 452//805 410//805
f 452//806 453//806 410//806
f 410//807 453//807 411//807
f 453//808 454//808 411//808
f 411//809 454//809 412//809
f 454//810 455//810 412//810
f 412//811 455//811 413//811
f 455//812 456//812 413//812
f 413//813 456//813 414//813
f 456//814 457//814 414//814
f 414//815 457//815 415//815
f 457//816 458//816 415//816
f 415//817 458//817 416//817
f 458//818 459//818 416//818
f 416//819 459//819 417//819
f 459//820 460//820 417//820
f 417//821 460//821 418//821
f 460//822 461//822 418//822
f 418//823 461//823 419//823
f 461//824 462//824 419//824
f 419//825 462//825 420//825
f 462//826 463//826 420//826
f 420//827 463//827 421//827
f 463//828 464//828 421//828
f 421//829 464//829 422//829
f 464//830 465//830 422//830
f 422//831 465//831 423//831
f 465//832 466//832 423//832
f 423//833 466//833 424//833
f 466//834 467//834 424//834
f 424//835 467//835 425//835
f 467//836 468//836 425//836
f 425//837 468//837 426//837
f 468//838 469//838 426//838
f 426//839 469//839 427//839
f 469//840 470//840 427//840
f 427//841 470//841 428//841
f 470//842 471//842 428//842
f 428//843 471//843 429//843
f 471//844 472//844 429//844
f 429//845 472//845 430//845
f 472//846 473//846 430//846
f 474//847 475//847 431//847
f 431//848 475//848 432//848
f 475//849 476//849 432//849
f 432//850 476//850 433//850
f 476//851 477//851 433//851
f 433//852 477//852 434//852
f 477//853 478//853 434//853
f 434//854 478//854 435//854
f 478//855 479//855 435//855
f 435//856 479//856 436//856
f 479//857 480//857 436//857
f 436//858 480//858 437//858
f 480//859 481//859 437//859
f 437//860 481//860 438//860
f 481//861 482//861 438//861
f 438//862 482//862 439//862
f 482//863 483//863 439//863
f 439//864 483//864 440//864
f 483//865 484//865 440//865
f 440//866 484//866 441//866
f 484//867 485//867 441//867
f 441//868 485//868 442//868
f 485//869 486//869 442//869
f 442//870 486//870 443//870
f 486//871 487//871 443//871
f 443//872 487//872 444//872
f 487//873 488//873 444//873
f 444//874 488//874 445//874
f 488//875 489//875 445//875
f 445//876 489//876 446//876
f 489//877 490//877 446//877
f 446//878 490//878 447//878
f 490//879 491//879 447//879
f 447//880 491//880 448//880
f 491//881 492//881 448//881
f 448//882 492//882 449//882
f 492//883 493//883 449//883
f 449//884 493//884 450//884
f 493//885 494//885 450//885
f 450//886 494//886 451//886
f 494//887 495//887 451//887
f 451//888 495//888 452//888
f 495//889 496//889 452//889
f 452//890 496//890 453//890
f 496//891 497//891 453//891
f 453//892 497//892 454//892
f 497//893 498//893 454//893
f 454//894 498//894 455//894
f 498//895 499//895 455//895
f 455//896 499//896 456//896
f 499//897 500//897 456//897
f 456//898 500//898 457//898
f 500//899 501//899 457//899
f 457//900 501//900 458//900
f 501//901 502//901 458//901
f 458//902 502//902 459//902
f 502//903 503//903 459//903
f 459//904 503//904 460//904
f 503//905 504//905 460//905
f 460//906 504//906 461//906
f 504//907 505//907 461//907
f 461//908 505//908 462//908
f 505//909 506//909 462//909
f 462//910 506//910 463//910
f 506//911 507//911 463//911
f 463//912 507//912 464//912
f 507//913 508//913 464//913
f 464//914 508//914 465//914
f 508//915 509//915 465//915
f 465//916 509//916 466//916
f 509//917 510//917 466//917
f 466//918 510//918 467//918
f 510//919 511//919 467//919
f 467//920 511//920 468//920
f 511//921 512//921 468//921
f 468//922 512//922 469//922
f 512//923 513//923 469//923
f 469//924 513//924 470//924
f 513//925 514//925 470//925
f 470//926 514//926 471//926
f 514//927 515//927 471//927
f 471//928 515//928 472//928
f 515//929 516//929 472//929
f 472//930 516//930 473//930
f 516//931 517//931 473//931
f 518//932 519//932 474//932
f 474//933 519//933 475//933
f 519//934 520//934 475//934
f 475//935 520//935 476//935
f 520//936 521//936 476//936
f 476//937 521//937 477//937
f 521//938 522//938 477//938
f 477//939 522//939 478//939
f 522//940 523//940 478//940
f 478//941 523//941 479//941
f 523//942 524//942 479//942
f 479//943 524//943 480//943
f 524//944 525//944 480//944
f 480//945 525//945 481//945
f 525//946 526//946 481//946
f 481//947 526//947 482//947
f 526//948 527//948 482//948
f 482//949 527//949 483//949
f 527//950 528//950 483//950
f 483//951 528//951 484//951
f 528//952 529//952 484//952
f 484//953 529//953 485//953
f 529//954 530//954 485//954
f 485//955 530//955 486//955
f 530//956 531//956 486//956
f 486//957 531//957 487//957
f 531//958 532//958 487//958
f 487//959 532//959 488//959
f 532//960 533//960 488//960
f 488//961 533//961 489//961
f 533//962 534//962 489//962
f 489//963 534//963 490//963
f 534//964 535//964 490//964
f 490//965 535//965 491//965
f 535//966 536//966 491//966
f 491//967 536//967 492//967
f 536//968 537//968 492//968
f 492//969 537//969 493//969
f 537//970 538//970 493//970
f 493//971 538//971 494//971
f 538//972 539//972 494//972
f 494//973 539//973 495//973
f 539//974 540//974 495//974
f 495//975 540//975 496//975
f 540//976 541//976 496//976
f 496//977 541//977 497//977
f 541//978 542//978 497//978
f 497//979 542//979 498//979
f 542//980 543//980 498//980
f 498//981 543//981 499//981
f 543//982 544//982 499//982
f 499//983 544//983 500//983
f 544//984 545//984 500//984
f 500//985 545//985 501//985
f 545//986 546//986 501//986
f 501//987 546//987 502//987
f 546//988 547//988 502//988
f 502//989 547//989 503//989
f 547//990 548//990 503//990
f 503//991 548//991 504//991
f 548//992 549//992 504//992
f 504//993 549//993 505//993
f 549//994 550//994 505//994
f 505//995 550//995 506//995
f 550//996 551//996 506//996
f 506//997 551//997 507//997
f 551//998 552//998 507//998
f 507//999 552//999 508//999
f 552//1000 553//1000 508//1000
f 508//1001 553//1001 509//1001
f 553//1002 554//1002 509//1002
f 509//1003 554//1003 510//1003
f 554//1004 555//1004 510//1004
f 510//1005 555//1005 511//1005
f 555//1006 556//1006 511//1006
f 511//1007 556//1007 512//1007
f 556//1008 557//1008 512//1008
f 512//1009 557//1009 513//1009
f 557//1010 558//1010 513//1010
f 513//1011 558//1011 514//1011
f 558//1012 559//1012 514//1012
f 514//1013 559//1013 515//1013
f 559//1014 560//1014 515//1014
f 515//1015 560//1015 516//1015
f 560//1016 561//1016 516//1016
f 516//1017 561//1017 517//1017
f 561//1018 562//1018 517//1018
f 564//1019 518//1019 563//1019
f 518//1020 564//1020 519//1020
f 564//1021 565//1021 519//1021
f 519//1022 565//1022 520//1022
f 565//1023 566//1023 520//1023
f 520//1024 566//1024 521//1024
f 566//1025 567//1025 521//1025
f 521//1026 567//1026 522//1026
f 567//1027 568//1027 522//1027
f 522//1028 568//1028 523//1028
f 568//1029 569//1029 523//1029
f 523//1030 569//1030 524//1030
f 569//1031 570//1031 524//1031
f 524//1032 570//1032 525//1032
f 570//1033 571//1033 525//1033
f 525//1034 571//1034 526//1034
f 571//1035 572//1035 526//1035
f 526//1036 572//1036 527//1036
f 572//1037 573//1037 527//1037
f 527//1038 573//1038 528//1038
f 573//1039 574//1039 528//1039
f 528//1040 574//1040 529//1040
f 574//1041 575//1041 529//1041
f 529//1042 575//1042 530//1042
f 575//1043 576//1043 530//1043
f 530//1044 576//1044 531//1044
f 576//1045 577//1045 531//1045
f 531//1046 577//1046 532//1046
f 577//1047 578//1047 532//1047
f 532//1048 578//1048 533//1048
f 578//1049 579//1049 533//1049
f 533//1050 579//1050 534//1050
f 579//1051 580//1051 534//1051
f 534//1052 580//1052 535//1052
f 580//1053 581//1053 535//1053
f 535//1054 581//1054 536//1054
f 581//1055 582//1055 536//1055
f 536//1056 582//1056 537//1056
f 582//1057 583//1057 537//1057
f 537//1058 583//1058 538//1058
f 583//1059 584//1059 538//1059
f 538//1060 584//1060 539//1060
f 584//1061 585//1061 539//1061
f 539//1062 585//1062 540//1062
f 585//1063 586//1063 540//1063
f 540//1064 586//1064 541//1064
f 586//1065 587//1065 541//1065
f 541//1066 587//1066 542//1066
f 587//1067 588//1067 542//1067
f 542//1068 588//1068 543//1068
f 588//1069 589//1069 543//1069
f 543//1070 589//1070 544//1070
f 589//1071 590//1071 544//1071
f 544//1072 590//1072 545//1072
f 590//1073 591//1073 545//1073
f 545//1074 591//1074 546//1074
f 591//1075 592//1075 546//1075
f 546//1076 592//1076 547//1076
f 592//1077 593//1077 547//1077
f 547//1078 593//1078 548//1078
f 593//1079 594//1079 548//1079
f 548//1080 594//1080 549//1080
f 594//1081 595//1081 549//1081
f 549//1082 595//1082 550//1082
f 595//1083 596//1083 550//1083
f 550//1084 596//1084 551//1084
f 596//1085 597//1085 551//1085
f 551//1086 597//1086 552//1086
f 597//1087 598//1087 552//1087
f 552//1088 598//1088 553//1088
f 598//1089 599//1089 553//1089
f 553//1090 599//1090 554//1090
f 599//1091 600//1091 554//1091
f 554//1092 600//1092 555//1092
f 600//1093 601//1093 555//1093
f 555//1094 601//1094 556//1094
f 601//1095 602//1095 556//1095
f 556//1096 602//1096 557//1096
f 602//1097 603//1097 557//1097
f 557//1098 603//1098 558//1098
f 603//1099 604//1099 558//1099
f 558//1100 604//1100 559//1100
f 604//1101 605//1101 559//1101
f 559//1102 605//1102 560//1102
f 605//1103 606//1103 560//1103
f 560//1104 606//1104 561//1104
f 606//1105 607//1105 561//1105
f 561//1106 607//1106 562//1106
f 608//1107 562//1107 607//1107
f 610//1108 563//1108 609//1108
f 563//1109 610//1109 564//1109
f 610//1110 611//1110 564//1110
f 564//1111 611//1111 565//1111
f 611//1112 612//1112 565//1112
f 565//1113 612//1113 566//1113
f 612//1114 613//1114 566//1114
f 566//1115 613//1115 567//1115
f 613//1116 614//1116 567//1116
f 567//1117 614//1117 568//1117
f 614//1118 615//1118 568//1118
f 568//1119 615//1119 569//1119
f 615//1120 616//1120 569//1120
f 569//1121 616//1121 570//1121
f 616//1122 617//1122 570//1122
f 570//1123 617//1123 571//1123
f 617//1124 618//1124 571//1124
f 571//1125 618//1125 572//1125
f 618//1126 619//1126 572//1126
f 572//1127 619//1127 573//1127
f 619//1128 620//1128 573//1128
f 573//1129 620//1129 574//1129
f 620//1130 621//1130 574//1130
f 574//1131 621//1131 575//1131
f 621//1132 622//1132 575//1132
f 575//1133 622//1133 576//1133
f 622//1134 623//1134 576//1134
f 576//1135 623//1135 577//1135
f 623//1136 624//1136 577//1136
f 577//1137 624//1137 578//1137
f 624//1138 625//1138 578//1138
f 578//1139 625//1139 579//1139
f 625//1140 626//1140 579//1140
f 579//1141 626//1141 580//1141
f 626//1142 627//1142 580//1142
f 580//1143 627//1143 581//1143
f 627//1144 628//1144 581//1144
f 581//1145 628//1145 582//1145
f 628//1146 629//1146 582//1146
f 582//1147 629//1147 583//1147
f 629//1148 630//1148 583//1148
f 583//1149 630//1149 584//1149
f 630//1150 631//1150 584//1150
f 584//1151 631//1151 585//1151
f 631//1152 632//1152 585//1152
f 585//1153 632//1153 586//1153
f 632//1154 633//1154 586//1154
f 586//1155 633//1155 587//1155
f 633//1156 634//1156 587//1156
f 587//1157 634//1157 588//1157
f 634//1158 635//1158 588//1158
f 588//1159 635//1159 589//1159
f 635//1160 636//1160 589//1160
f 589//1161 636//1161 590//1161
f 636//1162 637//1162 590//1162
f 590//1163 637//1163 591//1163
f 637//1164 638//1164 591//1164
f 591//1165 638//1165 592//1165
f 638//1166 639//1166 592//1166
f 592//1167 639//1167 593//1167
f 639//1168 640//1168 593//1168
f 593//1169 640//1169 594//1169
f 640//1170 641//1170 594//1170
f 594//1171 641//1171 595//1171
f 641//1172 642//1172 595//1172
f 595//1173 642//1173 596//1173
f 642//1174 643//1174 596//1174
f 596//1175 643//1175 597//1175
f 643//1176 644//1176 597//1176
f 597//1177 644//1177 598//1177
f 644//1178 645//1178 598//1178
f 598//1179 645//1179 599//1179
f 645//1180 646//1180 599//1180
f 599//1181 646//1181 600//1181
f 646//1182 647//1182 600//1182
f 600//1183 647//1183 601//1183
f 647//1184 648//1184 601//1184
f 601//1185 648//1185 602//1185
f 648//1186 649//1186 602//1186
f 602//1187 649//1187 603//1187
f 649//1188 650//1188 603//1188
f 603//1189 650//1189 604//1189
f 650//1190 651//1190 604//1190
f 604//1191 651//1191 605//1191
f 651//1192 652//1192 605//1192
f 605//1193 652//1193 606//1193
f 652//1194 653//1194 606//1194
f 606//1195 653//1195 607//1195
f 653//1196 654//1196 607//1196
f 608//1197 607//1197 654//1197
f 656//1198 609//1198 655//1198
f 609//1199 656//1199 610//1199
f 656//1200 657//1200 610//1200
f 610//1201 657//1201 611//1201
f 657//1202 658//1202 611//1202
f 611//1203 658//1203 612//1203
f 658//1204 659//1204 612//1204
f 612//1205 659//1205 613//1205
f 659//1206 660//1206 613//1206
f 613//1207 660//1207 614//1207
f 660//1208 661//1208 614//1208
f 614//1209 661//1209 615//1209
f 661//1210 662//1210 615//1210
f 615//1211 662//1211 616//1211
f 662//1212 663//1212 616//1212
f 616//1213 663//1213 617//1213
f 663//1214 664//1214 617//1214
f 617//1215 664//1215 618//1215
f 664//1216 665//1216 618//1216
f 618//1217 665//1217 619//1217
f 665//1218 666//1218 619//1218
f 619//1219 666//1219 620//1219
f 666//1220 667//1220 620//1220
f 620//1221 667//1221 621//1221
f 667//1222 668//1222 621//1222
f 621//1223 668//1223 622//1223
f 668//1224 669//1224 622//1224
f 622//1225 669//1225 623//1225
f 669//1226 670//1226 623//1226
f 623//1227 670//1227 624//1227
f 670//1228 671//1228 624//1228
f 624//1229 671//1229 625//1229
f 671//1230 672//1230 625//1230
f 625//1231 672//1231 626//1231
f 672//1232 673//1232 626//1232
f 626//1233 673//1233 627//1233
f 673//1234 674//1234 627//1234
f 627//1235 674//1235 628//1235
f 674//1236 675//1236 628//1236
f 628//1237 675//1237 629//1237
f 675//1238 676//1238 629//1238
f 629//1239 676//1239 630//1239
f 676//1240 677//1240 630//1240
f 630//1241 677//1241 631//1241
f 677//1242 678//1242 631//1242
f 631//1243 678//1243 632//1243
f 678//1244 679//1244 632//1244
f 632//1245 679//1245 633//1245
f 679//1246 680//1246 633//1246
f 633//1247 680//1247 634//1247
f 680//1248 681//1248 634//1248
f 634//1249 681//1249 635//1249
f 681//1250 682//1250 635//1250
f 635//1251 682//1251 636//1251
f 682//1252 683//1252 636//1252
f 636//1253 683//1253 637//1253
f 683//1254 684//1254 637//1254
f 637//1255 684//1255 638//1255
f 684//1256 685//1256 638//1256
f 638//1257 685//1257 639//1257
f 685//1258 686//1258 639//1258
f 639//1259 686//1259 640//1259
f 686//1260 687//1260 640//1260
f 640//1261 687//1261 641//1261
f 687//1262 688//1262 641//1262
f 641//1263 688//1263 642//1263
f 688//1264 689//1264 642//1264
f 642//1265 689//1265 643//1265
f 689//1266 690//1266 643//1266
f 643//1267 690//1267 644//1267
f 690//1268 691//1268 644//1268
f 644//1269 691//1269 645//1269
f 691//1270 692//1270 645//1270
f 645//1271 692//1271 646//1271
f 692//1272 693//1272 646//1272
f 646//1273 693//1273 647//1273
f 693//1274 694//1274 647//1274
f 647//1275 694//1275 648//1275
f 694//1276 695//1276 648//1276
f 648//1277 695//1277 649//1277
f 695//1278 696//1278 649//1278
f 649//1279 696//1279 650//1279
f 696//1280 697//1280 650//1280
f 650//1281 697//1281 651//1281
f 697//1282 698//1282 651//1282
f 651//1283 698//1283 652//1283
f 698//1284 699//1284 652//1284
f 652//1285 699//1285 653//1285
f 699//1286 700//1286 653//1286
f 653//1287 700//1287 654//1287
f 700//1288 701//1288 654//1288
f 703//1289 655//1289 702//1289
f 656//1290 655//1290 703//1290
f 703//1291 704//1291 656//1291
f 656//1292 704//1292 657//1292
f 704//1293 705//1293 657//1293
f 657//1294 705//1294 658//1294
f 705//1295 706//1295 658//1295
f 658//1296 706//1296 659//1296
f 706//1297 707//1297 659//1297
f 659//1298 707//1298 660//1298
f 707//1299 708//1299 660//1299
f 660//1300 708//1300 661//1300
f 708//1301 709//1301 661//1301
f 661//1302 709//1302 662//1302
f 709//1303 710//1303 662//1303
f 662//1304 710//1304 663//1304
f 710//1305 711//1305 663//1305
f 663//1306 711//1306 664//1306
f 711//1307 712//1307 664//1307
f 664//1308 712//1308 665//1308
f 712//1309 713//1309 665//1309
f 665//1310 713//1310 666//1310
f 713//1311 714//1311 666//1311
f 666//1312 714//1312 667//1312
f 714//1313 715//1313 667//1313
f 667//1314 715//1314 668//1314
f 715//1315 716//1315 668//1315
f 668//1316 716//1316 669//1316
f 716//1317 717//1317 669//1317
f 669//1318 717//1318 670//1318
f 717//1319 718//1319 670//1319
f 670//1320 718//1320 671//1320
f 718//1321 719//1321 671//1321
f 671//1322 719//1322 672//1322
f 719//1323 720//1323 672//1323
f 672//1324 720//1324 673//1324
f 720//1325 721//1325 673//1325
f 673//1326 721//1326 674//1326
f 721//1327 722//1327 674//1327
f 674//1328 722//1328 675//1328
f 722//1329 723//1329 675//1329
f 675//1330 723//1330 676//1330
f 723//1331 724//1331 676//1331
f 676//1332 724//1332 677//1332
f 724//1333 725//1333 677//1333
f 677//1334 725//1334 678//1334
f 725//1335 726//1335 678//1335
f 678//1336 726//1336 679//1336
f 726//1337 727//1337 679//1337
f 679//1338 727//1338 680//1338
f 727//1339 728//1339 680//1339
f 680//1340 728//1340 681//1340
f 728//1341 729//1341 681//1341
f 681//1342 729//1342 682//1342
f 729//1343 730//1343 682//1343
f 682//1344 730//1344 683//1344
f 730//1345 731//1345 683//1345
f 683//1346 731//1346 684//1346
f 731//1347 732//1347 684//1347
f 684//1348 732//1348 685//1348
f 732//1349 733//1349 685//1349
f 685//1350 733//1350 686//1350
f 733//1351 734//1351 686//1351
f 686//1352 734//1352 687//1352
f 734//1353 735//1353 687//1353
f 687//1354 735//1354 688//1354
f 735//1355 736//1355 688//1355
f 688//1356 736//1356 689//1356
f 736//1357 737//1357 689//1357
f 689//1358 737//1358 690//1358
f 737//1359 738//1359 690//1359
f 690//1360 738//1360 691//1360
f 738//1361 739//1361 691//1361
f 691//1362 739//1362 692//1362
f 739//1363 740//1363 692//1363
f 692//1364 740//1364 693//1364
f 740//1365 741//1365 693//1365
f 693//1366 741//1366 694//1366
f 741//1367 742//1367 694//1367
f 694//1368 742//1368 695//1368
f 742//1369 743//1369 695//1369
f 695//1370 743//1370 696//1370
f 743//1371 744//1371 696//1371
f 696//1372 744//1372 697//1372
f 744//1373 745//1373 697//1373
f 697//1374 745//1374 698//1374
f 745//1375 746//1375 698//1375
f 698//1376 746//1376 699//1376
f 746//1377 747//1377 699//1377
f 699//1378 747//1378 700//1378
f 747//1379 748//1379 700//1379
f 700//1380 748//1380 701//1380
f 748//1381 749//1381 701//1381
f 703//1382 702//1382 750//1382
f 751//1383 703//1383 750//1383
f 703//1384 751//1384 704//1384
f 751//1385 752//1385 704//1385
f 704//1386 752//1386 705//1386
f 752//1387 753//1387 705//1387
f 705//1388 753//1388 706//1388
f 753//1389 754//1389 706//1389
f 706//1390 754//1390 707//1390
f 754//1391 755//1391 707//1391
f 707//1392 755//1392 708//1392
f 755//1393 756//1393 708//1393
f 708//1394 756//1394 709//1394
f 756//1395 757//1395 709//1395
f 709//1396 757//1396 710//1396
f 757//1397 758//1397 710//1397
f 710//1398 758//1398 711//1398
f 758//1399 759//1399 711//1399
f 711//1400 759//1400 712//1400
f 759//1401 760//1401 712//1401
f 712//1402 760//1402 713//1402
f 760//1403 761//1403 713//1403
f 713//1404 761//1404 714//1404
f 761//1405 762//1405 714//1405
f 714//1406 762//1406 715//1406
f 762//1407 763//1407 715//1407
f 715//1408 763//1408 716//1408
f 763//1409 764//1409 716//1409
f 716//1410 764//1410 717//1410
f 764//1411 765//1411 717//1411
f 717//1412 765//1412 718//1412
f 765//1413 766//1413 718//1413
f 718//1414 766//1414 719//1414
f 766//1415 767//1415 719//1415
f 719//1416 767//1416 720//1416
f 767//1417 768//1417 720//1417
f 720//1418 768//1418 721//1418
f 768//1419 769//1419 721//1419
f 721//1420 769//1420 722//1420
f 769//1421 770//1421 722//1421
f 722//1422 770//1422 723//1422
f 770//1423 771//1423 723//1423
f 723//1424 771//1424 724//1424
f 771//1425 772//1425 724//1425
f 724//1426 772//1426 725//1426
f 772//1427 773//1427 725//1427
f 725//1428 773//1428 726//1428
f 773//1429 774//1429 726//1429
f 726//1430 774//1430 727//1430
f 774//1431 775//1431 727//1431
f 727//1432 775//1432 728//1432
f 775//1433 776//1433 728//1433
f 728//1434 776//1434 729//1434
f 776//1435 777//1435 729//1435
f 729//1436 777//1436 730//1436
f 777//1437 778//1437 730//1437
f 730//1438 778//1438 731//1438
f 778//1439 779//1439 731//1439
f 731//1440 779//1440 732//1440
f 779//1441 780//1441 732//1441
f 732//1442 780//1442 733//1442
f 780//1443 781//1443 733//1443
f 733//1444 781//1444 734//1444
f 781//1445 782//1445 734//1445
f 734//1446 782//1446 735//1446
f 782//1447 783//1447 735//1447
f 735//1448 783//1448 736//1448
f 783//1449 784//1449 736//1449
f 736//1450 784//1450 737//1450
f 784//1451 785//1451 737//1451
f 737//1452 785//1452 738//1452
f 785//1453 786//1453 738//1453
f 738//1454 786//1454 739//1454
f 786//1455 787//1455 739//1455
f 739//1456 787//1456 740//1456
f 787//1457 788//1457 740//1457
f 740//1458 788//1458 741//1458
f 788//1459 789//1459 741//1459
f 741//1460 789//1460 742//1460
f 789//1461 790//1461 742//1461
f 742//1462 790//1462 743//1462
f 790//1463 791//1463 743//1463
f 743//1464 791//1464 744//1464
f 791//1465 792//1465 744//1465
f 744//1466 792//1466 745//1466
f 792//1467 793//1467 745//1467
f 745//1468 793//1468 746//1468
f 793//1469 794//1469 746//1469
f 746//1470 794//1470 747//1470
f 794//1471 795//1471 747//1471
f 747//1472 795//1472 748//1472
f 795//1473 796//1473 748//1473
f 748//1474 796//1474 749//1474
f 797//1475 749//1475 796//1475
f 799//1476 750//1476 798//1476
f 750//1477 799//1477 751//1477
f 799//1478 800//1478 751//1478
f 751//1479 800//1479 752//1479
f 800//1480 801//1480 752//1480
f 752//1481 801//1481 753//1481
f 801//1482 802//1482 753//1482
f 753//1483 802//1483 754//1483
f 802//1484 803//1484 754//1484
f 754//1485 803//1485 755//1485
f 803//1486 804//1486 755//1486
f 755//1487 804//1487 756//1487
f 804//1488 805//1488 756//1488
f 756//1489 805//1489 757//1489
f 805//1490 806//1490 757//1490
f 757//1491 806//1491 758//1491
f 806//1492 807//1492 758//1492
f 758//1493 807//1493 759//1493
f 807//1494 808//1494 759//1494
f 759//1495 808//1495 760//1495
f 808//1496 809//1496 760//1496
f 760//1497 809//1497 761//1497
f 809//1498 810//1498 761//1498
f 761//1499 810//1499 762//1499
f 810//1500 811//1500 762//1500
f 762//1501 811//1501 763//1501
f 811//1502 812//1502 763//1502
f 763//1503 812//1503 764//1503
f 812//1504 813//1504 764//1504
f 764//1505 813//1505 765//1505
f 813//1506 814//1506 765//1506
f 765//1507 814//1507 766//1507
f 814//1508 815//1508 766//1508
f 766//1509 815//1509 767//1509
f 815//1510 816//1510 767//1510
f 767//1511 816//1511 768//1511
f 816//1512 817//1512 768//1512
f 768//1513 817//1513 769//1513
f 817//1514 818//1514 769//1514
f 769//1515 818//1515 770//1515
f 818//1516 819//1516 770//1516
f 770//1517 819//1517 771//1517
f 819//1518 820//1518 771//1518
f 771//1519 820//1519 772//1519
f 820//1520 821//1520 772//1520
f 772//1521 821//1521 773//1521
f 821//1522 822//1522 773//1522
f 773//1523 822//1523 774//1523
f 822//1524 823//1524 774//1524
f 774//1525 823//1525 775//1525
f 823//1526 824//1526 775//1526
f 775//1527 824//1527 776//1527
f 824//1528 825//1528 776//1528
f 776//1529 825//1529 777//1529
f 825//1530 826//1530 777//1530
f 777//1531 826//1531 778//1531
f 826//1532 827//1532 778//1532
f 778//1533 827//1533 779//1533
f 827//1534 828//1534 779//1534
f 779//1535 828//1535 780//1535
f 828//1536 829//1536 780//1536
f 780//1537 829//1537 781//1537
f 829//1538 830//1538 781//1538
f 781//1539 830//1539 782//1539
f 830//1540 831//1540 782//1540
f 782//1541 831//1541 783//1541
f 831//1542 832//1542 783//1542
f 783//1543 832//1543 784//1543
f 832//1544 833//1544 784//1544
f 784//1545 833//1545 785//1545
f 833//1546 834//1546 785//1546
f 785//1547 834//1547 786//1547
f 834//1548 835//1548 786//1548
f 786//1549 835//1549 787//1549
f 835//1550 836//1550 787//1550
f 787//1551 836//1551 788//1551
f 836//1552 837//1552 788//1552
f 788//1553 837//1553 789//1553
f 837//1554 838//1554 789//1554
f 789//1555 838//1555 790//1555
f 838//1556 839//1556 790//1556
f 790//1557 839//1557 791//1557
f 839//1558 840//1558 791//1558
f 791//1559 840//1559 792//1559
f 840//1560 841//1560 792//1560
f 792//1561 841//1561 793//1561
f 841//1562 842//1562 793//1562
f 793//1563 842//1563 794//1563
f 842//1564 843//1564 794//1564
f 794//1565 843//1565 795//1565
f 843//1566 844//1566 795//1566
f 795//1567 844//1567 796//1567
f 844//1568 845//1568 796//1568
f 797//1569 796//1569 845//1569
f 847//1570 798//1570 846//1570
f 798//1571 847//1571 799//1571
f 847//1572 848//1572 799//1572
f 799//1573 848//1573 800//1573
f 848//1574 849//1574 800//1574
f 800//1575 849//1575 801//1575
f 849//1576 850//1576 801//1576
f 801//1577 850//1577 802//1577
f 850//1578 851//1578 802//1578
f 802//1579 851//1579 803//1579
f 851//1580 852//1580 803//1580
f 803//1581 852//1581 804//1581
f 852//1582 853//1582 804//1582
f 804//1583 853//1583 805//1583
f 853//1584 854//1584 805//1584
f 805//1585 854//1585 806//1585
f 854//1586 855//1586 806//1586
f 806//1587 855//1587 807//1587
f 855//1588 856//1588 807//1588
f 807//1589 856//1589 808//1589
f 856//1590 857//1590 808//1590
f 808//1591 857//1591 809//1591
f 857//1592 858//1592 809//1592
f 809//1593 858//1593 810//1593
f 858//1594 859//1594 810//1594
f 810//1595 859//1595 811//1595
f 859//1596 860//1596 811//1596
f 811//1597 860//1597 812//1597
f 860//1598 861//1598 812//1598
f 812//1599 861//1599 813//1599
f 861//1600 862//1600 813//1600
f 813//1601 862//1601 814//1601
f 862//1602 863//1602 814//1602
f 814//1603 863//1603 815//1603
f 863//1604 864//1604 815//1604
f 815//1605 864//1605 816//1605
f 864//1606 865//1606 816//1606
f 816//1607 865//1607 817//1607
f 865//1608 866//1608 817//1608
f 817//1609 866//1609 818//1609
f 866//1610 867//1610 818//1610
f 818//1611 867//1611 819//1611
f 867//1612 868//1612 819//1612
f 819//1613 868//1613 820//1613
f 868//1614 869//1614 820//1614
f 820//1615 869//1615 821//1615
f 869//1616 870//1616 821//1616
f 821//1617 870//1617 822//1617
f 870//1618 871//1618 822//1618
f 822//1619 871//1619 823//1619
f 871//1620 872//1620 823//1620
f 823//1621 872//1621 824//1621
f 872//1622 873//1622 824//1622
f 824//1623 873//1623 825//1623
f 873//1624 874//1624 825//1624
f 825//1625 874//1625 826//1625
f 874//1626 875//1626 826//1626
f 826//1627 875//1627 827//1627
f 875//1628 876//1628 827//1628
f 827//1629 876//1629 828//1629
f 876//1630 877//1630 828//1630
f 828//1631 877//1631 829//1631
f 877//1632 878//1632 829//1632
f 829//1633 878//1633 830//1633
f 878//1634 879//1634 830//1634
f 830//1635 879//1635 831//1635
f 879//1636 880//1636 831//1636
f 831//1637 880//1637 832//1637
f 880//1638 881//1638 832//1638
f 832//1639 881//1639 833//1639
f 881//1640 882//1640 833//1640
f 833//1641 882//1641 834//1641
f 882//1642 883//1642 834//1642
f 834//1643 883//1643 835//1643
f 883//1644 884//1644 835//1644
f 835//1645 884//1645 836//1645
f 884//1646 885//1646 836//1646
f 836//1647 885//1647 837//1647
f 885//1648 886//1648 837//1648
f 837//1649 886//1649 838//1649
f 886//1650 887//1650 838//1650
f 838//1651 887//1651 839//1651
f 887//1652 888//1652 839//1652
f 839//1653 888//1653 840//1653
f 888//1654 889//1654 840//1654
f 840//1655 889//1655 841//1655
f 889//1656 890//1656 841//1656
f 841//1657 890//1657 842//1657
f 890//1658 891//1658 842//1658
f 842//1659 891//1659 843//1659
f 891//1660 892//1660 843//1660
f 843//1661 892//1661 844//1661
f 892//1662 893//1662 844//1662
f 844//1663 893//1663 845//1663
f 893//1664 894//1664 845//1664
f 847//1665 846//1665 895//1665
f 895//1666 896//1666 847//1666
f 847//1667 896//1667 848//1667
f 896//1668 897//1668 848//1668
f 848//1669 897//1669 849//1669
f 897//1670 898//1670 849//1670
f 849//1671 898//1671 850//1671
f 898//1672 899//1672 850//1672
f 850//1673 899//1673 851//1673
f 899//1674 900//1674 851//1674
f 851//1675 900//1675 852//1675
f 900//1676 901//1676 852//1676
f 852//1677 901//1677 853//1677
f 901//1678 902//1678 853//1678
f 853//1679 902//1679 854//1679
f 902//1680 903//1680 854//1680
f 854//1681 903//1681 855//1681
f 903//1682 904//1682 855//1682
f 855//1683 904//1683 856//1683
f 904//1684 905//1684 856//1684
f 856//1685 905//1685 857//1685
f 905//1686 906//1686 857//1686
f 857//1687 906//1687 858//1687
f 906//1688 907//1688 858//1688
f 858//1689 907//1689 859//1689
f 907//1690 908//1690 859//1690
f 859//1691 908//1691 860//1691
f 908//1692 909//1692 860//1692
f 860//1693 909//1693 861//1693
f 909//1694 910//1694 861//1694
f 861//1695 910//1695 862//1695
f 910//1696 911//1696 862//1696
f 862//1697 911//1697 863//1697
f 911//1698 912//1698 863//1698
f 863//1699 912//1699 864//1699
f 912//1700 913//1700 864//1700
f 864//1701 913//1701 865//1701
f 913//1702 914//1702 865//1702
f 865//1703 914//1703 866//1703
f 914//1704 915//1704 866//1704
f 866//1705 915//1705 867//1705
f 915//1706 916//1706 867//1706
f 867//1707 916//1707 868//1707
f 916//1708 917//1708 868//1708
f 868//1709 917//1709 869//1709
f 917//1710 918//1710 869//1710
f 869//1711 918//1711 870//1711
f 918//1712 919//1712 870//1712
f 870//1713 919//1713 871//1713
f 919//1714 920//1714 871//1714
f 871//1715 920//1715 872//1715
f 920//1716 921//1716 872//1716
f 872//1717 921//1717 873//1717
f 921//1718 922//1718 873//1718
f 873//1719 922//1719 874//1719
f 922//1720 923//1720 874//1720
f 874//1721 923//1721 875//1721
f 923//1722 924//1722 875//1722
f 875//1723 924//1723 876//1723
f 924//1724 925//1724 876//1724
f 876//1725 925//1725 877//1725
f 925//1726 926//1726 877//1726
f 877//1727 926//1727 878//1727
f 926//1728 927//1728 878//1728
f 878//1729 927//1729 879//1729
f 927//1730 928//1730 879//1730
f 879//1731 928//1731 880//1731
f 928//1732 929//1732 880//1732
f 880//1733 929//1733 881//1733
f 929//1734 930//1734 881//1734
f 881//1735 930//1735 882//1735
f 930//1736 931//1736 882//1736
f 882//1737 931//1737 883//1737
f 931//1738 932//1738 883//1738
f 883//1739 932//1739 884//1739
f 932//1740 933//1740 884//1740
f 884//1741 933//1741 885//1741
f 933//1742 934//1742 885//1742
f 885//1743 934//1743 886//1743
f 934//1744 935//1744 886//1744
f 886//1745 935//1745 887//1745
f 935//1746 936//1746 887//1746
f 887//1747 936//1747 888//1747
f 936//1748 937//1748 888//1748
f 888//1749 937//1749 889//1749
f 937//1750 938//1750 889//1750
f 889//1751 938//1751 890//1751
f 938//1752 939//1752 890//1752
f 890//1753 939//1753 891//1753
f 939//1754 940//1754 891//1754
f 891//1755 940//1755 892//1755
f 940//1756 941//1756 892//1756
f 892//1757 941//1757 893//1757
f 941//1758 942//1758 893//1758
f 894//1759 893//1759 942//1759
f 943//1760 894//1760 942//1760
f 945//1761 895//1761 944//1761
f 895//1762 945//1762 896//1762
f 945//1763 946//1763 896//1763
f 896//1764 946//1764 897//1764
f 946//1765 947//1765 897//1765
f 897//1766 947//1766 898//1766
f 947//1767 948//1767 898//1767
f 898//1768 948//1768 899//1768
f 948//1769 949//1769 899//1769
f 899//1770 949//1770 900//1770
f 949//1771 950//1771 900//1771
f 900//1772 950//1772 901//1772
f 950//1773 951//1773 901//1773
f 901//1774 951//1774 902//1774
f 951//1775 952//1775 902//1775
f 902//1776 952//1776 903//1776
f 952//1777 953//1777 903//1777
f 903//1778 953//1778 904//1778
f 953//1779 954//1779 904//1779
f 904//1780 954//1780 905//1780
f 954//1781 955//1781 905//1781
f 905//1782 955//1782 906//1782
f 955//1783 956//1783 906//1783
f 906//1784 956//1784 907//1784
f 956//1785 957//1785 907//1785
f 907//1786 957//1786 908//1786
f 957//1787 958//1787 908//1787
f 908//1788 958//1788 909//1788
f 958//1789 959//1789 909//1789
f 909//1790 959//1790 910//1790
f 959//1791 960//1791 910//1791
f 910//1792 960//1792 911//1792
f 960//1793 961//1793 911//1793
f 911//1794 961//1794 912//1794
f 961//1795 962//1795 912//1795
f 912//1796 962//1796 913//1796
f 962//1797 963//1797 913//1797
f 913//1798 963//1798 914//1798
f 963//1799 964//1799 914//1799
f 914//1800 964//1800 915//1800
f 964//1801 965//1801 915//1801
f 915//1802 965//1802 916//1802
f 965//1803 966//1803 916//1803
f 916//1804 966//1804 917//1804
f 966//1805 967//1805 917//1805
f 917//1806 967//1806 918//1806
f 967//1807 968//1807 918//1807
f 918//1808 968//1808 919//1808
f 968//1809 969//1809 919//1809
f 919//1810 969//1810 920//1810
f 969//1811 970//1811 920//1811
f 920//1812 970//1812 921//1812
f 970//1813 971//1813 921//1813
f 921//1814 971//1814 922//1814
f 971//1815 972//1815 922//1815
f 922//1816 972//1816 923//1816
f 972//1817 973//1817 923//1817
f 923//1818 973//1818 924//1818
f 973//1819 974//1819 924//1819
f 924//1820 974//1820 925//1820
f 974//1821 975//1821 925//1821
f 925//1822 975//1822 926//1822
f 975//1823 976//1823 926//1823
f 926//1824 976//1824 927//1824
f 976//1825 977//1825 927//1825
f 927//1826 977//1826 928//1826
f 977//1827 978//1827 928//1827
f 928//1828 978//1828 929//1828
f 978//1829 979//1829 929//1829
f 929//1830 979//1830 930//1830
f 979//1831 980//1831 930//1831
f 930//1832 980//1832 931//1832
f 980//1833 981//1833 931//1833
f 931//1834 981//1834 932//1834
f 981//1835 982//1835 932//1835
f 932//1836 982//1836 933//1836
f 982//1837 983//1837 933//1837
f 933//1838 983//1838 934//1838
f 983//1839 984//1839 934//1839
f 934//1840 984//1840 935//1840
f 984//1841 985//1841 935//1841
f 935//1842 985//1842 936//1842
f 985//1843 986//1843 936//1843
f 936//1844 986//1844 937//1844
f 986//1845 987//1845 937//1845
f 937//1846 987//1846 938//1846
f 987//1847 988//1847 938//1847
f 938//1848 988//1848 939//1848
f 988//1849 989//1849 939//1849
f 939//1850 989//1850 940//1850
f 989//1851 990//1851 940//1851
f 940//1852 990//1852 941//1852
f 990//1853 991//1853 941//1853
f 941//1854 991//1854 942//1854
f 991//1855 992//1855 942//1855
f 943//1856 942//1856 992//1856
f 994//1857 944//1857 993//1857
f 944//1858 994//1858 945//1858
f 994//1859 995//1859 945//1859
f 945//1860 995//1860 946//1860
f 995//1861 996//1861 946//1861
f 946//1862 996//1862 947//1862
f 996//1863 997//1863 947//1863
f 947//1864 997//1864 948//1864
f 997//1865 998//1865 948//1865
f 948//1866 998//1866 949//1866
f 998//1867 999//1867 949//1867
f 949//1868 999//1868 950//1868
f 999//1869 1000//1869 950//1869
f 950//1870 1000//1870 951//1870
f 1000//1871 1001//1871 951//1871
f 951//1872 1001//1872 952//1872
f 1001//1873 1002//1873 952//1873
f 952//1874 1002//1874 953//1874
f 1002//1875 1003//1875 953//1875
f 953//1876 1003//1876 954//1876
f 1003//1877 1004//1877 954//1877
f 954//1878 1004//1878 955//1878
f 1004//1879 1005//1879 955//1879
f 955//1880 1005//1880 956//1880
f 1005//1881 1006//1881 956//1881
f 956//1882 1006//1882 957//1882
f 1006//1883 1007//1883 957//1883
f 957//1884 1007//1884 958//1884
f 1007//1885 1008//1885 958//1885
f 958//1886 1008//1886 959//1886
f 1008//1887 1009//1887 959//1887
f 959//1888 1009//1888 960//1888
f 1009//1889 1010//1889 960//1889
f 960//1890 1010//1890 961//1890
f 1010//1891 1011//1891 961//1891
f 961//1892 1011//1892 962//1892
f 1011//1893 1012//1893 962//1893
f 962//1894 1012//1894 963//1894
f 1012//1895 1013//1895 963//1895
f 963//1896 1013//1896 964//1896
f 1013//1897 1014//1897 964//1897
f 964//1898 1014//1898 965//1898
f 1014//1899 1015//1899 965//1899
f 965//1900 1015//1900 966//1900
f 1015//1901 1016//1901 966//1901
f 966//1902 1016//1902 967//1902
f 1016//1903 1017//1903 967//1903
f 967//1904 1017//1904 968//1904
f 1017//1905 1018//1905 968//1905
f 968//1906 1018//1906 969//1906
f 1018//1907 1019//1907 969//1907
f 969//1908 1019//1908 970//1908
f 1019//1909 1020//1909 970//1909
f 970//1910 1020//1910 971//1910
f 1020//1911 1021//1911 971//1911
f 971//1912 1021//1912 972//1912
f 1021//1913 1022//1913 972//1913
f 972//1914 1022//1914 973//1914
f 1022//1915 1023//1915 973//1915
f 973//1916 1023//1916 974//1916
f 1023//1917 1024//1917 974//1917
f 974//1918 1024//1918 975//1918
f 1024//1919 1025//1919 975//1919
f 975//1920 1025//1920 976//1920
f 1025//1921 1026//1921 976//1921
f 976//1922 1026//1922 977//1922
f 1026//1923 1027//1923 977//1923
f 977//1924 1027//1924 978//1924
f 1027//1925 1028//1925 978//1925
f 978//1926 1028//1926 979//1926
f 1028//1927 1029//1927 979//1927
f 979//1928 1029//1928 980//1928
f 1029//1929 1030//1929 980//1929
f 980//1930 1030//1930 981//1930
f 1030//1931 1031//1931 981//1931
f 981//1932 1031//1932 982//1932
f 1031//1933 1032//1933 982//1933
f 982//1934 1032//1934 983//1934
f 1032//1935 1033//1935 983//1935
f 983//1936 1033//1936 984//1936
f 1033//1937 1034//1937 984//1937
f 984//1938 1034//1938 985//1938
f 1034//1939 1035//1939 985//1939
f 985//1940 1035//1940 986//1940
f 1035//1941 1036//1941 986//1941
f 986//1942 1036//1942 987//1942
f 1036//1943 1037//1943 987//1943
f 987//1944 1037//1944 988//1944
f 1037//1945 1038//1945 988//1945
f 988//1946 1038//1946 989//1946
f 1038//1947 1039//1947 989//1947
f 989//1948 1039//1948 990//1948
f 1039//1949 1040//1949 990//1949
f 990//1950 1040//1950 991//1950
f 1040//1951 1041//1951 991//1951
f 991//1952 1041//1952 992//1952
f 1041//1953 1042//1953 992//1953
f 994//1954 993//1954 1043//1954
f 1043//1955 1044//1955 994//1955
f 994//1956 1044//1956 995//1956
f 1044//1957 1045//1957 995//1957
f 995//1958 1045//1958 996//1958
f 1045//1959 1046//1959 996//1959
f 996//1960 1046//1960 997//1960
f 1046//1961 1047//1961 997//1961
f 997//1962 1047//1962 998//1962
f 1047//1963 1048//1963 998//1963
f 998//1964 1048//1964 999//1964
f 1048//1965 1049//1965 999//1965
f 999//1966 1049//1966 1000//1966
f 1049//1967 1050//1967 1000//1967
f 1000//1968 1050//1968 1001//1968
f 1050//1969 1051//1969 1001//1969
f 1001//1970 1051//1970 1002//1970
f 1051//1971 1052//1971 1002//1971
f 1002//1972 1052//1972 1003//1972
f 1052//1973 1053//1973 1003//1973
f 1003//1974 1053//1974 1004//1974
f 1053//1975 1054//1975 1004//1975
f 1004//1976 1054//1976 1005//1976
f 1054//1977 1055//1977 1005//1977
f 1005//1978 1055//1978 1006//1978
f 1055//1979 1056//1979 1006//1979
f 1006//1980 1056//1980 1007//1980
f 1056//1981 1057//1981 1007//1981
f 1007//1982 1057//1982 1008//1982
f 1057//1983 1058//1983 1008//1983
f 1008//1984 1058//1984 1009//1984
f 1058//1985 1059//1985 1009//1985
f 1009//1986 1059//1986 1010//1986
f 1059//1987 1060//1987 1010//1987
f 1010//1988 1060//1988 1011//1988
f 1060//1989 1061//1989 1011//1989
f 1011//1990 1061//1990 1012//1990
f 1061//1991 1062//1991 1012//1991
f 1012//1992 1062//1992 1013//1992
f 1062//1993 1063//1993 1013//1993
f 1013//1994 1063//1994 1014//1994
f 1063//1995 1064//1995 1014//1995
f 1014//1996 1064//1996 1015//1996
f 1064//1997 1065//1997 1015//1997
f 1015//1998 1065//1998 1016//1998
f 1065//1999 1066//1999 1016//1999
f 1016//2000 1066//2000 1017//2000
f 1066//2001 1067//2001 1017//2001
f 1017//2002 1067//2002 1018//2002
f 1067//2003 1068//2003 1018//2003
f 1018//2004 1068//2004 1019//2004
f 1068//2005 1069//2005 1019//2005
f 1019//2006 1069//2006 1020//2006
f 1069//2007 1070//2007 1020//2007
f 1020//2008 1070//2008 1021//2008
f 1070//2009 1071//2009 1021//2009
f 1021//2010 1071//2010 1022//2010
f 1071//2011 1072//2011 1022//2011
f 1022//2012 1072//2012 1023//2012
f 1072//2013 1073//2013 1023//2013
f 1023//2014 1073//2014 1024//2014
f 1073//2015 1074//2015 1024//2015
f 1024//2016 1074//2016 1025//2016
f 1074//2017 1075//2017 1025//2017
f 1025//2018 1075//2018 1026//2018
f 1075//2019 1076//2019 1026//2019
f 1026//2020 1076//2020 1027//2020
f 1076//2021 1077//2021 1027//2021
f 1027//2022 1077//2022 1028//2022
f 1077//2023 1078//2023 1028//2023
f 1028//2024 1078//2024 1029//2024
f 1078//2025 1079//2025 1029//2025
f 1029//2026 1079//2026 1030//2026
f 1079//2027 1080//2027 1030//2027
f 1030//2028 1080//2028 1031//2028
f 1080//2029 1081//2029 1031//2029
f 1031//2030 1081//2030 1032//2030
f 1081//2031 1082//2031 1032//2031
f 1032//2032 1082//2032 1033//2032
f 1082//2033 1083//2033 1033//2033
f 1033//2034 1083//2034 1034//2034
f 1083//2035 1084//2035 1034//2035
f 1034//2036 1084//2036 1035//2036
f 1084//2037 1085//2037 1035//2037
f 1035//2038 1085//2038 1036//2038
f 1085//2039 1086//2039 1036//2039
f 1036//2040 1086//2040 1037//2040
f 1086//2041 1087//2041 1037//2041
f 1037//2042 1087//2042 1038//2042
f 1087//2043 1088//2043 1038//2043
f 1038//2044 1088//2044 1039//2044
f 1088//2045 1089//2045 1039//2045
f 1039//2046 1089//2046 1040//2046
f 1089//2047 1090//2047 1040//2047
f 1040//2048 1090//2048 1041//2048
f 1090//2049 1091//2049 1041//2049
f 1042//2050 1041//2050 1091//2050
f 1093//2051 1043//2051 1092//2051
f 1043//2052 1093//2052 1044//2052
f 1093//2053 1094//2053 1044//2053
f 1044//2054 1094//2054 1045//2054
f 1094//2055 1095//2055 1045//2055
f 1045//2056 1095//2056 1046//2056
f 1095//2057 1096//2057 1046//2057
f 1046//2058 1096//2058 1047//2058
f 1096//2059 1097//2059 1047//2059
f 1047//2060 1097//2060 1048//2060
f 1097//2061 1098//2061 1048//2061
f 1048//2062 1098//2062 1049//2062
f 1098//2063 1099//2063 1049//2063
f 1049//2064 1099//2064 1050//2064
f 1099//2065 1100//2065 1050//2065
f 1050//2066 1100//2066 1051//2066
f 1100//2067 1101//2067 1051//2067
f 1051//2068 1101//2068 1052//2068
f 1101//2069 1102//2069 1052//2069
f 1052//2070 1102//2070 1053//2070
f 1102//2071 1103//2071 1053//2071
f 1053//2072 1103//2072 1054//2072
f 1103//2073 1104//2073 1054//2073
f 1054//2074 1104//2074 1055//2074
f 1104//2075 1105//2075 1055//2075
f 1055//2076 1105//2076 1056//2076
f 1105//2077 1106//2077 1056//2077
f 1056//2078 1106//2078 1057//2078
f 1106//2079 1107//2079 1057//2079
f 1057//2080 1107//2080 1058//2080
f 1107//2081 1108//2081 1058//2081
f 1058//2082 1108//2082 1059//2082
f 1108//2083 1109//2083 1059//2083
f 1059//2084 1109//2084 1060//2084
f 1109//2085 1110//2085 1060//2085
f 1060//2086 1110//2086 1061//2086
f 1110//2087 1111//2087 1061//2087
f 1061//2088 1111//2088 1062//2088
f 1111//2089 1112//2089 1062//2089
f 1062//2090 1112//2090 1063//2090
f 1112//2091 1113//2091 1063//2091
f 1063//2092 1113//2092 1064//2092
f 1113//2093 1114//2093 1064//2093
f 1064//2094 1114//2094 1065//2094
f 1114//2095 1115//2095 1065//2095
f 1065//2096 1115//2096 1066//2096
f 1115//2097 1116//2097 1066//2097
f 1066//2098 1116//2098 1067//2098
f 1116//2099 1117//2099 1067//2099
f 1067//2100 1117//2100 1068//2100
f 1117//2101 1118//2101 1068//2101
f 1068//2102 1118//2102 1069//2102
f 1118//2103 1119//2103 1069//2103
f 1069//2104 1119//2104 1070//2104
f 1119//2105 1120//2105 1070//2105
f 1070//2106 1120//2106 1071//2106
f 1120//2107 1121//2107 1071//2107
f 1071//2108 1121//2108 1072//2108
f 1121//2109 1122//2109 1072//2109
f 1072//2110 1122//2110 1073//2110
f 1122//2111 1123//2111 1073//2111
f 1073//2112 1123//2112 1074//2112
f 1123//2113 1124//2113 1074//2113
f 1074//2114 1124//2114 1075//2114
f 1124//2115 1125//2115 1075//2115
f 1075//2116 1125//2116 1076//2116
f 1125//2117 1126//2117 1076//2117
f 1076//2118 1126//2118 1077//2118
f 1126//2119 1127//2119 1077//2119
f 1077//2120 1127//2120 1078//2120
f 1127//2121 1128//2121 1078//2121
f 1078//2122 1128//2122 1079//2122
f 1128//2123 1129//2123 1079//2123
f 1079//2124 1129//2124 1080//2124
f 1129//2125 1130//2125 1080//2125
f 1080//2126 1130//2126 1081//2126
f 1130//2127 1131//2127 1081//2127
f 1081//2128 1131//2128 1082//2128
f 1131//2129 1132//2129 1082//2129
f 1082//2130 1132//2130 1083//2130
f 1132//2131 1133//2131 1083//2131
f 1083//2132 1133//2132 1084//2132
f 1133//2133 1134//2133 1084//2133
f 1084//2134 1134//2134 1085//2134
f 1134//2135 1135//2135 1085//2135
f 1085//2136 1135//2136 1086//2136
f 1135//2137 1136//2137 1086//2137
f 1086//2138 1136//2138 1087//2138
f 1136//2139 1137//2139 1087//2139
f 1087//2140 1137//2140 1088//2140
f 1137//2141 1138//2141 1088//2141
f 1088//2142 1138//2142 1089//2142
f 1138//2143 1139//2143 1089//2143
f 1089//2144 1139//2144 1090//2144
f 1139//2145 1140//2145 1090//2145
f 1090//2146 1140//2146 1091//2146
f 1141//2147 1091//2147 1140//2147
f 1093//2148 1092//2148 1142//2148
f 1142//2149 1143//2149 1093//2149
f 1093//2150 1143//2150 1094//2150
f 1143//2151 1144//2151 1094//2151
f 1094//2152 1144//2152 1095//2152
f 1144//2153 1145//2153 1095//2153
f 1095//2154 1145//2154 1096//2154
f 1145//2155 1146//2155 1096//2155
f 1096//2156 1146//2156 1097//2156
f 1146//2157 1147//2157 1097//2157
f 1097//2158 1147//2158 1098//2158
f 1147//2159 1148//2159 1098//2159
f 1098//2160 1148//2160 1099//2160
f 1148//2161 1149//2161 1099//2161
f 1099//2162 1149//2162 1100//2162
f 1149//2163 1150//2163 1100//2163
f 1100//2164 1150//2164 1101//2164
f 1150//2165 1151//2165 1101//2165
f 1101//2166 1151//2166 1102//2166
f 1151//2167 1152//2167 1102//2167
f 1102//2168 1152//2168 1103//2168
f 1152//2169 1153//2169 1103//2169
f 1103//2170 1153//2170 1104//2170
f 1153//2171 1154//2171 1104//2171
f 1104//2172 1154//2172 1105//2172
f 1154//2173 1155//2173 1105//2173
f 1105//2174 1155//2174 1106//2174
f 1155//2175 1156//2175 1106//2175
f 1106//2176 1156//2176 1107//2176
f 1156//2177 1157//2177 1107//2177
f 1107//2178 1157//2178 1108//2178
f 1157//2179 1158//2179 1108//2179
f 1108//2180 1158//2180 1109//2180
f 1158//2181 1159//2181 1109//2181
f 1109//2182 1159//2182 1110//2182
f 1159//2183 1160//2183 1110//2183
f 1110//2184 1160//2184 1111//2184
f 1160//2185 1161//2185 1111//2185
f 1111//2186 1161//2186 1112//2186
f 1161//2187 1162//2187 1112//2187
f 1112//2188 1162//2188 1113//2188
f 1162//2189 1163//2189 1113//2189
f 1113//2190 1163//2190 1114//2190
f 1163//2191 1164//2191 1114//2191
f 1114//2192 1164//2192 1115//2192
f 1164//2193 1165//2193 1115//2193
f 1115//2194 1165//2194 1116//2194
f 1165//2195 1166//2195 1116//2195
f 1116//2196 1166//2196 1117//2196
f 1166//2197 1167//2197 1117//2197
f 1117//2198 1167//2198 1118//2198
f 1167//2199 1168//2199 1118//2199
f 1118//2200 1168//2200 1119//2200
f 1168//2201 1169//2201 1119//2201
f 1119//2202 1169//2202 1120//2202
f 1169//2203 1170//2203 1120//2203
f 1120//2204 1170//2204 1121//2204
f 1170//2205 1171//2205 1121//2205
f 1121//2206 1171//2206 1122//2206
f 1171//2207 1172//2207 1122//2207
f 1122//2208 1172//2208 1123//2208
f 1172//2209 1173//2209 1123//2209
f 1123//2210 1173//2210 1124//2210
f 1173//2211 1174//2211 1124//2211
f 1124//2212 1174//2212 1125//2212
f 1174//2213 1175//2213 1125//2213
f 1125//2214 1175//2214 1126//2214
f 1175//2215 1176//2215 1126//2215
f 1126//2216 1176//2216 1127//2216
f 1176//2217 1177//2217 1127//2217
f 1127//2218 1177//2218 1128//2218
f 1177//2219 1178//2219 1128//2219
f 1128//2220 1178//2220 1129//2220
f 1178//2221 1179//2221 1129//2221
f 1129//2222 1179//2222 1130//2222
f 1179//2223 1180//2223 1130//2223
f 1130//2224 1180//2224 1131//2224
f 1180//2225 1181//2225 1131//2225
f 1131//2226 1181//2226 1132//2226
f 1181//2227 1182//2227 1132//2227
f 1132//2228 1182//2228 1133//2228
f 1182//2229 1183//2229 1133//2229
f 1133//2230 1183//2230 1134//2230
f 1183//2231 1184//2231 1134//2231
f 1134//2232 1184//2232 1135//2232
f 1184//2233 1185//2233 1135//2233
f 1135//2234 1185//2234 1136//2234
f 1185//2235 1186//2235 1136//2235
f 1136//2236 1186//2236 1137//2236
f 1186//2237 1187//2237 1137//2237
f 1137//2238 1187//2238 1138//2238
f 1187//2239 1188//2239 1138//2239
f 1138//2240 1188//2240 1139//2240
f 1188//2241 1189//2241 1139//2241
f 1139//2242 1189//2242 1140//2242
f 1189//2243 1190//2243 1140//2243
f 1141//2244 1140//2244 1190//2244
f 1192//2245 1142//2245 1191//2245
f 1142//2246 1192//2246 1143//2246
f 1192//2247 1193//2247 1143//2247
f 1143//2248 1193//2248 1144//2248
f 1193//2249 1194//2249 1144//2249
f 1144//2250 1194//2250 1145//2250
f 1194//2251 1195//2251 1145//2251
f 1145//2252 1195//2252 1146//2252
f 1195//2253 1196//2253 1146//2253
f 1146//2254 1196//2254 1147//2254
f 1196//2255 1197//2255 1147//2255
f 1147//2256 1197//2256 1148//2256
f 1197//2257 1198//2257 1148//2257
f 1148//2258 1198//2258 1149//2258
f 1198//2259 1199//2259 1149//2259
f 1149//2260 1199//2260 1150//2260
f 1199//2261 1200//2261 1150//2261
f 1150//2262 1200//2262 1151//2262
f 1200//2263 1201//2263 1151//2263
f 1151//2264 1201//2264 1152//2264
f 1201//2265 1202//2265 1152//2265
f 1152//2266 1202//2266 1153//2266
f 1202//2267 1203//2267 1153//2267
f 1153//2268 1203//2268 1154//2268
f 1203//2269 1204//2269 1154//2269
f 1154//2270 1204//2270 1155//2270
f 1204//2271 1205//2271 1155//2271
f 1155//2272 1205//2272 1156//2272
f 1205//2273 1206//2273 1156//2273
f 1156//2274 1206//2274 1157//2274
f 1206//2275 1207//2275 1157//2275
f 1157//2276 1207//2276 1158//2276
f 1207//2277 1208//2277 1158//2277
f 1158//2278 1208//2278 1159//2278
f 1208//2279 1209//2279 1159//2279
f 1159//2280 1209//2280 1160//2280
f 1209//2281 1210//2281 1160//2281
f 1160//2282 1210//2282 1161//2282
f 1210//2283 1211//2283 1161//2283
f 1161//2284 1211//2284 1162//2284
f 1211//2285 1212//2285 1162//2285
f 1162//2286 1212//2286 1163//2286
f 1212//2287 1213//2287 1163//2287
f 1163//2288 1213//2288 1164//2288
f 1213//2289 1214//2289 1164//2289
f 1164//2290 1214//2290 1165//2290
f 1214//2291 1215//2291 1165//2291
f 1165//2292 1215//2292 1166//2292
f 1215//2293 1216//2293 1166//2293
f 1166//2294 1216//2294 1167//2294
f 1216//2295 1217//2295 1167//2295
f 1167//2296 1217//2296 1168//2296
f 1217//2297 1218//2297 1168//2297
f 1168//2298 1218//2298 1169//2298
f 1218//2299 1219//2299 1169//2299
f 1169//2300 1219//2300 1170//2300
f 1219//2301 1220//2301 1170//2301
f 1170//2302 1220//2302 1171//2302
f 1220//2303 1221//2303 1171//2303
f 1171//2304 1221//2304 1172//2304
f 1221//2305 1222//2305 1172//2305
f 1172//2306 1222//2306 1173//2306
f 1222//2307 1223//2307 1173//2307
f 1173//2308 1223//2308 1174//2308
f 1223//2309 1224//2309 1174//2309
f 1174//2310 1224//2310 1175//2310
f 1224//2311 1225//2311 1175//2311
f 1175//2312 1225//2312 1176//2312
f 1225//2313 1226//2313 1176//2313
f 1176//2314 1226//2314 1177//2314
f 1226//2315 1227//2315 1177//2315
f 1177//2316 1227//2316 1178//2316
f 1227//2317 1228//2317 1178//2317
f 1178//2318 1228//2318 1179//2318
f 1228//2319 1229//2319 1179//2319
f 1179//2320 1229//2320 1180//2320
f 1229//2321 1230//2321 1180//2321
f 1180//2322 1230//2322 1181//2322
f 1230//2323 1231//2323 1181//2323
f 1181//2324 1231//2324 1182//2324
f 1231//2325 1232//2325 1182//2325
f 1182//2326 1232//2326 1183//2326
f 1232//2327 1233//2327 1183//2327
f 1183//2328 1233//2328 1184//2328
f 1233//2329 1234//2329 1184//2329
f 1184//2330 1234//2330 1185//2330
f 1234//2331 1235//2331 1185//2331
f 1185//2332 1235//2332 1186//2332
f 1235//2333 1236//2333 1186//2333
f 1186//2334 1236//2334 1187//2334
f 1236//2335 1237//2335 1187//2335
f 1187//2336 1237//2336 1188//2336
f 1237//2337 1238//2337 1188//2337
f 1188//2338 1238//2338 1189//2338
f 1238//2339 1239//2339 1189//2339
f 1189//2340 1239//2340 1190//2340
f 1240//2341 1190//2341 1239//2341
f 1191//2342 1241//2342 1192//2342
f 1241//2343 1242//2343 1192//2343
f 1192//2344 1242//2344 1193//2344
f 1242//2345 1243//2345 1193//2345
f 1193//2346 1243//2346 1194//2346
f 1243//2347 1244//2347 1194//2347
f 1194//2348 1244//2348 1195//2348
f 1244//2349 1245//2349 1195//2349
f 1195//2350 1245//2350 1196//2350
f 1245//2351 1246//2351 1196//2351
f 1196//2352 1246//2352 1197//2352
f 1246//2353 1247//2353 1197//2353
f 1197//2354 1247//2354 1198//2354
f 1247//2355 1248//2355 1198//2355
f 1198//2356 1248//2356 1199//2356
f 1248//2357 1249//2357 1199//2357
f 1199//2358 1249//2358 1200//2358
f 1249//2359 1250//2359 1200//2359
f 1200//2360 1250//2360 1201//2360
f 1250//2361 1251//2361 1201//2361
f 1201//2362 1251//2362 1202//2362
f 1251//2363 1252//2363 1202//2363
f 1202//2364 1252//2364 1203//2364
f 1252//2365 1253//2365 1203//2365
f 1203//2366 1253//2366 1204//2366
f 1253//2367 1254//2367 1204//2367
f 1204//2368 1254//2368 1205//2368
f 1254//2369 1255//2369 1205//2369
f 1205//2370 1255//2370 1206//2370
f 1255//2371 1256//2371 1206//2371
f 1206//2372 1256//2372 1207//2372
f 1256//2373 1257//2373 1207//2373
f 1207//2374 1257//2374 1208//2374
f 1257//2375 1258//2375 1208//2375
f 1208//2376 1258//2376 1209//2376
f 1258//2377 1259//2377 1209//2377
f 1209//2378 1259//2378 1210//2378
f 1259//2379 1260//2379 1210//2379
f 1210//2380 1260//2380 1211//2380
f 1260//2381 1261//2381 1211//2381
f 1211//2382 1261//2382 1212//2382
f 1261//2383 1262//2383 1212//2383
f 1212//2384 1262//2384 1213//2384
f 1262//2385 1263//2385 1213//2385
f 1213//2386 1263//2386 1214//2386
f 1263//2387 1264//2387 1214//2387
f 1214//2388 1264//2388 1215//2388
f 1264//2389 1265//2389 1215//2389
f 1215//2390 1265//2390 1216//2390
f 1265//2391 1266//2391 1216//2391
f 1216//2392 1266//2392 1217//2392
f 1266//2393 1267//2393 1217//2393
f 1217//2394 1267//2394 1218//2394
f 1267//2395 1268//2395 1218//2395
f 1218//2396 1268//2396 1219//2396
f 1268//2397 1269//2397 1219//2397
f 1219//2398 1269//2398 1220//2398
f 1269//2399 1270//2399 1220//2399
f 1220//2400 1270//2400 1221//2400
f 1270//2401 1271//2401 1221//2401
f 1221//2402 1271//2402 1222//2402
f 1271//2403 1272//2403 1222//2403
f 1222//2404 1272//2404 1223//2404
f 1272//2405 1273//2405 1223//2405
f 1223//2406 1273//2406 1224//2406
f 1273//2407 1274//2407 1224//2407
f 1224//2408 1274//2408 1225//2408
f 1274//2409 1275//2409 1225//2409
f 1225//2410 1275//2410 1226//2410
f 1275//2411 1276//2411 1226//2411
f 1226//2412 1276//2412 1227//2412
f 1276//2413 1277//2413 1227//2413
f 1227//2414 1277//2414 1228//2414
f 1277//2415 1278//2415 1228//2415
f 1228//2416 1278//2416 1229//2416
f 1278//2417 1279//2417 1229//2417
f 1229//2418 1279//2418 1230//2418
f 1279//2419 1280//2419 1230//2419
f 1230//2420 1280//2420 1231//2420
f 1280//2421 1281//2421 1231//2421
f 1231//2422 1281//2422 1232//2422
f 1281//2423 1282//2423 1232//2423
f 1232//2424 1282//2424 1233//2424
f 1282//2425 1283//2425 1233//2425
f 1233//2426 1283//2426 1234//2426
f 1283//2427 1284//2427 1234//2427
f 1234//2428 1284//2428 1235//2428
f 1284//2429 1285//2429 1235//2429
f 1235//2430 1285//2430 1236//2430
f 1285//2431 1286//2431 1236//2431
f 1236//2432 1286//2432 1237//2432
f 1286//2433 1287//2433 1237//2433
f 1237//2434 1287//2434 1238//2434
f 1287//2435 1288//2435 1238//2435
f 1238//2436 1288//2436 1239//2436
f 1288//2437 1289//2437 1239//2437
f 1240//2438 1239//2438 1289//2438
f 1291//2439 1241//2439 1290//2439
f 1241//2440 1291//2440 1242//2440
f 1291//2441 1292//2441 1242//2441
f 1242//2442 1292//2442 1243//2442
f 1292//2443 1293//2443 1243//2443
f 1243//2444 1293//2444 1244//2444
f 1293//2445 1294//2445 1244//2445
f 1244//2446 1294//2446 1245//2446
f 1294//2447 1295//2447 1245//2447
f 1245//2448 1295//2448 1246//2448
f 1295//2449 1296//2449 1246//2449
f 1246//2450 1296//2450 1247//2450
f 1296//2451 1297//2451 1247//2451
f 1247//2452 1297//2452 1248//2452
f 1297//2453 1298//2453 1248//2453
f 1248//2454 1298//2454 1249//2454
f 1298//2455 1299//2455 1249//2455
f 1249//2456 1299//2456 1250//2456
f 1299//2457 1300//2457 1250//2457
f 1250//2458 1300//2458 1251//2458
f 1300//2459 1301//2459 1251//2459
f 1251//2460 1301//2460 1252//2460
f 1301//2461 1302//2461 1252//2461
f 1252//2462 1302//2462 1253//2462
f 1302//2463 1303//2463 1253//2463
f 1253//2464 1303//2464 1254//2464
f 1303//2465 1304//2465 1254//2465
f 1254//2466 1304//2466 1255//2466
f 1304//2467 1305//2467 1255//2467
f 1255//2468 1305//2468 1256//2468
f 1305//2469 1306//2469 1256//2469
f 1256//2470 1306//2470 1257//2470
f 1306//2471 1307//2471 1257//2471
f 1257//2472 1307//2472 1258//2472
f 1307//2473 1308//2473 1258//2473
f 1258//2474 1308//2474 1259//2474
f 1308//2475 1309//2475 1259//2475
f 1259//2476 1309//2476 1260//2476
f 1309//2477 1310//2477 1260//2477
f 1260//2478 1310//2478 1261//2478
f 1310//2479 1311//2479 1261//2479
f 1261//2480 1311//2480 1262//2480
f 1311//2481 1312//2481 1262//2481
f 1262//2482 1312//2482 1263//2482
f 1312//2483 1313//2483 1263//2483
f 1263//2484 1313//2484 1264//2484
f 1313//2485 1314//2485 1264//2485
f 1264//2486 1314//2486 1265//2486
f 1314//2487 1315//2487 1265//2487
f 1265//2488 1315//2488 1266//2488
f 1315//2489 1316//2489 1266//2489
f 1266//2490 1316//2490 1267//2490
f 1316//2491 1317//2491 1267//2491
f 1267//2492 1317//2492 1268//2492
f 1317//2493 1318//2493 1268//2493
f 1268//2494 1318//2494 1269//2494
f 1318//2495 1319//2495 1269//2495
f 1269//2496 1319//2496 1270//2496
f 1319//2497 1320//2497 1270//2497
f 1270//2498 1320//2498 1271//2498
f 1320//2499 1321//2499 1271//2499
f 1271//2500 1321//2500 1272//2500
f 1321//2501 1322//2501 1272//2501
f 1272//2502 1322//2502 1273//2502
f 1322//2503 1323//2503 1273//2503
f 1273//2504 1323//2504 1274//2504
f 1323//2505 1324//2505 1274//2505
f 1274//2506 1324//2506 1275//2506
f 1324//2507 1325//2507 1275//2507
f 1275//2508 1325//2508 1276//2508
f 1325//2509 1326//2509 1276//2509
f 1276//2510 1326//2510 1277//2510
f 1326//2511 1327//2511 1277//2511
f 1277//2512 1327//2512 1278//2512
f 1327//2513 1328//2513 1278//2513
f 1278//2514 1328//2514 1279//2514
f 1328//2515 1329//2515 1279//2515
f 1279//2516 1329//2516 1280//2516
f 1329//2517 1330//2517 1280//2517
f 1280//2518 1330//2518 1281//2518
f 1330//2519 1331//2519 1281//2519
f 1281//2520 1331//2520 1282//2520
f 1331//2521 1332//2521 1282//2521
f 1282//2522 1332//2522 1283//2522
f 1332//2523 1333//2523 1283//2523
f 1283//2524 1333//2524 1284//2524
f 1333//2525 1334//2525 1284//2525
f 1284//2526 1334//2526 1285//2526
f 1334//2527 1335//2527 1285//2527
f 1285//2528 1335//2528 1286//2528
f 1335//2529 1336//2529 1286//2529
f 1286//2530 1336//2530 1287//2530
f 1336//2531 1337//2531 1287//2531
f 1287//2532 1337//2532 1288//2532
f 1337//2533 1338//2533 1288//2533
f 1289//2534 1288//2534 1338//2534
f 1291//2535 1290//2535 1339//2535
f 1339//2536 1340//2536 1291//2536
f 1291//2537 1340//2537 1292//2537
f 1340//2538 1341//2538 1292//2538
f 1292//2539 1341//2539 1293//2539
f 1341//2540 1342//2540 1293//2540
f 1293//2541 1342//2541 1294//2541
f 1342//2542 1343//2542 1294//2542
f 1294//2543 1343//2543 1295//2543
f 1343//2544 1344//2544 1295//2544
f 1295//2545 1344//2545 1296//2545
f 1344//2546 1345//2546 1296//2546
f 1296//2547 1345//2547 1297//2547
f 1345//2548 1346//2548 1297//2548
f 1297//2549 1346//2549 1298//2549
f 1346//2550 1347//2550 1298//2550
f 1298//2551 1347//2551 1299//2551
f 1347//2552 1348//2552 1299//2552
f 1299//2553 1348//2553 1300//2553
f 1348//2554 1349//2554 1300//2554
f 1300//2555 1349//2555 1301//2555
f 1349//2556 1350//2556 1301//2556
f 1301//2557 1350//2557 1302//2557
f 1350//2558 1351//2558 1302//2558
f 1302//2559 1351//2559 1303//2559
f 1351//2560 1352//2560 1303//2560
f 1303//2561 1352//2561 1304//2561
f 1352//2562 1353//2562 1304//2562
f 1304//2563 1353//2563 1305//2563
f 1353//2564 1354//2564 1305//2564
f 1305//2565 1354//2565 1306//2565
f 1354//2566 1355//2566 1306//2566
f 1306//2567 1355//2567 1307//2567
f 1355//2568 1356//2568 1307//2568
f 1307//2569 1356//2569 1308//2569
f 1356//2570 1357//2570 1308//2570
f 1308//2571 1357//2571 1309//2571
f 1357//2572 1358//2572 1309//2572
f 1309//2573 1358//2573 1310//2573
f 1358//2574 1359//2574 1310//2574
f 1310//2575 1359//2575 1311//2575
f 1359//2576 1360//2576 1311//2576
f 1311//2577 1360//2577 1312//2577
f 1360//2578 1361//2578 1312//2578
f 1312//2579 1361//2579 1313//2579
f 1361//2580 1362//2580 1313//2580
f 1313//2581 1362//2581 1314//2581
f 1362//2582 1363//2582 1314//2582
f 1314//2583 1363//2583 1315//2583
f 1363//2584 1364//2584 1315//2584
f 1315//2585 1364//2585 1316//2585
f 1364//2586 1365//2586 1316//2586
f 1316//2587 1365//2587 1317//2587
f 1365//2588 1366//2588 1317//2588
f 1317//2589 1366//2589 1318//2589
f 1366//2590 1367//2590 1318//2590
f 1318//2591 1367//2591 1319//2591
f 1367//2592 1368//2592 1319//2592
f 1319//2593 1368//2593 1320//2593
f 1368//2594 1369//2594 1320//2594
f 1320//2595 1369//2595 1321//2595
f 1369//2596 1370//2596 1321//2596
f 1321//2597 1370//2597 1322//2597
f 1370//2598 1371//2598 1322//2598
f 1322//2599 1371//2599 1323//2599
f 1371//2600 1372//2600 1323//2600
f 1323//2601 1372//2601 1324//2601
f 1372//2602 1373//2602 1324//2602
f 1324//2603 1373//2603 1325//2603
f 1373//2604 1374//2604 1325//2604
f 1325//2605 1374//2605 1326//2605
f 1374//2606 1375//2606 1326//2606
f 1326//2607 1375//2607 1327//2607
f 1375//2608 1376//2608 1327//2608
f 1327//2609 1376//2609 1328//2609
f 1376//2610 1377//2610 1328//2610
f 1328//2611 1377//2611 1329//2611
f 1377//2612 1378//2612 1329//2612
f 1329//2613 1378//2613 1330//2613
f 1378//2614 1379//2614 1330//2614
f 1330//2615 1379//2615 1331//2615
f 1379//2616 1380//2616 1331//2616
f 1331//2617 1380//2617 1332//2617
f 1380//2618 1381//2618 1332//2618
f 1332//2619 1381//2619 1333//2619
f 1381//2620 1382//2620 1333//2620
f 1333//2621 1382//2621 1334//2621
f 1382//2622 1383//2622 1334//2622
f 1334//2623 1383//2623 1335//2623
f 1383//2624 1384//2624 1335//2624
f 1335//2625 1384//2625 1336//2625
f 1384//2626 1385//2626 1336//2626
f 1336//2627 1385//2627 1337//2627
f 1385//2628 1386//2628 1337//2628
f 1337//2629 1386//2629 1338//2629
f 1387//2630 1338//2630 1386//2630
f 1339//2631 1388//2631 1340//2631
f 1388//2632 1389//2632 1340//2632
f 1340//2633 1389//2633 1341//2633
f 1389//2634 1390//2634 1341//2634
f 1341//2635 1390//2635 1342//2635
f 1390//2636 1391//2636 1342//2636
f 1342//2637 1391//2637 1343//2637
f 1391//2638 1392//2638 1343//2638
f 1343//2639 1392//2639 1344//2639
f 1392//2640 1393//2640 1344//2640
f 1344//2641 1393//2641 1345//2641
f 1393//2642 1394//2642 1345//2642
f 1345//2643 1394//2643 1346//2643
f 1394//2644 1395//2644 1346//2644
f 1346//2645 1395//2645 1347//2645
f 1395//2646 1396//2646 1347//2646
f 1347//2647 1396//2647 1348//2647
f 1396//2648 1397//2648 1348//2648
f 1348//2649 1397//2649 1349//2649
f 1397//2650 1398//2650 1349//2650
f 1349//2651 1398//2651 1350//2651
f 1398//2652 1399//2652 1350//2652
f 1350//2653 1399//2653 1351//2653
f 1399//2654 1400//2654 1351//2654
f 1351//2655 1400//2655 1352//2655
f 1400//2656 1401//2656 1352//2656
f 1352//2657 1401//2657 1353//2657
f 1401//2658 1402//2658 1353//2658
f 1353//2659 1402//2659 1354//2659
f 1402//2660 1403//2660 1354//2660
f 1354//2661 1403//2661 1355//2661
f 1403//2662 1404//2662 1355//2662
f 1355//2663 1404//2663 1356//2663
f 1404//2664 1405//2664 1356//2664
f 1356//2665 1405//2665 1357//2665
f 1405//2666 1406//2666 1357//2666
f 1357//2667 1406//2667 1358//2667
f 1406//2668 1407//2668 1358//2668
f 1358//2669 1407//2669 1359//2669
f 1407//2670 1408//2670 1359//2670
f 1359//2671 1408//2671 1360//2671
f 1408//2672 1409//2672 1360//2672
f 1360//2673 1409//2673 1361//2673
f 1409//2674 1410//2674 1361//2674
f 1361//2675 1410//2675 1362//2675
f 1410//2676 1411//2676 1362//2676
f 1362//2677 1411//2677 1363//2677
f 1411//2678 1412//2678 1363//2678
f 1363//2679 1412//2679 1364//2679
f 1412//2680 1413//2680 1364//2680
f 1364//2681 1413//2681 1365//2681
f 1413//2682 1414//2682 1365//2682
f 1365//2683 1414//2683 1366//2683
f 1414//2684 1415//2684 1366//2684
f 1366//2685 1415//2685 1367//2685
f 1415//2686 1416//2686 1367//2686
f 1367//2687 1416//2687 1368//2687
f 1416//2688 1417//2688 1368//2688
f 1368//2689 1417//2689 1369//2689
f 1417//2690 1418//2690 1369//2690
f 1369//2691 1418//2691 1370//2691
f 1418//2692 1419//2692 1370//2692
f 1370//2693 1419//2693 1371//2693
f 1419//2694 1420//2694 1371//2694
f 1371//2695 1420//2695 1372//2695
f 1420//2696 1421//2696 1372//2696
f 1372//2697 1421//2697 1373//2697
f 1421//2698 1422//2698 1373//2698
f 1373//2699 1422//2699 1374//2699
f 1422//2700 1423//2700 1374//2700
f 1374//2701 1423//2701 1375//2701
f 1423//2702 1424//2702 1375//2702
f 1375//2703 1424//2703 1376//2703
f 1424//2704 1425//2704 1376//2704
f 1376//2705 1425//2705 1377//2705
f 1425//2706 1426//2706 1377//2706
f 1377//2707 1426//2707 1378//2707
f 1426//2708 1427//2708 1378//2708
f 1378//2709 1427//2709 1379//2709
f 1427//2710 1428//2710 1379//2710
f 1379//2711 1428//2711 1380//2711
f 1428//2712 1429//2712 1380//2712
f 1380//2713 1429//2713 1381//2713
f 1429//2714 1430//2714 1381//2714
f 1381//2715 1430//2715 1382//2715
f 1430//2716 1431//2716 1382//2716
f 1382//2717 1431//2717 1383//2717
f 1431//2718 1432//2718 1383//2718
f 1383//2719 1432//2719 1384//2719
f 1432//2720 1433//2720 1384//2720
f 1384//2721 1433//2721 1385//2721
f 1433//2722 1434//2722 1385//2722
f 1385//2723 1434//2723 1386//2723
f 1434//2724 1435//2724 1386//2724
f 1387//2725 1386//2725 1435//2725
f 1437//2726 1388//2726 1436//2726
f 1388//2727 1437//2727 1389//2727
f 1437//2728 1438//2728 1389//2728
f 1389//2729 1438//2729 1390//2729
f 1438//2730 1439//2730 1390//2730
f 1390//2731 1439//2731 1391//2731
f 1439//2732 1440//2732 1391//2732
f 1391//2733 1440//2733 1392//2733
f 1440//2734 1441//2734 1392//2734
f 1392//2735 1441//2735 1393//2735
f 1441//2736 1442//2736 1393//2736
f 1393//2737 1442//2737 1394//2737
f 1442//2738 1443//2738 1394//2738
f 1394//2739 1443//2739 1395//2739
f 1443//2740 1444//2740 1395//2740
f 1395//2741 1444//2741 1396//2741
f 1444//2742 1445//2742 1396//2742
f 1396//2743 1445//2743 1397//2743
f 1445//2744 1446//2744 1397//2744
f 1397//2745 1446//2745 1398//2745
f 1446//2746 1447//2746 1398//2746
f 1398//2747 1447//2747 1399//2747
f 1447//2748 1448//2748 1399//2748
f 1399//2749 1448//2749 1400//2749
f 1448//2750 1449//2750 1400//2750
f 1400//2751 1449//2751 1401//2751
f 1449//2752 1450//2752 1401//2752
f 1401//2753 1450//2753 1402//2753
f 1450//2754 1451//2754 1402//2754
f 1402//2755 1451//2755 1403//2755
f 1451//2756 1452//2756 1403//2756
f 1403//2757 1452//2757 1404//2757
f 1452//2758 1453//2758 1404//2758
f 1404//2759 1453//2759 1405//2759
f 1453//2760 1454//2760 1405//2760
f 1405//2761 1454//2761 1406//2761
f 1454//2762 1455//2762 1406//2762
f 1406//2763 1455//2763 1407//2763
f 1455//2764 1456//2764 1407//2764
f 1407//2765 1456//2765 1408//2765
f 1456//2766 1457//2766 1408//2766
f 1408//2767 1457//2767 1409//2767
f 1457//2768 1458//2768 1409//2768
f 1409//2769 1458//2769 1410//2769
f 1458//2770 1459//2770 1410//2770
f 1410//2771 1459//2771 1411//2771
f 1459//2772 1460//2772 1411//2772
f 1411//2773 1460//2773 1412//2773
f 1460//2774 1461//2774 1412//2774
f 1412//2775 1461//2775 1413//2775
f 1461//2776 1462//2776 1413//2776
f 1413//2777 1462//2777 1414//2777
f 1462//2778 1463//2778 1414//2778
f 1414//2779 1463//2779 1415//2779
f 1463//2780 1464//2780 1415//2780
f 1415//2781 1464//2781 1416//2781
f 1464//2782 1465//2782 1416//2782
f 1416//2783 1465//2783 1417//2783
f 1465//2784 1466//2784 1417//2784
f 1417//2785 1466//2785 1418//2785
f 1466//2786 1467//2786 1418//2786
f 1418//2787 1467//2787 1419//2787
f 1467//2788 1468//2788 1419//2788
f 1419//2789 1468//2789 1420//2789
f 1468//2790 1469//2790 1420//2790
f 1420//2791 1469//2791 1421//2791
f 1469//2792 1470//2792 1421//2792
f 1421//2793 1470//2793 1422//2793
f 1470//2794 1471//2794 1422//2794
f 1422//2795 1471//2795 1423//2795
f 1471//2796 1472//2796 1423//2796
f 1423//2797 1472//2797 1424//2797
f 1472//2798 1473//2798 1424//2798
f 1424//2799 1473//2799 1425//2799
f 1473//2800 1474//2800 1425//2800
f 1425//2801 1474//2801 1426//2801
f 1474//2802 1475//2802 1426//2802
f 1426//2803 1475//2803 1427//2803
f 1475//2804 1476//2804 1427//2804
f 1427//2805 1476//2805 1428//2805
f 1476//2806 1477//2806 1428//2806
f 1428//2807 1477//2807 1429//2807
f 1477//2808 1478//2808 1429//2808
f 1429//2809 1478//2809 1430//2809
f 1478//2810 1479//2810 1430//2810
f 1430//2811 1479//2811 1431//2811
f 1479//2812 1480//2812 1431//2812
f 1431//2813 1480//2813 1432//2813
f 1480//2814 1481//2814 1432//2814
f 1432//2815 1481//2815 1433//2815
f 1481//2816 1482//2816 1433//2816
f 1433//2817 1482//2817 1434//2817
f 1482//2818 1483//2818 1434//2818
f 1435//2819 1434//2819 1483//2819
f 1437//2820 1436//2820 1484//2820
f 1484//2821 1485//2821 1437//2821
f 1437//2822 1485//2822 1438//2822
f 1485//2823 1486//2823 1438//2823
f 1438//2824 1486//2824 1439//2824
f 1486//2825 1487//2825 1439//2825
f 1439//2826 1487//2826 1440//2826
f 1487//2827 1488//2827 1440//2827
f 1440//2828 1488//2828 1441//2828
f 1488//2829 1489//2829 1441//2829
f 1441//2830 1489//2830 1442//2830
f 1489//2831 1490//2831 1442//2831
f 1442//2832 1490//2832 1443//2832
f 1490//2833 1491//2833 1443//2833
f 1443//2834 1491//2834 1444//2834
f 1491//2835 1492//2835 1444//2835
f 1444//2836 1492//2836 1445//2836
f 1492//2837 1493//2837 1445//2837
f 1445//2838 1493//2838 1446//2838
f 1493//2839 1494//2839 1446//2839
f 1446//2840 1494//2840 1447//2840
f 1494//2841 1495//2841 1447//2841
f 1447//2842 1495//2842 1448//2842
f 1495//2843 1496//2843 1448//2843
f 1448//2844 1496//2844 1449//2844
f 1496//2845 1497//2845 1449//2845
f 1449//2846 1497//2846 1450//2846
f 1497//2847 1498//2847 1450//2847
f 1450//2848 1498//2848 1451//2848
f 1498//2849 1499//2849 1451//2849
f 1451//2850 1499//2850 1452//2850
f 1499//2851 1500//2851 1452//2851
f 1452//2852 1500//2852 1453//2852
f 1500//2853 1501//2853 1453//2853
f 1453//2854 1501//2854 1454//2854
f 1501//2855 1502//2855 1454//2855
f 1454//2856 1502//2856 1455//2856
f 1502//2857 1503//2857 1455//2857
f 1455//2858 1503//2858 1456//2858
f 1503//2859 1504//2859 1456//2859
f 1456//2860 1504//2860 1457//2860
f 1504//2861 1505//2861 1457//2861
f 1457//2862 1505//2862 1458//2862
f 1505//2863 1506//2863 1458//2863
f 1458//2864 1506//2864 1459//2864
f 1506//2865 1507//2865 1459//2865
f 1459//2866 1507//2866 1460//2866
f 1507//2867 1508//2867 1460//2867
f 1460//2868 1508//2868 1461//2868
f 1508//2869 1509//2869 1461//2869
f 1461//2870 1509//2870 1462//2870
f 1509//2871 1510//2871 1462//2871
f 1462//2872 1510//2872 1463//2872
f 1510//2873 1511//2873 1463//2873
f 1463//2874 1511//2874 1464//2874
f 1511//2875 1512//2875 1464//2875
f 1464//2876 1512//2876 1465//2876
f 1512//2877 1513//2877 1465//2877
f 1465//2878 1513//2878 1466//2878
f 1513//2879 1514//2879 1466//2879
f 1466//2880 1514//2880 1467//2880
f 1514//2881 1515//2881 1467//2881
f 1467//2882 1515//2882 1468//2882
f 1515//2883 1516//2883 1468//2883
f 1468//2884 1516//2884 1469//2884
f 1516//2885 1517//2885 1469//2885
f 1469//2886 1517//2886 1470//2886
f 1517//2887 1518//2887 1470//2887
f 1470//2888 1518//2888 1471//2888
f 1518//2889 1519//2889 1471//2889
f 1471//2890 1519//2890 1472//2890
f 1519//2891 1520//2891 1472//2891
f 1472//2892 1520//2892 1473//2892
f 1520//2893 1521//2893 1473//2893
f 1473//2894 1521//2894 1474//2894
f 1521//2895 1522//2895 1474//2895
f 1474//2896 1522//2896 1475//2896
f 1522//2897 1523//2897 1475//2897
f 1475//2898 1523//2898 1476//2898
f 1523//2899 1524//2899 1476//2899
f 1476//2900 1524//2900 1477//2900
f 1524//2901 1525//2901 1477//2901
f 1477//2902 1525//2902 1478//2902
f 1525//2903 1526//2903 1478//2903
f 1478//2904 1526//2904 1479//2904
f 1526//2905 1527//2905 1479//2905
f 1479//2906 1527//2906 1480//2906
f 1527//2907 1528//2907 1480//2907
f 1480//2908 1528//2908 1481//2908
f 1528//2909 1529//2909 1481//2909
f 1481//2910 1529//2910 1482//2910
f 1529//2911 1530//2911 1482//2911
f 1482//2912 1530//2912 1483//2912
f 1531//2913 1483//2913 1530//2913
f 1484//2914 1532//2914 1485//2914
f 1532//2915 1533//2915 1485//2915
f 1485//2916 1533//2916 1486//2916
f 1533//2917 1534//2917 1486//2917
f 1486//2918 1534//2918 1487//2918
f 1534//2919 1535//2919 1487//2919
f 1487//2920 1535//2920 1488//2920
f 1535//2921 1536//2921 1488//2921
f 1488//2922 1536//2922 1489//2922
f 1536//2923 1537//2923 1489//2923
f 1489//2924 1537//2924 1490//2924
f 1537//2925 1538//2925 1490//2925
f 1490//2926 1538//2926 1491//2926
f 1538//2927 1539//2927 1491//2927
f 1491//2928 1539//2928 1492//2928
f 1539//2929 1540//2929 1492//2929
f 1492//2930 1540//2930 1493//2930
f 1540//2931 1541//2931 1493//2931
f 1493//2932 1541//2932 1494//2932
f 1541//2933 1542//2933 1494//2933
f 1494//2934 1542//2934 1495//2934
f 1542//2935 1543//2935 1495//2935
f 1495//2936 1543//2936 1496//2936
f 1543//2937 1544//2937 1496//2937
f 1496//2938 1544//2938 1497//2938
f 1544//2939 1545//2939 1497//2939
f 1497//2940 1545//2940 1498//2940
f 1545//2941 1546//2941 1498//2941
f 1498//2942 1546//2942 1499//2942
f 1546//2943 1547//2943 1499//2943
f 1499//2944 1547//2944 1500//2944
f 1547//2945 1548//2945 1500//2945
f 1500//2946 1548//2946 1501//2946
f 1548//2947 1549//2947 1501//2947
f 1501//2948 1549//2948 1502//2948
f 1549//2949 1550//2949 1502//2949
f 1502//2950 1550//2950 1503//2950
f 1550//2951 1551//2951 1503//2951
f 1503//2952 1551//2952 1504//2952
f 1551//2953 1552//2953 1504//2953
f 1504//2954 1552//2954 1505//2954
f 1552//2955 1553//2955 1505//2955
f 1505//2956 1553//2956 1506//2956
f 1553//2957 1554//2957 1506//2957
f 1506//2958 1554//2958 1507//2958
f 1554//2959 1555//2959 1507//2959
f 1507//2960 1555//2960 1508//2960
f 1555//2961 1556//2961 1508//2961
f 1508//2962 1556//2962 1509//2962
f 1556//2963 1557//2963 1509//2963
f 1509//2964 1557//2964 1510//2964
f 1557//2965 1558//2965 1510//2965
f 1510//2966 1558//2966 1511//2966
f 1558//2967 1559//2967 1511//2967
f 1511//2968 1559//2968 1512//2968
f 1559//2969 1560//2969 1512//2969
f 1512//2970 1560//2970 1513//2970
f 1560//2971 1561//2971 1513//2971
f 1513//2972 1561//2972 1514//2972
f 1561//2973 1562//2973 1514//2973
f 1514//2974 1562//2974 1515//2974
f 1562//2975 1563//2975 1515//2975
f 1515//2976 1563//2976 1516//2976
f 1563//2977 1564//2977 1516//2977
f 1516//2978 1564//2978 1517//2978
f 1564//2979 1565//2979 1517//2979
f 1517//2980 1565//2980 1518//2980
f 1565//2981 1566//2981 1518//2981
f 1518//2982 1566//2982 1519//2982
f 1566//2983 1567//2983 1519//2983
f 1519//2984 1567//2984 1520//2984
f 1567//2985 1568//2985 1520//2985
f 1520//2986 1568//2986 1521//2986
f 1568//2987 1569//2987 1521//2987
f 1521//2988 1569//2988 1522//2988
f 1569//2989 1570//2989 1522//2989
f 1522//2990 1570//2990 1523//2990
f 1570//2991 1571//2991 1523//2991
f 1523//2992 1571//2992 1524//2992
f 1571//2993 1572//2993 1524//2993
f 1524//2994 1572//2994 1525//2994
f 1572//2995 1573//2995 1525//2995
f 1525//2996 1573//2996 1526//2996
f 1573//2997 1574//2997 1526//2997
f 1526//2998 1574//2998 1527//2998
f 1574//2999 1575//2999 1527//2999
f 1527//3000 1575//3000 1528//3000
f 1575//3001 1576//3001 1528//3001
f 1528//3002 1576//3002 1529//3002
f 1576//3003 1577//3003 1529//3003
f 1529//3004 1577//3004 1530//3004
f 1578//3005 1530//3005 1577//3005
f 1531//3006 1530//3006 1578//3006
f 1532//3007 1579//3007 1533//3007
f 1579//3008 1580//3008 1533//3008
f 1533//3009 1580//3009 1534//3009
f 1580//3010 1581//3010 1534//3010
f 1534//3011 1581//3011 1535//3011
f 1581//3012 1582//3012 1535//3012
f 1535//3013 1582//3013 1536//3013
f 1582//3014 1583//3014 1536//3014
f 1536//3015 1583//3015 1537//3015
f 1583//3016 1584//3016 1537//3016
f 1537//3017 1584//3017 1538//3017
f 1584//3018 1585//3018 1538//3018
f 1538//3019 1585//3019 1539//3019
f 1585//3020 1586//3020 1539//3020
f 1539//3021 1586//3021 1540//3021
f 1586//3022 1587//3022 1540//3022
f 1540//3023 1587//3023 1541//3023
f 1587//3024 1588//3024 1541//3024
f 1541//3025 1588//3025 1542//3025
f 1588//3026 1589//3026 1542//3026
f 1542//3027 1589//3027 1543//3027
f 1589//3028 1590//3028 1543//3028
f 1543//3029 1590//3029 1544//3029
f 1590//3030 1591//3030 1544//3030
f 1544//3031 1591//3031 1545//3031
f 1591//3032 1592//3032 1545//3032
f 1545//3033 1592//3033 1546//3033
f 1592//3034 1593//3034 1546//3034
f 1546//3035 1593//3035 1547//3035
f 1593//3036 1594//3036 1547//3036
f 1547//3037 1594//3037 1548//3037
f 1594//3038 1595//3038 1548//3038
f 1548//3039 1595//3039 1549//3039
f 1595//3040 1596//3040 1549//3040
f 1549//3041 1596//3041 1550//3041
f 1596//3042 1597//3042 1550//3042
f 1550//3043 1597//3043 1551//3043
f 1597//3044 1598//3044 1551//3044
f 1551//3045 1598//3045 1552//3045
f 1598//3046 1599//3046 1552//3046
f 1552//3047 1599//3047 1553//3047
f 1599//3048 1600//3048 1553//3048
f 1553//3049 1600//3049 1554//3049
f 1600//3050 1601//3050 1554//3050
f 1554//3051 1601//3051 1555//3051
f 1601//3052 1602//3052 1555//3052
f 1555//3053 1602//3053 1556//3053
f 1602//3054 1603//3054 1556//3054
f 1556//3055 1603//3055 1557//3055
f 1603//3056 1604//3056 1557//3056
f 1557//3057 1604//3057 1558//3057
f 1604//3058 1605//3058 1558//3058
f 1558//3059 1605//3059 1559//3059
f 1605//3060 1606//3060 1559//3060
f 1559//3061 1606//3061 1560//3061
f 1606//3062 1607//3062 1560//3062
f 1560//3063 1607//3063 1561//3063
f 1607//3064 1608//3064 1561//3064
f 1561//3065 1608//3065 1562//3065
f 1608//3066 1609//3066 1562//3066
f 1562//3067 1609//3067 1563//3067
f 1609//3068 1610//3068 1563//3068
f 1563//3069 1610//3069 1564//3069
f 1610//3070 1611//3070 1564//3070
f 1564//3071 1611//3071 1565//3071
f 1611//3072 1612//3072 1565//3072
f 1565//3073 1612//3073 1566//3073
f 1612//3074 1613//3074 1566//3074
f 1566//3075 1613//3075 1567//3075
f 1613//3076 1614//3076 1567//3076
f 1567//3077 1614//3077 1568//3077
f 1614//3078 1615//3078 1568//3078
f 1568//3079 1615//3079 1569//3079
f 1615//3080 1616//3080 1569//3080
f 1569//3081 1616//3081 1570//3081
f 1616//3082 1617//3082 1570//3082
f 1570//3083 1617//3083 1571//3083
f 1617//3084 1618//3084 1571//3084
f 1571//3085 1618//3085 1572//3085
f 1618//3086 1619//3086 1572//3086
f 1572//3087 1619//3087 1573//3087
f 1619//3088 1620//3088 1573//3088
f 1573//3089 1620//3089 1574//3089
f 1620//3090 1621//3090 1574//3090
f 1574//3091 1621//3091 1575//3091
f 1621//3092 1622//3092 1575//3092
f 1575//3093 1622//3093 1576//3093
f 1622//3094 1623//3094 1576//3094
f 1576//3095 1623//3095 1577//3095
f 1623//3096 1624//3096 1577//3096
f 1578//3097 1577//3097 1624//3097
f 1579//3098 1625//3098 1580//3098
f 1625//3099 1626//3099 1580//3099
f 1580//3100 1626//3100 1581//3100
f 1626//3101 1627//3101 1581//3101
f 1581//3102 1627//3102 1582//3102
f 1627//3103 1628//3103 1582//3103
f 1582//3104 1628//3104 1583//3104
f 1628//3105 1629//3105 1583//3105
f 1583//3106 1629//3106 1584//3106
f 1629//3107 1630//3107 1584//3107
f 1584//3108 1630//3108 1585//3108
f 1630//3109 1631//3109 1585//3109
f 1585//3110 1631//3110 1586//3110
f 1631//3111 1632//3111 1586//3111
f 1586//3112 1632//3112 1587//3112
f 1632//3113 1633//3113 1587//3113
f 1587//3114 1633//3114 1588//3114
f 1633//3115 1634//3115 1588//3115
f 1588//3116 1634//3116 1589//3116
f 1634//3117 1635//3117 1589//3117
f 1589//3118 1635//3118 1590//3118
f 1635//3119 1636//3119 1590//3119
f 1590//3120 1636//3120 1591//3120
f 1636//3121 1637//3121 1591//3121
f 1591//3122 1637//3122 1592//3122
f 1637//3123 1638//3123 1592//3123
f 1592//3124 1638//3124 1593//3124
f 1638//3125 1639//3125 1593//3125
f 1593//3126 1639//3126 1594//3126
f 1639//3127 1640//3127 1594//3127
f 1594//3128 1640//3128 1595//3128
f 1640//3129 1641//3129 1595//3129
f 1595//3130 1641//3130 1596//3130
f 1641//3131 1642//3131 1596//3131
f 1596//3132 1642//3132 1597//3132
f 1642//3133 1643//3133 1597//3133
f 1597//3134 1643//3134 1598//3134
f 1643//3135 1644//3135 1598//3135
f 1598//3136 1644//3136 1599//3136
f 1644//3137 1645//3137 1599//3137
f 1599//3138 1645//3138 1600//3138
f 1645//3139 1646//3139 1600//3139
f 1600//3140 1646//3140 1601//3140
f 1646//3141 1647//3141 1601//3141
f 1601//3142 1647//3142 1602//3142
f 1647//3143 1648//3143 1602//3143
f 1602//3144 1648//3144 1603//3144
f 1648//3145 1649//3145 1603//3145
f 1603//3146 1649//3146 1604//3146
f 1649//3147 1650//3147 1604//3147
f 1604//3148 1650//3148 1605//3148
f 1650//3149 1651//3149 1605//3149
f 1605//3150 1651//3150 1606//3150
f 1651//3151 1652//3151 1606//3151
f 1606//3152 1652//3152 1607//3152
f 1652//3153 1653//3153 1607//3153
f 1607//3154 1653//3154 1608//3154
f 1653//3155 1654//3155 1608//3155
f 1608//3156 1654//3156 1609//3156
f 1654//3157 1655//3157 1609//3157
f 1609//3158 1655//3158 1610//3158
f 1655//3159 1656//3159 1610//3159
f 1610//3160 1656//3160 1611//3160
f 1656//3161 1657//3161 1611//3161
f 1611//3162 1657//3162 1612//3162
f 1657//3163 1658//3163 1612//3163
f 1612//3164 1658//3164 1613//3164
f 1658//3165 1659//3165 1613//3165
f 1613//3166 1659//3166 1614//3166
f 1659//3167 1660//3167 1614//3167
f 1614//3168 1660//3168 1615//3168
f 1660//3169 1661//3169 1615//3169
f 1615//3170 1661//3170 1616//3170
f 1661//3171 1662//3171 1616//3171
f 1616//3172 1662//3172 1617//3172
f 1662//3173 1663//3173 1617//3173
f 1617//3174 1663//3174 1618//3174
f 1663//3175 1664//3175 1618//3175
f 1618//3176 1664//3176 1619//3176
f 1664//3177 1665//3177 1619//3177
f 1619//3178 1665//3178 1620//3178
f 1665//3179 1666//3179 1620//3179
f 1620//3180 1666//3180 1621//3180
f 1666//3181 1667//3181 1621//3181
f 1621//3182 1667//3182 1622//3182
f 1667//3183 1668//3183 1622//3183
f 1622//3184 1668//3184 1623//3184
f 1668//3185 1669//3185 1623//3185
f 1624//3186 1623//3186 1669//3186
f 1625//3187 1670//3187 1626//3187
f 1670//3188 1671//3188 1626//3188
f 1626//3189 1671//3189 1627//3189
f 1671//3190 1672//3190 1627//3190
f 1627//3191 1672//3191 1628//3191
f 1672//3192 1673//3192 1628//3192
f 1628//3193 1673//3193 1629//3193
f 1673//3194 1674//3194 1629//3194
f 1629//3195 1674//3195 1630//3195
f 1674//3196 1675//3196 1630//3196
f 1630//3197 1675//3197 1631//3197
f 1675//3198 1676//3198 1631//3198
f 1631//3199 1676//3199 1632//3199
f 1676//3200 1677//3200 1632//3200
f 1632//3201 1677//3201 1633//3201
f 1677//3202 1678//3202 1633//3202
f 1633//3203 1678//3203 1634//3203
f 1678//3204 1679//3204 1634//3204
f 1634//3205 1679//3205 1635//3205
f 1679//3206 1680//3206 1635//3206
f 1635//3207 1680//3207 1636//3207
f 1680//3208 1681//3208 1636//3208
f 1636//3209 1681//3209 1637//3209
f 1681//3210 1682//3210 1637//3210
f 1637//3211 1682//3211 1638//3211
f 1682//3212 1683//3212 1638//3212
f 1638//3213 1683//3213 1639//3213
f 1683//3214 1684//3214 1639//3214
f 1639//3215 1684//3215 1640//3215
f 1684//3216 1685//3216 1640//3216
f 1640//3217 1685//3217 1641//3217
f 1685//3218 1686//3218 1641//3218
f 1641//3219 1686//3219 1642//3219
f 1686//3220 1687//3220 1642//3220
f 1642//3221 1687//3221 1643//3221
f 1687//3222 1688//3222 1643//3222
f 1643//3223 1688//3223 1644//3223
f 1688//3224 1689//3224 1644//3224
f 1644//3225 1689//3225 1645//3225
f 1689//3226 1690//3226 1645//3226
f 1645//3227 1690//3227 1646//3227
f 1690//3228 1691//3228 1646//3228
f 1646//3229 1691//3229 1647//3229
f 1691//3230 1692//3230 1647//3230
f 1647//3231 1692//3231 1648//3231
f 1692//3232 1693//3232 1648//3232
f 1648//3233 1693//3233 1649//3233
f 1693//3234 1694//3234 1649//3234
f 1649//3235 1694//3235 1650//3235
f 1694//3236 1695//3236 1650//3236
f 1650//3237 1695//3237 1651//3237
f 1695//3238 1696//3238 1651//3238
f 1651//3239 1696//3239 1652//3239
f 1696//3240 1697//3240 1652//3240
f 1652//3241 1697//3241 1653//3241
f 1697//3242 1698//3242 1653//3242
f 1653//3243 1698//3243 1654//3243
f 1698//3244 1699//3244 1654//3244
f 1654//3245 1699//3245 1655//3245
f 1699//3246 1700//3246 1655//3246
f 1655//3247 1700//3247 1656//3247
f 1700//3248 1701//3248 1656//3248
f 1656//3249 1701//3249 1657//3249
f 1701//3250 1702//3250 1657//3250
f 1657//3251 1702//3251 1658//3251
f 1702//3252 1703//3252 1658//3252
f 1658//3253 1703//3253 1659//3253
f 1703//3254 1704//3254 1659//3254
f 1659//3255 1704//3255 1660//3255
f 1704//3256 1705//3256 1660//3256
f 1660//3257 1705//3257 1661//3257
f 1705//3258 1706//3258 1661//3258
f 1661//3259 1706//3259 1662//3259
f 1706//3260 1707//3260 1662//3260
f 1662//3261 1707//3261 1663//3261
f 1707//3262 1708//3262 1663//3262
f 1663//3263 1708//3263 1664//3263
f 1708//3264 1709//3264 1664//3264
f 1664//3265 1709//3265 1665//3265
f 1709//3266 1710//3266 1665//3266
f 1665//3267 1710//3267 1666//3267
f 1710//3268 1711//3268 1666//3268
f 1666//3269 1711//3269 1667//3269
f 1711//3270 1712//3270 1667//3270
f 1667//3271 1712//3271 1668//3271
f 1712//3272 1713//3272 1668//3272
f 1669//3273 1668//3273 1713//3273
f 1715//3274 1670//3274 1714//3274
f 1670//3275 1715//3275 1671//3275
f 1715//3276 1716//3276 1671//3276
f 1671//3277 1716//3277 1672//3277
f 1716//3278 1717//3278 1672//3278
f 1672//3279 1717//3279 1673//3279
f 1717//3280 1718//3280 1673//3280
f 1673//3281 1718//3281 1674//3281
f 1718//3282 1719//3282 1674//3282
f 1674//3283 1719//3283 1675//3283
f 1719//3284 1720//3284 1675//3284
f 1675//3285 1720//3285 1676//3285
f 1720//3286 1721//3286 1676//3286
f 1676//3287 1721//3287 1677//3287
f 1721//3288 1722//3288 1677//3288
f 1677//3289 1722//3289 1678//3289
f 1722//3290 1723//3290 1678//3290
f 1678//3291 1723//3291 1679//3291
f 1723//3292 1724//3292 1679//3292
f 1679//3293 1724//3293 1680//3293
f 1724//3294 1725//3294 1680//3294
f 1680//3295 1725//3295 1681//3295
f 1725//3296 1726//3296 1681//3296
f 1681//3297 1726//3297 1682//3297
f 1726//3298 1727//3298 1682//3298
f 1682//3299 1727//3299 1683//3299
f 1727//3300 1728//3300 1683//3300
f 1683//3301 1728//3301 1684//3301
f 1728//3302 1729//3302 1684//3302
f 1684//3303 1729//3303 1685//3303
f 1729//3304 1730//3304 1685//3304
f 1685//3305 1730//3305 1686//3305
f 1730//3306 1731//3306 1686//3306
f 1686//3307 1731//3307 1687//3307
f 1731//3308 1732//3308 1687//3308
f 1687//3309 1732//3309 1688//3309
f 1732//3310 1733//3310 1688//3310
f 1688//3311 1733//3311 1689//3311
f 1733//3312 1734//3312 1689//3312
f 1689//3313 1734//3313 1690//3313
f 1734//3314 1735//3314 1690//3314
f 1690//3315 1735//3315 1691//3315
f 1735//3316 1736//3316 1691//3316
f 1691//3317 1736//3317 1692//3317
f 1736//3318 1737//3318 1692//3318
f 1692//3319 1737//3319 1693//3319
f 1737//3320 1738//3320 1693//3320
f 1693//3321 1738//3321 1694//3321
f 1738//3322 1739//3322 1694//3322
f 1694//3323 1739//3323 1695//3323
f 1739//3324 1740//3324 1695//3324
f 1695//3325 1740//3325 1696//3325
f 1740//3326 1741//3326 1696//3326
f 1696//3327 1741//3327 1697//3327
f 1741//3328 1742//3328 1697//3328
f 1697//3329 1742//3329 1698//3329
f 1742//3330 1743//3330 1698//3330
f 1698//3331 1743//3331 1699//3331
f 1743//3332 1744//3332 1699//3332
f 1699//3333 1744//3333 1700//3333
f 1744//3334 1745//3334 1700//3334
f 1700//3335 1745//3335 1701//3335
f 1745//3336 1746//3336 1701//3336
f 1701//3337 1746//3337 1702//3337
f 1746//3338 1747//3338 1702//3338
f 1702//3339 1747//3339 1703//3339
f 1747//3340 1748//3340 1703//3340
f 1703//3341 1748//3341 1704//3341
f 1748//3342 1749//3342 1704//3342
f 1704//3343 1749//3343 1705//3343
f 1749//3344 1750//3344 1705//3344
f 1705//3345 1750//3345 1706//3345
f 1750//3346 1751//3346 1706//3346
f 1706//3347 1751//3347 1707//3347
f 1751//3348 1752//3348 1707//3348
f 1707//3349 1752//3349 1708//3349
f 1752//3350 1753//3350 1708//3350
f 1708//3351 1753//3351 1709//3351
f 1753//3352 1754//3352 1709//3352
f 1709//3353 1754//3353 1710//3353
f 1754//3354 1755//3354 1710//3354
f 1710//3355 1755//3355 1711//3355
f 1755//3356 1756//3356 1711//3356
f 1711//3357 1756//3357 1712//3357
f 1756//3358 1757//3358 1712//3358
f 1713//3359 1712//3359 1757//3359
f 1714//3360 1758//3360 1715//3360
f 1758//3361 1759//3361 1715//3361
f 1715//3362 1759//3362 1716//3362
f 1759//3363 1760//3363 1716//3363
f 1716//3364 1760//3364 1717//3364
f 1760//3365 1761//3365 1717//3365
f 1717//3366 1761//3366 1718//3366
f 1761//3367 1762//3367 1718//3367
f 1718//3368 1762//3368 1719//3368
f 1762//3369 1763//3369 1719//3369
f 1719//3370 1763//3370 1720//3370
f 1763//3371 1764//3371 1720//3371
f 1720//3372 1764//3372 1721//3372
f 1764//3373 1765//3373 1721//3373
f 1721//3374 1765//3374 1722//3374
f 1765//3375 1766//3375 1722//3375
f 1722//3376 1766//3376 1723//3376
f 1766//3377 1767//3377 1723//3377
f 1723//3378 1767//3378 1724//3378
f 1767//3379 1768//3379 1724//3379
f 1724//3380 1768//3380 1725//3380
f 1768//3381 1769//3381 1725//3381
f 1725//3382 1769//3382 1726//3382
f 1769//3383 1770//3383 1726//3383
f 1726//3384 1770//3384 1727//3384
f 1770//3385 1771//3385 1727//3385
f 1727//3386 1771//3386 1728//3386
f 1771//3387 1772//3387 1728//3387
f 1728//3388 1772//3388 1729//3388
f 1772//3389 1773//3389 1729//3389
f 1729//3390 1773//3390 1730//3390
f 1773//3391 1774//3391 1730//3391
f 1730//3392 1774//3392 1731//3392
f 1774//3393 1775//3393 1731//3393
f 1731//3394 1775//3394 1732//3394
f 1775//3395 1776//3395 1732//3395
f 1732//3396 1776//3396 1733//3396
f 1776//3397 1777//3397 1733//3397
f 1733//3398 1777//3398 1734//3398
f 1777//3399 1778//3399 1734//3399
f 1734//3400 1778//3400 1735//3400
f 1778//3401 1779//3401 1735//3401
f 1735//3402 1779//3402 1736//3402
f 1779//3403 1780//3403 1736//3403
f 1736//3404 1780//3404 1737//3404
f 1780//3405 1781//3405 1737//3405
f 1737//3406 1781//3406 1738//3406
f 1781//3407 1782//3407 1738//3407
f 1738//3408 1782//3408 1739//3408
f 1782//3409 1783//3409 1739//3409
f 1739//3410 1783//3410 1740//3410
f 1783//3411 1784//3411 1740//3411
f 1740//3412 1784//3412 1741//3412
f 1784//3413 1785//3413 1741//3413
f 1741//3414 1785//3414 1742//3414
f 1785//3415 1786//3415 1742//3415
f 1742//3416 1786//3416 1743//3416
f 1786//3417 1787//3417 1743//3417
f 1743//3418 1787//3418 1744//3418
f 1787//3419 1788//3419 1744//3419
f 1744//3420 1788//3420 1745//3420
f 1788//3421 1789//3421 1745//3421
f 1745//3422 1789//3422 1746//3422
f 1789//3423 1790//3423 1746//3423
f 1746//3424 1790//3424 1747//3424
f 1790//3425 1791//3425 1747//3425
f 1747//3426 1791//3426 1748//3426
f 1791//3427 1792//3427 1748//3427
f 1748//3428 1792//3428 1749//3428
f 1792//3429 1793//3429 1749//3429
f 1749//3430 1793//3430 1750//3430
f 1793//3431 1794//3431 1750//3431
f 1750//3432 1794//3432 1751//3432
f 1794//3433 1795//3433 1751//3433
f 1751//3434 1795//3434 1752//3434
f 1795//3435 1796//3435 1752//3435
f 1752//3436 1796//3436 1753//3436
f 1796//3437 1797//3437 1753//3437
f 1753//3438 1797//3438 1754//3438
f 1797//3439 1798//3439 1754//3439
f 1754//3440 1798//3440 1755//3440
f 1798//3441 1799//3441 1755//3441
f 1755//3442 1799//3442 1756//3442
f 1799//3443 1800//3443 1756//3443
f 1756//3444 1800//3444 1757//3444
f 1758//3445 1801//3445 1759//3445
f 1802//3446 1759//3446 1801//3446
f 1759//3447 1802//3447 1760//3447
f 1802//3448 1803//3448 1760//3448
f 1760//3449 1803//3449 1761//3449
f 1803//3450 1804//3450 1761//3450
f 1761//3451 1804//3451 1762//3451
f 1804//3452 1805//3452 1762//3452
f 1762//3453 1805//3453 1763//3453
f 1805//3454 1806//3454 1763//3454
f 1763//3455 1806//3455 1764//3455
f 1806//3456 1807//3456 1764//3456
f 1764//3457 1807//3457 1765//3457
f 1807//3458 1808//3458 1765//3458
f 1765//3459 1808//3459 1766//3459
f 1808//3460 1809//3460 1766//3460
f 1766//3461 1809//3461 1767//3461
f 1809//3462 1810//3462 1767//3462
f 1767//3463 1810//3463 1768//3463
f 1810//3464 1811//3464 1768//3464
f 1768//3465 1811//3465 1769//3465
f 1811//3466 1812//3466 1769//3466
f 1769//3467 1812//3467 1770//3467
f 1812//3468 1813//3468 1770//3468
f 1770//3469 1813//3469 1771//3469
f 1813//3470 1814//3470 1771//3470
f 1771//3471 1814//3471 1772//3471
f 1814//3472 1815//3472 1772//3472
f 1772//3473 1815//3473 1773//3473
f 1815//3474 1816//3474 1773//3474
f 1773//3475 1816//3475 1774//3475
f 1816//3476 1817//3476 1774//3476
f 1774//3477 1817//3477 1775//3477
f 1817//3478 1818//3478 1775//3478
f 1775//3479 1818//3479 1776//3479
f 1818//3480 1819//3480 1776//3480
f 1776//3481 1819//3481 1777//3481
f 1819//3482 1820//3482 1777//3482
f 1777//3483 1820//3483 1778//3483
f 1820//3484 1821//3484 1778//3484
f 1778//3485 1821//3485 1779//3485
f 1821//3486 1822//3486 1779//3486
f 1779//3487 1822//3487 1780//3487
f 1822//3488 1823//3488 1780//3488
f 1780//3489 1823//3489 1781//3489
f 1823//3490 1824//3490 1781//3490
f 1781//3491 1824//3491 1782//3491
f 1824//3492 1825//3492 1782//3492
f 1782//3493 1825//3493 1783//3493
f 1825//3494 1826//3494 1783//3494
f 1783//3495 1826//3495 1784//3495
f 1826//3496 1827//3496 1784//3496
f 1784//3497 1827//3497 1785//3497
f 1827//3498 1828//3498 1785//3498
f 1785//3499 1828//3499 1786//3499
f 1828//3500 1829//3500 1786//3500
f 1786//3501 1829//3501 1787//3501
f 1829//3502 1830//3502 1787//3502
f 1787//3503 1830//3503 1788//3503
f 1830//3504 1831//3504 1788//3504
f 1788//3505 1831//3505 1789//3505
f 1831//3506 1832//3506 1789//3506
f 1789//3507 1832//3507 1790//3507
f 1832//3508 1833//3508 1790//3508
f 1790//3509 1833//3509 1791//3509
f 1833//3510 1834//3510 1791//3510
f 1791//3511 1834//3511 1792//3511
f 1834//3512 1835//3512 1792//3512
f 1792//3513 1835//3513 1793//3513
f 1835//3514 1836//3514 1793//3514
f 1793//3515 1836//3515 1794//3515
f 1836//3516 1837//3516 1794//3516
f 1794//3517 1837//3517 1795//3517
f 1837//3518 1838//3518 1795//3518
f 1795//3519 1838//3519 1796//3519
f 1838//3520 1839//3520 1796//3520
f 1796//3521 1839//3521 1797//3521
f 1839//3522 1840//3522 1797//3522
f 1797//3523 1840//3523 1798//3523
f 1840//3524 1841//3524 1798//3524
f 1798//3525 1841//3525 1799//3525
f 1841//3526 1842//3526 1799//3526
f 1800//3527 1799//3527 1842//3527
f 1802//3528 1843//3528 1803//3528
f 1843//3529 1844//3529 1803//3529
f 1803//3530 1844//3530 1804//3530
f 1844//3531 1845//3531 1804//3531
f 1804//3532 1845//3532 1805//3532
f 1845//3533 1846//3533 1805//3533
f 1805//3534 1846//3534 1806//3534
f 1846//3535 1847//3535 1806//3535
f 1806//3536 1847//3536 1807//3536
f 1847//3537 1848//3537 1807//3537
f 1807//3538 1848//3538 1808//3538
f 1848//3539 1849//3539 1808//3539
f 1808//3540 1849//3540 1809//3540
f 1849//3541 1850//3541 1809//3541
f 1809//3542 1850//3542 1810//3542
f 1850//3543 1851//3543 1810//3543
f 1810//3544 1851//3544 1811//3544
f 1851//3545 1852//3545 1811//3545
f 1811//3546 1852//3546 1812//3546
f 1852//3547 1853//3547 1812//3547
f 1812//3548 1853//3548 1813//3548
f 1853//3549 1854//3549 1813//3549
f 1813//3550 1854//3550 1814//3550
f 1854//3551 1855//3551 1814//3551
f 1814//3552 1855//3552 1815//3552
f 1855//3553 1856//3553 1815//3553
f 1815//3554 1856//3554 1816//3554
f 1856//3555 1857//3555 1816//3555
f 1816//3556 1857//3556 1817//3556
f 1857//3557 1858//3557 1817//3557
f 1817//3558 1858//3558 1818//3558
f 1858//3559 1859//3559 1818//3559
f 1818//3560 1859//3560 1819//3560
f 1859//3561 1860//3561 1819//3561
f 1819//3562 1860//3562 1820//3562
f 1860//3563 1861//3563 1820//3563
f 1820//3564 1861//3564 1821//3564
f 1861//3565 1862//3565 1821//3565
f 1821//3566 1862//3566 1822//3566
f 1862//3567 1863//3567 1822//3567
f 1822//3568 1863//3568 1823//3568
f 1863//3569 1864//3569 1823//3569
f 1823//3570 1864//3570 1824//3570
f 1864//3571 1865//3571 1824//3571
f 1824//3572 1865//3572 1825//3572
f 1865//3573 1866//3573 1825//3573
f 1825//3574 1866//3574 1826//3574
f 1866//3575 1867//3575 1826//3575
f 1826//3576 1867//3576 1827//3576
f 1867//3577 1868//3577 1827//3577
f 1827//3578 1868//3578 1828//3578
f 1868//3579 1869//3579 1828//3579
f 1828//3580 1869//3580 1829//3580
f 1869//3581 1870//3581 1829//3581
f 1829//3582 1870//3582 1830//3582
f 1870//3583 1871//3583 1830//3583
f 1830//3584 1871//3584 1831//3584
f 1871//3585 1872//3585 1831//3585
f 1831//3586 1872//3586 1832//3586
f 1872//3587 1873//3587 1832//3587
f 1832//3588 1873//3588 1833//3588
f 1873//3589 1874//3589 1833//3589
f 1833//3590 1874//3590 1834//3590
f 1874//3591 1875//3591 1834//3591
f 1834//3592 1875//3592 1835//3592
f 1875//3593 1876//3593 1835//3593
f 1835//3594 1876//3594 1836//3594
f 1876//3595 1877//3595 1836//3595
f 1836//3596 1877//3596 1837//3596
f 1877//3597 1878//3597 1837//3597
f 1837//3598 1878//3598 1838//3598
f 1878//3599 1879//3599 1838//3599
f 1838//3600 1879//3600 1839//3600
f 1879//3601 1880//3601 1839//3601
f 1839//3602 1880//3602 1840//3602
f 1880//3603 1881//3603 1840//3603
f 1840//3604 1881//3604 1841//3604
f 1881//3605 1882//3605 1841//3605
f 1842//3606 1841//3606 1882//3606
f 1843//3607 1883//3607 1844//3607
f 1883//3608 1884//3608 1844//3608
f 1844//3609 1884//3609 1845//3609
f 1884//3610 1885//3610 1845//3610
f 1845//3611 1885//3611 1846//3611
f 1885//3612 1886//3612 1846//3612
f 1846//3613 1886//3613 1847//3613
f 1886//3614 1887//3614 1847//3614
f 1847//3615 1887//3615 1848//3615
f 1887//3616 1888//3616 1848//3616
f 1848//3617 1888//3617 1849//3617
f 1888//3618 1889//3618 1849//3618
f 1849//3619 1889//3619 1850//3619
f 1889//3620 1890//3620 1850//3620
f 1850//3621 1890//3621 1851//3621
f 1890//3622 1891//3622 1851//3622
f 1851//3623 1891//3623 1852//3623
f 1891//3624 1892//3624 1852//3624
f 1852//3625 1892//3625 1853//3625
f 1892//3626 1893//3626 1853//3626
f 1853//3627 1893//3627 1854//3627
f 1893//3628 1894//3628 1854//3628
f 1854//3629 1894//3629 1855//3629
f 1894//3630 1895//3630 1855//3630
f 1855//3631 1895//3631 1856//3631
f 1895//3632 1896//3632 1856//3632
f 1856//3633 1896//3633 1857//3633
f 1896//3634 1897//3634 1857//3634
f 1857//3635 1897//3635 1858//3635
f 1897//3636 1898//3636 1858//3636
f 1858//3637 1898//3637 1859//3637
f 1898//3638 1899//3638 1859//3638
f 1859//3639 1899//3639 1860//3639
f 1899//3640 1900//3640 1860//3640
f 1860//3641 1900//3641 1861//3641
f 1900//3642 1901//3642 1861//3642
f 1861//3643 1901//3643 1862//3643
f 1901//3644 1902//3644 1862//3644
f 1862//3645 1902//3645 1863//3645
f 1902//3646 1903//3646 1863//3646
f 1863//3647 1903//3647 1864//3647
f 1903//3648 1904//3648 1864//3648
f 1864//3649 1904//3649 1865//3649
f 1904//3650 1905//3650 1865//3650
f 1865//3651 1905//3651 1866//3651
f 1905//3652 1906//3652 1866//3652
f 1866//3653 1906//3653 1867//3653
f 1906//3654 1907//3654 1867//3654
f 1867//3655 1907//3655 1868//3655
f 1907//3656 1908//3656 1868//3656
f 1868//3657 1908//3657 1869//3657
f 1908//3658 1909//3658 1869//3658
f 1869//3659 1909//3659 1870//3659
f 1909//3660 1910//3660 1870//3660
f 1870//3661 1910//3661 1871//3661
f 1910//3662 1911//3662 1871//3662
f 1871//3663 1911//3663 1872//3663
f 1911//3664 1912//3664 1872//3664
f 1872//3665 1912//3665 1873//3665
f 1912//3666 1913//3666 1873//3666
f 1873//3667 1913//3667 1874//3667
f 1913//3668 1914//3668 1874//3668
f 1874//3669 1914//3669 1875//3669
f 1914//3670 1915//3670 1875//3670
f 1875//3671 1915//3671 1876//3671
f 1915//3672 1916//3672 1876//3672
f 1876//3673 1916//3673 1877//3673
f 1916//3674 1917//3674 1877//3674
f 1877//3675 1917//3675 1878//3675
f 1917//3676 1918//3676 1878//3676
f 1878//3677 1918//3677 1879//3677
f 1918//3678 1919//3678 1879//3678
f 1879//3679 1919//3679 1880//3679
f 1919//3680 1920//3680 1880//3680
f 1880//3681 1920//3681 1881//3681
f 1920//3682 1921//3682 1881//3682
f 1882//3683 1881//3683 1921//3683
f 1883//3684 1922//3684 1884//3684
f 1922//3685 1923//3685 1884//3685
f 1884//3686 1923//3686 1885//3686
f 1923//3687 1924//3687 1885//3687
f 1885//3688 1924//3688 1886//3688
f 1924//3689 1925//3689 1886//3689
f 1886//3690 1925//3690 1887//3690
f 1925//3691 1926//3691 1887//3691
f 1887//3692 1926//3692 1888//3692
f 1926//3693 1927//3693 1888//3693
f 1888//3694 1927//3694 1889//3694
f 1927//3695 1928//3695 1889//3695
f 1889//3696 1928//3696 1890//3696
f 1928//3697 1929//3697 1890//3697
f 1890//3698 1929//3698 1891//3698
f 1929//3699 1930//3699 1891//3699
f 1891//3700 1930//3700 1892//3700
f 1930//3701 1931//3701 1892//3701
f 1892//3702 1931//3702 1893//3702
f 1931//3703 1932//3703 1893//3703
f 1893//3704 1932//3704 1894//3704
f 1932//3705 1933//3705 1894//3705
f 1894//3706 1933//3706 1895//3706
f 1933//3707 1934//3707 1895//3707
f 1895//3708 1934//3708 1896//3708
f 1934//3709 1935//3709 1896//3709
f 1896//3710 1935//3710 1897//3710
f 1935//3711 1936//3711 1897//3711
f 1897//3712 1936//3712 1898//3712
f 1936//3713 1937//3713 1898//3713
f 1898//3714 1937//3714 1899//3714
f 1937//3715 1938//3715 1899//3715
f 1899//3716 1938//3716 1900//3716
f 1938//3717 1939//3717 1900//3717
f 1900//3718 1939//3718 1901//3718
f 1939//3719 1940//3719 1901//3719
f 1901//3720 1940//3720 1902//3720
f 1940//3721 1941//3721 1902//3721
f 1902//3722 1941//3722 1903//3722
f 1941//3723 1942//3723 1903//3723
f 1903//3724 1942//3724 1904//3724
f 1942//3725 1943//3725 1904//3725
f 1904//3726 1943//3726 1905//3726
f 1943//3727 1944//3727 1905//3727
f 1905//3728 1944//3728 1906//3728
f 1944//3729 1945//3729 1906//3729
f 1906//3730 1945//3730 1907//3730
f 1945//3731 1946//3731 1907//3731
f 1907//3732 1946//3732 1908//3732
f 1946//3733 1947//3733 1908//3733
f 1908//3734 1947//3734 1909//3734
f 1947//3735 1948//3735 1909//3735
f 1909//3736 1948//3736 1910//3736
f 1948//3737 1949//3737 1910//3737
f 1910//3738 1949//3738 1911//3738
f 1949//3739 1950//3739 1911//3739
f 1911//3740 1950//3740 1912//3740
f 1950//3741 1951//3741 1912//3741
f 1912//3742 1951//3742 1913//3742
f 1951//3743 1952//3743 1913//3743
f 1913//3744 1952//3744 1914//3744
f 1952//3745 1953//3745 1914//3745
f 1914//3746 1953//3746 1915//3746
f 1953//3747 1954//3747 1915//3747
f 1915//3748 1954//3748 1916//3748
f 1954//3749 1955//3749 1916//3749
f 1916//3750 1955//3750 1917//3750
f 1955//3751 1956//3751 1917//3751
f 1917//3752 1956//3752 1918//3752
f 1956//3753 1957//3753 1918//3753
f 1918//3754 1957//3754 1919//3754
f 1957//3755 1958//3755 1919//3755
f 1919//3756 1958//3756 1920//3756
f 1958//3757 1959//3757 1920//3757
f 1921//3758 1920//3758 1959//3758
f 1922//3759 1960//3759 1923//3759
f 1960//3760 1961//3760 1923//3760
f 1923//3761 1961//3761 1924//3761
f 1961//3762 1962//3762 1924//3762
f 1924//3763 1962//3763 1925//3763
f 1962//3764 1963//3764 1925//3764
f 1925//3765 1963//3765 1926//3765
f 1963//3766 1964//3766 1926//3766
f 1926//3767 1964//3767 1927//3767
f 1964//3768 1965//3768 1927//3768
f 1927//3769 1965//3769 1928//3769
f 1965//3770 1966//3770 1928//3770
f 1928//3771 1966//3771 1929//3771
f 1966//3772 1967//3772 1929//3772
f 1929//3773 1967//3773 1930//3773
f 1967//3774 1968//3774 1930//3774
f 1930//3775 1968//3775 1931//3775
f 1968//3776 1969//3776 1931//3776
f 1931//3777 1969//3777 1932//3777
f 1969//3778 1970//3778 1932//3778
f 1932//3779 1970//3779 1933//3779
f 1970//3780 1971//3780 1933//3780
f 1933//3781 1971//3781 1934//3781
f 1971//3782 1972//3782 1934//3782
f 1934//3783 1972//3783 1935//3783
f 1972//3784 1973//3784 1935//3784
f 1935//3785 1973//3785 1936//3785
f 1973//3786 1974//3786 1936//3786
f 1936//3787 1974//3787 1937//3787
f 1974//3788 1975//3788 1937//3788
f 1937//3789 1975//3789 1938//3789
f 1975//3790 1976//3790 1938//3790
f 1938//3791 1976//3791 1939//3791
f 1976//3792 1977//3792 1939//3792
f 1939//3793 1977//3793 1940//3793
f 1977//3794 1978//3794 1940//3794
f 1940//3795 1978//3795 1941//3795
f 1978//3796 1979//3796 1941//3796
f 1941//3797 1979//3797 1942//3797
f 1979//3798 1980//3798 1942//3798
f 1942//3799 1980//3799 1943//3799
f 1980//3800 1981//3800 1943//3800
f 1943//3801 1981//3801 1944//3801
f 1981//3802 1982//3802 1944//3802
f 1944//3803 1982//3803 1945//3803
f 1982//3804 1983//3804 1945//3804
f 1945//3805 1983//3805 1946//3805
f 1983//3806 1984//3806 1946//3806
f 1946//3807 1984//3807 1947//3807
f 1984//3808 1985//3808 1947//3808
f 1947//3809 1985//3809 1948//3809
f 1985//3810 1986//3810 1948//3810
f 1948//3811 1986//3811 1949//3811
f 1986//3812 1987//3812 1949//3812
f 1949//3813 1987//3813 1950//3813
f 1987//3814 1988//3814 1950//3814
f 1950//3815 1988//3815 1951//3815
f 1988//3816 1989//3816 1951//3816
f 1951//3817 1989//3817 1952//3817
f 1989//3818 1990//3818 1952//3818
f 1952//3819 1990//3819 1953//3819
f 1990//3820 1991//3820 1953//3820
f 1953//3821 1991//3821 1954//3821
f 1991//3822 1992//3822 1954//3822
f 1954//3823 1992//3823 1955//3823
f 1992//3824 1993//3824 1955//3824
f 1955//3825 1993//3825 1956//3825
f 1993//3826 1994//3826 1956//3826
f 1956//3827 1994//3827 1957//3827
f 1994//3828 1995//3828 1957//3828
f 1957//3829 1995//3829 1958//3829
f 1961//3830 1960//3830 1996//3830
f 1997//3831 1961//3831 1996//3831
f 1961//3832 1997//3832 1962//3832
f 1997//3833 1998//3833 1962//3833
f 1962//3834 1998//3834 1963//3834
f 1998//3835 1999//3835 1963//3835
f 1963//3836 1999//3836 1964//3836
f 1999//3837 2000//3837 1964//3837
f 1964//3838 2000//3838 1965//3838
f 2000//3839 2001//3839 1965//3839
f 1965//3840 2001//3840 1966//3840
f 2001//3841 2002//3841 1966//3841
f 1966//3842 2002//3842 1967//3842
f 2002//3843 2003//3843 1967//3843
f 1967//3844 2003//3844 1968//3844
f 2003//3845 2004//3845 1968//3845
f 1968//3846 2004//3846 1969//3846
f 2004//3847 2005//3847 1969//3847
f 1969//3848 2005//3848 1970//3848
f 2005//3849 2006//3849 1970//3849
f 1970//3850 2006//3850 1971//3850
f 2006//3851 2007//3851 1971//3851
f 1971//3852 2007//3852 1972//3852
f 2007//3853 2008//3853 1972//3853
f 1972//3854 2008//3854 1973//3854
f 2008//3855 2009//3855 1973//3855
f 1973//3856 2009//3856 1974//3856
f 2009//3857 2010//3857 1974//3857
f 1974//3858 2010//3858 1975//3858
f 2010//3859 2011//3859 1975//3859
f 1975//3860 2011//3860 1976//3860
f 2011//3861 2012//3861 1976//3861
f 1976//3862 2012//3862 1977//3862
f 2012//3863 2013//3863 1977//3863
f 1977//3864 2013//3864 1978//3864
f 2013//3865 2014//3865 1978//3865
f 1978//3866 2014//3866 1979//3866
f 2014//3867 2015//3867 1979//3867
f 1979//3868 2015//3868 1980//3868
f 2015//3869 2016//3869 1980//3869
f 1980//3870 2016//3870 1981//3870
f 2016//3871 2017//3871 1981//3871
f 1981//3872 2017//3872 1982//3872
f 2017//3873 2018//3873 1982//3873
f 1982//3874 2018//3874 1983//3874
f 2018//3875 2019//3875 1983//3875
f 1983//3876 2019//3876 1984//3876
f 2019//3877 2020//3877 1984//3877
f 1984//3878 2020//3878 1985//3878
f 2020//3879 2021//3879 1985//3879
f 1985//3880 2021//3880 1986//3880
f 2021//3881 2022//3881 1986//3881
f 1986//3882 2022//3882 1987//3882
f 2022//3883 2023//3883 1987//3883
f 1987//3884 2023//3884 1988//3884
f 2023//3885 2024//3885 1988//3885
f 1988//3886 2024//3886 1989//3886
f 2024//3887 2025//3887 1989//3887
f 1989//3888 2025//3888 1990//3888
f 2025//3889 2026//3889 1990//3889
f 1990//3890 2026//3890 1991//3890
f 2026//3891 2027//3891 1991//3891
f 1991//3892 2027//3892 1992//3892
f 2027//3893 2028//3893 1992//3893
f 1992//3894 2028//3894 1993//3894
f 2028//3895 2029//3895 1993//3895
f 1993//3896 2029//3896 1994//3896
f 2029//3897 2030//3897 1994//3897
f 1995//3898 1994//3898 2030//3898
f 1997//3899 2031//3899 1998//3899
f 2031//3900 2032//3900 1998//3900
f 1998//3901 2032//3901 1999//3901
f 2032//3902 2033//3902 1999//3902
f 1999//3903 2033//3903 2000//3903
f 2033//3904 2034//3904 2000//3904
f 2000//3905 2034//3905 2001//3905
f 2034//3906 2035//3906 2001//3906
f 2001//3907 2035//3907 2002//3907
f 2035//3908 2036//3908 2002//3908
f 2002//3909 2036//3909 2003//3909
f 2036//3910 2037//3910 2003//3910
f 2003//3911 2037//3911 2004//3911
f 2037//3912 2038//3912 2004//3912
f 2004//3913 2038//3913 2005//3913
f 2038//3914 2039//3914 2005//3914
f 2005//3915 2039//3915 2006//3915
f 2039//3916 2040//3916 2006//3916
f 2006//3917 2040//3917 2007//3917
f 2040//3918 2041//3918 2007//3918
f 2007//3919 2041//3919 2008//3919
f 2041//3920 2042//3920 2008//3920
f 2008//3921 2042//3921 2009//3921
f 2042//3922 2043//3922 2009//3922
f 2009//3923 2043//3923 2010//3923
f 2043//3924 2044//3924 2010//3924
f 2010//3925 2044//3925 2011//3925
f 2044//3926 2045//3926 2011//3926
f 2011//3927 2045//3927 2012//3927
f 2045//3928 2046//3928 2012//3928
f 2012//3929 2046//3929 2013//3929
f 2046//3930 2047//3930 2013//3930
f 2013//3931 2047//3931 2014//3931
f 2047//3932 2048//3932 2014//3932
f 2014//3933 2048//3933 2015//3933
f 2048//3934 2049//3934 2015//3934
f 2015//3935 2049//3935 2016//3935
f 2049//3936 2050//3936 2016//3936
f 2016//3937 2050//3937 2017//3937
f 2050//3938 2051//3938 2017//3938
f 2017//3939 2051//3939 2018//3939
f 2051//3940 2052//3940 2018//3940
f 2018//3941 2052//3941 2019//3941
f 2052//3942 2053//3942 2019//3942
f 2019//3943 2053//3943 2020//3943
f 2053//3944 2054//3944 2020//3944
f 2020//3945 2054//3945 2021//3945
f 2054//3946 2055//3946 2021//3946
f 2021//3947 2055//3947 2022//3947
f 2055//3948 2056//3948 2022//3948
f 2022//3949 2056//3949 2023//3949
f 2056//3950 2057//3950 2023//3950
f 2023//3951 2057//3951 2024//3951
f 2057//3952 2058//3952 2024//3952
f 2024//3953 2058//3953 2025//3953
f 2058//3954 2059//3954 2025//3954
f 2025//3955 2059//3955 2026//3955
f 2059//3956 2060//3956 2026//3956
f 2026//3957 2060//3957 2027//3957
f 2060//3958 2061//3958 2027//3958
f 2027//3959 2061//3959 2028//3959
f 2061//3960 2062//3960 2028//3960
f 2028//3961 2062//3961 2029//3961
f 2032//3962 2031//3962 2063//3962
f 2064//3963 2032//3963 2063//3963
f 2032//3964 2064//3964 2033//3964
f 2064//3965 2065//3965 2033//3965
f 2033//3966 2065//3966 2034//3966
f 2065//3967 2066//3967 2034//3967
f 2034//3968 2066//3968 2035//3968
f 2066//3969 2067//3969 2035//3969
f 2035//3970 2067//3970 2036//3970
f 2067//3971 2068//3971 2036//3971
f 2036//3972 2068//3972 2037//3972
f 2068//3973 2069//3973 2037//3973
f 2037//3974 2069//3974 2038//3974
f 2069//3975 2070//3975 2038//3975
f 2038//3976 2070//3976 2039//3976
f 2070//3977 2071//3977 2039//3977
f 2039//3978 2071//3978 2040//3978
f 2071//3979 2072//3979 2040//3979
f 2040//3980 2072//3980 2041//3980
f 2072//3981 2073//3981 2041//3981
f 2041//3982 2073//3982 2042//3982
f 2073//3983 2074//3983 2042//3983
f 2042//3984 2074//3984 2043//3984
f 2074//3985 2075//3985 2043//3985
f 2043//3986 2075//3986 2044//3986
f 2075//3987 2076//3987 2044//3987
f 2044//3988 2076//3988 2045//3988
f 2076//3989 2077//3989 2045//3989
f 2045//3990 2077//3990 2046//3990
f 2077//3991 2078//3991 2046//3991
f 2046//3992 2078//3992 2047//3992
f 2078//3993 2079//3993 2047//3993
f 2047//3994 2079//3994 2048//3994
f 2079//3995 2080//3995 2048//3995
f 2048//3996 2080//3996 2049//3996
f 2080//3997 2081//3997 2049//3997
f 2049//3998 2081//3998 2050//3998
f 2081//3999 2082//3999 2050//3999
f 2050//4000 2082//4000 2051//4000
f 2082//4001 2083//4001 2051//4001
f 2051//4002 2083//4002 2052//4002
f 2083//4003 2084//4003 2052//4003
f 2052//4004 2084//4004 2053//4004
f 2084//4005 2085//4005 2053//4005
f 2053//4006 2085//4006 2054//4006
f 2085//4007 2086//4007 2054//4007
f 2054//4008 2086//4008 2055//4008
f 2086//4009 2087//4009 2055//4009
f 2055//4010 2087//4010 2056//4010
f 2087//4011 2088//4011 2056//4011
f 2056//4012 2088//4012 2057//4012
f 2088//4013 2089//4013 2057//4013
f 2057//4014 2089//4014 2058//4014
f 2089//4015 2090//4015 2058//4015
f 2058//4016 2090//4016 2059//4016
f 2090//4017 2091//4017 2059//4017
f 2059//4018 2091//4018 2060//4018
f 2091//4019 2092//4019 2060//4019
f 2060//4020 2092//4020 2061//4020
f 2092//4021 2093//4021 2061//4021
f 2061//4022 2093//4022 2062//4022
f 2064//4023 2094//4023 2065//4023
f 2095//4024 2065//4024 2094//4024
f 2065//4025 2095//4025 2066//4025
f 2095//4026 2096//4026 2066//4026
f 2066//4027 2096//4027 2067//4027
f 2096//4028 2097//4028 2067//4028
f 2067//4029 2097//4029 2068//4029
f 2097//4030 2098//4030 2068//4030
f 2068//4031 2098//4031 2069//4031
f 2098//4032 2099//4032 2069//4032
f 2069//4033 2099//4033 2070//4033
f 2099//4034 2100//4034 2070//4034
f 2070//4035 2100//4035 2071//4035
f 2100//4036 2101//4036 2071//4036
f 2071//4037 2101//4037 2072//4037
f 2101//4038 2102//4038 2072//4038
f 2072//4039 2102//4039 2073//4039
f 2102//4040 2103//4040 2073//4040
f 2073//4041 2103//4041 2074//4041
f 2103//4042 2104//4042 2074//4042
f 2074//4043 2104//4043 2075//4043
f 2104//4044 2105//4044 2075//4044
f 2075//4045 2105//4045 2076//4045
f 2105//4046 2106//4046 2076//4046
f 2076//4047 2106//4047 2077//4047
f 2106//4048 2107//4048 2077//4048
f 2077//4049 2107//4049 2078//4049
f 2107//4050 2108//4050 2078//4050
f 2078//4051 2108//4051 2079//4051
f 2108//4052 2109//4052 2079//4052
f 2079//4053 2109//4053 2080//4053
f 2109//4054 2110//4054 2080//4054
f 2080//4055 2110//4055 2081//4055
f 2110//4056 2111//4056 2081//4056
f 2081//4057 2111//4057 2082//4057
f 2111//4058 2112//4058 2082//4058
f 2082//4059 2112//4059 2083//4059
f 2112//4060 2113//4060 2083//4060
f 2083//4061 2113//4061 2084//4061
f 2113//4062 2114//4062 2084//4062
f 2084//4063 2114//4063 2085//4063
f 2114//4064 2115//4064 2085//4064
f 2085//4065 2115//4065 2086//4065
f 2115//4066 2116//4066 2086//4066
f 2086//4067 2116//4067 2087//4067
f 2116//4068 2117//4068 2087//4068
f 2087//4069 2117//4069 2088//4069
f 2117//4070 2118//4070 2088//4070
f 2088//4071 2118//4071 2089//4071
f 2118//4072 2119//4072 2089//4072
f 2089//4073 2119//4073 2090//4073
f 2119//4074 2120//4074 2090//4074
f 2090//4075 2120//4075 2091//4075
f 2120//4076 2121//4076 2091//4076
f 2091//4077 2121//4077 2092//4077
f 2096//4078 2095//4078 2122//4078
f 2123//4079 2096//4079 2122//4079
f 2096//4080 2123//4080 2097//4080
f 2123//4081 2124//4081 2097//4081
f 2097//4082 2124//4082 2098//4082
f 2124//4083 2125//4083 2098//4083
f 2098//4084 2125//4084 2099//4084
f 2125//4085 2126//4085 2099//4085
f 2099//4086 2126//4086 2100//4086
f 2126//4087 2127//4087 2100//4087
f 2100//4088 2127//4088 2101//4088
f 2127//4089 2128//4089 2101//4089
f 2101//4090 2128//4090 2102//4090
f 2128//4091 2129//4091 2102//4091
f 2102//4092 2129//4092 2103//4092
f 2129//4093 2130//4093 2103//4093
f 2103//4094 2130//4094 2104//4094
f 2130//4095 2131//4095 2104//4095
f 2104//4096 2131//4096 2105//4096
f 2131//4097 2132//4097 2105//4097
f 2105//4098 2132//4098 2106//4098
f 2132//4099 2133//4099 2106//4099
f 2106//4100 2133//4100 2107//4100
f 2133//4101 2134//4101 2107//4101
f 2107//4102 2134//4102 2108//4102
f 2134//4103 2135//4103 2108//4103
f 2108//4104 2135//4104 2109//4104
f 2135//4105 2136//4105 2109//4105
f 2109//4106 2136//4106 2110//4106
f 2136//4107 2137//4107 2110//4107
f 2110//4108 2137//4108 2111//4108
f 2137//4109 2138//4109 2111//4109
f 2111//4110 2138//4110 2112//4110
f 2138//4111 2139//4111 2112//4111
f 2112//4112 2139//4112 2113//4112
f 2139//4113 2140//4113 2113//4113
f 2113//4114 2140//4114 2114//4114
f 2140//4115 2141//4115 2114//4115
f 2114//4116 2141//4116 2115//4116
f 2141//4117 2142//4117 2115//4117
f 2115//4118 2142//4118 2116//4118
f 2142//4119 2143//4119 2116//4119
f 2116//4120 2143//4120 2117//4120
f 2143//4121 2144//4121 2117//4121
f 2117//4122 2144//4122 2118//4122
f 2144//4123 2145//4123 2118//4123
f 2118//4124 2145//4124 2119//4124
f 2145//4125 2146//4125 2119//4125
f 2119//4126 2146//4126 2120//4126
f 2124//4127 2123//4127 2147//4127
f 2148//4128 2124//4128 2147//4128
f 2124//4129 2148//4129 2125//4129
f 2149//4130 2125//4130 2148//4130
f 2125//4131 2149//4131 2126//4131
f 2149//4132 2150//4132 2126//4132
f 2126//4133 2150//4133 2127//4133
f 2150//4134 2151//4134 2127//4134
f 2127//4135 2151//4135 2128//4135
f 2151//4136 2152//4136 2128//4136
f 2128//4137 2152//4137 2129//4137
f 2152//4138 2153//4138 2129//4138
f 2129//4139 2153//4139 2130//4139
f 2153//4140 2154//4140 2130//4140
f 2130//4141 2154//4141 2131//4141
f 2154//4142 2155//4142 2131//4142
f 2131//4143 2155//4143 2132//4143
f 2155//4144 2156//4144 2132//4144
f 2132//4145 2156//4145 2133//4145
f 2156//4146 2157//4146 2133//4146
f 2133//4147 2157//4147 2134//4147
f 2157//4148 2158//4148 2134//4148
f 2134//4149 2158//4149 2135//4149
f 2158//4150 2159//4150 2135//4150
f 2135//4151 2159//4151 2136//4151
f 2159//4152 2160//4152 2136//4152
f 2136//4153 2160//4153 2137//4153
f 2160//4154 2161//4154 2137//4154
f 2137//4155 2161//4155 2138//4155
f 2161//4156 2162//4156 2138//4156
f 2138//4157 2162//4157 2139//4157
f 2162//4158 2163//4158 2139//4158
f 2139//4159 2163//4159 2140//4159
f 2163//4160 2164//4160 2140//4160
f 2140//4161 2164//4161 2141//4161
f 2164//4162 2165//4162 2141//4162
f 2141//4163 2165//4163 2142//4163
f 2165//4164 2166//4164 2142//4164
f 2142//4165 2166//4165 2143//4165
f 2166//4166 2167//4166 2143//4166
f 2143//4167 2167//4167 2144//4167
f 2167//4168 2168//4168 2144//4168
f 2144//4169 2168//4169 2145//4169
f 2150//4170 2149//4170 2169//4170
f 2170//4171 2150//4171 2169//4171
f 2150//4172 2170//4172 2151//4172
f 2171//4173 2151//4173 2170//4173
f 2151//4174 2171//4174 2152//4174
f 2172//4175 2152//4175 2171//4175
f 2152//4176 2172//4176 2153//4176
f 2172//4177 2173//4177 2153//4177
f 2153//4178 2173//4178 2154//4178
f 2173//4179 2174//4179 2154//4179
f 2154//4180 2174//4180 2155//4180
f 2174//4181 2175//4181 2155//4181
f 2155//4182 2175//4182 2156//4182
f 2175//4183 2176//4183 2156//4183
f 2156//4184 2176//4184 2157//4184
f 2176//4185 2177//4185 2157//4185
f 2157//4186 2177//4186 2158//4186
f 2177//4187 2178//4187 2158//4187
f 2158//4188 2178//4188 2159//4188
f 2178//4189 2179//4189 2159//4189
f 2159//4190 2179//4190 2160//4190
f 2179//4191 2180//4191 2160//4191
f 2160//4192 2180//4192 2161//4192
f 2180//4193 2181//4193 2161//4193
f 2161//4194 2181//4194 2162//4194
f 2181//4195 2182//4195 2162//4195
f 2162//4196 2182//4196 2163//4196
f 2182//4197 2183//4197 2163//4197
f 2163//4198 2183//4198 2164//4198
f 2183//4199 2184//4199 2164//4199
f 2164//4200 2184//4200 2165//4200
f 2184//4201 2185//4201 2165//4201
f 2165//4202 2185//4202 2166//4202
f 2186//4203 2166//4203 2185//4203
f 2167//4204 2166//4204 2186//4204
f 2172//4205 2171//4205 2187//4205
f 2188//4206 2172//4206 2187//4206
f 2173//4207 2172//4207 2188//4207
f 2189//4208 2173//4208 2188//4208
f 2173//4209 2189//4209 2174//4209
f 2190//4210 2174//4210 2189//4210
f 2174//4211 2190//4211 2175//4211
f 2191//4212 2175//4212 2190//4212
f 2175//4213 2191//4213 2176//4213
f 2191//4214 2192//4214 2176//4214
f 2176//4215 2192//4215 2177//4215
f 2192//4216 2193//4216 2177//4216
f 2177//4217 2193//4217 2178//4217
f 2193//4218 2194//4218 2178//4218
f 2178//4219 2194//4219 2179//4219
f 2195//4220 2179//4220 2194//4220
f 2179//4221 2195//4221 2180//4221
f 2196//4222 2180//4222 2195//4222
f 2180//4223 2196//4223 2181//4223
f 2197//4224 2181//4224 2196//4224
f 2181//4225 2197//4225 2182//4225
f 2198//4226 2182//4226 2197//4226
f 2183//4227 2182//4227 2198//4227
f 2199//4228 2183//4228 2198//4228
f 2184//4229 2183//4229 2199//4229
f 2213//4230 2200//4230 2214//4230
f 2201//4231 2214//4231 2200//4231
f 2214//4232 2201//4232 2215//4232
f 2202//4233 2215//4233 2201//4233
f 2215//4234 2202//4234 2216//4234
f 2203//4235 2216//4235 2202//4235
f 2216//4236 2203//4236 2217//4236
f 2204//4237 2217//4237 2203//4237
f 2217//4238 2204//4238 2218//4238
f 2204//4239 2205//4239 2218//4239
f 2218//4240 2205//4240 2219//4240
f 2206//4241 2219//4241 2205//4241
f 2219//4242 2206//4242 2220//4242
f 2207//4243 2220//4243 2206//4243
f 2220//4244 2207//4244 2221//4244
f 2208//4245 2221//4245 2207//4245
f 2221//4246 2208//4246 2222//4246
f 2209//4247 2222//4247 2208//4247
f 2223//4248 2222//4248 2209//4248
f 2210//4249 2223//4249 2209//4249
f 2224//4250 2223//4250 2210//4250
f 2229//4251 2211//4251 2230//4251
f 2212//4252 2230//4252 2211//4252
f 2230//4253 2212//4253 2231//4253
f 2212//4254 2213//4254 2231//4254
f 2231//4255 2213//4255 2232//4255
f 2213//4256 2214//4256 2232//4256
f 2232//4257 2214//4257 2233//4257
f 2214//4258 2215//4258 2233//4258
f 2233//4259 2215//4259 2234//4259
f 2215//4260 2216//4260 2234//4260
f 2234//4261 2216//4261 2235//4261
f 2216//4262 2217//4262 2235//4262
f 2235//4263 2217//4263 2236//4263
f 2217//4264 2218//4264 2236//4264
f 2236//4265 2218//4265 2237//4265
f 2218//4266 2219//4266 2237//4266
f 2237//4267 2219//4267 2238//4267
f 2219//4268 2220//4268 2238//4268
f 2238//4269 2220//4269 2239//4269
f 2220//4270 2221//4270 2239//4270
f 2239//4271 2221//4271 2240//4271
f 2221//4272 2222//4272 2240//4272
f 2240//4273 2222//4273 2241//4273
f 2222//4274 2223//4274 2241//4274
f 2241//4275 2223//4275 2242//4275
f 2223//4276 2224//4276 2242//4276
f 2242//4277 2224//4277 2243//4277
f 2225//4278 2243//4278 2224//4278
f 2243//4279 2225//4279 2244//4279
f 2226//4280 2244//4280 2225//4280
f 2245//4281 2244//4281 2226//4281
f 2249//4282 2227//4282 2250//4282
f 2227//4283 2228//4283 2250//4283
f 2250//4284 2228//4284 2251//4284
f 2228//4285 2229//4285 2251//4285
f 2251//4286 2229//4286 2252//4286
f 2229//4287 2230//4287 2252//4287
f 2252//4288 2230//4288 2253//4288
f 2230//4289 2231//4289 2253//4289
f 2253//4290 2231//4290 2254//4290
f 2231//4291 2232//4291 2254//4291
f 2254//4292 2232//4292 2255//4292
f 2232//4293 2233//4293 2255//4293
f 2255//4294 2233//4294 2256//4294
f 2233//4295 2234//4295 2256//4295
f 2256//4296 2234//4296 2257//4296
f 2234//4297 2235//4297 2257//4297
f 2257//4298 2235//4298 2258//4298
f 2235//4299 2236//4299 2258//4299
f 2258//4300 2236//4300 2259//4300
f 2236//4301 2237//4301 2259//4301
f 2259//4302 2237//4302 2260//4302
f 2237//4303 2238//4303 2260//4303
f 2260//4304 2238//4304 2261//4304
f 2238//4305 2239//4305 2261//4305
f 2261//4306 2239//4306 2262//4306
f 2239//4307 2240//4307 2262//4307
f 2262//4308 2240//4308 2263//4308
f 2240//4309 2241//4309 2263//4309
f 2263//4310 2241//4310 2264//4310
f 2241//4311 2242//4311 2264//4311
f 2264//4312 2242//4312 2265//4312
f 2242//4313 2243//4313 2265//4313
f 2265//4314 2243//4314 2266//4314
f 2243//4315 2244//4315 2266//4315
f 2266//4316 2244//4316 2267//4316
f 2244//4317 2245//4317 2267//4317
f 2267//4318 2245//4318 2268//4318
f 2246//4319 2268//4319 2245//4319
f 2268//4320 2246//4320 2269//4320
f 2247//4321 2269//4321 2246//4321
f 2270//4322 2269//4322 2247//4322
f 2273//4323 2248//4323 2274//4323
f 2248//4324 2249//4324 2274//4324
f 2274//4325 2249//4325 2275//4325
f 2249//4326 2250//4326 2275//4326
f 2275//4327 2250//4327 2276//4327
f 2250//4328 2251//4328 2276//4328
f 2276//4329 2251//4329 2277//4329
f 2251//4330 2252//4330 2277//4330
f 2277//4331 2252//4331 2278//4331
f 2252//4332 2253//4332 2278//4332
f 2278//4333 2253//4333 2279//4333
f 2253//4334 2254//4334 2279//4334
f 2279//4335 2254//4335 2280//4335
f 2254//4336 2255//4336 2280//4336
f 2280//4337 2255//4337 2281//4337
f 2255//4338 2256//4338 2281//4338
f 2281//4339 2256//4339 2282//4339
f 2256//4340 2257//4340 2282//4340
f 2282//4341 2257//4341 2283//4341
f 2257//4342 2258//4342 2283//4342
f 2283//4343 2258//4343 2284//4343
f 2258//4344 2259//4344 2284//4344
f 2284//4345 2259//4345 2285//4345
f 2259//4346 2260//4346 2285//4346
f 2285//4347 2260//4347 2286//4347
f 2260//4348 2261//4348 2286//4348
f 2286//4349 2261//4349 2287//4349
f 2261//4350 2262//4350 2287//4350
f 2287//4351 2262//4351 2288//4351
f 2262//4352 2263//4352 2288//4352
f 2288//4353 2263//4353 2289//4353
f 2263//4354 2264//4354 2289//4354
f 2289//4355 2264//4355 2290//4355
f 2264//4356 2265//4356 2290//4356
f 2290//4357 2265//4357 2291//4357
f 2265//4358 2266//4358 2291//4358
f 2291//4359 2266//4359 2292//4359
f 2266//4360 2267//4360 2292//4360
f 2292//4361 2267//4361 2293//4361
f 2267//4362 2268//4362 2293//4362
f 2293//4363 2268//4363 2294//4363
f 2268//4364 2269//4364 2294//4364
f 2294//4365 2269//4365 2295//4365
f 2269//4366 2270//4366 2295//4366
f 2295//4367 2270//4367 2296//4367
f 2271//4368 2296//4368 2270//4368
f 2297//4369 2296//4369 2271//4369
f 2300//4370 2272//4370 2301//4370
f 2272//4371 2273//4371 2301//4371
f 2301//4372 2273//4372 2302//4372
f 2273//4373 2274//4373 2302//4373
f 2302//4374 2274//4374 2303//4374
f 2274//4375 2275//4375 2303//4375
f 2303//4376 2275//4376 2304//4376
f 2275//4377 2276//4377 2304//4377
f 2304//4378 2276//4378 2305//4378
f 2276//4379 2277//4379 2305//4379
f 2305//4380 2277//4380 2306//4380
f 2277//4381 2278//4381 2306//4381
f 2306//4382 2278//4382 2307//4382
f 2278//4383 2279//4383 2307//4383
f 2307//4384 2279//4384 2308//4384
f 2279//4385 2280//4385 2308//4385
f 2308//4386 2280//4386 2309//4386
f 2280//4387 2281//4387 2309//4387
f 2309//4388 2281//4388 2310//4388
f 2281//4389 2282//4389 2310//4389
f 2310//4390 2282//4390 2311//4390
f 2282//4391 2283//4391 2311//4391
f 2311//4392 2283//4392 2312//4392
f 2283//4393 2284//4393 2312//4393
f 2312//4394 2284//4394 2313//4394
f 2284//4395 2285//4395 2313//4395
f 2313//4396 2285//4396 2314//4396
f 2285//4397 2286//4397 2314//4397
f 2314//4398 2286//4398 2315//4398
f 2286//4399 2287//4399 2315//4399
f 2315//4400 2287//4400 2316//4400
f 2287//4401 2288//4401 2316//4401
f 2316//4402 2288//4402 2317//4402
f 2288//4403 2289//4403 2317//4403
f 2317//4404 2289//4404 2318//4404
f 2289//4405 2290//4405 2318//4405
f 2318//4406 2290//4406 2319//4406
f 2290//4407 2291//4407 2319//4407
f 2319//4408 2291//4408 2320//4408
f 2291//4409 2292//4409 2320//4409
f 2320//4410 2292//4410 2321//4410
f 2292//4411 2293//4411 2321//4411
f 2321//4412 2293//4412 2322//4412
f 2293//4413 2294//4413 2322//4413
f 2322//4414 2294//4414 2323//4414
f 2294//4415 2295//4415 2323//4415
f 2323//4416 2295//4416 2324//4416
f 2295//4417 2296//4417 2324//4417
f 2324//4418 2296//4418 2325//4418
f 2296//4419 2297//4419 2325//4419
f 2325//4420 2297//4420 2326//4420
f 2298//4421 2326//4421 2297//4421
f 2326//4422 2298//4422 2327//4422
f 2330//4423 2299//4423 2331//4423
f 2299//4424 2300//4424 2331//4424
f 2331//4425 2300//4425 2332//4425
f 2300//4426 2301//4426 2332//4426
f 2332//4427 2301//4427 2333//4427
f 2301//4428 2302//4428 2333//4428
f 2333//4429 2302//4429 2334//4429
f 2302//4430 2303//4430 2334//4430
f 2334//4431 2303//4431 2335//4431
f 2303//4432 2304//4432 2335//4432
f 2335//4433 2304//4433 2336//4433
f 2304//4434 2305//4434 2336//4434
f 2336//4435 2305//4435 2337//4435
f 2305//4436 2306//4436 2337//4436
f 2337//4437 2306//4437 2338//4437
f 2306//4438 2307//4438 2338//4438
f 2338//4439 2307//4439 2339//4439
f 2307//4440 2308//4440 2339//4440
f 2339//4441 2308//4441 2340//4441
f 2308//4442 2309//4442 2340//4442
f 2340//4443 2309//4443 2341//4443
f 2309//4444 2310//4444 2341//4444
f 2341//4445 2310//4445 2342//4445
f 2310//4446 2311//4446 2342//4446
f 2342//4447 2311//4447 2343//4447
f 2311//4448 2312//4448 2343//4448
f 2343//4449 2312//4449 2344//4449
f 2312//4450 2313//4450 2344//4450
f 2344//4451 2313//4451 2345//4451
f 2313//4452 2314//4452 2345//4452
f 2345//4453 2314//4453 2346//4453
f 2314//4454 2315//4454 2346//4454
f 2346//4455 2315//4455 2347//4455
f 2315//4456 2316//4456 2347//4456
f 2347//4457 2316//4457 2348//4457
f 2316//4458 2317//4458 2348//4458
f 2348//4459 2317//4459 2349//4459
f 2317//4460 2318//4460 2349//4460
f 2349//4461 2318//4461 2350//4461
f 2318//4462 2319//4462 2350//4462
f 2350//4463 2319//4463 2351//4463
f 2319//4464 2320//4464 2351//4464
f 2351//4465 2320//4465 2352//4465
f 2320//4466 2321//4466 2352//4466
f 2352//4467 2321//4467 2353//4467
f 2321//4468 2322//4468 2353//4468
f 2353//4469 2322//4469 2354//4469
f 2322//4470 2323//4470 2354//4470
f 2354//4471 2323//4471 2355//4471
f 2323//4472 2324//4472 2355//4472
f 2355//4473 2324//4473 2356//4473
f 2324//4474 2325//4474 2356//4474
f 2356//4475 2325//4475 2357//4475
f 2325//4476 2326//4476 2357//4476
f 2357//4477 2326//4477 2358//4477
f 2326//4478 2327//4478 2358//4478
f 2358//4479 2327//4479 2359//4479
f 2328//4480 2359//4480 2327//4480
f 2360//4481 2359//4481 2328//4481
f 2362//4482 2361//4482 2329//4482
f 2330//4483 2362//4483 2329//4483
f 2362//4484 2330//4484 2363//4484
f 2330//4485 2331//4485 2363//4485
f 2363//4486 2331//4486 2364//4486
f 2331//4487 2332//4487 2364//4487
f 2364//4488 2332//4488 2365//4488
f 2332//4489 2333//4489 2365//4489
f 2365//4490 2333//4490 2366//4490
f 2333//4491 2334//4491 2366//4491
f 2366//4492 2334//4492 2367//4492
f 2334//4493 2335//4493 2367//4493
f 2367//4494 2335//4494 2368//4494
f 2335//4495 2336//4495 2368//4495
f 2368//4496 2336//4496 2369//4496
f 2336//4497 2337//4497 2369//4497
f 2369//4498 2337//4498 2370//4498
f 2337//4499 2338//4499 2370//4499
f 2370//4500 2338//4500 2371//4500
f 2338//4501 2339//4501 2371//4501
f 2371//4502 2339//4502 2372//4502
f 2339//4503 2340//4503 2372//4503
f 2372//4504 2340//4504 2373//4504
f 2340//4505 2341//4505 2373//4505
f 2373//4506 2341//4506 2374//4506
f 2341//4507 2342//4507 2374//4507
f 2374//4508 2342//4508 2375//4508
f 2342//4509 2343//4509 2375//4509
f 2375//4510 2343//4510 2376//4510
f 2343//4511 2344//4511 2376//4511
f 2376//4512 2344//4512 2377//4512
f 2344//4513 2345//4513 2377//4513
f 2377//4514 2345//4514 2378//4514
f 2345//4515 2346//4515 2378//4515
f 2378//4516 2346//4516 2379//4516
f 2346//4517 2347//4517 2379//4517
f 2379//4518 2347//4518 2380//4518
f 2347//4519 2348//4519 2380//4519
f 2380//4520 2348//4520 2381//4520
f 2348//4521 2349//4521 2381//4521
f 2381//4522 2349//4522 2382//4522
f 2349//4523 2350//4523 2382//4523
f 2382//4524 2350//4524 2383//4524
f 2350//4525 2351//4525 2383//4525
f 2383//4526 2351//4526 2384//4526
f 2351//4527 2352//4527 2384//4527
f 2384//4528 2352//4528 2385//4528
f 2352//4529 2353//4529 2385//4529
f 2385//4530 2353//4530 2386//4530
f 2353//4531 2354//4531 2386//4531
f 2386//4532 2354//4532 2387//4532
f 2354//4533 2355//4533 2387//4533
f 2387//4534 2355//4534 2388//4534
f 2355//4535 2356//4535 2388//4535
f 2388//4536 2356//4536 2389//4536
f 2356//4537 2357//4537 2389//4537
f 2389//4538 2357//4538 2390//4538
f 2357//4539 2358//4539 2390//4539
f 2390//4540 2358//4540 2391//4540
f 2358//4541 2359//4541 2391//4541
f 2391//4542 2359//4542 2392//4542
f 2360//4543 2392//4543 2359//4543
f 2392//4544 2360//4544 2393//4544
f 2396//4545 2361//4545 2397//4545
f 2361//4546 2362//4546 2397//4546
f 2397//4547 2362//4547 2398//4547
f 2362//4548 2363//4548 2398//4548
f 2398//4549 2363//4549 2399//4549
f 2363//4550 2364//4550 2399//4550
f 2399//4551 2364//4551 2400//4551
f 2364//4552 2365//4552 2400//4552
f 2400//4553 2365//4553 2401//4553
f 2365//4554 2366//4554 2401//4554
f 2401//4555 2366//4555 2402//4555
f 2366//4556 2367//4556 2402//4556
f 2402//4557 2367//4557 2403//4557
f 2367//4558 2368//4558 2403//4558
f 2403//4559 2368//4559 2404//4559
f 2368//4560 2369//4560 2404//4560
f 2404//4561 2369//4561 2405//4561
f 2369//4562 2370//4562 2405//4562
f 2405//4563 2370//4563 2406//4563
f 2370//4564 2371//4564 2406//4564
f 2406//4565 2371//4565 2407//4565
f 2371//4566 2372//4566 2407//4566
f 2407//4567 2372//4567 2408//4567
f 2372//4568 2373//4568 2408//4568
f 2408//4569 2373//4569 2409//4569
f 2373//4570 2374//4570 2409//4570
f 2409//4571 2374//4571 2410//4571
f 2374//4572 2375//4572 2410//4572
f 2410//4573 2375//4573 2411//4573
f 2375//4574 2376//4574 2411//4574
f 2411//4575 2376//4575 2412//4575
f 2376//4576 2377//4576 2412//4576
f 2412//4577 2377//4577 2413//4577
f 2377//4578 2378//4578 2413//4578
f 2413//4579 2378//4579 2414//4579
f 2378//4580 2379//4580 2414//4580
f 2414//4581 2379//4581 2415//4581
f 2379//4582 2380//4582 2415//4582
f 2415//4583 2380//4583 2416//4583
f 2380//4584 2381//4584 2416//4584
f 2416//4585 2381//4585 2417//4585
f 2381//4586 2382//4586 2417//4586
f 2417//4587 2382//4587 2418//4587
f 2382//4588 2383//4588 2418//4588
f 2418//4589 2383//4589 2419//4589
f 2383//4590 2384//4590 2419//4590
f 2419//4591 2384//4591 2420//4591
f 2384//4592 2385//4592 2420//4592
f 2420//4593 2385//4593 2421//4593
f 2385//4594 2386//4594 2421//4594
f 2421//4595 2386//4595 2422//4595
f 2386//4596 2387//4596 2422//4596
f 2422//4597 2387//4597 2423//4597
f 2387//4598 2388//4598 2423//4598
f 2423//4599 2388//4599 2424//4599
f 2388//4600 2389//4600 2424//4600
f 2424//4601 2389//4601 2425//4601
f 2389//4602 2390//4602 2425//4602
f 2425//4603 2390//4603 2426//4603
f 2390//4604 2391//4604 2426//4604
f 2426//4605 2391//4605 2427//4605
f 2391//4606 2392//4606 2427//4606
f 2427//4607 2392//4607 2428//4607
f 2392//4608 2393//4608 2428//4608
f 2428//4609 2393//4609 2429//4609
f 2394//4610 2429//4610 2393//4610
f 2430//4611 2429//4611 2394//4611
f 2432//4612 2431//4612 2395//4612
f 2396//4613 2432//4613 2395//4613
f 2432//4614 2396//4614 2433//4614
f 2396//4615 2397//4615 2433//4615
f 2433//4616 2397//4616 2434//4616
f 2397//4617 2398//4617 2434//4617
f 2434//4618 2398//4618 2435//4618
f 2398//4619 2399//4619 2435//4619
f 2435//4620 2399//4620 2436//4620
f 2399//4621 2400//4621 2436//4621
f 2436//4622 2400//4622 2437//4622
f 2400//4623 2401//4623 2437//4623
f 2437//4624 2401//4624 2438//4624
f 2401//4625 2402//4625 2438//4625
f 2438//4626 2402//4626 2439//4626
f 2402//4627 2403//4627 2439//4627
f 2439//4628 2403//4628 2440//4628
f 2403//4629 2404//4629 2440//4629
f 2440//4630 2404//4630 2441//4630
f 2404//4631 2405//4631 2441//4631
f 2441//4632 2405//4632 2442//4632
f 2405//4633 2406//4633 2442//4633
f 2442//4634 2406//4634 2443//4634
f 2406//4635 2407//4635 2443//4635
f 2443//4636 2407//4636 2444//4636
f 2407//4637 2408//4637 2444//4637
f 2444//4638 2408//4638 2445//4638
f 2408//4639 2409//4639 2445//4639
f 2445//4640 2409//4640 2446//4640
f 2409//4641 2410//4641 2446//4641
f 2446//4642 2410//4642 2447//4642
f 2410//4643 2411//4643 2447//4643
f 2447//4644 2411//4644 2448//4644
f 2411//4645 2412//4645 2448//4645
f 2448//4646 2412//4646 2449//4646
f 2412//4647 2413//4647 2449//4647
f 2449//4648 2413//4648 2450//4648
f 2413//4649 2414//4649 2450//4649
f 2450//4650 2414//4650 2451//4650
f 2414//4651 2415//4651 2451//4651
f 2451//4652 2415//4652 2452//4652
f 2415//4653 2416//4653 2452//4653
f 2452//4654 2416//4654 2453//4654
f 2416//4655 2417//4655 2453//4655
f 2453//4656 2417//4656 2454//4656
f 2417//4657 2418//4657 2454//4657
f 2454//4658 2418//4658 2455//4658
f 2418//4659 2419//4659 2455//4659
f 2455//4660 2419//4660 2456//4660
f 2419//4661 2420//4661 2456//4661
f 2456//4662 2420//4662 2457//4662
f 2420//4663 2421//4663 2457//4663
f 2457//4664 2421//4664 2458//4664
f 2421//4665 2422//4665 2458//4665
f 2458//4666 2422//4666 2459//4666
f 2422//4667 2423//4667 2459//4667
f 2459//4668 2423//4668 2460//4668
f 2423//4669 2424//4669 2460//4669
f 2460//4670 2424//4670 2461//4670
f 2424//4671 2425//4671 2461//4671
f 2461//4672 2425//4672 2462//4672
f 2425//4673 2426//4673 2462//4673
f 2462//4674 2426//4674 2463//4674
f 2426//4675 2427//4675 2463//4675
f 2463//4676 2427//4676 2464//4676
f 2427//4677 2428//4677 2464//4677
f 2464//4678 2428//4678 2465//4678
f 2428//4679 2429//4679 2465//4679
f 2465//4680 2429//4680 2466//4680
f 2429//4681 2430//4681 2466//4681
f 2466//4682 2430//4682 2467//4682
f 2469//4683 2468//4683 2431//4683
f 2432//4684 2469//4684 2431//4684
f 2469//4685 2432//4685 2470//4685
f 2432//4686 2433//4686 2470//4686
f 2470//4687 2433//4687 2471//4687
f 2433//4688 2434//4688 2471//4688
f 2471//4689 2434//4689 2472//4689
f 2434//4690 2435//4690 2472//4690
f 2472//4691 2435//4691 2473//4691
f 2435//4692 2436//4692 2473//4692
f 2473//4693 2436//4693 2474//4693
f 2436//4694 2437//4694 2474//4694
f 2474//4695 2437//4695 2475//4695
f 2437//4696 2438//4696 2475//4696
f 2475//4697 2438//4697 2476//4697
f 2438//4698 2439//4698 2476//4698
f 2476//4699 2439//4699 2477//4699
f 2439//4700 2440//4700 2477//4700
f 2477//4701 2440//4701 2478//4701
f 2440//4702 2441//4702 2478//4702
f 2478//4703 2441//4703 2479//4703
f 2441//4704 2442//4704 2479//4704
f 2479//4705 2442//4705 2480//4705
f 2442//4706 2443//4706 2480//4706
f 2480//4707 2443//4707 2481//4707
f 2443//4708 2444//4708 2481//4708
f 2481//4709 2444//4709 2482//4709
f 2444//4710 2445//4710 2482//4710
f 2482//4711 2445//4711 2483//4711
f 2445//4712 2446//4712 2483//4712
f 2483//4713 2446//4713 2484//4713
f 2446//4714 2447//4714 2484//4714
f 2484//4715 2447//4715 2485//4715
f 2447//4716 2448//4716 2485//4716
f 2485//4717 2448//4717 2486//4717
f 2448//4718 2449//4718 2486//4718
f 2486//4719 2449//4719 2487//4719
f 2449//4720 2450//4720 2487//4720
f 2487//4721 2450//4721 2488//4721
f 2450//4722 2451//4722 2488//4722
f 2488//4723 2451//4723 2489//4723
f 2451//4724 2452//4724 2489//4724
f 2489//4725 2452//4725 2490//4725
f 2452//4726 2453//4726 2490//4726
f 2490//4727 2453//4727 2491//4727
f 2453//4728 2454//4728 2491//4728
f 2491//4729 2454//4729 2492//4729
f 2454//4730 2455//4730 2492//4730
f 2492//4731 2455//4731 2493//4731
f 2455//4732 2456//4732 2493//4732
f 2493//4733 2456//4733 2494//4733
f 2456//4734 2457//4734 2494//4734
f 2494//4735 2457//4735 2495//4735
f 2457//4736 2458//4736 2495//4736
f 2495//4737 2458//4737 2496//4737
f 2458//4738 2459//4738 2496//4738
f 2496//4739 2459//4739 2497//4739
f 2459//4740 2460//4740 2497//4740
f 2497//4741 2460//4741 2498//4741
f 2460//4742 2461//4742 2498//4742
f 2498//4743 2461//4743 2499//4743
f 2461//4744 2462//4744 2499//4744
f 2499//4745 2462//4745 2500//4745
f 2462//4746 2463//4746 2500//4746
f 2500//4747 2463//4747 2501//4747
f 2463//4748 2464//4748 2501//4748
f 2501//4749 2464//4749 2502//4749
f 2464//4750 2465//4750 2502//4750
f 2502//4751 2465//4751 2503//4751
f 2465//4752 2466//4752 2503//4752
f 2503//4753 2466//4753 2504//4753
f 2466//4754 2467//4754 2504//4754
f 2504//4755 2467//4755 2505//4755
f 2508//4756 2507//4756 2468//4756
f 2468//4757 2469//4757 2508//4757
f 2508//4758 2469//4758 2509//4758
f 2469//4759 2470//4759 2509//4759
f 2509//4760 2470//4760 2510//4760
f 2470//4761 2471//4761 2510//4761
f 2510//4762 2471//4762 2511//4762
f 2471//4763 2472//4763 2511//4763
f 2511//4764 2472//4764 2512//4764
f 2472//4765 2473//4765 2512//4765
f 2512//4766 2473//4766 2513//4766
f 2473//4767 2474//4767 2513//4767
f 2513//4768 2474//4768 2514//4768
f 2474//4769 2475//4769 2514//4769
f 2514//4770 2475//4770 2515//4770
f 2475//4771 2476//4771 2515//4771
f 2515//4772 2476//4772 2516//4772
f 2476//4773 2477//4773 2516//4773
f 2516//4774 2477//4774 2517//4774
f 2477//4775 2478//4775 2517//4775
f 2517//4776 2478//4776 2518//4776
f 2478//4777 2479//4777 2518//4777
f 2518//4778 2479//4778 2519//4778
f 2479//4779 2480//4779 2519//4779
f 2519//4780 2480//4780 2520//4780
f 2480//4781 2481//4781 2520//4781
f 2520//4782 2481//4782 2521//4782
f 2481//4783 2482//4783 2521//4783
f 2521//4784 2482//4784 2522//4784
f 2482//4785 2483//4785 2522//4785
f 2522//4786 2483//4786 2523//4786
f 2483//4787 2484//4787 2523//4787
f 2523//4788 2484//4788 2524//4788
f 2484//4789 2485//4789 2524//4789
f 2524//4790 2485//4790 2525//4790
f 2485//4791 2486//4791 2525//4791
f 2525//4792 2486//4792 2526//4792
f 2486//4793 2487//4793 2526//4793
f 2526//4794 2487//4794 2527//4794
f 2487//4795 2488//4795 2527//4795
f 2527//4796 2488//4796 2528//4796
f 2488//4797 2489//4797 2528//4797
f 2528//4798 2489//4798 2529//4798
f 2489//4799 2490//4799 2529//4799
f 2529//4800 2490//4800 2530//4800
f 2490//4801 2491//4801 2530//4801
f 2530//4802 2491//4802 2531//4802
f 2491//4803 2492//4803 2531//4803
f 2531//4804 2492//4804 2532//4804
f 2492//4805 2493//4805 2532//4805
f 2532//4806 2493//4806 2533//4806
f 2493//4807 2494//4807 2533//4807
f 2533//4808 2494//4808 2534//4808
f 2494//4809 2495//4809 2534//4809
f 2534//4810 2495//4810 2535//4810
f 2495//4811 2496//4811 2535//4811
f 2535//4812 2496//4812 2536//4812
f 2496//4813 2497//4813 2536//4813
f 2536//4814 2497//4814 2537//4814
f 2497//4815 2498//4815 2537//4815
f 2537//4816 2498//4816 2538//4816
f 2498//4817 2499//4817 2538//4817
f 2538//4818 2499//4818 2539//4818
f 2499//4819 2500//4819 2539//4819
f 2539//4820 2500//4820 2540//4820
f 2500//4821 2501//4821 2540//4821
f 2540//4822 2501//4822 2541//4822
f 2501//4823 2502//4823 2541//4823
f 2541//4824 2502//4824 2542//4824
f 2502//4825 2503//4825 2542//4825
f 2542//4826 2503//4826 2543//4826
f 2503//4827 2504//4827 2543//4827
f 2543//4828 2504//4828 2544//4828
f 2504//4829 2505//4829 2544//4829
f 2544//4830 2505//4830 2545//4830
f 2506//4831 2545//4831 2505//4831
f 2546//4832 2545//4832 2506//4832
f 2548//4833 2547//4833 2507//4833
f 2507//4834 2508//4834 2548//4834
f 2548//4835 2508//4835 2549//4835
f 2508//4836 2509//4836 2549//4836
f 2549//4837 2509//4837 2550//4837
f 2509//4838 2510//4838 2550//4838
f 2550//4839 2510//4839 2551//4839
f 2510//4840 2511//4840 2551//4840
f 2551//4841 2511//4841 2552//4841
f 2511//4842 2512//4842 2552//4842
f 2552//4843 2512//4843 2553//4843
f 2512//4844 2513//4844 2553//4844
f 2553//4845 2513//4845 2554//4845
f 2513//4846 2514//4846 2554//4846
f 2554//4847 2514//4847 2555//4847
f 2514//4848 2515//4848 2555//4848
f 2555//4849 2515//4849 2556//4849
f 2515//4850 2516//4850 2556//4850
f 2556//4851 2516//4851 2557//4851
f 2516//4852 2517//4852 2557//4852
f 2557//4853 2517//4853 2558//4853
f 2517//4854 2518//4854 2558//4854
f 2558//4855 2518//4855 2559//4855
f 2518//4856 2519//4856 2559//4856
f 2559//4857 2519//4857 2560//4857
f 2519//4858 2520//4858 2560//4858
f 2560//4859 2520//4859 2561//4859
f 2520//4860 2521//4860 2561//4860
f 2561//4861 2521//4861 2562//4861
f 2521//4862 2522//4862 2562//4862
f 2562//4863 2522//4863 2563//4863
f 2522//4864 2523//4864 2563//4864
f 2563//4865 2523//4865 2564//4865
f 2523//4866 2524//4866 2564//4866
f 2564//4867 2524//4867 2565//4867
f 2524//4868 2525//4868 2565//4868
f 2565//4869 2525//4869 2566//4869
f 2525//4870 2526//4870 2566//4870
f 2566//4871 2526//4871 2567//4871
f 2526//4872 2527//4872 2567//4872
f 2567//4873 2527//4873 2568//4873
f 2527//4874 2528//4874 2568//4874
f 2568//4875 2528//4875 2569//4875
f 2528//4876 2529//4876 2569//4876
f 2569//4877 2529//4877 2570//4877
f 2529//4878 2530//4878 2570//4878
f 2570//4879 2530//4879 2571//4879
f 2530//4880 2531//4880 2571//4880
f 2571//4881 2531//4881 2572//4881
f 2531//4882 2532//4882 2572//4882
f 2572//4883 2532//4883 2573//4883
f 2532//4884 2533//4884 2573//4884
f 2573//4885 2533//4885 2574//4885
f 2533//4886 2534//4886 2574//4886
f 2574//4887 2534//4887 2575//4887
f 2534//4888 2535//4888 2575//4888
f 2575//4889 2535//4889 2576//4889
f 2535//4890 2536//4890 2576//4890
f 2576//4891 2536//4891 2577//4891
f 2536//4892 2537//4892 2577//4892
f 2577//4893 2537//4893 2578//4893
f 2537//4894 2538//4894 2578//4894
f 2578//4895 2538//4895 2579//4895
f 2538//4896 2539//4896 2579//4896
f 2579//4897 2539//4897 2580//4897
f 2539//4898 2540//4898 2580//4898
f 2580//4899 2540//4899 2581//4899
f 2540//4900 2541//4900 2581//4900
f 2581//4901 2541//4901 2582//4901
f 2541//4902 2542//4902 2582//4902
f 2582//4903 2542//4903 2583//4903
f 2542//4904 2543//4904 2583//4904
f 2583//4905 2543//4905 2584//4905
f 2543//4906 2544//4906 2584//4906
f 2584//4907 2544//4907 2585//4907
f 2544//4908 2545//4908 2585//4908
f 2585//4909 2545//4909 2586//4909
f 2545//4910 2546//4910 2586//4910
f 2586//4911 2546//4911 2587//4911
f 2589//4912 2588//4912 2547//4912
f 2547//4913 2548//4913 2589//4913
f 2589//4914 2548//4914 2590//4914
f 2548//4915 2549//4915 2590//4915
f 2590//4916 2549//4916 2591//4916
f 2549//4917 2550//4917 2591//4917
f 2591//4918 2550//4918 2592//4918
f 2550//4919 2551//4919 2592//4919
f 2592//4920 2551//4920 2593//4920
f 2551//4921 2552//4921 2593//4921
f 2593//4922 2552//4922 2594//4922
f 2552//4923 2553//4923 2594//4923
f 2594//4924 2553//4924 2595//4924
f 2553//4925 2554//4925 2595//4925
f 2595//4926 2554//4926 2596//4926
f 2554//4927 2555//4927 2596//4927
f 2596//4928 2555//4928 2597//4928
f 2555//4929 2556//4929 2597//4929
f 2597//4930 2556//4930 2598//4930
f 2556//4931 2557//4931 2598//4931
f 2598//4932 2557//4932 2599//4932
f 2557//4933 2558//4933 2599//4933
f 2599//4934 2558//4934 2600//4934
f 2558//4935 2559//4935 2600//4935
f 2600//4936 2559//4936 2601//4936
f 2559//4937 2560//4937 2601//4937
f 2601//4938 2560//4938 2602//4938
f 2560//4939 2561//4939 2602//4939
f 2602//4940 2561//4940 2603//4940
f 2561//4941 2562//4941 2603//4941
f 2603//4942 2562//4942 2604//4942
f 2562//4943 2563//4943 2604//4943
f 2604//4944 2563//4944 2605//4944
f 2563//4945 2564//4945 2605//4945
f 2605//4946 2564//4946 2606//4946
f 2564//4947 2565//4947 2606//4947
f 2606//4948 2565//4948 2607//4948
f 2565//4949 2566//4949 2607//4949
f 2607//4950 2566//4950 2608//4950
f 2566//4951 2567//4951 2608//4951
f 2608//4952 2567//4952 2609//4952
f 2567//4953 2568//4953 2609//4953
f 2609//4954 2568//4954 2610//4954
f 2568//4955 2569//4955 2610//4955
f 2610//4956 2569//4956 2611//4956
f 2569//4957 2570//4957 2611//4957
f 2611//4958 2570//4958 2612//4958
f 2570//4959 2571//4959 2612//4959
f 2612//4960 2571//4960 2613//4960
f 2571//4961 2572//4961 2613//4961
f 2613//4962 2572//4962 2614//4962
f 2572//4963 2573//4963 2614//4963
f 2614//4964 2573//4964 2615//4964
f 2573//4965 2574//4965 2615//4965
f 2615//4966 2574//4966 2616//4966
f 2574//4967 2575//4967 2616//4967
f 2616//4968 2575//4968 2617//4968
f 2575//4969 2576//4969 2617//4969
f 2617//4970 2576//4970 2618//4970
f 2576//4971 2577//4971 2618//4971
f 2618//4972 2577//4972 2619//4972
f 2577//4973 2578//4973 2619//4973
f 2619//4974 2578//4974 2620//4974
f 2578//4975 2579//4975 2620//4975
f 2620//4976 2579//4976 2621//4976
f 2579//4977 2580//4977 2621//4977
f 2621//4978 2580//4978 2622//4978
f 2580//4979 2581//4979 2622//4979
f 2622//4980 2581//4980 2623//4980
f 2581//4981 2582//4981 2623//4981
f 2623//4982 2582//4982 2624//4982
f 2582//4983 2583//4983 2624//4983
f 2624//4984 2583//4984 2625//4984
f 2583//4985 2584//4985 2625//4985
f 2625//4986 2584//4986 2626//4986
f 2584//4987 2585//4987 2626//4987
f 2626//4988 2585//4988 2627//4988
f 2585//4989 2586//4989 2627//4989
f 2627//4990 2586//4990 2628//4990
f 2586//4991 2587//4991 2628//4991
f 2628//4992 2587//4992 2629//4992
f 2630//4993 2588//4993 2631//4993
f 2588//4994 2589//4994 2631//4994
f 2631//4995 2589//4995 2632//4995
f 2589//4996 2590//4996 2632//4996
f 2632//4997 2590//4997 2633//4997
f 2590//4998 2591//4998 2633//4998
f 2633//4999 2591//4999 2634//4999
f 2591//5000 2592//5000 2634//5000
f 2634//5001 2592//5001 2635//5001
f 2592//5002 2593//5002 2635//5002
f 2635//5003 2593//5003 2636//5003
f 2593//5004 2594//5004 2636//5004
f 2636//5005 2594//5005 2637//5005
f 2594//5006 2595//5006 2637//5006
f 2637//5007 2595//5007 2638//5007
f 2595//5008 2596//5008 2638//5008
f 2638//5009 2596//5009 2639//5009
f 2596//5010 2597//5010 2639//5010
f 2639//5011 2597//5011 2640//5011
f 2597//5012 2598//5012 2640//5012
f 2640//5013 2598//5013 2641//5013
f 2598//5014 2599//5014 2641//5014
f 2641//5015 2599//5015 2642//5015
f 2599//5016 2600//5016 2642//5016
f 2642//5017 2600//5017 2643//5017
f 2600//5018 2601//5018 2643//5018
f 2643//5019 2601//5019 2644//5019
f 2601//5020 2602//5020 2644//5020
f 2644//5021 2602//5021 2645//5021
f 2602//5022 2603//5022 2645//5022
f 2645//5023 2603//5023 2646//5023
f 2603//5024 2604//5024 2646//5024
f 2646//5025 2604//5025 2647//5025
f 2604//5026 2605//5026 2647//5026
f 2647//5027 2605//5027 2648//5027
f 2605//5028 2606//5028 2648//5028
f 2648//5029 2606//5029 2649//5029
f 2606//5030 2607//5030 2649//5030
f 2649//5031 2607//5031 2650//5031
f 2607//5032 2608//5032 2650//5032
f 2650//5033 2608//5033 2651//5033
f 2608//5034 2609//5034 2651//5034
f 2651//5035 2609//5035 2652//5035
f 2609//5036 2610//5036 2652//5036
f 2652//5037 2610//5037 2653//5037
f 2610//5038 2611//5038 2653//5038
f 2653//5039 2611//5039 2654//5039
f 2611//5040 2612//5040 2654//5040
f 2654//5041 2612//5041 2655//5041
f 2612//5042 2613//5042 2655//5042
f 2655//5043 2613//5043 2656//5043
f 2613//5044 2614//5044 2656//5044
f 2656//5045 2614//5045 2657//5045
f 2614//5046 2615//5046 2657//5046
f 2657//5047 2615//5047 2658//5047
f 2615//5048 2616//5048 2658//5048
f 2658//5049 2616//5049 2659//5049
f 2616//5050 2617//5050 2659//5050
f 2659//5051 2617//5051 2660//5051
f 2617//5052 2618//5052 2660//5052
f 2660//5053 2618//5053 2661//5053
f 2618//5054 2619//5054 2661//5054
f 2661//5055 2619//5055 2662//5055
f 2619//5056 2620//5056 2662//5056
f 2662//5057 2620//5057 2663//5057
f 2620//5058 2621//5058 2663//5058
f 2663//5059 2621//5059 2664//5059
f 2621//5060 2622//5060 2664//5060
f 2664//5061 2622//5061 2665//5061
f 2622//5062 2623//5062 2665//5062
f 2665//5063 2623//5063 2666//5063
f 2623//5064 2624//5064 2666//5064
f 2666//5065 2624//5065 2667//5065
f 2624//5066 2625//5066 2667//5066
f 2667//5067 2625//5067 2668//5067
f 2625//5068 2626//5068 2668//5068
f 2668//5069 2626//5069 2669//5069
f 2626//5070 2627//5070 2669//5070
f 2669//5071 2627//5071 2670//5071
f 2627//5072 2628//5072 2670//5072
f 2670//5073 2628//5073 2671//5073
f 2628//5074 2629//5074 2671//5074
f 2671//5075 2629//5075 2672//5075
f 2673//5076 2630//5076 2674//5076
f 2630//5077 2631//5077 2674//5077
f 2674//5078 2631//5078 2675//5078
f 2631//5079 2632//5079 2675//5079
f 2675//5080 2632//5080 2676//5080
f 2632//5081 2633//5081 2676//5081
f 2676//5082 2633//5082 2677//5082
f 2633//5083 2634//5083 2677//5083
f 2677//5084 2634//5084 2678//5084
f 2634//5085 2635//5085 2678//5085
f 2678//5086 2635//5086 2679//5086
f 2635//5087 2636//5087 2679//5087
f 2679//5088 2636//5088 2680//5088
f 2636//5089 2637//5089 2680//5089
f 2680//5090 2637//5090 2681//5090
f 2637//5091 2638//5091 2681//5091
f 2681//5092 2638//5092 2682//5092
f 2638//5093 2639//5093 2682//5093
f 2682//5094 2639//5094 2683//5094
f 2639//5095 2640//5095 2683//5095
f 2683//5096 2640//5096 2684//5096
f 2640//5097 2641//5097 2684//5097
f 2684//5098 2641//5098 2685//5098
f 2641//5099 2642//5099 2685//5099
f 2685//5100 2642//5100 2686//5100
f 2642//5101 2643//5101 2686//5101
f 2686//5102 2643//5102 2687//5102
f 2643//5103 2644//5103 2687//5103
f 2687//5104 2644//5104 2688//5104
f 2644//5105 2645//5105 2688//5105
f 2688//5106 2645//5106 2689//5106
f 2645//5107 2646//5107 2689//5107
f 2689//5108 2646//5108 2690//5108
f 2646//5109 2647//5109 2690//5109
f 2690//5110 2647//5110 2691//5110
f 2647//5111 2648//5111 2691//5111
f 2691//5112 2648//5112 2692//5112
f 2648//5113 2649//5113 2692//5113
f 2692//5114 2649//5114 2693//5114
f 2649//5115 2650//5115 2693//5115
f 2693//5116 2650//5116 2694//5116
f 2650//5117 2651//5117 2694//5117
f 2694//5118 2651//5118 2695//5118
f 2651//5119 2652//5119 2695//5119
f 2695//5120 2652//5120 2696//5120
f 2652//5121 2653//5121 2696//5121
f 2696//5122 2653//5122 2697//5122
f 2653//5123 2654//5123 2697//5123
f 2697//5124 2654//5124 2698//5124
f 2654//5125 2655//5125 2698//5125
f 2698//5126 2655//5126 2699//5126
f 2655//5127 2656//5127 2699//5127
f 2699//5128 2656//5128 2700//5128
f 2656//5129 2657//5129 2700//5129
f 2700//5130 2657//5130 2701//5130
f 2657//5131 2658//5131 2701//5131
f 2701//5132 2658//5132 2702//5132
f 2658//5133 2659//5133 2702//5133
f 2702//5134 2659//5134 2703//5134
f 2659//5135 2660//5135 2703//5135
f 2703//5136 2660//5136 2704//5136
f 2660//5137 2661//5137 2704//5137
f 2704//5138 2661//5138 2705//5138
f 2661//5139 2662//5139 2705//5139
f 2705//5140 2662//5140 2706//5140
f 2662//5141 2663//5141 2706//5141
f 2706//5142 2663//5142 2707//5142
f 2663//5143 2664//5143 2707//5143
f 2707//5144 2664//5144 2708//5144
f 2664//5145 2665//5145 2708//5145
f 2708//5146 2665//5146 2709//5146
f 2665//5147 2666//5147 2709//5147
f 2709//5148 2666//5148 2710//5148
f 2666//5149 2667//5149 2710//5149
f 2710//5150 2667//5150 2711//5150
f 2667//5151 2668//5151 2711//5151
f 2711//5152 2668//5152 2712//5152
f 2668//5153 2669//5153 2712//5153
f 2712//5154 2669//5154 2713//5154
f 2669//5155 2670//5155 2713//5155
f 2713//5156 2670//5156 2714//5156
f 2670//5157 2671//5157 2714//5157
f 2714//5158 2671//5158 2715//5158
f 2671//5159 2672//5159 2715//5159
f 2715//5160 2672//5160 2716//5160
f 2717//5161 2673//5161 2718//5161
f 2673//5162 2674//5162 2718//5162
f 2718//5163 2674//5163 2719//5163
f 2674//5164 2675//5164 2719//5164
f 2719//5165 2675//5165 2720//5165
f 2675//5166 2676//5166 2720//5166
f 2720//5167 2676//5167 2721//5167
f 2676//5168 2677//5168 2721//5168
f 2721//5169 2677//5169 2722//5169
f 2677//5170 2678//5170 2722//5170
f 2722//5171 2678//5171 2723//5171
f 2678//5172 2679//5172 2723//5172
f 2723//5173 2679//5173 2724//5173
f 2679//5174 2680//5174 2724//5174
f 2724//5175 2680//5175 2725//5175
f 2680//5176 2681//5176 2725//5176
f 2725//5177 2681//5177 2726//5177
f 2681//5178 2682//5178 2726//5178
f 2726//5179 2682//5179 2727//5179
f 2682//5180 2683//5180 2727//5180
f 2727//5181 2683//5181 2728//5181
f 2683//5182 2684//5182 2728//5182
f 2728//5183 2684//5183 2729//5183
f 2684//5184 2685//5184 2729//5184
f 2729//5185 2685//5185 2730//5185
f 2685//5186 2686//5186 2730//5186
f 2730//5187 2686//5187 2731//5187
f 2686//5188 2687//5188 2731//5188
f 2731//5189 2687//5189 2732//5189
f 2687//5190 2688//5190 2732//5190
f 2732//5191 2688//5191 2733//5191
f 2688//5192 2689//5192 2733//5192
f 2733//5193 2689//5193 2734//5193
f 2689//5194 2690//5194 2734//5194
f 2734//5195 2690//5195 2735//5195
f 2690//5196 2691//5196 2735//5196
f 2735//5197 2691//5197 2736//5197
f 2691//5198 2692//5198 2736//5198
f 2736//5199 2692//5199 2737//5199
f 2692//5200 2693//5200 2737//5200
f 2737//5201 2693//5201 2738//5201
f 2693//5202 2694//5202 2738//5202
f 2738//5203 2694//5203 2739//5203
f 2694//5204 2695//5204 2739//5204
f 2739//5205 2695//5205 2740//5205
f 2695//5206 2696//5206 2740//5206
f 2740//5207 2696//5207 2741//5207
f 2696//5208 2697//5208 2741//5208
f 2741//5209 2697//5209 2742//5209
f 2697//5210 2698//5210 2742//5210
f 2742//5211 2698//5211 2743//5211
f 2698//5212 2699//5212 2743//5212
f 2743//5213 2699//5213 2744//5213
f 2699//5214 2700//5214 2744//5214
f 2744//5215 2700//5215 2745//5215
f 2700//5216 2701//5216 2745//5216
f 2745//5217 2701//5217 2746//5217
f 2701//5218 2702//5218 2746//5218
f 2746//5219 2702//5219 2747//5219
f 2702//5220 2703//5220 2747//5220
f 2747//5221 2703//5221 2748//5221
f 2703//5222 2704//5222 2748//5222
f 2748//5223 2704//5223 2749//5223
f 2704//5224 2705//5224 2749//5224
f 2749//5225 2705//5225 2750//5225
f 2705//5226 2706//5226 2750//5226
f 2750//5227 2706//5227 2751//5227
f 2706//5228 2707//5228 2751//5228
f 2751//5229 2707//5229 2752//5229
f 2707//5230 2708//5230 2752//5230
f 2752//5231 2708//5231 2753//5231
f 2708//5232 2709//5232 2753//5232
f 2753//5233 2709//5233 2754//5233
f 2709//5234 2710//5234 2754//5234
f 2754//5235 2710//5235 2755//5235
f 2710//5236 2711//5236 2755//5236
f 2755//5237 2711//5237 2756//5237
f 2711//5238 2712//5238 2756//5238
f 2756//5239 2712//5239 2757//5239
f 2712//5240 2713//5240 2757//5240
f 2757//5241 2713//5241 2758//5241
f 2713//5242 2714//5242 2758//5242
f 2758//5243 2714//5243 2759//5243
f 2714//5244 2715//5244 2759//5244
f 2759//5245 2715//5245 2760//5245
f 2715//5246 2716//5246 2760//5246
f 2760//5247 2716//5247 2761//5247
f 2763//5248 2762//5248 2717//5248
f 2717//5249 2718//5249 2763//5249
f 2763//5250 2718//5250 2764//5250
f 2718//5251 2719//5251 2764//5251
f 2764//5252 2719//5252 2765//5252
f 2719//5253 2720//5253 2765//5253
f 2765//5254 2720//5254 2766//5254
f 2720//5255 2721//5255 2766//5255
f 2766//5256 2721//5256 2767//5256
f 2721//5257 2722//5257 2767//5257
f 2767//5258 2722//5258 2768//5258
f 2722//5259 2723//5259 2768//5259
f 2768//5260 2723//5260 2769//5260
f 2723//5261 2724//5261 2769//5261
f 2769//5262 2724//5262 2770//5262
f 2724//5263 2725//5263 2770//5263
f 2770//5264 2725//5264 2771//5264
f 2725//5265 2726//5265 2771//5265
f 2771//5266 2726//5266 2772//5266
f 2726//5267 2727//5267 2772//5267
f 2772//5268 2727//5268 2773//5268
f 2727//5269 2728//5269 2773//5269
f 2773//5270 2728//5270 2774//5270
f 2728//5271 2729//5271 2774//5271
f 2774//5272 2729//5272 2775//5272
f 2729//5273 2730//5273 2775//5273
f 2775//5274 2730//5274 2776//5274
f 2730//5275 2731//5275 2776//5275
f 2776//5276 2731//5276 2777//5276
f 2731//5277 2732//5277 2777//5277
f 2777//5278 2732//5278 2778//5278
f 2732//5279 2733//5279 2778//5279
f 2778//5280 2733//5280 2779//5280
f 2733//5281 2734//5281 2779//5281
f 2779//5282 2734//5282 2780//5282
f 2734//5283 2735//5283 2780//5283
f 2780//5284 2735//5284 2781//5284
f 2735//5285 2736//5285 2781//5285
f 2781//5286 2736//5286 2782//5286
f 2736//5287 2737//5287 2782//5287
f 2782//5288 2737//5288 2783//5288
f 2737//5289 2738//5289 2783//5289
f 2783//5290 2738//5290 2784//5290
f 2738//5291 2739//5291 2784//5291
f 2784//5292 2739//5292 2785//5292
f 2739//5293 2740//5293 2785//5293
f 2785//5294 2740//5294 2786//5294
f 2740//5295 2741//5295 2786//5295
f 2786//5296 2741//5296 2787//5296
f 2741//5297 2742//5297 2787//5297
f 2787//5298 2742//5298 2788//5298
f 2742//5299 2743//5299 2788//5299
f 2788//5300 2743//5300 2789//5300
f 2743//5301 2744//5301 2789//5301
f 2789//5302 2744//5302 2790//5302
f 2744//5303 2745//5303 2790//5303
f 2790//5304 2745//5304 2791//5304
f 2745//5305 2746//5305 2791//5305
f 2791//5306 2746//5306 2792//5306
f 2746//5307 2747//5307 2792//5307
f 2792//5308 2747//5308 2793//5308
f 2747//5309 2748//5309 2793//5309
f 2793//5310 2748//5310 2794//5310
f 2748//5311 2749//5311 2794//5311
f 2794//5312 2749//5312 2795//5312
f 2749//5313 2750//5313 2795//5313
f 2795//5314 2750//5314 2796//5314
f 2750//5315 2751//5315 2796//5315
f 2796//5316 2751//5316 2797//5316
f 2751//5317 2752//5317 2797//5317
f 2797//5318 2752//5318 2798//5318
f 2752//5319 2753//5319 2798//5319
f 2798//5320 2753//5320 2799//5320
f 2753//5321 2754//5321 2799//5321
f 2799//5322 2754//5322 2800//5322
f 2754//5323 2755//5323 2800//5323
f 2800//5324 2755//5324 2801//5324
f 2755//5325 2756//5325 2801//5325
f 2801//5326 2756//5326 2802//5326
f 2756//5327 2757//5327 2802//5327
f 2802//5328 2757//5328 2803//5328
f 2757//5329 2758//5329 2803//5329
f 2803//5330 2758//5330 2804//5330
f 2758//5331 2759//5331 2804//5331
f 2804//5332 2759//5332 2805//5332
f 2759//5333 2760//5333 2805//5333
f 2805//5334 2760//5334 2806//5334
f 2760//5335 2761//5335 2806//5335
f 2807//5336 2806//5336 2761//5336
f 2809//5337 2808//5337 2762//5337
f 2762//5338 2763//5338 2809//5338
f 2809//5339 2763//5339 2810//5339
f 2763//5340 2764//5340 2810//5340
f 2810//5341 2764//5341 2811//5341
f 2764//5342 2765//5342 2811//5342
f 2811//5343 2765//5343 2812//5343
f 2765//5344 2766//5344 2812//5344
f 2812//5345 2766//5345 2813//5345
f 2766//5346 2767//5346 2813//5346
f 2813//5347 2767//5347 2814//5347
f 2767//5348 2768//5348 2814//5348
f 2814//5349 2768//5349 2815//5349
f 2768//5350 2769//5350 2815//5350
f 2815//5351 2769//5351 2816//5351
f 2769//5352 2770//5352 2816//5352
f 2816//5353 2770//5353 2817//5353
f 2770//5354 2771//5354 2817//5354
f 2817//5355 2771//5355 2818//5355
f 2771//5356 2772//5356 2818//5356
f 2818//5357 2772//5357 2819//5357
f 2772//5358 2773//5358 2819//5358
f 2819//5359 2773//5359 2820//5359
f 2773//5360 2774//5360 2820//5360
f 2820//5361 2774//5361 2821//5361
f 2774//5362 2775//5362 2821//5362
f 2821//5363 2775//5363 2822//5363
f 2775//5364 2776//5364 2822//5364
f 2822//5365 2776//5365 2823//5365
f 2776//5366 2777//5366 2823//5366
f 2823//5367 2777//5367 2824//5367
f 2777//5368 2778//5368 2824//5368
f 2824//5369 2778//5369 2825//5369
f 2778//5370 2779//5370 2825//5370
f 2825//5371 2779//5371 2826//5371
f 2779//5372 2780//5372 2826//5372
f 2826//5373 2780//5373 2827//5373
f 2780//5374 2781//5374 2827//5374
f 2827//5375 2781//5375 2828//5375
f 2781//5376 2782//5376 2828//5376
f 2828//5377 2782//5377 2829//5377
f 2782//5378 2783//5378 2829//5378
f 2829//5379 2783//5379 2830//5379
f 2783//5380 2784//5380 2830//5380
f 2830//5381 2784//5381 2831//5381
f 2784//5382 2785//5382 2831//5382
f 2831//5383 2785//5383 2832//5383
f 2785//5384 2786//5384 2832//5384
f 2832//5385 2786//5385 2833//5385
f 2786//5386 2787//5386 2833//5386
f 2833//5387 2787//5387 2834//5387
f 2787//5388 2788//5388 2834//5388
f 2834//5389 2788//5389 2835//5389
f 2788//5390 2789//5390 2835//5390
f 2835//5391 2789//5391 2836//5391
f 2789//5392 2790//5392 2836//5392
f 2836//5393 2790//5393 2837//5393
f 2790//5394 2791//5394 2837//5394
f 2837//5395 2791//5395 2838//5395
f 2791//5396 2792//5396 2838//5396
f 2838//5397 2792//5397 2839//5397
f 2792//5398 2793//5398 2839//5398
f 2839//5399 2793//5399 2840//5399
f 2793//5400 2794//5400 2840//5400
f 2840//5401 2794//5401 2841//5401
f 2794//5402 2795//5402 2841//5402
f 2841//5403 2795//5403 2842//5403
f 2795//5404 2796//5404 2842//5404
f 2842//5405 2796//5405 2843//5405
f 2796//5406 2797//5406 2843//5406
f 2843//5407 2797//5407 2844//5407
f 2797//5408 2798//5408 2844//5408
f 2844//5409 2798//5409 2845//5409
f 2798//5410 2799//5410 2845//5410
f 2845//5411 2799//5411 2846//5411
f 2799//5412 2800//5412 2846//5412
f 2846//5413 2800//5413 2847//5413
f 2800//5414 2801//5414 2847//5414
f 2847//5415 2801//5415 2848//5415
f 2801//5416 2802//5416 2848//5416
f 2848//5417 2802//5417 2849//5417
f 2802//5418 2803//5418 2849//5418
f 2849//5419 2803//5419 2850//5419
f 2803//5420 2804//5420 2850//5420
f 2850//5421 2804//5421 2851//5421
f 2804//5422 2805//5422 2851//5422
f 2851//5423 2805//5423 2852//5423
f 2805//5424 2806//5424 2852//5424
f 2852//5425 2806//5425 2853//5425
f 2807//5426 2853//5426 2806//5426
f 2855//5427 2854//5427 2808//5427
f 2808//5428 2809//5428 2855//5428
f 2855//5429 2809//5429 2856//5429
f 2809//5430 2810//5430 2856//5430
f 2856//5431 2810//5431 2857//5431
f 2810//5432 2811//5432 2857//5432
f 2857//5433 2811//5433 2858//5433
f 2811//5434 2812//5434 2858//5434
f 2858//5435 2812//5435 2859//5435
f 2812//5436 2813//5436 2859//5436
f 2859//5437 2813//5437 2860//5437
f 2813//5438 2814//5438 2860//5438
f 2860//5439 2814//5439 2861//5439
f 2814//5440 2815//5440 2861//5440
f 2861//5441 2815//5441 2862//5441
f 2815//5442 2816//5442 2862//5442
f 2862//5443 2816//5443 2863//5443
f 2816//5444 2817//5444 2863//5444
f 2863//5445 2817//5445 2864//5445
f 2817//5446 2818//5446 2864//5446
f 2864//5447 2818//5447 2865//5447
f 2818//5448 2819//5448 2865//5448
f 2865//5449 2819//5449 2866//5449
f 2819//5450 2820//5450 2866//5450
f 2866//5451 2820//5451 2867//5451
f 2820//5452 2821//5452 2867//5452
f 2867//5453 2821//5453 2868//5453
f 2821//5454 2822//5454 2868//5454
f 2868//5455 2822//5455 2869//5455
f 2822//5456 2823//5456 2869//5456
f 2869//5457 2823//5457 2870//5457
f 2823//5458 2824//5458 2870//5458
f 2870//5459 2824//5459 2871//5459
f 2824//5460 2825//5460 2871//5460
f 2871//5461 2825//5461 2872//5461
f 2825//5462 2826//5462 2872//5462
f 2872//5463 2826//5463 2873//5463
f 2826//5464 2827//5464 2873//5464
f 2873//5465 2827//5465 2874//5465
f 2827//5466 2828//5466 2874//5466
f 2874//5467 2828//5467 2875//5467
f 2828//5468 2829//5468 2875//5468
f 2875//5469 2829//5469 2876//5469
f 2829//5470 2830//5470 2876//5470
f 2876//5471 2830//5471 2877//5471
f 2830//5472 2831//5472 2877//5472
f 2877//5473 2831//5473 2878//5473
f 2831//5474 2832//5474 2878//5474
f 2878//5475 2832//5475 2879//5475
f 2832//5476 2833//5476 2879//5476
f 2879//5477 2833//5477 2880//5477
f 2833//5478 2834//5478 2880//5478
f 2880//5479 2834//5479 2881//5479
f 2834//5480 2835//5480 2881//5480
f 2881//5481 2835//5481 2882//5481
f 2835//5482 2836//5482 2882//5482
f 2882//5483 2836//5483 2883//5483
f 2836//5484 2837//5484 2883//5484
f 2883//5485 2837//5485 2884//5485
f 2837//5486 2838//5486 2884//5486
f 2884//5487 2838//5487 2885//5487
f 2838//5488 2839//5488 2885//5488
f 2885//5489 2839//5489 2886//5489
f 2839//5490 2840//5490 2886//5490
f 2886//5491 2840//5491 2887//5491
f 2840//5492 2841//5492 2887//5492
f 2887//5493 2841//5493 2888//5493
f 2841//5494 2842//5494 2888//5494
f 2888//5495 2842//5495 2889//5495
f 2842//5496 2843//5496 2889//5496
f 2889//5497 2843//5497 2890//5497
f 2843//5498 2844//5498 2890//5498
f 2890//5499 2844//5499 2891//5499
f 2844//5500 2845//5500 2891//5500
f 2891//5501 2845//5501 2892//5501
f 2845//5502 2846//5502 2892//5502
f 2892//5503 2846//5503 2893//5503
f 2846//5504 2847//5504 2893//5504
f 2893//5505 2847//5505 2894//5505
f 2847//5506 2848//5506 2894//5506
f 2894//5507 2848//5507 2895//5507
f 2848//5508 2849//5508 2895//5508
f 2895//5509 2849//5509 2896//5509
f 2849//5510 2850//5510 2896//5510
f 2896//5511 2850//5511 2897//5511
f 2850//5512 2851//5512 2897//5512
f 2897//5513 2851//5513 2898//5513
f 2851//5514 2852//5514 2898//5514
f 2898//5515 2852//5515 2899//5515
f 2852//5516 2853//5516 2899//5516
f 2899//5517 2853//5517 2900//5517
f 2902//5518 2901//5518 2854//5518
f 2855//5519 2902//5519 2854//5519
f 2902//5520 2855//5520 2903//5520
f 2855//5521 2856//5521 2903//5521
f 2903//5522 2856//5522 2904//5522
f 2856//5523 2857//5523 2904//5523
f 2904//5524 2857//5524 2905//5524
f 2857//5525 2858//5525 2905//5525
f 2905//5526 2858//5526 2906//5526
f 2858//5527 2859//5527 2906//5527
f 2906//5528 2859//5528 2907//5528
f 2859//5529 2860//5529 2907//5529
f 2907//5530 2860//5530 2908//5530
f 2860//5531 2861//5531 2908//5531
f 2908//5532 2861//5532 2909//5532
f 2861//5533 2862//5533 2909//5533
f 2909//5534 2862//5534 2910//5534
f 2862//5535 2863//5535 2910//5535
f 2910//5536 2863//5536 2911//5536
f 2863//5537 2864//5537 2911//5537
f 2911//5538 2864//5538 2912//5538
f 2864//5539 2865//5539 2912//5539
f 2912//5540 2865//5540 2913//5540
f 2865//5541 2866//5541 2913//5541
f 2913//5542 2866//5542 2914//5542
f 2866//5543 2867//5543 2914//5543
f 2914//5544 2867//5544 2915//5544
f 2867//5545 2868//5545 2915//5545
f 2915//5546 2868//5546 2916//5546
f 2868//5547 2869//5547 2916//5547
f 2916//5548 2869//5548 2917//5548
f 2869//5549 2870//5549 2917//5549
f 2917//5550 2870//5550 2918//5550
f 2870//5551 2871//5551 2918//5551
f 2918//5552 2871//5552 2919//5552
f 2871//5553 2872//5553 2919//5553
f 2919//5554 2872//5554 2920//5554
f 2872//5555 2873//5555 2920//5555
f 2920//5556 2873//5556 2921//5556
f 2873//5557 2874//5557 2921//5557
f 2921//5558 2874//5558 2922//5558
f 2874//5559 2875//5559 2922//5559
f 2922//5560 2875//5560 2923//5560
f 2875//5561 2876//5561 2923//5561
f 2923//5562 2876//5562 2924//5562
f 2876//5563 2877//5563 2924//5563
f 2924//5564 2877//5564 2925//5564
f 2877//5565 2878//5565 2925//5565
f 2925//5566 2878//5566 2926//5566
f 2878//5567 2879//5567 2926//5567
f 2926//5568 2879//5568 2927//5568
f 2879//5569 2880//5569 2927//5569
f 2927//5570 2880//5570 2928//5570
f 2880//5571 2881//5571 2928//5571
f 2928//5572 2881//5572 2929//5572
f 2881//5573 2882//5573 2929//5573
f 2929//5574 2882//5574 2930//5574
f 2882//5575 2883//5575 2930//5575
f 2930//5576 2883//5576 2931//5576
f 2883//5577 2884//5577 2931//5577
f 2931//5578 2884//5578 2932//5578
f 2884//5579 2885//5579 2932//5579
f 2932//5580 2885//5580 2933//5580
f 2885//5581 2886//5581 2933//5581
f 2933//5582 2886//5582 2934//5582
f 2886//5583 2887//5583 2934//5583
f 2934//5584 2887//5584 2935//5584
f 2887//5585 2888//5585 2935//5585
f 2935//5586 2888//5586 2936//5586
f 2888//5587 2889//5587 2936//5587
f 2936//5588 2889//5588 2937//5588
f 2889//5589 2890//5589 2937//5589
f 2937//5590 2890//5590 2938//5590
f 2890//5591 2891//5591 2938//5591
f 2938//5592 2891//5592 2939//5592
f 2891//5593 2892//5593 2939//5593
f 2939//5594 2892//5594 2940//5594
f 2892//5595 2893//5595 2940//5595
f 2940//5596 2893//5596 2941//5596
f 2893//5597 2894//5597 2941//5597
f 2941//5598 2894//5598 2942//5598
f 2894//5599 2895//5599 2942//5599
f 2942//5600 2895//5600 2943//5600
f 2895//5601 2896//5601 2943//5601
f 2943//5602 2896//5602 2944//5602
f 2896//5603 2897//5603 2944//5603
f 2944//5604 2897//5604 2945//5604
f 2897//5605 2898//5605 2945//5605
f 2945//5606 2898//5606 2946//5606
f 2898//5607 2899//5607 2946//5607
f 2946//5608 2899//5608 2947//5608
f 2899//5609 2900//5609 2947//5609
f 2947//5610 2900//5610 2948//5610
f 2902//5611 2949//5611 2901//5611
f 2950//5612 2949//5612 2902//5612
f 2902//5613 2903//5613 2950//5613
f 2950//5614 2903//5614 2951//5614
f 2903//5615 2904//5615 2951//5615
f 2951//5616 2904//5616 2952//5616
f 2904//5617 2905//5617 2952//5617
f 2952//5618 2905//5618 2953//5618
f 2905//5619 2906//5619 2953//5619
f 2953//5620 2906//5620 2954//5620
f 2906//5621 2907//5621 2954//5621
f 2954//5622 2907//5622 2955//5622
f 2907//5623 2908//5623 2955//5623
f 2955//5624 2908//5624 2956//5624
f 2908//5625 2909//5625 2956//5625
f 2956//5626 2909//5626 2957//5626
f 2909//5627 2910//5627 2957//5627
f 2957//5628 2910//5628 2958//5628
f 2910//5629 2911//5629 2958//5629
f 2958//5630 2911//5630 2959//5630
f 2911//5631 2912//5631 2959//5631
f 2959//5632 2912//5632 2960//5632
f 2912//5633 2913//5633 2960//5633
f 2960//5634 2913//5634 2961//5634
f 2913//5635 2914//5635 2961//5635
f 2961//5636 2914//5636 2962//5636
f 2914//5637 2915//5637 2962//5637
f 2962//5638 2915//5638 2963//5638
f 2915//5639 2916//5639 2963//5639
f 2963//5640 2916//5640 2964//5640
f 2916//5641 2917//5641 2964//5641
f 2964//5642 2917//5642 2965//5642
f 2917//5643 2918//5643 2965//5643
f 2965//5644 2918//5644 2966//5644
f 2918//5645 2919//5645 2966//5645
f 2966//5646 2919//5646 2967//5646
f 2919//5647 2920//5647 2967//5647
f 2967//5648 2920//5648 2968//5648
f 2920//5649 2921//5649 2968//5649
f 2968//5650 2921//5650 2969//5650
f 2921//5651 2922//5651 2969//5651
f 2969//5652 2922//5652 2970//5652
f 2922//5653 2923//5653 2970//5653
f 2970//5654 2923//5654 2971//5654
f 2923//5655 2924//5655 2971//5655
f 2971//5656 2924//5656 2972//5656
f 2924//5657 2925//5657 2972//5657
f 2972//5658 2925//5658 2973//5658
f 2925//5659 2926//5659 2973//5659
f 2973//5660 2926//5660 2974//5660
f 2926//5661 2927//5661 2974//5661
f 2974//5662 2927//5662 2975//5662
f 2927//5663 2928//5663 2975//5663
f 2975//5664 2928//5664 2976//5664
f 2928//5665 2929//5665 2976//5665
f 2976//5666 2929//5666 2977//5666
f 2929//5667 2930//5667 2977//5667
f 2977//5668 2930//5668 2978//5668
f 2930//5669 2931//5669 2978//5669
f 2978//5670 2931//5670 2979//5670
f 2931//5671 2932//5671 2979//5671
f 2979//5672 2932//5672 2980//5672
f 2932//5673 2933//5673 2980//5673
f 2980//5674 2933//5674 2981//5674
f 2933//5675 2934//5675 2981//5675
f 2981//5676 2934//5676 2982//5676
f 2934//5677 2935//5677 2982//5677
f 2982//5678 2935//5678 2983//5678
f 2935//5679 2936//5679 2983//5679
f 2983//5680 2936//5680 2984//5680
f 2936//5681 2937//5681 2984//5681
f 2984//5682 2937//5682 2985//5682
f 2937//5683 2938//5683 2985//5683
f 2985//5684 2938//5684 2986//5684
f 2938//5685 2939//5685 2986//5685
f 2986//5686 2939//5686 2987//5686
f 2939//5687 2940//5687 2987//5687
f 2987//5688 2940//5688 2988//5688
f 2940//5689 2941//5689 2988//5689
f 2988//5690 2941//5690 2989//5690
f 2941//5691 2942//5691 2989//5691
f 2989//5692 2942//5692 2990//5692
f 2942//5693 2943//5693 2990//5693
f 2990//5694 2943//5694 2991//5694
f 2943//5695 2944//5695 2991//5695
f 2991//5696 2944//5696 2992//5696
f 2944//5697 2945//5697 2992//5697
f 2992//5698 2945//5698 2993//5698
f 2945//5699 2946//5699 2993//5699
f 2993//5700 2946//5700 2994//5700
f 2946//5701 2947//5701 2994//5701
f 2994//5702 2947//5702 2995//5702
f 2947//5703 2948//5703 2995//5703
f 2996//5704 2995//5704 2948//5704
f 2998//5705 2997//5705 2949//5705
f 2949//5706 2950//5706 2998//5706
f 2998//5707 2950//5707 2999//5707
f 2950//5708 2951//5708 2999//5708
f 2999//5709 2951//5709 3000//5709
f 2951//5710 2952//5710 3000//5710
f 3000//5711 2952//5711 3001//5711
f 2952//5712 2953//5712 3001//5712
f 3001//5713 2953//5713 3002//5713
f 2953//5714 2954//5714 3002//5714
f 3002//5715 2954//5715 3003//5715
f 2954//5716 2955//5716 3003//5716
f 3003//5717 2955//5717 3004//5717
f 2955//5718 2956//5718 3004//5718
f 3004//5719 2956//5719 3005//5719
f 2956//5720 2957//5720 3005//5720
f 3005//5721 2957//5721 3006//5721
f 2957//5722 2958//5722 3006//5722
f 3006//5723 2958//5723 3007//5723
f 2958//5724 2959//5724 3007//5724
f 3007//5725 2959//5725 3008//5725
f 2959//5726 2960//5726 3008//5726
f 3008//5727 2960//5727 3009//5727
f 2960//5728 2961//5728 3009//5728
f 3009//5729 2961//5729 3010//5729
f 2961//5730 2962//5730 3010//5730
f 3010//5731 2962//5731 3011//5731
f 2962//5732 2963//5732 3011//5732
f 3011//5733 2963//5733 3012//5733
f 2963//5734 2964//5734 3012//5734
f 3012//5735 2964//5735 3013//5735
f 2964//5736 2965//5736 3013//5736
f 3013//5737 2965//5737 3014//5737
f 2965//5738 2966//5738 3014//5738
f 3014//5739 2966//5739 3015//5739
f 2966//5740 2967//5740 3015//5740
f 3015//5741 2967//5741 3016//5741
f 2967//5742 2968//5742 3016//5742
f 3016//5743 2968//5743 3017//5743
f 2968//5744 2969//5744 3017//5744
f 3017//5745 2969//5745 3018//5745
f 2969//5746 2970//5746 3018//5746
f 3018//5747 2970//5747 3019//5747
f 2970//5748 2971//5748 3019//5748
f 3019//5749 2971//5749 3020//5749
f 2971//5750 2972//5750 3020//5750
f 3020//5751 2972//5751 3021//5751
f 2972//5752 2973//5752 3021//5752
f 3021//5753 2973//5753 3022//5753
f 2973//5754 2974//5754 3022//5754
f 3022//5755 2974//5755 3023//5755
f 2974//5756 2975//5756 3023//5756
f 3023//5757 2975//5757 3024//5757
f 2975//5758 2976//5758 3024//5758
f 3024//5759 2976//5759 3025//5759
f 2976//5760 2977//5760 3025//5760
f 3025//5761 2977//5761 3026//5761
f 2977//5762 2978//5762 3026//5762
f 3026//5763 2978//5763 3027//5763
f 2978//5764 2979//5764 3027//5764
f 3027//5765 2979//5765 3028//5765
f 2979//5766 2980//5766 3028//5766
f 3028//5767 2980//5767 3029//5767
f 2980//5768 2981//5768 3029//5768
f 3029//5769 2981//5769 3030//5769
f 2981//5770 2982//5770 3030//5770
f 3030//5771 2982//5771 3031//5771
f 2982//5772 2983//5772 3031//5772
f 3031//5773 2983//5773 3032//5773
f 2983//5774 2984//5774 3032//5774
f 3032//5775 2984//5775 3033//5775
f 2984//5776 2985//5776 3033//5776
f 3033//5777 2985//5777 3034//5777
f 2985//5778 2986//5778 3034//5778
f 3034//5779 2986//5779 3035//5779
f 2986//5780 2987//5780 3035//5780
f 3035//5781 2987//5781 3036//5781
f 2987//5782 2988//5782 3036//5782
f 3036//5783 2988//5783 3037//5783
f 2988//5784 2989//5784 3037//5784
f 3037//5785 2989//5785 3038//5785
f 2989//5786 2990//5786 3038//5786
f 3038//5787 2990//5787 3039//5787
f 2990//5788 2991//5788 3039//5788
f 3039//5789 2991//5789 3040//5789
f 2991//5790 2992//5790 3040//5790
f 3040//5791 2992//5791 3041//5791
f 2992//5792 2993//5792 3041//5792
f 3041//5793 2993//5793 3042//5793
f 2993//5794 2994//5794 3042//5794
f 3042//5795 2994//5795 3043//5795
f 2994//5796 2995//5796 3043//5796
f 3043//5797 2995//5797 3044//5797
f 2996//5798 3044//5798 2995//5798
f 3046//5799 3045//5799 2997//5799
f 2997//5800 2998//5800 3046//5800
f 3046//5801 2998//5801 3047//5801
f 2998//5802 2999//5802 3047//5802
f 3047//5803 2999//5803 3048//5803
f 2999//5804 3000//5804 3048//5804
f 3048//5805 3000//5805 3049//5805
f 3000//5806 3001//5806 3049//5806
f 3049//5807 3001//5807 3050//5807
f 3001//5808 3002//5808 3050//5808
f 3050//5809 3002//5809 3051//5809
f 3002//5810 3003//5810 3051//5810
f 3051//5811 3003//5811 3052//5811
f 3003//5812 3004//5812 3052//5812
f 3052//5813 3004//5813 3053//5813
f 3004//5814 3005//5814 3053//5814
f 3053//5815 3005//5815 3054//5815
f 3005//5816 3006//5816 3054//5816
f 3054//5817 3006//5817 3055//5817
f 3006//5818 3007//5818 3055//5818
f 3055//5819 3007//5819 3056//5819
f 3007//5820 3008//5820 3056//5820
f 3056//5821 3008//5821 3057//5821
f 3008//5822 3009//5822 3057//5822
f 3057//5823 3009//5823 3058//5823
f 3009//5824 3010//5824 3058//5824
f 3058//5825 3010//5825 3059//5825
f 3010//5826 3011//5826 3059//5826
f 3059//5827 3011//5827 3060//5827
f 3011//5828 3012//5828 3060//5828
f 3060//5829 3012//5829 3061//5829
f 3012//5830 3013//5830 3061//5830
f 3061//5831 3013//5831 3062//5831
f 3013//5832 3014//5832 3062//5832
f 3062//5833 3014//5833 3063//5833
f 3014//5834 3015//5834 3063//5834
f 3063//5835 3015//5835 3064//5835
f 3015//5836 3016//5836 3064//5836
f 3064//5837 3016//5837 3065//5837
f 3016//5838 3017//5838 3065//5838
f 3065//5839 3017//5839 3066//5839
f 3017//5840 3018//5840 3066//5840
f 3066//5841 3018//5841 3067//5841
f 3018//5842 3019//5842 3067//5842
f 3067//5843 3019//5843 3068//5843
f 3019//5844 3020//5844 3068//5844
f 3068//5845 3020//5845 3069//5845
f 3020//5846 3021//5846 3069//5846
f 3069//5847 3021//5847 3070//5847
f 3021//5848 3022//5848 3070//5848
f 3070//5849 3022//5849 3071//5849
f 3022//5850 3023//5850 3071//5850
f 3071//5851 3023//5851 3072//5851
f 3023//5852 3024//5852 3072//5852
f 3072//5853 3024//5853 3073//5853
f 3024//5854 3025//5854 3073//5854
f 3073//5855 3025//5855 3074//5855
f 3025//5856 3026//5856 3074//5856
f 3074//5857 3026//5857 3075//5857
f 3026//5858 3027//5858 3075//5858
f 3075//5859 3027//5859 3076//5859
f 3027//5860 3028//5860 3076//5860
f 3076//5861 3028//5861 3077//5861
f 3028//5862 3029//5862 3077//5862
f 3077//5863 3029//5863 3078//5863
f 3029//5864 3030//5864 3078//5864
f 3078//5865 3030//5865 3079//5865
f 3030//5866 3031//5866 3079//5866
f 3079//5867 3031//5867 3080//5867
f 3031//5868 3032//5868 3080//5868
f 3080//5869 3032//5869 3081//5869
f 3032//5870 3033//5870 3081//5870
f 3081//5871 3033//5871 3082//5871
f 3033//5872 3034//5872 3082//5872
f 3082//5873 3034//5873 3083//5873
f 3034//5874 3035//5874 3083//5874
f 3083//5875 3035//5875 3084//5875
f 3035//5876 3036//5876 3084//5876
f 3084//5877 3036//5877 3085//5877
f 3036//5878 3037//5878 3085//5878
f 3085//5879 3037//5879 3086//5879
f 3037//5880 3038//5880 3086//5880
f 3086//5881 3038//5881 3087//5881
f 3038//5882 3039//5882 3087//5882
f 3087//5883 3039//5883 3088//5883
f 3039//5884 3040//5884 3088//5884
f 3088//5885 3040//5885 3089//5885
f 3040//5886 3041//5886 3089//5886
f 3089//5887 3041//5887 3090//5887
f 3041//5888 3042//5888 3090//5888
f 3090//5889 3042//5889 3091//5889
f 3042//5890 3043//5890 3091//5890
f 3091//5891 3043//5891 3092//5891
f 3043//5892 3044//5892 3092//5892
f 3092//5893 3044//5893 3093//5893
f 3046//5894 3094//5894 3045//5894
f 3094//5895 3046//5895 3095//5895
f 3046//5896 3047//5896 3095//5896
f 3095//5897 3047//5897 3096//5897
f 3047//5898 3048//5898 3096//5898
f 3096//5899 3048//5899 3097//5899
f 3048//5900 3049//5900 3097//5900
f 3097//5901 3049//5901 3098//5901
f 3049//5902 3050//5902 3098//5902
f 3098//5903 3050//5903 3099//5903
f 3050//5904 3051//5904 3099//5904
f 3099//5905 3051//5905 3100//5905
f 3051//5906 3052//5906 3100//5906
f 3100//5907 3052//5907 3101//5907
f 3052//5908 3053//5908 3101//5908
f 3101//5909 3053//5909 3102//5909
f 3053//5910 3054//5910 3102//5910
f 3102//5911 3054//5911 3103//5911
f 3054//5912 3055//5912 3103//5912
f 3103//5913 3055//5913 3104//5913
f 3055//5914 3056//5914 3104//5914
f 3104//5915 3056//5915 3105//5915
f 3056//5916 3057//5916 3105//5916
f 3105//5917 3057//5917 3106//5917
f 3057//5918 3058//5918 3106//5918
f 3106//5919 3058//5919 3107//5919
f 3058//5920 3059//5920 3107//5920
f 3107//5921 3059//5921 3108//5921
f 3059//5922 3060//5922 3108//5922
f 3108//5923 3060//5923 3109//5923
f 3060//5924 3061//5924 3109//5924
f 3109//5925 3061//5925 3110//5925
f 3061//5926 3062//5926 3110//5926
f 3110//5927 3062//5927 3111//5927
f 3062//5928 3063//5928 3111//5928
f 3111//5929 3063//5929 3112//5929
f 3063//5930 3064//5930 3112//5930
f 3112//5931 3064//5931 3113//5931
f 3064//5932 3065//5932 3113//5932
f 3113//5933 3065//5933 3114//5933
f 3065//5934 3066//5934 3114//5934
f 3114//5935 3066//5935 3115//5935
f 3066//5936 3067//5936 3115//5936
f 3115//5937 3067//5937 3116//5937
f 3067//5938 3068//5938 3116//5938
f 3116//5939 3068//5939 3117//5939
f 3068//5940 3069//5940 3117//5940
f 3117//5941 3069//5941 3118//5941
f 3069//5942 3070//5942 3118//5942
f 3118//5943 3070//5943 3119//5943
f 3070//5944 3071//5944 3119//5944
f 3119//5945 3071//5945 3120//5945
f 3071//5946 3072//5946 3120//5946
f 3120//5947 3072//5947 3121//5947
f 3072//5948 3073//5948 3121//5948
f 3121//5949 3073//5949 3122//5949
f 3073//5950 3074//5950 3122//5950
f 3122//5951 3074//5951 3123//5951
f 3074//5952 3075//5952 3123//5952
f 3123//5953 3075//5953 3124//5953
f 3075//5954 3076//5954 3124//5954
f 3124//5955 3076//5955 3125//5955
f 3076//5956 3077//5956 3125//5956
f 3125//5957 3077//5957 3126//5957
f 3077//5958 3078//5958 3126//5958
f 3126//5959 3078//5959 3127//5959
f 3078//5960 3079//5960 3127//5960
f 3127//5961 3079//5961 3128//5961
f 3079//5962 3080//5962 3128//5962
f 3128//5963 3080//5963 3129//5963
f 3080//5964 3081//5964 3129//5964
f 3129//5965 3081//5965 3130//5965
f 3081//5966 3082//5966 3130//5966
f 3130//5967 3082//5967 3131//5967
f 3082//5968 3083//5968 3131//5968
f 3131//5969 3083//5969 3132//5969
f 3083//5970 3084//5970 3132//5970
f 3132//5971 3084//5971 3133//5971
f 3084//5972 3085//5972 3133//5972
f 3133//5973 3085//5973 3134//5973
f 3085//5974 3086//5974 3134//5974
f 3134//5975 3086//5975 3135//5975
f 3086//5976 3087//5976 3135//5976
f 3135//5977 3087//5977 3136//5977
f 3087//5978 3088//5978 3136//5978
f 3136//5979 3088//5979 3137//5979
f 3088//5980 3089//5980 3137//5980
f 3137//5981 3089//5981 3138//5981
f 3089//5982 3090//5982 3138//5982
f 3138//5983 3090//5983 3139//5983
f 3090//5984 3091//5984 3139//5984
f 3139//5985 3091//5985 3140//5985
f 3091//5986 3092//5986 3140//5986
f 3140//5987 3092//5987 3141//5987
f 3093//5988 3141//5988 3092//5988
f 3142//5989 3141//5989 3093//5989
f 3144//5990 3143//5990 3094//5990
f 3094//5991 3095//5991 3144//5991
f 3144//5992 3095//5992 3145//5992
f 3095//5993 3096//5993 3145//5993
f 3145//5994 3096//5994 3146//5994
f 3096//5995 3097//5995 3146//5995
f 3146//5996 3097//5996 3147//5996
f 3097//5997 3098//5997 3147//5997
f 3147//5998 3098//5998 3148//5998
f 3098//5999 3099//5999 3148//5999
f 3148//6000 3099//6000 3149//6000
f 3099//6001 3100//6001 3149//6001
f 3149//6002 3100//6002 3150//6002
f 3100//6003 3101//6003 3150//6003
f 3150//6004 3101//6004 3151//6004
f 3101//6005 3102//6005 3151//6005
f 3151//6006 3102//6006 3152//6006
f 3102//6007 3103//6007 3152//6007
f 3152//6008 3103//6008 3153//6008
f 3103//6009 3104//6009 3153//6009
f 3153//6010 3104//6010 3154//6010
f 3104//6011 3105//6011 3154//6011
f 3154//6012 3105//6012 3155//6012
f 3105//6013 3106//6013 3155//6013
f 3155//6014 3106//6014 3156//6014
f 3106//6015 3107//6015 3156//6015
f 3156//6016 3107//6016 3157//6016
f 3107//6017 3108//6017 3157//6017
f 3157//6018 3108//6018 3158//6018
f 3108//6019 3109//6019 3158//6019
f 3158//6020 3109//6020 3159//6020
f 3109//6021 3110//6021 3159//6021
f 3159//6022 3110//6022 3160//6022
f 3110//6023 3111//6023 3160//6023
f 3160//6024 3111//6024 3161//6024
f 3111//6025 3112//6025 3161//6025
f 3161//6026 3112//6026 3162//6026
f 3112//6027 3113//6027 3162//6027
f 3162//6028 3113//6028 3163//6028
f 3113//6029 3114//6029 3163//6029
f 3163//6030 3114//6030 3164//6030
f 3114//6031 3115//6031 3164//6031
f 3164//6032 3115//6032 3165//6032
f 3115//6033 3116//6033 3165//6033
f 3165//6034 3116//6034 3166//6034
f 3116//6035 3117//6035 3166//6035
f 3166//6036 3117//6036 3167//6036
f 3117//6037 3118//6037 3167//6037
f 3167//6038 3118//6038 3168//6038
f 3118//6039 3119//6039 3168//6039
f 3168//6040 3119//6040 3169//6040
f 3119//6041 3120//6041 3169//6041
f 3169//6042 3120//6042 3170//6042
f 3120//6043 3121//6043 3170//6043
f 3170//6044 3121//6044 3171//6044
f 3121//6045 3122//6045 3171//6045
f 3171//6046 3122//6046 3172//6046
f 3122//6047 3123//6047 3172//6047
f 3172//6048 3123//6048 3173//6048
f 3123//6049 3124//6049 3173//6049
f 3173//6050 3124//6050 3174//6050
f 3124//6051 3125//6051 3174//6051
f 3174//6052 3125//6052 3175//6052
f 3125//6053 3126//6053 3175//6053
f 3175//6054 3126//6054 3176//6054
f 3126//6055 3127//6055 3176//6055
f 3176//6056 3127//6056 3177//6056
f 3127//6057 3128//6057 3177//6057
f 3177//6058 3128//6058 3178//6058
f 3128//6059 3129//6059 3178//6059
f 3178//6060 3129//6060 3179//6060
f 3129//6061 3130//6061 3179//6061
f 3179//6062 3130//6062 3180//6062
f 3130//6063 3131//6063 3180//6063
f 3180//6064 3131//6064 3181//6064
f 3131//6065 3132//6065 3181//6065
f 3181//6066 3132//6066 3182//6066
f 3132//6067 3133//6067 3182//6067
f 3182//6068 3133//6068 3183//6068
f 3133//6069 3134//6069 3183//6069
f 3183//6070 3134//6070 3184//6070
f 3134//6071 3135//6071 3184//6071
f 3184//6072 3135//6072 3185//6072
f 3135//6073 3136//6073 3185//6073
f 3185//6074 3136//6074 3186//6074
f 3136//6075 3137//6075 3186//6075
f 3186//6076 3137//6076 3187//6076
f 3137//6077 3138//6077 3187//6077
f 3187//6078 3138//6078 3188//6078
f 3138//6079 3139//6079 3188//6079
f 3188//6080 3139//6080 3189//6080
f 3139//6081 3140//6081 3189//6081
f 3189//6082 3140//6082 3190//6082
f 3140//6083 3141//6083 3190//6083
f 3190//6084 3141//6084 3191//6084
f 3142//6085 3191//6085 3141//6085
f 3193//6086 3192//6086 3143//6086
f 3143//6087 3144//6087 3193//6087
f 3193//6088 3144//6088 3194//6088
f 3144//6089 3145//6089 3194//6089
f 3194//6090 3145//6090 3195//6090
f 3145//6091 3146//6091 3195//6091
f 3195//6092 3146//6092 3196//6092
f 3146//6093 3147//6093 3196//6093
f 3196//6094 3147//6094 3197//6094
f 3147//6095 3148//6095 3197//6095
f 3197//6096 3148//6096 3198//6096
f 3148//6097 3149//6097 3198//6097
f 3198//6098 3149//6098 3199//6098
f 3149//6099 3150//6099 3199//6099
f 3199//6100 3150//6100 3200//6100
f 3150//6101 3151//6101 3200//6101
f 3200//6102 3151//6102 3201//6102
f 3151//6103 3152//6103 3201//6103
f 3201//6104 3152//6104 3202//6104
f 3152//6105 3153//6105 3202//6105
f 3202//6106 3153//6106 3203//6106
f 3153//6107 3154//6107 3203//6107
f 3203//6108 3154//6108 3204//6108
f 3154//6109 3155//6109 3204//6109
f 3204//6110 3155//6110 3205//6110
f 3155//6111 3156//6111 3205//6111
f 3205//6112 3156//6112 3206//6112
f 3156//6113 3157//6113 3206//6113
f 3206//6114 3157//6114 3207//6114
f 3157//6115 3158//6115 3207//6115
f 3207//6116 3158//6116 3208//6116
f 3158//6117 3159//6117 3208//6117
f 3208//6118 3159//6118 3209//6118
f 3159//6119 3160//6119 3209//6119
f 3209//6120 3160//6120 3210//6120
f 3160//6121 3161//6121 3210//6121
f 3210//6122 3161//6122 3211//6122
f 3161//6123 3162//6123 3211//6123
f 3211//6124 3162//6124 3212//6124
f 3162//6125 3163//6125 3212//6125
f 3212//6126 3163//6126 3213//6126
f 3163//6127 3164//6127 3213//6127
f 3213//6128 3164//6128 3214//6128
f 3164//6129 3165//6129 3214//6129
f 3214//6130 3165//6130 3215//6130
f 3165//6131 3166//6131 3215//6131
f 3215//6132 3166//6132 3216//6132
f 3166//6133 3167//6133 3216//6133
f 3216//6134 3167//6134 3217//6134
f 3167//6135 3168//6135 3217//6135
f 3217//6136 3168//6136 3218//6136
f 3168//6137 3169//6137 3218//6137
f 3218//6138 3169//6138 3219//6138
f 3169//6139 3170//6139 3219//6139
f 3219//6140 3170//6140 3220//6140
f 3170//6141 3171//6141 3220//6141
f 3220//6142 3171//6142 3221//6142
f 3171//6143 3172//6143 3221//6143
f 3221//6144 3172//6144 3222//6144
f 3172//6145 3173//6145 3222//6145
f 3222//6146 3173//6146 3223//6146
f 3173//6147 3174//6147 3223//6147
f 3223//6148 3174//6148 3224//6148
f 3174//6149 3175//6149 3224//6149
f 3224//6150 3175//6150 3225//6150
f 3175//6151 3176//6151 3225//6151
f 3225//6152 3176//6152 3226//6152
f 3176//6153 3177//6153 3226//6153
f 3226//6154 3177//6154 3227//6154
f 3177//6155 3178//6155 3227//6155
f 3227//6156 3178//6156 3228//6156
f 3178//6157 3179//6157 3228//6157
f 3228//6158 3179//6158 3229//6158
f 3179//6159 3180//6159 3229//6159
f 3229//6160 3180//6160 3230//6160
f 3180//6161 3181//6161 3230//6161
f 3230//6162 3181//6162 3231//6162
f 3181//6163 3182//6163 3231//6163
f 3231//6164 3182//6164 3232//6164
f 3182//6165 3183//6165 3232//6165
f 3232//6166 3183//6166 3233//6166
f 3183//6167 3184//6167 3233//6167
f 3233//6168 3184//6168 3234//6168
f 3184//6169 3185//6169 3234//6169
f 3234//6170 3185//6170 3235//6170
f 3185//6171 3186//6171 3235//6171
f 3235//6172 3186//6172 3236//6172
f 3186//6173 3187//6173 3236//6173
f 3236//6174 3187//6174 3237//6174
f 3187//6175 3188//6175 3237//6175
f 3237//6176 3188//6176 3238//6176
f 3188//6177 3189//6177 3238//6177
f 3238//6178 3189//6178 3239//6178
f 3189//6179 3190//6179 3239//6179
f 3239//6180 3190//6180 3240//6180
f 3190//6181 3191//6181 3240//6181
f 3240//6182 3191//6182 3241//6182
f 3193//6183 3242//6183 3192//6183
f 3242//6184 3193//6184 3243//6184
f 3193//6185 3194//6185 3243//6185
f 3243//6186 3194//6186 3244//6186
f 3194//6187 3195//6187 3244//6187
f 3244//6188 3195//6188 3245//6188
f 3195//6189 3196//6189 3245//6189
f 3245//6190 3196//6190 3246//6190
f 3196//6191 3197//6191 3246//6191
f 3246//6192 3197//6192 3247//6192
f 3197//6193 3198//6193 3247//6193
f 3247//6194 3198//6194 3248//6194
f 3198//6195 3199//6195 3248//6195
f 3248//6196 3199//6196 3249//6196
f 3199//6197 3200//6197 3249//6197
f 3249//6198 3200//6198 3250//6198
f 3200//6199 3201//6199 3250//6199
f 3250//6200 3201//6200 3251//6200
f 3201//6201 3202//6201 3251//6201
f 3251//6202 3202//6202 3252//6202
f 3202//6203 3203//6203 3252//6203
f 3252//6204 3203//6204 3253//6204
f 3203//6205 3204//6205 3253//6205
f 3253//6206 3204//6206 3254//6206
f 3204//6207 3205//6207 3254//6207
f 3254//6208 3205//6208 3255//6208
f 3205//6209 3206//6209 3255//6209
f 3255//6210 3206//6210 3256//6210
f 3206//6211 3207//6211 3256//6211
f 3256//6212 3207//6212 3257//6212
f 3207//6213 3208//6213 3257//6213
f 3257//6214 3208//6214 3258//6214
f 3208//6215 3209//6215 3258//6215
f 3258//6216 3209//6216 3259//6216
f 3209//6217 3210//6217 3259//6217
f 3259//6218 3210//6218 3260//6218
f 3210//6219 3211//6219 3260//6219
f 3260//6220 3211//6220 3261//6220
f 3211//6221 3212//6221 3261//6221
f 3261//6222 3212//6222 3262//6222
f 3212//6223 3213//6223 3262//6223
f 3262//6224 3213//6224 3263//6224
f 3213//6225 3214//6225 3263//6225
f 3263//6226 3214//6226 3264//6226
f 3214//6227 3215//6227 3264//6227
f 3264//6228 3215//6228 3265//6228
f 3215//6229 3216//6229 3265//6229
f 3265//6230 3216//6230 3266//6230
f 3216//6231 3217//6231 3266//6231
f 3266//6232 3217//6232 3267//6232
f 3217//6233 3218//6233 3267//6233
f 3267//6234 3218//6234 3268//6234
f 3218//6235 3219//6235 3268//6235
f 3268//6236 3219//6236 3269//6236
f 3219//6237 3220//6237 3269//6237
f 3269//6238 3220//6238 3270//6238
f 3220//6239 3221//6239 3270//6239
f 3270//6240 3221//6240 3271//6240
f 3221//6241 3222//6241 3271//6241
f 3271//6242 3222//6242 3272//6242
f 3222//6243 3223//6243 3272//6243
f 3272//6244 3223//6244 3273//6244
f 3223//6245 3224//6245 3273//6245
f 3273//6246 3224//6246 3274//6246
f 3224//6247 3225//6247 3274//6247
f 3274//6248 3225//6248 3275//6248
f 3225//6249 3226//6249 3275//6249
f 3275//6250 3226//6250 3276//6250
f 3226//6251 3227//6251 3276//6251
f 3276//6252 3227//6252 3277//6252
f 3227//6253 3228//6253 3277//6253
f 3277//6254 3228//6254 3278//6254
f 3228//6255 3229//6255 3278//6255
f 3278//6256 3229//6256 3279//6256
f 3229//6257 3230//6257 3279//6257
f 3279//6258 3230//6258 3280//6258
f 3230//6259 3231//6259 3280//6259
f 3280//6260 3231//6260 3281//6260
f 3231//6261 3232//6261 3281//6261
f 3281//6262 3232//6262 3282//6262
f 3232//6263 3233//6263 3282//6263
f 3282//6264 3233//6264 3283//6264
f 3233//6265 3234//6265 3283//6265
f 3283//6266 3234//6266 3284//6266
f 3234//6267 3235//6267 3284//6267
f 3284//6268 3235//6268 3285//6268
f 3235//6269 3236//6269 3285//6269
f 3285//6270 3236//6270 3286//6270
f 3236//6271 3237//6271 3286//6271
f 3286//6272 3237//6272 3287//6272
f 3237//6273 3238//6273 3287//6273
f 3287//6274 3238//6274 3288//6274
f 3238//6275 3239//6275 3288//6275
f 3288//6276 3239//6276 3289//6276
f 3239//6277 3240//6277 3289//6277
f 3289//6278 3240//6278 3290//6278
f 3241//6279 3290//6279 3240//6279
f 3292//6280 3291//6280 3242//6280
f 3242//6281 3243//6281 3292//6281
f 3292//6282 3243//6282 3293//6282
f 3243//6283 3244//6283 3293//6283
f 3293//6284 3244//6284 3294//6284
f 3244//6285 3245//6285 3294//6285
f 3294//6286 3245//6286 3295//6286
f 3245//6287 3246//6287 3295//6287
f 3295//6288 3246//6288 3296//6288
f 3246//6289 3247//6289 3296//6289
f 3296//6290 3247//6290 3297//6290
f 3247//6291 3248//6291 3297//6291
f 3297//6292 3248//6292 3298//6292
f 3248//6293 3249//6293 3298//6293
f 3298//6294 3249//6294 3299//6294
f 3249//6295 3250//6295 3299//6295
f 3299//6296 3250//6296 3300//6296
f 3250//6297 3251//6297 3300//6297
f 3300//6298 3251//6298 3301//6298
f 3251//6299 3252//6299 3301//6299
f 3301//6300 3252//6300 3302//6300
f 3252//6301 3253//6301 3302//6301
f 3302//6302 3253//6302 3303//6302
f 3253//6303 3254//6303 3303//6303
f 3303//6304 3254//6304 3304//6304
f 3254//6305 3255//6305 3304//6305
f 3304//6306 3255//6306 3305//6306
f 3255//6307 3256//6307 3305//6307
f 3305//6308 3256//6308 3306//6308
f 3256//6309 3257//6309 3306//6309
f 3306//6310 3257//6310 3307//6310
f 3257//6311 3258//6311 3307//6311
f 3307//6312 3258//6312 3308//6312
f 3258//6313 3259//6313 3308//6313
f 3308//6314 3259//6314 3309//6314
f 3259//6315 3260//6315 3309//6315
f 3309//6316 3260//6316 3310//6316
f 3260//6317 3261//6317 3310//6317
f 3310//6318 3261//6318 3311//6318
f 3261//6319 3262//6319 3311//6319
f 3311//6320 3262//6320 3312//6320
f 3262//6321 3263//6321 3312//6321
f 3312//6322 3263//6322 3313//6322
f 3263//6323 3264//6323 3313//6323
f 3313//6324 3264//6324 3314//6324
f 3264//6325 3265//6325 3314//6325
f 3314//6326 3265//6326 3315//6326
f 3265//6327 3266//6327 3315//6327
f 3315//6328 3266//6328 3316//6328
f 3266//6329 3267//6329 3316//6329
f 3316//6330 3267//6330 3317//6330
f 3267//6331 3268//6331 3317//6331
f 3317//6332 3268//6332 3318//6332
f 3268//6333 3269//6333 3318//6333
f 3318//6334 3269//6334 3319//6334
f 3269//6335 3270//6335 3319//6335
f 3319//6336 3270//6336 3320//6336
f 3270//6337 3271//6337 3320//6337
f 3320//6338 3271//6338 3321//6338
f 3271//6339 3272//6339 3321//6339
f 3321//6340 3272//6340 3322//6340
f 3272//6341 3273//6341 3322//6341
f 3322//6342 3273//6342 3323//6342
f 3273//6343 3274//6343 3323//6343
f 3323//6344 3274//6344 3324//6344
f 3274//6345 3275//6345 3324//6345
f 3324//6346 3275//6346 3325//6346
f 3275//6347 3276//6347 3325//6347
f 3325//6348 3276//6348 3326//6348
f 3276//6349 3277//6349 3326//6349
f 3326//6350 3277//6350 3327//6350
f 3277//6351 3278//6351 3327//6351
f 3327//6352 3278//6352 3328//6352
f 3278//6353 3279//6353 3328//6353
f 3328//6354 3279//6354 3329//6354
f 3279//6355 3280//6355 3329//6355
f 3329//6356 3280//6356 3330//6356
f 3280//6357 3281//6357 3330//6357
f 3330//6358 3281//6358 3331//6358
f 3281//6359 3282//6359 3331//6359
f 3331//6360 3282//6360 3332//6360
f 3282//6361 3283//6361 3332//6361
f 3332//6362 3283//6362 3333//6362
f 3283//6363 3284//6363 3333//6363
f 3333//6364 3284//6364 3334//6364
f 3284//6365 3285//6365 3334//6365
f 3334//6366 3285//6366 3335//6366
f 3285//6367 3286//6367 3335//6367
f 3335//6368 3286//6368 3336//6368
f 3286//6369 3287//6369 3336//6369
f 3336//6370 3287//6370 3337//6370
f 3287//6371 3288//6371 3337//6371
f 3337//6372 3288//6372 3338//6372
f 3288//6373 3289//6373 3338//6373
f 3338//6374 3289//6374 3339//6374
f 3289//6375 3290//6375 3339//6375
f 3340//6376 3339//6376 3290//6376
f 3292//6377 3341//6377 3291//6377
f 3341//6378 3292//6378 3342//6378
f 3292//6379 3293//6379 3342//6379
f 3342//6380 3293//6380 3343//6380
f 3293//6381 3294//6381 3343//6381
f 3343//6382 3294//6382 3344//6382
f 3294//6383 3295//6383 3344//6383
f 3344//6384 3295//6384 3345//6384
f 3295//6385 3296//6385 3345//6385
f 3345//6386 3296//6386 3346//6386
f 3296//6387 3297//6387 3346//6387
f 3346//6388 3297//6388 3347//6388
f 3297//6389 3298//6389 3347//6389
f 3347//6390 3298//6390 3348//6390
f 3298//6391 3299//6391 3348//6391
f 3348//6392 3299//6392 3349//6392
f 3299//6393 3300//6393 3349//6393
f 3349//6394 3300//6394 3350//6394
f 3300//6395 3301//6395 3350//6395
f 3350//6396 3301//6396 3351//6396
f 3301//6397 3302//6397 3351//6397
f 3351//6398 3302//6398 3352//6398
f 3302//6399 3303//6399 3352//6399
f 3352//6400 3303//6400 3353//6400
f 3303//6401 3304//6401 3353//6401
f 3353//6402 3304//6402 3354//6402
f 3304//6403 3305//6403 3354//6403
f 3354//6404 3305//6404 3355//6404
f 3305//6405 3306//6405 3355//6405
f 3355//6406 3306//6406 3356//6406
f 3306//6407 3307//6407 3356//6407
f 3356//6408 3307//6408 3357//6408
f 3307//6409 3308//6409 3357//6409
f 3357//6410 3308//6410 3358//6410
f 3308//6411 3309//6411 3358//6411
f 3358//6412 3309//6412 3359//6412
f 3309//6413 3310//6413 3359//6413
f 3359//6414 3310//6414 3360//6414
f 3310//6415 3311//6415 3360//6415
f 3360//6416 3311//6416 3361//6416
f 3311//6417 3312//6417 3361//6417
f 3361//6418 3312//6418 3362//6418
f 3312//6419 3313//6419 3362//6419
f 3362//6420 3313//6420 3363//6420
f 3313//6421 3314//6421 3363//6421
f 3363//6422 3314//6422 3364//6422
f 3314//6423 3315//6423 3364//6423
f 3364//6424 3315//6424 3365//6424
f 3315//6425 3316//6425 3365//6425
f 3365//6426 3316//6426 3366//6426
f 3316//6427 3317//6427 3366//6427
f 3366//6428 3317//6428 3367//6428
f 3317//6429 3318//6429 3367//6429
f 3367//6430 3318//6430 3368//6430
f 3318//6431 3319//6431 3368//6431
f 3368//6432 3319//6432 3369//6432
f 3319//6433 3320//6433 3369//6433
f 3369//6434 3320//6434 3370//6434
f 3320//6435 3321//6435 3370//6435
f 3370//6436 3321//6436 3371//6436
f 3321//6437 3322//6437 3371//6437
f 3371//6438 3322//6438 3372//6438
f 3322//6439 3323//6439 3372//6439
f 3372//6440 3323//6440 3373//6440
f 3323//6441 3324//6441 3373//6441
f 3373//6442 3324//6442 3374//6442
f 3324//6443 3325//6443 3374//6443
f 3374//6444 3325//6444 3375//6444
f 3325//6445 3326//6445 3375//6445
f 3375//6446 3326//6446 3376//6446
f 3326//6447 3327//6447 3376//6447
f 3376//6448 3327//6448 3377//6448
f 3327//6449 3328//6449 3377//6449
f 3377//6450 3328//6450 3378//6450
f 3328//6451 3329//6451 3378//6451
f 3378//6452 3329//6452 3379//6452
f 3329//6453 3330//6453 3379//6453
f 3379//6454 3330//6454 3380//6454
f 3330//6455 3331//6455 3380//6455
f 3380//6456 3331//6456 3381//6456
f 3331//6457 3332//6457 3381//6457
f 3381//6458 3332//6458 3382//6458
f 3332//6459 3333//6459 3382//6459
f 3382//6460 3333//6460 3383//6460
f 3333//6461 3334//6461 3383//6461
f 3383//6462 3334//6462 3384//6462
f 3334//6463 3335//6463 3384//6463
f 3384//6464 3335//6464 3385//6464
f 3335//6465 3336//6465 3385//6465
f 3385//6466 3336//6466 3386//6466
f 3336//6467 3337//6467 3386//6467
f 3386//6468 3337//6468 3387//6468
f 3337//6469 3338//6469 3387//6469
f 3387//6470 3338//6470 3388//6470
f 3338//6471 3339//6471 3388//6471
f 3388//6472 3339//6472 3389//6472
f 3340//6473 3389//6473 3339//6473
f 3391//6474 3390//6474 3341//6474
f 3341//6475 3342//6475 3391//6475
f 3391//6476 3342//6476 3392//6476
f 3342//6477 3343//6477 3392//6477
f 3392//6478 3343//6478 3393//6478
f 3343//6479 3344//6479 3393//6479
f 3393//6480 3344//6480 3394//6480
f 3344//6481 3345//6481 3394//6481
f 3394//6482 3345//6482 3395//6482
f 3345//6483 3346//6483 3395//6483
f 3395//6484 3346//6484 3396//6484
f 3346//6485 3347//6485 3396//6485
f 3396//6486 3347//6486 3397//6486
f 3347//6487 3348//6487 3397//6487
f 3397//6488 3348//6488 3398//6488
f 3348//6489 3349//6489 3398//6489
f 3398//6490 3349//6490 3399//6490
f 3349//6491 3350//6491 3399//6491
f 3399//6492 3350//6492 3400//6492
f 3350//6493 3351//6493 3400//6493
f 3400//6494 3351//6494 3401//6494
f 3351//6495 3352//6495 3401//6495
f 3401//6496 3352//6496 3402//6496
f 3352//6497 3353//6497 3402//6497
f 3402//6498 3353//6498 3403//6498
f 3353//6499 3354//6499 3403//6499
f 3403//6500 3354//6500 3404//6500
f 3354//6501 3355//6501 3404//6501
f 3404//6502 3355//6502 3405//6502
f 3355//6503 3356//6503 3405//6503
f 3405//6504 3356//6504 3406//6504
f 3356//6505 3357//6505 3406//6505
f 3406//6506 3357//6506 3407//6506
f 3357//6507 3358//6507 3407//6507
f 3407//6508 3358//6508 3408//6508
f 3358//6509 3359//6509 3408//6509
f 3408//6510 3359//6510 3409//6510
f 3359//6511 3360//6511 3409//6511
f 3409//6512 3360//6512 3410//6512
f 3360//6513 3361//6513 3410//6513
f 3410//6514 3361//6514 3411//6514
f 3361//6515 3362//6515 3411//6515
f 3411//6516 3362//6516 3412//6516
f 3362//6517 3363//6517 3412//6517
f 3412//6518 3363//6518 3413//6518
f 3363//6519 3364//6519 3413//6519
f 3413//6520 3364//6520 3414//6520
f 3364//6521 3365//6521 3414//6521
f 3414//6522 3365//6522 3415//6522
f 3365//6523 3366//6523 3415//6523
f 3415//6524 3366//6524 3416//6524
f 3366//6525 3367//6525 3416//6525
f 3416//6526 3367//6526 3417//6526
f 3367//6527 3368//6527 3417//6527
f 3417//6528 3368//6528 3418//6528
f 3368//6529 3369//6529 3418//6529
f 3418//6530 3369//6530 3419//6530
f 3369//6531 3370//6531 3419//6531
f 3419//6532 3370//6532 3420//6532
f 3370//6533 3371//6533 3420//6533
f 3420//6534 3371//6534 3421//6534
f 3371//6535 3372//6535 3421//6535
f 3421//6536 3372//6536 3422//6536
f 3372//6537 3373//6537 3422//6537
f 3422//6538 3373//6538 3423//6538
f 3373//6539 3374//6539 3423//6539
f 3423//6540 3374//6540 3424//6540
f 3374//6541 3375//6541 3424//6541
f 3424//6542 3375//6542 3425//6542
f 3375//6543 3376//6543 3425//6543
f 3425//6544 3376//6544 3426//6544
f 3376//6545 3377//6545 3426//6545
f 3426//6546 3377//6546 3427//6546
f 3377//6547 3378//6547 3427//6547
f 3427//6548 3378//6548 3428//6548
f 3378//6549 3379//6549 3428//6549
f 3428//6550 3379//6550 3429//6550
f 3379//6551 3380//6551 3429//6551
f 3429//6552 3380//6552 3430//6552
f 3380//6553 3381//6553 3430//6553
f 3430//6554 3381//6554 3431//6554
f 3381//6555 3382//6555 3431//6555
f 3431//6556 3382//6556 3432//6556
f 3382//6557 3383//6557 3432//6557
f 3432//6558 3383//6558 3433//6558
f 3383//6559 3384//6559 3433//6559
f 3433//6560 3384//6560 3434//6560
f 3384//6561 3385//6561 3434//6561
f 3434//6562 3385//6562 3435//6562
f 3385//6563 3386//6563 3435//6563
f 3435//6564 3386//6564 3436//6564
f 3386//6565 3387//6565 3436//6565
f 3436//6566 3387//6566 3437//6566
f 3387//6567 3388//6567 3437//6567
f 3437//6568 3388//6568 3438//6568
f 3388//6569 3389//6569 3438//6569
f 3439//6570 3438//6570 3389//6570
f 3390//6571 3391//6571 3440//6571
f 3440//6572 3391//6572 3441//6572
f 3391//6573 3392//6573 3441//6573
f 3441//6574 3392//6574 3442//6574
f 3392//6575 3393//6575 3442//6575
f 3442//6576 3393//6576 3443//6576
f 3393//6577 3394//6577 3443//6577
f 3443//6578 3394//6578 3444//6578
f 3394//6579 3395//6579 3444//6579
f 3444//6580 3395//6580 3445//6580
f 3395//6581 3396//6581 3445//6581
f 3445//6582 3396//6582 3446//6582
f 3396//6583 3397//6583 3446//6583
f 3446//6584 3397//6584 3447//6584
f 3397//6585 3398//6585 3447//6585
f 3447//6586 3398//6586 3448//6586
f 3398//6587 3399//6587 3448//6587
f 3448//6588 3399//6588 3449//6588
f 3399//6589 3400//6589 3449//6589
f 3449//6590 3400//6590 3450//6590
f 3400//6591 3401//6591 3450//6591
f 3450//6592 3401//6592 3451//6592
f 3401//6593 3402//6593 3451//6593
f 3451//6594 3402//6594 3452//6594
f 3402//6595 3403//6595 3452//6595
f 3452//6596 3403//6596 3453//6596
f 3403//6597 3404//6597 3453//6597
f 3453//6598 3404//6598 3454//6598
f 3404//6599 3405//6599 3454//6599
f 3454//6600 3405//6600 3455//6600
f 3405//6601 3406//6601 3455//6601
f 3455//6602 3406//6602 3456//6602
f 3406//6603 3407//6603 3456//6603
f 3456//6604 3407//6604 3457//6604
f 3407//6605 3408//6605 3457//6605
f 3457//6606 3408//6606 3458//6606
f 3408//6607 3409//6607 3458//6607
f 3458//6608 3409//6608 3459//6608
f 3409//6609 3410//6609 3459//6609
f 3459//6610 3410//6610 3460//6610
f 3410//6611 3411//6611 3460//6611
f 3460//6612 3411//6612 3461//6612
f 3411//6613 3412//6613 3461//6613
f 3461//6614 3412//6614 3462//6614
f 3412//6615 3413//6615 3462//6615
f 3462//6616 3413//6616 3463//6616
f 3413//6617 3414//6617 3463//6617
f 3463//6618 3414//6618 3464//6618
f 3414//6619 3415//6619 3464//6619
f 3464//6620 3415//6620 3465//6620
f 3415//6621 3416//6621 3465//6621
f 3465//6622 3416//6622 3466//6622
f 3416//6623 3417//6623 3466//6623
f 3466//6624 3417//6624 3467//6624
f 3417//6625 3418//6625 3467//6625
f 3467//6626 3418//6626 3468//6626
f 3418//6627 3419//6627 3468//6627
f 3468//6628 3419//6628 3469//6628
f 3419//6629 3420//6629 3469//6629
f 3469//6630 3420//6630 3470//6630
f 3420//6631 3421//6631 3470//6631
f 3470//6632 3421//6632 3471//6632
f 3421//6633 3422//6633 3471//6633
f 3471//6634 3422//6634 3472//6634
f 3422//6635 3423//6635 3472//6635
f 3472//6636 3423//6636 3473//6636
f 3423//6637 3424//6637 3473//6637
f 3473//6638 3424//6638 3474//6638
f 3424//6639 3425//6639 3474//6639
f 3474//6640 3425//6640 3475//6640
f 3425//6641 3426//6641 3475//6641
f 3475//6642 3426//6642 3476//6642
f 3426//6643 3427//6643 3476//6643
f 3476//6644 3427//6644 3477//6644
f 3427//6645 3428//6645 3477//6645
f 3477//6646 3428//6646 3478//6646
f 3428//6647 3429//6647 3478//6647
f 3478//6648 3429//6648 3479//6648
f 3429//6649 3430//6649 3479//6649
f 3479//6650 3430//6650 3480//6650
f 3430//6651 3431//6651 3480//6651
f 3480//6652 3431//6652 3481//6652
f 3431//6653 3432//6653 3481//6653
f 3481//6654 3432//6654 3482//6654
f 3432//6655 3433//6655 3482//6655
f 3482//6656 3433//6656 3483//6656
f 3433//6657 3434//6657 3483//6657
f 3483//6658 3434//6658 3484//6658
f 3434//6659 3435//6659 3484//6659
f 3484//6660 3435//6660 3485//6660
f 3435//6661 3436//6661 3485//6661
f 3485//6662 3436//6662 3486//6662
f 3436//6663 3437//6663 3486//6663
f 3486//6664 3437//6664 3487//6664
f 3437//6665 3438//6665 3487//6665
f 3487//6666 3438//6666 3488//6666
f 3439//6667 3488//6667 3438//6667
f 3490//6668 3489//6668 3440//6668
f 3440//6669 3441//6669 3490//6669
f 3490//6670 3441//6670 3491//6670
f 3441//6671 3442//6671 3491//6671
f 3491//6672 3442//6672 3492//6672
f 3442//6673 3443//6673 3492//6673
f 3492//6674 3443//6674 3493//6674
f 3443//6675 3444//6675 3493//6675
f 3493//6676 3444//6676 3494//6676
f 3444//6677 3445//6677 3494//6677
f 3494//6678 3445//6678 3495//6678
f 3445//6679 3446//6679 3495//6679
f 3495//6680 3446//6680 3496//6680
f 3446//6681 3447//6681 3496//6681
f 3496//6682 3447//6682 3497//6682
f 3447//6683 3448//6683 3497//6683
f 3497//6684 3448//6684 3498//6684
f 3448//6685 3449//6685 3498//6685
f 3498//6686 3449//6686 3499//6686
f 3449//6687 3450//6687 3499//6687
f 3499//6688 3450//6688 3500//6688
f 3450//6689 3451//6689 3500//6689
f 3500//6690 3451//6690 3501//6690
f 3451//6691 3452//6691 3501//6691
f 3501//6692 3452//6692 3502//6692
f 3452//6693 3453//6693 3502//6693
f 3502//6694 3453//6694 3503//6694
f 3453//6695 3454//6695 3503//6695
f 3503//6696 3454//6696 3504//6696
f 3454//6697 3455//6697 3504//6697
f 3504//6698 3455//6698 3505//6698
f 3455//6699 3456//6699 3505//6699
f 3505//6700 3456//6700 3506//6700
f 3456//6701 3457//6701 3506//6701
f 3506//6702 3457//6702 3507//6702
f 3457//6703 3458//6703 3507//6703
f 3507//6704 3458//6704 3508//6704
f 3458//6705 3459//6705 3508//6705
f 3508//6706 3459//6706 3509//6706
f 3459//6707 3460//6707 3509//6707
f 3509//6708 3460//6708 3510//6708
f 3460//6709 3461//6709 3510//6709
f 3510//6710 3461//6710 3511//6710
f 3461//6711 3462//6711 3511//6711
f 3511//6712 3462//6712 3512//6712
f 3462//6713 3463//6713 3512//6713
f 3512//6714 3463//6714 3513//6714
f 3463//6715 3464//6715 3513//6715
f 3513//6716 3464//6716 3514//6716
f 3464//6717 3465//6717 3514//6717
f 3514//6718 3465//6718 3515//6718
f 3465//6719 3466//6719 3515//6719
f 3515//6720 3466//6720 3516//6720
f 3466//6721 3467//6721 3516//6721
f 3516//6722 3467//6722 3517//6722
f 3467//6723 3468//6723 3517//6723
f 3517//6724 3468//6724 3518//6724
f 3468//6725 3469//6725 3518//6725
f 3518//6726 3469//6726 3519//6726
f 3469//6727 3470//6727 3519//6727
f 3519//6728 3470//6728 3520//6728
f 3470//6729 3471//6729 3520//6729
f 3520//6730 3471//6730 3521//6730
f 3471//6731 3472//6731 3521//6731
f 3521//6732 3472//6732 3522//6732
f 3472//6733 3473//6733 3522//6733
f 3522//6734 3473//6734 3523//6734
f 3473//6735 3474//6735 3523//6735
f 3523//6736 3474//6736 3524//6736
f 3474//6737 3475//6737 3524//6737
f 3524//6738 3475//6738 3525//6738
f 3475//6739 3476//6739 3525//6739
f 3525//6740 3476//6740 3526//6740
f 3476//6741 3477//6741 3526//6741
f 3526//6742 3477//6742 3527//6742
f 3477//6743 3478//6743 3527//6743
f 3527//6744 3478//6744 3528//6744
f 3478//6745 3479//6745 3528//6745
f 3528//6746 3479//6746 3529//6746
f 3479//6747 3480//6747 3529//6747
f 3529//6748 3480//6748 3530//6748
f 3480//6749 3481//6749 3530//6749
f 3530//6750 3481//6750 3531//6750
f 3481//6751 3482//6751 3531//6751
f 3531//6752 3482//6752 3532//6752
f 3482//6753 3483//6753 3532//6753
f 3532//6754 3483//6754 3533//6754
f 3483//6755 3484//6755 3533//6755
f 3533//6756 3484//6756 3534//6756
f 3484//6757 3485//6757 3534//6757
f 3534//6758 3485//6758 3535//6758
f 3485//6759 3486//6759 3535//6759
f 3535//6760 3486//6760 3536//6760
f 3486//6761 3487//6761 3536//6761
f 3536//6762 3487//6762 3537//6762
f 3488//6763 3537//6763 3487//6763
f 3490//6764 3538//6764 3489//6764
f 3538//6765 3490//6765 3539//6765
f 3490//6766 3491//6766 3539//6766
f 3539//6767 3491//6767 3540//6767
f 3491//6768 3492//6768 3540//6768
f 3540//6769 3492//6769 3541//6769
f 3492//6770 3493//6770 3541//6770
f 3541//6771 3493//6771 3542//6771
f 3493//6772 3494//6772 3542//6772
f 3542//6773 3494//6773 3543//6773
f 3494//6774 3495//6774 3543//6774
f 3543//6775 3495//6775 3544//6775
f 3495//6776 3496//6776 3544//6776
f 3544//6777 3496//6777 3545//6777
f 3496//6778 3497//6778 3545//6778
f 3545//6779 3497//6779 3546//6779
f 3497//6780 3498//6780 3546//6780
f 3546//6781 3498//6781 3547//6781
f 3498//6782 3499//6782 3547//6782
f 3547//6783 3499//6783 3548//6783
f 3499//6784 3500//6784 3548//6784
f 3548//6785 3500//6785 3549//6785
f 3500//6786 3501//6786 3549//6786
f 3549//6787 3501//6787 3550//6787
f 3501//6788 3502//6788 3550//6788
f 3550//6789 3502//6789 3551//6789
f 3502//6790 3503//6790 3551//6790
f 3551//6791 3503//6791 3552//6791
f 3503//6792 3504//6792 3552//6792
f 3552//6793 3504//6793 3553//6793
f 3504//6794 3505//6794 3553//6794
f 3553//6795 3505//6795 3554//6795
f 3505//6796 3506//6796 3554//6796
f 3554//6797 3506//6797 3555//6797
f 3506//6798 3507//6798 3555//6798
f 3555//6799 3507//6799 3556//6799
f 3507//6800 3508//6800 3556//6800
f 3556//6801 3508//6801 3557//6801
f 3508//6802 3509//6802 3557//6802
f 3557//6803 3509//6803 3558//6803
f 3509//6804 3510//6804 3558//6804
f 3558//6805 3510//6805 3559//6805
f 3510//6806 3511//6806 3559//6806
f 3559//6807 3511//6807 3560//6807
f 3511//6808 3512//6808 3560//6808
f 3560//6809 3512//6809 3561//6809
f 3512//6810 3513//6810 3561//6810
f 3561//6811 3513//6811 3562//6811
f 3513//6812 3514//6812 3562//6812
f 3562//6813 3514//6813 3563//6813
f 3514//6814 3515//6814 3563//6814
f 3563//6815 3515//6815 3564//6815
f 3515//6816 3516//6816 3564//6816
f 3564//6817 3516//6817 3565//6817
f 3516//6818 3517//6818 3565//6818
f 3565//6819 3517//6819 3566//6819
f 3517//6820 3518//6820 3566//6820
f 3566//6821 3518//6821 3567//6821
f 3518//6822 3519//6822 3567//6822
f 3567//6823 3519//6823 3568//6823
f 3519//6824 3520//6824 3568//6824
f 3568//6825 3520//6825 3569//6825
f 3520//6826 3521//6826 3569//6826
f 3569//6827 3521//6827 3570//6827
f 3521//6828 3522//6828 3570//6828
f 3570//6829 3522//6829 3571//6829
f 3522//6830 3523//6830 3571//6830
f 3571//6831 3523//6831 3572//6831
f 3523//6832 3524//6832 3572//6832
f 3572//6833 3524//6833 3573//6833
f 3524//6834 3525//6834 3573//6834
f 3573//6835 3525//6835 3574//6835
f 3525//6836 3526//6836 3574//6836
f 3574//6837 3526//6837 3575//6837
f 3526//6838 3527//6838 3575//6838
f 3575//6839 3527//6839 3576//6839
f 3527//6840 3528//6840 3576//6840
f 3576//6841 3528//6841 3577//6841
f 3528//6842 3529//6842 3577//6842
f 3577//6843 3529//6843 3578//6843
f 3529//6844 3530//6844 3578//6844
f 3578//6845 3530//6845 3579//6845
f 3530//6846 3531//6846 3579//6846
f 3579//6847 3531//6847 3580//6847
f 3531//6848 3532//6848 3580//6848
f 3580//6849 3532//6849 3581//6849
f 3532//6850 3533//6850 3581//6850
f 3581//6851 3533//6851 3582//6851
f 3533//6852 3534//6852 3582//6852
f 3582//6853 3534//6853 3583//6853
f 3534//6854 3535//6854 3583//6854
f 3583//6855 3535//6855 3584//6855
f 3535//6856 3536//6856 3584//6856
f 3584//6857 3536//6857 3585//6857
f 3536//6858 3537//6858 3585//6858
f 3586//6859 3585//6859 3537//6859
f 3538//6860 3539//6860 3587//6860
f 3587//6861 3539//6861 3588//6861
f 3539//6862 3540//6862 3588//6862
f 3588//6863 3540//6863 3589//6863
f 3540//6864 3541//6864 3589//6864
f 3589//6865 3541//6865 3590//6865
f 3541//6866 3542//6866 3590//6866
f 3590//6867 3542//6867 3591//6867
f 3542//6868 3543//6868 3591//6868
f 3591//6869 3543//6869 3592//6869
f 3543//6870 3544//6870 3592//6870
f 3592//6871 3544//6871 3593//6871
f 3544//6872 3545//6872 3593//6872
f 3593//6873 3545//6873 3594//6873
f 3545//6874 3546//6874 3594//6874
f 3594//6875 3546//6875 3595//6875
f 3546//6876 3547//6876 3595//6876
f 3595//6877 3547//6877 3596//6877
f 3547//6878 3548//6878 3596//6878
f 3596//6879 3548//6879 3597//6879
f 3548//6880 3549//6880 3597//6880
f 3597//6881 3549//6881 3598//6881
f 3549//6882 3550//6882 3598//6882
f 3598//6883 3550//6883 3599//6883
f 3550//6884 3551//6884 3599//6884
f 3599//6885 3551//6885 3600//6885
f 3551//6886 3552//6886 3600//6886
f 3600//6887 3552//6887 3601//6887
f 3552//6888 3553//6888 3601//6888
f 3601//6889 3553//6889 3602//6889
f 3553//6890 3554//6890 3602//6890
f 3602//6891 3554//6891 3603//6891
f 3554//6892 3555//6892 3603//6892
f 3603//6893 3555//6893 3604//6893
f 3555//6894 3556//6894 3604//6894
f 3604//6895 3556//6895 3605//6895
f 3556//6896 3557//6896 3605//6896
f 3605//6897 3557//6897 3606//6897
f 3557//6898 3558//6898 3606//6898
f 3606//6899 3558//6899 3607//6899
f 3558//6900 3559//6900 3607//6900
f 3607//6901 3559//6901 3608//6901
f 3559//6902 3560//6902 3608//6902
f 3608//6903 3560//6903 3609//6903
f 3560//6904 3561//6904 3609//6904
f 3609//6905 3561//6905 3610//6905
f 3561//6906 3562//6906 3610//6906
f 3610//6907 3562//6907 3611//6907
f 3562//6908 3563//6908 3611//6908
f 3611//6909 3563//6909 3612//6909
f 3563//6910 3564//6910 3612//6910
f 3612//6911 3564//6911 3613//6911
f 3564//6912 3565//6912 3613//6912
f 3613//6913 3565//6913 3614//6913
f 3565//6914 3566//6914 3614//6914
f 3614//6915 3566//6915 3615//6915
f 3566//6916 3567//6916 3615//6916
f 3615//6917 3567//6917 3616//6917
f 3567//6918 3568//6918 3616//6918
f 3616//6919 3568//6919 3617//6919
f 3568//6920 3569//6920 3617//6920
f 3617//6921 3569//6921 3618//6921
f 3569//6922 3570//6922 3618//6922
f 3618//6923 3570//6923 3619//6923
f 3570//6924 3571//6924 3619//6924
f 3619//6925 3571//6925 3620//6925
f 3571//6926 3572//6926 3620//6926
f 3620//6927 3572//6927 3621//6927
f 3572//6928 3573//6928 3621//6928
f 3621//6929 3573//6929 3622//6929
f 3573//6930 3574//6930 3622//6930
f 3622//6931 3574//6931 3623//6931
f 3574//6932 3575//6932 3623//6932
f 3623//6933 3575//6933 3624//6933
f 3575//6934 3576//6934 3624//6934
f 3624//6935 3576//6935 3625//6935
f 3576//6936 3577//6936 3625//6936
f 3625//6937 3577//6937 3626//6937
f 3577//6938 3578//6938 3626//6938
f 3626//6939 3578//6939 3627//6939
f 3578//6940 3579//6940 3627//6940
f 3627//6941 3579//6941 3628//6941
f 3579//6942 3580//6942 3628//6942
f 3628//6943 3580//6943 3629//6943
f 3580//6944 3581//6944 3629//6944
f 3629//6945 3581//6945 3630//6945
f 3581//6946 3582//6946 3630//6946
f 3630//6947 3582//6947 3631//6947
f 3582//6948 3583//6948 3631//6948
f 3631//6949 3583//6949 3632//6949
f 3583//6950 3584//6950 3632//6950
f 3632//6951 3584//6951 3633//6951
f 3584//6952 3585//6952 3633//6952
f 3633//6953 3585//6953 3634//6953
f 3586//6954 3634//6954 3585//6954
f 3636//6955 3635//6955 3587//6955
f 3587//6956 3588//6956 3636//6956
f 3636//6957 3588//6957 3637//6957
f 3588//6958 3589//6958 3637//6958
f 3637//6959 3589//6959 3638//6959
f 3589//6960 3590//6960 3638//6960
f 3638//6961 3590//6961 3639//6961
f 3590//6962 3591//6962 3639//6962
f 3639//6963 3591//6963 3640//6963
f 3591//6964 3592//6964 3640//6964
f 3640//6965 3592//6965 3641//6965
f 3592//6966 3593//6966 3641//6966
f 3641//6967 3593//6967 3642//6967
f 3593//6968 3594//6968 3642//6968
f 3642//6969 3594//6969 3643//6969
f 3594//6970 3595//6970 3643//6970
f 3643//6971 3595//6971 3644//6971
f 3595//6972 3596//6972 3644//6972
f 3644//6973 3596//6973 3645//6973
f 3596//6974 3597//6974 3645//6974
f 3645//6975 3597//6975 3646//6975
f 3597//6976 3598//6976 3646//6976
f 3646//6977 3598//6977 3647//6977
f 3598//6978 3599//6978 3647//6978
f 3647//6979 3599//6979 3648//6979
f 3599//6980 3600//6980 3648//6980
f 3648//6981 3600//6981 3649//6981
f 3600//6982 3601//6982 3649//6982
f 3649//6983 3601//6983 3650//6983
f 3601//6984 3602//6984 3650//6984
f 3650//6985 3602//6985 3651//6985
f 3602//6986 3603//6986 3651//6986
f 3651//6987 3603//6987 3652//6987
f 3603//6988 3604//6988 3652//6988
f 3652//6989 3604//6989 3653//6989
f 3604//6990 3605//6990 3653//6990
f 3653//6991 3605//6991 3654//6991
f 3605//6992 3606//6992 3654//6992
f 3654//6993 3606//6993 3655//6993
f 3606//6994 3607//6994 3655//6994
f 3655//6995 3607//6995 3656//6995
f 3607//6996 3608//6996 3656//6996
f 3656//6997 3608//6997 3657//6997
f 3608//6998 3609//6998 3657//6998
f 3657//6999 3609//6999 3658//6999
f 3609//7000 3610//7000 3658//7000
f 3658//7001 3610//7001 3659//7001
f 3610//7002 3611//7002 3659//7002
f 3659//7003 3611//7003 3660//7003
f 3611//7004 3612//7004 3660//7004
f 3660//7005 3612//7005 3661//7005
f 3612//7006 3613//7006 3661//7006
f 3661//7007 3613//7007 3662//7007
f 3613//7008 3614//7008 3662//7008
f 3662//7009 3614//7009 3663//7009
f 3614//7010 3615//7010 3663//7010
f 3663//7011 3615//7011 3664//7011
f 3615//7012 3616//7012 3664//7012
f 3664//7013 3616//7013 3665//7013
f 3616//7014 3617//7014 3665//7014
f 3665//7015 3617//7015 3666//7015
f 3617//7016 3618//7016 3666//7016
f 3666//7017 3618//7017 3667//7017
f 3618//7018 3619//7018 3667//7018
f 3667//7019 3619//7019 3668//7019
f 3619//7020 3620//7020 3668//7020
f 3668//7021 3620//7021 3669//7021
f 3620//7022 3621//7022 3669//7022
f 3669//7023 3621//7023 3670//7023
f 3621//7024 3622//7024 3670//7024
f 3670//7025 3622//7025 3671//7025
f 3622//7026 3623//7026 3671//7026
f 3671//7027 3623//7027 3672//7027
f 3623//7028 3624//7028 3672//7028
f 3672//7029 3624//7029 3673//7029
f 3624//7030 3625//7030 3673//7030
f 3673//7031 3625//7031 3674//7031
f 3625//7032 3626//7032 3674//7032
f 3674//7033 3626//7033 3675//7033
f 3626//7034 3627//7034 3675//7034
f 3675//7035 3627//7035 3676//7035
f 3627//7036 3628//7036 3676//7036
f 3676//7037 3628//7037 3677//7037
f 3628//7038 3629//7038 3677//7038
f 3677//7039 3629//7039 3678//7039
f 3629//7040 3630//7040 3678//7040
f 3678//7041 3630//7041 3679//7041
f 3630//7042 3631//7042 3679//7042
f 3679//7043 3631//7043 3680//7043
f 3631//7044 3632//7044 3680//7044
f 3680//7045 3632//7045 3681//7045
f 3632//7046 3633//7046 3681//7046
f 3681//7047 3633//7047 3682//7047
f 3634//7048 3682//7048 3633//7048
f 3636//7049 3683//7049 3635//7049
f 3683//7050 3636//7050 3684//7050
f 3636//7051 3637//7051 3684//7051
f 3684//7052 3637//7052 3685//7052
f 3637//7053 3638//7053 3685//7053
f 3685//7054 3638//7054 3686//7054
f 3638//7055 3639//7055 3686//7055
f 3686//7056 3639//7056 3687//7056
f 3639//7057 3640//7057 3687//7057
f 3687//7058 3640//7058 3688//7058
f 3640//7059 3641//7059 3688//7059
f 3688//7060 3641//7060 3689//7060
f 3641//7061 3642//7061 3689//7061
f 3689//7062 3642//7062 3690//7062
f 3642//7063 3643//7063 3690//7063
f 3690//7064 3643//7064 3691//7064
f 3643//7065 3644//7065 3691//7065
f 3691//7066 3644//7066 3692//7066
f 3644//7067 3645//7067 3692//7067
f 3692//7068 3645//7068 3693//7068
f 3645//7069 3646//7069 3693//7069
f 3693//7070 3646//7070 3694//7070
f 3646//7071 3647//7071 3694//7071
f 3694//7072 3647//7072 3695//7072
f 3647//7073 3648//7073 3695//7073
f 3695//7074 3648//7074 3696//7074
f 3648//7075 3649//7075 3696//7075
f 3696//7076 3649//7076 3697//7076
f 3649//7077 3650//7077 3697//7077
f 3697//7078 3650//7078 3698//7078
f 3650//7079 3651//7079 3698//7079
f 3698//7080 3651//7080 3699//7080
f 3651//7081 3652//7081 3699//7081
f 3699//7082 3652//7082 3700//7082
f 3652//7083 3653//7083 3700//7083
f 3700//7084 3653//7084 3701//7084
f 3653//7085 3654//7085 3701//7085
f 3701//7086 3654//7086 3702//7086
f 3654//7087 3655//7087 3702//7087
f 3702//7088 3655//7088 3703//7088
f 3655//7089 3656//7089 3703//7089
f 3703//7090 3656//7090 3704//7090
f 3656//7091 3657//7091 3704//7091
f 3704//7092 3657//7092 3705//7092
f 3657//7093 3658//7093 3705//7093
f 3705//7094 3658//7094 3706//7094
f 3658//7095 3659//7095 3706//7095
f 3706//7096 3659//7096 3707//7096
f 3659//7097 3660//7097 3707//7097
f 3707//7098 3660//7098 3708//7098
f 3660//7099 3661//7099 3708//7099
f 3708//7100 3661//7100 3709//7100
f 3661//7101 3662//7101 3709//7101
f 3709//7102 3662//7102 3710//7102
f 3662//7103 3663//7103 3710//7103
f 3710//7104 3663//7104 3711//7104
f 3663//7105 3664//7105 3711//7105
f 3711//7106 3664//7106 3712//7106
f 3664//7107 3665//7107 3712//7107
f 3712//7108 3665//7108 3713//7108
f 3665//7109 3666//7109 3713//7109
f 3713//7110 3666//7110 3714//7110
f 3666//7111 3667//7111 3714//7111
f 3714//7112 3667//7112 3715//7112
f 3667//7113 3668//7113 3715//7113
f 3715//7114 3668//7114 3716//7114
f 3668//7115 3669//7115 3716//7115
f 3716//7116 3669//7116 3717//7116
f 3669//7117 3670//7117 3717//7117
f 3717//7118 3670//7118 3718//7118
f 3670//7119 3671//7119 3718//7119
f 3718//7120 3671//7120 3719//7120
f 3671//7121 3672//7121 3719//7121
f 3719//7122 3672//7122 3720//7122
f 3672//7123 3673//7123 3720//7123
f 3720//7124 3673//7124 3721//7124
f 3673//7125 3674//7125 3721//7125
f 3721//7126 3674//7126 3722//7126
f 3674//7127 3675//7127 3722//7127
f 3722//7128 3675//7128 3723//7128
f 3675//7129 3676//7129 3723//7129
f 3723//7130 3676//7130 3724//7130
f 3676//7131 3677//7131 3724//7131
f 3724//7132 3677//7132 3725//7132
f 3677//7133 3678//7133 3725//7133
f 3725//7134 3678//7134 3726//7134
f 3678//7135 3679//7135 3726//7135
f 3726//7136 3679//7136 3727//7136
f 3679//7137 3680//7137 3727//7137
f 3727//7138 3680//7138 3728//7138
f 3680//7139 3681//7139 3728//7139
f 3728//7140 3681//7140 3729//7140
f 3681//7141 3682//7141 3729//7141
f 3730//7142 3729//7142 3682//7142
f 3683//7143 3684//7143 3731//7143
f 3731//7144 3684//7144 3732//7144
f 3684//7145 3685//7145 3732//7145
f 3732//7146 3685//7146 3733//7146
f 3685//7147 3686//7147 3733//7147
f 3733//7148 3686//7148 3734//7148
f 3686//7149 3687//7149 3734//7149
f 3734//7150 3687//7150 3735//7150
f 3687//7151 3688//7151 3735//7151
f 3735//7152 3688//7152 3736//7152
f 3688//7153 3689//7153 3736//7153
f 3736//7154 3689//7154 3737//7154
f 3689//7155 3690//7155 3737//7155
f 3737//7156 3690//7156 3738//7156
f 3690//7157 3691//7157 3738//7157
f 3738//7158 3691//7158 3739//7158
f 3691//7159 3692//7159 3739//7159
f 3739//7160 3692//7160 3740//7160
f 3692//7161 3693//7161 3740//7161
f 3740//7162 3693//7162 3741//7162
f 3693//7163 3694//7163 3741//7163
f 3741//7164 3694//7164 3742//7164
f 3694//7165 3695//7165 3742//7165
f 3742//7166 3695//7166 3743//7166
f 3695//7167 3696//7167 3743//7167
f 3743//7168 3696//7168 3744//7168
f 3696//7169 3697//7169 3744//7169
f 3744//7170 3697//7170 3745//7170
f 3697//7171 3698//7171 3745//7171
f 3745//7172 3698//7172 3746//7172
f 3698//7173 3699//7173 3746//7173
f 3746//7174 3699//7174 3747//7174
f 3699//7175 3700//7175 3747//7175
f 3747//7176 3700//7176 3748//7176
f 3700//7177 3701//7177 3748//7177
f 3748//7178 3701//7178 3749//7178
f 3701//7179 3702//7179 3749//7179
f 3749//7180 3702//7180 3750//7180
f 3702//7181 3703//7181 3750//7181
f 3750//7182 3703//7182 3751//7182
f 3703//7183 3704//7183 3751//7183
f 3751//7184 3704//7184 3752//7184
f 3704//7185 3705//7185 3752//7185
f 3752//7186 3705//7186 3753//7186
f 3705//7187 3706//7187 3753//7187
f 3753//7188 3706//7188 3754//7188
f 3706//7189 3707//7189 3754//7189
f 3754//7190 3707//7190 3755//7190
f 3707//7191 3708//7191 3755//7191
f 3755//7192 3708//7192 3756//7192
f 3708//7193 3709//7193 3756//7193
f 3756//7194 3709//7194 3757//7194
f 3709//7195 3710//7195 3757//7195
f 3757//7196 3710//7196 3758//7196
f 3710//7197 3711//7197 3758//7197
f 3758//7198 3711//7198 3759//7198
f 3711//7199 3712//7199 3759//7199
f 3759//7200 3712//7200 3760//7200
f 3712//7201 3713//7201 3760//7201
f 3760//7202 3713//7202 3761//7202
f 3713//7203 3714//7203 3761//7203
f 3761//7204 3714//7204 3762//7204
f 3714//7205 3715//7205 3762//7205
f 3762//7206 3715//7206 3763//7206
f 3715//7207 3716//7207 3763//7207
f 3763//7208 3716//7208 3764//7208
f 3716//7209 3717//7209 3764//7209
f 3764//7210 3717//7210 3765//7210
f 3717//7211 3718//7211 3765//7211
f 3765//7212 3718//7212 3766//7212
f 3718//7213 3719//7213 3766//7213
f 3766//7214 3719//7214 3767//7214
f 3719//7215 3720//7215 3767//7215
f 3767//7216 3720//7216 3768//7216
f 3720//7217 3721//7217 3768//7217
f 3768//7218 3721//7218 3769//7218
f 3721//7219 3722//7219 3769//7219
f 3769//7220 3722//7220 3770//7220
f 3722//7221 3723//7221 3770//7221
f 3770//7222 3723//7222 3771//7222
f 3723//7223 3724//7223 3771//7223
f 3771//7224 3724//7224 3772//7224
f 3724//7225 3725//7225 3772//7225
f 3772//7226 3725//7226 3773//7226
f 3725//7227 3726//7227 3773//7227
f 3773//7228 3726//7228 3774//7228
f 3726//7229 3727//7229 3774//7229
f 3774//7230 3727//7230 3775//7230
f 3727//7231 3728//7231 3775//7231
f 3775//7232 3728//7232 3776//7232
f 3728//7233 3729//7233 3776//7233
f 3777//7234 3776//7234 3729//7234
f 3730//7235 3777//7235 3729//7235
f 3731//7236 3732//7236 3778//7236
f 3778//7237 3732//7237 3779//7237
f 3732//7238 3733//7238 3779//7238
f 3779//7239 3733//7239 3780//7239
f 3733//7240 3734//7240 3780//7240
f 3780//7241 3734//7241 3781//7241
f 3734//7242 3735//7242 3781//7242
f 3781//7243 3735//7243 3782//7243
f 3735//7244 3736//7244 3782//7244
f 3782//7245 3736//7245 3783//7245
f 3736//7246 3737//7246 3783//7246
f 3783//7247 3737//7247 3784//7247
f 3737//7248 3738//7248 3784//7248
f 3784//7249 3738//7249 3785//7249
f 3738//7250 3739//7250 3785//7250
f 3785//7251 3739//7251 3786//7251
f 3739//7252 3740//7252 3786//7252
f 3786//7253 3740//7253 3787//7253
f 3740//7254 3741//7254 3787//7254
f 3787//7255 3741//7255 3788//7255
f 3741//7256 3742//7256 3788//7256
f 3788//7257 3742//7257 3789//7257
f 3742//7258 3743//7258 3789//7258
f 3789//7259 3743//7259 3790//7259
f 3743//7260 3744//7260 3790//7260
f 3790//7261 3744//7261 3791//7261
f 3744//7262 3745//7262 3791//7262
f 3791//7263 3745//7263 3792//7263
f 3745//7264 3746//7264 3792//7264
f 3792//7265 3746//7265 3793//7265
f 3746//7266 3747//7266 3793//7266
f 3793//7267 3747//7267 3794//7267
f 3747//7268 3748//7268 3794//7268
f 3794//7269 3748//7269 3795//7269
f 3748//7270 3749//7270 3795//7270
f 3795//7271 3749//7271 3796//7271
f 3749//7272 3750//7272 3796//7272
f 3796//7273 3750//7273 3797//7273
f 3750//7274 3751//7274 3797//7274
f 3797//7275 3751//7275 3798//7275
f 3751//7276 3752//7276 3798//7276
f 3798//7277 3752//7277 3799//7277
f 3752//7278 3753//7278 3799//7278
f 3799//7279 3753//7279 3800//7279
f 3753//7280 3754//7280 3800//7280
f 3800//7281 3754//7281 3801//7281
f 3754//7282 3755//7282 3801//7282
f 3801//7283 3755//7283 3802//7283
f 3755//7284 3756//7284 3802//7284
f 3802//7285 3756//7285 3803//7285
f 3756//7286 3757//7286 3803//7286
f 3803//7287 3757//7287 3804//7287
f 3757//7288 3758//7288 3804//7288
f 3804//7289 3758//7289 3805//7289
f 3758//7290 3759//7290 3805//7290
f 3805//7291 3759//7291 3806//7291
f 3759//7292 3760//7292 3806//7292
f 3806//7293 3760//7293 3807//7293
f 3760//7294 3761//7294 3807//7294
f 3807//7295 3761//7295 3808//7295
f 3761//7296 3762//7296 3808//7296
f 3808//7297 3762//7297 3809//7297
f 3762//7298 3763//7298 3809//7298
f 3809//7299 3763//7299 3810//7299
f 3763//7300 3764//7300 3810//7300
f 3810//7301 3764//7301 3811//7301
f 3764//7302 3765//7302 3811//7302
f 3811//7303 3765//7303 3812//7303
f 3765//7304 3766//7304 3812//7304
f 3812//7305 3766//7305 3813//7305
f 3766//7306 3767//7306 3813//7306
f 3813//7307 3767//7307 3814//7307
f 3767//7308 3768//7308 3814//7308
f 3814//7309 3768//7309 3815//7309
f 3768//7310 3769//7310 3815//7310
f 3815//7311 3769//7311 3816//7311
f 3769//7312 3770//7312 3816//7312
f 3816//7313 3770//7313 3817//7313
f 3770//7314 3771//7314 3817//7314
f 3817//7315 3771//7315 3818//7315
f 3771//7316 3772//7316 3818//7316
f 3818//7317 3772//7317 3819//7317
f 3772//7318 3773//7318 3819//7318
f 3819//7319 3773//7319 3820//7319
f 3773//7320 3774//7320 3820//7320
f 3820//7321 3774//7321 3821//7321
f 3774//7322 3775//7322 3821//7322
f 3821//7323 3775//7323 3822//7323
f 3775//7324 3776//7324 3822//7324
f 3822//7325 3776//7325 3823//7325
f 3777//7326 3823//7326 3776//7326
f 3778//7327 3779//7327 3824//7327
f 3824//7328 3779//7328 3825//7328
f 3779//7329 3780//7329 3825//7329
f 3825//7330 3780//7330 3826//7330
f 3780//7331 3781//7331 3826//7331
f 3826//7332 3781//7332 3827//7332
f 3781//7333 3782//7333 3827//7333
f 3827//7334 3782//7334 3828//7334
f 3782//7335 3783//7335 3828//7335
f 3828//7336 3783//7336 3829//7336
f 3783//7337 3784//7337 3829//7337
f 3829//7338 3784//7338 3830//7338
f 3784//7339 3785//7339 3830//7339
f 3830//7340 3785//7340 3831//7340
f 3785//7341 3786//7341 3831//7341
f 3831//7342 3786//7342 3832//7342
f 3786//7343 3787//7343 3832//7343
f 3832//7344 3787//7344 3833//7344
f 3787//7345 3788//7345 3833//7345
f 3833//7346 3788//7346 3834//7346
f 3788//7347 3789//7347 3834//7347
f 3834//7348 3789//7348 3835//7348
f 3789//7349 3790//7349 3835//7349
f 3835//7350 3790//7350 3836//7350
f 3790//7351 3791//7351 3836//7351
f 3836//7352 3791//7352 3837//7352
f 3791//7353 3792//7353 3837//7353
f 3837//7354 3792//7354 3838//7354
f 3792//7355 3793//7355 3838//7355
f 3838//7356 3793//7356 3839//7356
f 3793//7357 3794//7357 3839//7357
f 3839//7358 3794//7358 3840//7358
f 3794//7359 3795//7359 3840//7359
f 3840//7360 3795//7360 3841//7360
f 3795//7361 3796//7361 3841//7361
f 3841//7362 3796//7362 3842//7362
f 3796//7363 3797//7363 3842//7363
f 3842//7364 3797//7364 3843//7364
f 3797//7365 3798//7365 3843//7365
f 3843//7366 3798//7366 3844//7366
f 3798//7367 3799//7367 3844//7367
f 3844//7368 3799//7368 3845//7368
f 3799//7369 3800//7369 3845//7369
f 3845//7370 3800//7370 3846//7370
f 3800//7371 3801//7371 3846//7371
f 3846//7372 3801//7372 3847//7372
f 3801//7373 3802//7373 3847//7373
f 3847//7374 3802//7374 3848//7374
f 3802//7375 3803//7375 3848//7375
f 3848//7376 3803//7376 3849//7376
f 3803//7377 3804//7377 3849//7377
f 3849//7378 3804//7378 3850//7378
f 3804//7379 3805//7379 3850//7379
f 3850//7380 3805//7380 3851//7380
f 3805//7381 3806//7381 3851//7381
f 3851//7382 3806//7382 3852//7382
f 3806//7383 3807//7383 3852//7383
f 3852//7384 3807//7384 3853//7384
f 3807//7385 3808//7385 3853//7385
f 3853//7386 3808//7386 3854//7386
f 3808//7387 3809//7387 3854//7387
f 3854//7388 3809//7388 3855//7388
f 3809//7389 3810//7389 3855//7389
f 3855//7390 3810//7390 3856//7390
f 3810//7391 3811//7391 3856//7391
f 3856//7392 3811//7392 3857//7392
f 3811//7393 3812//7393 3857//7393
f 3857//7394 3812//7394 3858//7394
f 3812//7395 3813//7395 3858//7395
f 3858//7396 3813//7396 3859//7396
f 3813//7397 3814//7397 3859//7397
f 3859//7398 3814//7398 3860//7398
f 3814//7399 3815//7399 3860//7399
f 3860//7400 3815//7400 3861//7400
f 3815//7401 3816//7401 3861//7401
f 3861//7402 3816//7402 3862//7402
f 3816//7403 3817//7403 3862//7403
f 3862//7404 3817//7404 3863//7404
f 3817//7405 3818//7405 3863//7405
f 3863//7406 3818//7406 3864//7406
f 3818//7407 3819//7407 3864//7407
f 3864//7408 3819//7408 3865//7408
f 3819//7409 3820//7409 3865//7409
f 3865//7410 3820//7410 3866//7410
f 3820//7411 3821//7411 3866//7411
f 3866//7412 3821//7412 3867//7412
f 3821//7413 3822//7413 3867//7413
f 3867//7414 3822//7414 3868//7414
f 3823//7415 3868//7415 3822//7415
f 3824//7416 3825//7416 3869//7416
f 3869//7417 3825//7417 3870//7417
f 3825//7418 3826//7418 3870//7418
f 3870//7419 3826//7419 3871//7419
f 3826//7420 3827//7420 3871//7420
f 3871//7421 3827//7421 3872//7421
f 3827//7422 3828//7422 3872//7422
f 3872//7423 3828//7423 3873//7423
f 3828//7424 3829//7424 3873//7424
f 3873//7425 3829//7425 3874//7425
f 3829//7426 3830//7426 3874//7426
f 3874//7427 3830//7427 3875//7427
f 3830//7428 3831//7428 3875//7428
f 3875//7429 3831//7429 3876//7429
f 3831//7430 3832//7430 3876//7430
f 3876//7431 3832//7431 3877//7431
f 3832//7432 3833//7432 3877//7432
f 3877//7433 3833//7433 3878//7433
f 3833//7434 3834//7434 3878//7434
f 3878//7435 3834//7435 3879//7435
f 3834//7436 3835//7436 3879//7436
f 3879//7437 3835//7437 3880//7437
f 3835//7438 3836//7438 3880//7438
f 3880//7439 3836//7439 3881//7439
f 3836//7440 3837//7440 3881//7440
f 3881//7441 3837//7441 3882//7441
f 3837//7442 3838//7442 3882//7442
f 3882//7443 3838//7443 3883//7443
f 3838//7444 3839//7444 3883//7444
f 3883//7445 3839//7445 3884//7445
f 3839//7446 3840//7446 3884//7446
f 3884//7447 3840//7447 3885//7447
f 3840//7448 3841//7448 3885//7448
f 3885//7449 3841//7449 3886//7449
f 3841//7450 3842//7450 3886//7450
f 3886//7451 3842//7451 3887//7451
f 3842//7452 3843//7452 3887//7452
f 3887//7453 3843//7453 3888//7453
f 3843//7454 3844//7454 3888//7454
f 3888//7455 3844//7455 3889//7455
f 3844//7456 3845//7456 3889//7456
f 3889//7457 3845//7457 3890//7457
f 3845//7458 3846//7458 3890//7458
f 3890//7459 3846//7459 3891//7459
f 3846//7460 3847//7460 3891//7460
f 3891//7461 3847//7461 3892//7461
f 3847//7462 3848//7462 3892//7462
f 3892//7463 3848//7463 3893//7463
f 3848//7464 3849//7464 3893//7464
f 3893//7465 3849//7465 3894//7465
f 3849//7466 3850//7466 3894//7466
f 3894//7467 3850//7467 3895//7467
f 3850//7468 3851//7468 3895//7468
f 3895//7469 3851//7469 3896//7469
f 3851//7470 3852//7470 3896//7470
f 3896//7471 3852//7471 3897//7471
f 3852//7472 3853//7472 3897//7472
f 3897//7473 3853//7473 3898//7473
f 3853//7474 3854//7474 3898//7474
f 3898//7475 3854//7475 3899//7475
f 3854//7476 3855//7476 3899//7476
f 3899//7477 3855//7477 3900//7477
f 3855//7478 3856//7478 3900//7478
f 3900//7479 3856//7479 3901//7479
f 3856//7480 3857//7480 3901//7480
f 3901//7481 3857//7481 3902//7481
f 3857//7482 3858//7482 3902//7482
f 3902//7483 3858//7483 3903//7483
f 3858//7484 3859//7484 3903//7484
f 3903//7485 3859//7485 3904//7485
f 3859//7486 3860//7486 3904//7486
f 3904//7487 3860//7487 3905//7487
f 3860//7488 3861//7488 3905//7488
f 3905//7489 3861//7489 3906//7489
f 3861//7490 3862//7490 3906//7490
f 3906//7491 3862//7491 3907//7491
f 3862//7492 3863//7492 3907//7492
f 3907//7493 3863//7493 3908//7493
f 3863//7494 3864//7494 3908//7494
f 3908//7495 3864//7495 3909//7495
f 3864//7496 3865//7496 3909//7496
f 3909//7497 3865//7497 3910//7497
f 3865//7498 3866//7498 3910//7498
f 3910//7499 3866//7499 3911//7499
f 3866//7500 3867//7500 3911//7500
f 3911//7501 3867//7501 3912//7501
f 3868//7502 3912//7502 3867//7502
f 3914//7503 3913//7503 3869//7503
f 3869//7504 3870//7504 3914//7504
f 3914//7505 3870//7505 3915//7505
f 3870//7506 3871//7506 3915//7506
f 3915//7507 3871//7507 3916//7507
f 3871//7508 3872//7508 3916//7508
f 3916//7509 3872//7509 3917//7509
f 3872//7510 3873//7510 3917//7510
f 3917//7511 3873//7511 3918//7511
f 3873//7512 3874//7512 3918//7512
f 3918//7513 3874//7513 3919//7513
f 3874//7514 3875//7514 3919//7514
f 3919//7515 3875//7515 3920//7515
f 3875//7516 3876//7516 3920//7516
f 3920//7517 3876//7517 3921//7517
f 3876//7518 3877//7518 3921//7518
f 3921//7519 3877//7519 3922//7519
f 3877//7520 3878//7520 3922//7520
f 3922//7521 3878//7521 3923//7521
f 3878//7522 3879//7522 3923//7522
f 3923//7523 3879//7523 3924//7523
f 3879//7524 3880//7524 3924//7524
f 3924//7525 3880//7525 3925//7525
f 3880//7526 3881//7526 3925//7526
f 3925//7527 3881//7527 3926//7527
f 3881//7528 3882//7528 3926//7528
f 3926//7529 3882//7529 3927//7529
f 3882//7530 3883//7530 3927//7530
f 3927//7531 3883//7531 3928//7531
f 3883//7532 3884//7532 3928//7532
f 3928//7533 3884//7533 3929//7533
f 3884//7534 3885//7534 3929//7534
f 3929//7535 3885//7535 3930//7535
f 3885//7536 3886//7536 3930//7536
f 3930//7537 3886//7537 3931//7537
f 3886//7538 3887//7538 3931//7538
f 3931//7539 3887//7539 3932//7539
f 3887//7540 3888//7540 3932//7540
f 3932//7541 3888//7541 3933//7541
f 3888//7542 3889//7542 3933//7542
f 3933//7543 3889//7543 3934//7543
f 3889//7544 3890//7544 3934//7544
f 3934//7545 3890//7545 3935//7545
f 3890//7546 3891//7546 3935//7546
f 3935//7547 3891//7547 3936//7547
f 3891//7548 3892//7548 3936//7548
f 3936//7549 3892//7549 3937//7549
f 3892//7550 3893//7550 3937//7550
f 3937//7551 3893//7551 3938//7551
f 3893//7552 3894//7552 3938//7552
f 3938//7553 3894//7553 3939//7553
f 3894//7554 3895//7554 3939//7554
f 3939//7555 3895//7555 3940//7555
f 3895//7556 3896//7556 3940//7556
f 3940//7557 3896//7557 3941//7557
f 3896//7558 3897//7558 3941//7558
f 3941//7559 3897//7559 3942//7559
f 3897//7560 3898//7560 3942//7560
f 3942//7561 3898//7561 3943//7561
f 3898//7562 3899//7562 3943//7562
f 3943//7563 3899//7563 3944//7563
f 3899//7564 3900//7564 3944//7564
f 3944//7565 3900//7565 3945//7565
f 3900//7566 3901//7566 3945//7566
f 3945//7567 3901//7567 3946//7567
f 3901//7568 3902//7568 3946//7568
f 3946//7569 3902//7569 3947//7569
f 3902//7570 3903//7570 3947//7570
f 3947//7571 3903//7571 3948//7571
f 3903//7572 3904//7572 3948//7572
f 3948//7573 3904//7573 3949//7573
f 3904//7574 3905//7574 3949//7574
f 3949//7575 3905//7575 3950//7575
f 3905//7576 3906//7576 3950//7576
f 3950//7577 3906//7577 3951//7577
f 3906//7578 3907//7578 3951//7578
f 3951//7579 3907//7579 3952//7579
f 3907//7580 3908//7580 3952//7580
f 3952//7581 3908//7581 3953//7581
f 3908//7582 3909//7582 3953//7582
f 3953//7583 3909//7583 3954//7583
f 3909//7584 3910//7584 3954//7584
f 3954//7585 3910//7585 3955//7585
f 3910//7586 3911//7586 3955//7586
f 3955//7587 3911//7587 3956//7587
f 3912//7588 3956//7588 3911//7588
f 3913//7589 3914//7589 3957//7589
f 3957//7590 3914//7590 3958//7590
f 3914//7591 3915//7591 3958//7591
f 3958//7592 3915//7592 3959//7592
f 3915//7593 3916//7593 3959//7593
f 3959//7594 3916//7594 3960//7594
f 3916//7595 3917//7595 3960//7595
f 3960//7596 3917//7596 3961//7596
f 3917//7597 3918//7597 3961//7597
f 3961//7598 3918//7598 3962//7598
f 3918//7599 3919//7599 3962//7599
f 3962//7600 3919//7600 3963//7600
f 3919//7601 3920//7601 3963//7601
f 3963//7602 3920//7602 3964//7602
f 3920//7603 3921//7603 3964//7603
f 3964//7604 3921//7604 3965//7604
f 3921//7605 3922//7605 3965//7605
f 3965//7606 3922//7606 3966//7606
f 3922//7607 3923//7607 3966//7607
f 3966//7608 3923//7608 3967//7608
f 3923//7609 3924//7609 3967//7609
f 3967//7610 3924//7610 3968//7610
f 3924//7611 3925//7611 3968//7611
f 3968//7612 3925//7612 3969//7612
f 3925//7613 3926//7613 3969//7613
f 3969//7614 3926//7614 3970//7614
f 3926//7615 3927//7615 3970//7615
f 3970//7616 3927//7616 3971//7616
f 3927//7617 3928//7617 3971//7617
f 3971//7618 3928//7618 3972//7618
f 3928//7619 3929//7619 3972//7619
f 3972//7620 3929//7620 3973//7620
f 3929//7621 3930//7621 3973//7621
f 3973//7622 3930//7622 3974//7622
f 3930//7623 3931//7623 3974//7623
f 3974//7624 3931//7624 3975//7624
f 3931//7625 3932//7625 3975//7625
f 3975//7626 3932//7626 3976//7626
f 3932//7627 3933//7627 3976//7627
f 3976//7628 3933//7628 3977//7628
f 3933//7629 3934//7629 3977//7629
f 3977//7630 3934//7630 3978//7630
f 3934//7631 3935//7631 3978//7631
f 3978//7632 3935//7632 3979//7632
f 3935//7633 3936//7633 3979//7633
f 3979//7634 3936//7634 3980//7634
f 3936//7635 3937//7635 3980//7635
f 3980//7636 3937//7636 3981//7636
f 3937//7637 3938//7637 3981//7637
f 3981//7638 3938//7638 3982//7638
f 3938//7639 3939//7639 3982//7639
f 3982//7640 3939//7640 3983//7640
f 3939//7641 3940//7641 3983//7641
f 3983//7642 3940//7642 3984//7642
f 3940//7643 3941//7643 3984//7643
f 3984//7644 3941//7644 3985//7644
f 3941//7645 3942//7645 3985//7645
f 3985//7646 3942//7646 3986//7646
f 3942//7647 3943//7647 3986//7647
f 3986//7648 3943//7648 3987//7648
f 3943//7649 3944//7649 3987//7649
f 3987//7650 3944//7650 3988//7650
f 3944//7651 3945//7651 3988//7651
f 3988//7652 3945//7652 3989//7652
f 3945//7653 3946//7653 3989//7653
f 3989//7654 3946//7654 3990//7654
f 3946//7655 3947//7655 3990//7655
f 3990//7656 3947//7656 3991//7656
f 3947//7657 3948//7657 3991//7657
f 3991//7658 3948//7658 3992//7658
f 3948//7659 3949//7659 3992//7659
f 3992//7660 3949//7660 3993//7660
f 3949//7661 3950//7661 3993//7661
f 3993//7662 3950//7662 3994//7662
f 3950//7663 3951//7663 3994//7663
f 3994//7664 3951//7664 3995//7664
f 3951//7665 3952//7665 3995//7665
f 3995//7666 3952//7666 3996//7666
f 3952//7667 3953//7667 3996//7667
f 3996//7668 3953//7668 3997//7668
f 3953//7669 3954//7669 3997//7669
f 3997//7670 3954//7670 3998//7670
f 3954//7671 3955//7671 3998//7671
f 3998//7672 3955//7672 3999//7672
f 3955//7673 3956//7673 3999//7673
f 3957//7674 3958//7674 4000//7674
f 4001//7675 4000//7675 3958//7675
f 3958//7676 3959//7676 4001//7676
f 4001//7677 3959//7677 4002//7677
f 3959//7678 3960//7678 4002//7678
f 4002//7679 3960//7679 4003//7679
f 3960//7680 3961//7680 4003//7680
f 4003//7681 3961//7681 4004//7681
f 3961//7682 3962//7682 4004//7682
f 4004//7683 3962//7683 4005//7683
f 3962//7684 3963//7684 4005//7684
f 4005//7685 3963//7685 4006//7685
f 3963//7686 3964//7686 4006//7686
f 4006//7687 3964//7687 4007//7687
f 3964//7688 3965//7688 4007//7688
f 4007//7689 3965//7689 4008//7689
f 3965//7690 3966//7690 4008//7690
f 4008//7691 3966//7691 4009//7691
f 3966//7692 3967//7692 4009//7692
f 4009//7693 3967//7693 4010//7693
f 3967//7694 3968//7694 4010//7694
f 4010//7695 3968//7695 4011//7695
f 3968//7696 3969//7696 4011//7696
f 4011//7697 3969//7697 4012//7697
f 3969//7698 3970//7698 4012//7698
f 4012//7699 3970//7699 4013//7699
f 3970//7700 3971//7700 4013//7700
f 4013//7701 3971//7701 4014//7701
f 3971//7702 3972//7702 4014//7702
f 4014//7703 3972//7703 4015//7703
f 3972//7704 3973//7704 4015//7704
f 4015//7705 3973//7705 4016//7705
f 3973//7706 3974//7706 4016//7706
f 4016//7707 3974//7707 4017//7707
f 3974//7708 3975//7708 4017//7708
f 4017//7709 3975//7709 4018//7709
f 3975//7710 3976//7710 4018//7710
f 4018//7711 3976//7711 4019//7711
f 3976//7712 3977//7712 4019//7712
f 4019//7713 3977//7713 4020//7713
f 3977//7714 3978//7714 4020//7714
f 4020//7715 3978//7715 4021//7715
f 3978//7716 3979//7716 4021//7716
f 4021//7717 3979//7717 4022//7717
f 3979//7718 3980//7718 4022//7718
f 4022//7719 3980//7719 4023//7719
f 3980//7720 3981//7720 4023//7720
f 4023//7721 3981//7721 4024//7721
f 3981//7722 3982//7722 4024//7722
f 4024//7723 3982//7723 4025//7723
f 3982//7724 3983//7724 4025//7724
f 4025//7725 3983//7725 4026//7725
f 3983//7726 3984//7726 4026//7726
f 4026//7727 3984//7727 4027//7727
f 3984//7728 3985//7728 4027//7728
f 4027//7729 3985//7729 4028//7729
f 3985//7730 3986//7730 4028//7730
f 4028//7731 3986//7731 4029//7731
f 3986//7732 3987//7732 4029//7732
f 4029//7733 3987//7733 4030//7733
f 3987//7734 3988//7734 4030//7734
f 4030//7735 3988//7735 4031//7735
f 3988//7736 3989//7736 4031//7736
f 4031//7737 3989//7737 4032//7737
f 3989//7738 3990//7738 4032//7738
f 4032//7739 3990//7739 4033//7739
f 3990//7740 3991//7740 4033//7740
f 4033//7741 3991//7741 4034//7741
f 3991//7742 3992//7742 4034//7742
f 4034//7743 3992//7743 4035//7743
f 3992//7744 3993//7744 4035//7744
f 4035//7745 3993//7745 4036//7745
f 3993//7746 3994//7746 4036//7746
f 4036//7747 3994//7747 4037//7747
f 3994//7748 3995//7748 4037//7748
f 4037//7749 3995//7749 4038//7749
f 3995//7750 3996//7750 4038//7750
f 4038//7751 3996//7751 4039//7751
f 3996//7752 3997//7752 4039//7752
f 4039//7753 3997//7753 4040//7753
f 3997//7754 3998//7754 4040//7754
f 4040//7755 3998//7755 4041//7755
f 3999//7756 4041//7756 3998//7756
f 4001//7757 4002//7757 4042//7757
f 4042//7758 4002//7758 4043//7758
f 4002//7759 4003//7759 4043//7759
f 4043//7760 4003//7760 4044//7760
f 4003//7761 4004//7761 4044//7761
f 4044//7762 4004//7762 4045//7762
f 4004//7763 4005//7763 4045//7763
f 4045//7764 4005//7764 4046//7764
f 4005//7765 4006//7765 4046//7765
f 4046//7766 4006//7766 4047//7766
f 4006//7767 4007//7767 4047//7767
f 4047//7768 4007//7768 4048//7768
f 4007//7769 4008//7769 4048//7769
f 4048//7770 4008//7770 4049//7770
f 4008//7771 4009//7771 4049//7771
f 4049//7772 4009//7772 4050//7772
f 4009//7773 4010//7773 4050//7773
f 4050//7774 4010//7774 4051//7774
f 4010//7775 4011//7775 4051//7775
f 4051//7776 4011//7776 4052//7776
f 4011//7777 4012//7777 4052//7777
f 4052//7778 4012//7778 4053//7778
f 4012//7779 4013//7779 4053//7779
f 4053//7780 4013//7780 4054//7780
f 4013//7781 4014//7781 4054//7781
f 4054//7782 4014//7782 4055//7782
f 4014//7783 4015//7783 4055//7783
f 4055//7784 4015//7784 4056//7784
f 4015//7785 4016//7785 4056//7785
f 4056//7786 4016//7786 4057//7786
f 4016//7787 4017//7787 4057//7787
f 4057//7788 4017//7788 4058//7788
f 4017//7789 4018//7789 4058//7789
f 4058//7790 4018//7790 4059//7790
f 4018//7791 4019//7791 4059//7791
f 4059//7792 4019//7792 4060//7792
f 4019//7793 4020//7793 4060//7793
f 4060//7794 4020//7794 4061//7794
f 4020//7795 4021//7795 4061//7795
f 4061//7796 4021//7796 4062//7796
f 4021//7797 4022//7797 4062//7797
f 4062//7798 4022//7798 4063//7798
f 4022//7799 4023//7799 4063//7799
f 4063//7800 4023//7800 4064//7800
f 4023//7801 4024//7801 4064//7801
f 4064//7802 4024//7802 4065//7802
f 4024//7803 4025//7803 4065//7803
f 4065//7804 4025//7804 4066//7804
f 4025//7805 4026//7805 4066//7805
f 4066//7806 4026//7806 4067//7806
f 4026//7807 4027//7807 4067//7807
f 4067//7808 4027//7808 4068//7808
f 4027//7809 4028//7809 4068//7809
f 4068//7810 4028//7810 4069//7810
f 4028//7811 4029//7811 4069//7811
f 4069//7812 4029//7812 4070//7812
f 4029//7813 4030//7813 4070//7813
f 4070//7814 4030//7814 4071//7814
f 4030//7815 4031//7815 4071//7815
f 4071//7816 4031//7816 4072//7816
f 4031//7817 4032//7817 4072//7817
f 4072//7818 4032//7818 4073//7818
f 4032//7819 4033//7819 4073//7819
f 4073//7820 4033//7820 4074//7820
f 4033//7821 4034//7821 4074//7821
f 4074//7822 4034//7822 4075//7822
f 4034//7823 4035//7823 4075//7823
f 4075//7824 4035//7824 4076//7824
f 4035//7825 4036//7825 4076//7825
f 4076//7826 4036//7826 4077//7826
f 4036//7827 4037//7827 4077//7827
f 4077//7828 4037//7828 4078//7828
f 4037//7829 4038//7829 4078//7829
f 4078//7830 4038//7830 4079//7830
f 4038//7831 4039//7831 4079//7831
f 4079//7832 4039//7832 4080//7832
f 4039//7833 4040//7833 4080//7833
f 4080//7834 4040//7834 4081//7834
f 4041//7835 4081//7835 4040//7835
f 4042//7836 4043//7836 4082//7836
f 4082//7837 4043//7837 4083//7837
f 4043//7838 4044//7838 4083//7838
f 4083//7839 4044//7839 4084//7839
f 4044//7840 4045//7840 4084//7840
f 4084//7841 4045//7841 4085//7841
f 4045//7842 4046//7842 4085//7842
f 4085//7843 4046//7843 4086//7843
f 4046//7844 4047//7844 4086//7844
f 4086//7845 4047//7845 4087//7845
f 4047//7846 4048//7846 4087//7846
f 4087//7847 4048//7847 4088//7847
f 4048//7848 4049//7848 4088//7848
f 4088//7849 4049//7849 4089//7849
f 4049//7850 4050//7850 4089//7850
f 4089//7851 4050//7851 4090//7851
f 4050//7852 4051//7852 4090//7852
f 4090//7853 4051//7853 4091//7853
f 4051//7854 4052//7854 4091//7854
f 4091//7855 4052//7855 4092//7855
f 4052//7856 4053//7856 4092//7856
f 4092//7857 4053//7857 4093//7857
f 4053//7858 4054//7858 4093//7858
f 4093//7859 4054//7859 4094//7859
f 4054//7860 4055//7860 4094//7860
f 4094//7861 4055//7861 4095//7861
f 4055//7862 4056//7862 4095//7862
f 4095//7863 4056//7863 4096//7863
f 4056//7864 4057//7864 4096//7864
f 4096//7865 4057//7865 4097//7865
f 4057//7866 4058//7866 4097//7866
f 4097//7867 4058//7867 4098//7867
f 4058//7868 4059//7868 4098//7868
f 4098//7869 4059//7869 4099//7869
f 4059//7870 4060//7870 4099//7870
f 4099//7871 4060//7871 4100//7871
f 4060//7872 4061//7872 4100//7872
f 4100//7873 4061//7873 4101//7873
f 4061//7874 4062//7874 4101//7874
f 4101//7875 4062//7875 4102//7875
f 4062//7876 4063//7876 4102//7876
f 4102//7877 4063//7877 4103//7877
f 4063//7878 4064//7878 4103//7878
f 4103//7879 4064//7879 4104//7879
f 4064//7880 4065//7880 4104//7880
f 4104//7881 4065//7881 4105//7881
f 4065//7882 4066//7882 4105//7882
f 4105//7883 4066//7883 4106//7883
f 4066//7884 4067//7884 4106//7884
f 4106//7885 4067//7885 4107//7885
f 4067//7886 4068//7886 4107//7886
f 4107//7887 4068//7887 4108//7887
f 4068//7888 4069//7888 4108//7888
f 4108//7889 4069//7889 4109//7889
f 4069//7890 4070//7890 4109//7890
f 4109//7891 4070//7891 4110//7891
f 4070//7892 4071//7892 4110//7892
f 4110//7893 4071//7893 4111//7893
f 4071//7894 4072//7894 4111//7894
f 4111//7895 4072//7895 4112//7895
f 4072//7896 4073//7896 4112//7896
f 4112//7897 4073//7897 4113//7897
f 4073//7898 4074//7898 4113//7898
f 4113//7899 4074//7899 4114//7899
f 4074//7900 4075//7900 4114//7900
f 4114//7901 4075//7901 4115//7901
f 4075//7902 4076//7902 4115//7902
f 4115//7903 4076//7903 4116//7903
f 4076//7904 4077//7904 4116//7904
f 4116//7905 4077//7905 4117//7905
f 4077//7906 4078//7906 4117//7906
f 4117//7907 4078//7907 4118//7907
f 4078//7908 4079//7908 4118//7908
f 4118//7909 4079//7909 4119//7909
f 4079//7910 4080//7910 4119//7910
f 4119//7911 4080//7911 4120//7911
f 4081//7912 4120//7912 4080//7912
f 4082//7913 4083//7913 4121//7913
f 4121//7914 4083//7914 4122//7914
f 4083//7915 4084//7915 4122//7915
f 4122//7916 4084//7916 4123//7916
f 4084//7917 4085//7917 4123//7917
f 4123//7918 4085//7918 4124//7918
f 4085//7919 4086//7919 4124//7919
f 4124//7920 4086//7920 4125//7920
f 4086//7921 4087//7921 4125//7921
f 4125//7922 4087//7922 4126//7922
f 4087//7923 4088//7923 4126//7923
f 4126//7924 4088//7924 4127//7924
f 4088//7925 4089//7925 4127//7925
f 4127//7926 4089//7926 4128//7926
f 4089//7927 4090//7927 4128//7927
f 4128//7928 4090//7928 4129//7928
f 4090//7929 4091//7929 4129//7929
f 4129//7930 4091//7930 4130//7930
f 4091//7931 4092//7931 4130//7931
f 4130//7932 4092//7932 4131//7932
f 4092//7933 4093//7933 4131//7933
f 4131//7934 4093//7934 4132//7934
f 4093//7935 4094//7935 4132//7935
f 4132//7936 4094//7936 4133//7936
f 4094//7937 4095//7937 4133//7937
f 4133//7938 4095//7938 4134//7938
f 4095//7939 4096//7939 4134//7939
f 4134//7940 4096//7940 4135//7940
f 4096//7941 4097//7941 4135//7941
f 4135//7942 4097//7942 4136//7942
f 4097//7943 4098//7943 4136//7943
f 4136//7944 4098//7944 4137//7944
f 4098//7945 4099//7945 4137//7945
f 4137//7946 4099//7946 4138//7946
f 4099//7947 4100//7947 4138//7947
f 4138//7948 4100//7948 4139//7948
f 4100//7949 4101//7949 4139//7949
f 4139//7950 4101//7950 4140//7950
f 4101//7951 4102//7951 4140//7951
f 4140//7952 4102//7952 4141//7952
f 4102//7953 4103//7953 4141//7953
f 4141//7954 4103//7954 4142//7954
f 4103//7955 4104//7955 4142//7955
f 4142//7956 4104//7956 4143//7956
f 4104//7957 4105//7957 4143//7957
f 4143//7958 4105//7958 4144//7958
f 4105//7959 4106//7959 4144//7959
f 4144//7960 4106//7960 4145//7960
f 4106//7961 4107//7961 4145//7961
f 4145//7962 4107//7962 4146//7962
f 4107//7963 4108//7963 4146//7963
f 4146//7964 4108//7964 4147//7964
f 4108//7965 4109//7965 4147//7965
f 4147//7966 4109//7966 4148//7966
f 4109//7967 4110//7967 4148//7967
f 4148//7968 4110//7968 4149//7968
f 4110//7969 4111//7969 4149//7969
f 4149//7970 4111//7970 4150//7970
f 4111//7971 4112//7971 4150//7971
f 4150//7972 4112//7972 4151//7972
f 4112//7973 4113//7973 4151//7973
f 4151//7974 4113//7974 4152//7974
f 4113//7975 4114//7975 4152//7975
f 4152//7976 4114//7976 4153//7976
f 4114//7977 4115//7977 4153//7977
f 4153//7978 4115//7978 4154//7978
f 4115//7979 4116//7979 4154//7979
f 4154//7980 4116//7980 4155//7980
f 4116//7981 4117//7981 4155//7981
f 4155//7982 4117//7982 4156//7982
f 4117//7983 4118//7983 4156//7983
f 4156//7984 4118//7984 4157//7984
f 4118//7985 4119//7985 4157//7985
f 4157//7986 4119//7986 4158//7986
f 4120//7987 4158//7987 4119//7987
f 4121//7988 4122//7988 4159//7988
f 4159//7989 4122//7989 4160//7989
f 4122//7990 4123//7990 4160//7990
f 4160//7991 4123//7991 4161//7991
f 4123//7992 4124//7992 4161//7992
f 4161//7993 4124//7993 4162//7993
f 4124//7994 4125//7994 4162//7994
f 4162//7995 4125//7995 4163//7995
f 4125//7996 4126//7996 4163//7996
f 4163//7997 4126//7997 4164//7997
f 4126//7998 4127//7998 4164//7998
f 4164//7999 4127//7999 4165//7999
f 4127//8000 4128//8000 4165//8000
f 4165//8001 4128//8001 4166//8001
f 4128//8002 4129//8002 4166//8002
f 4166//8003 4129//8003 4167//8003
f 4129//8004 4130//8004 4167//8004
f 4167//8005 4130//8005 4168//8005
f 4130//8006 4131//8006 4168//8006
f 4168//8007 4131//8007 4169//8007
f 4131//8008 4132//8008 4169//8008
f 4169//8009 4132//8009 4170//8009
f 4132//8010 4133//8010 4170//8010
f 4170//8011 4133//8011 4171//8011
f 4133//8012 4134//8012 4171//8012
f 4171//8013 4134//8013 4172//8013
f 4134//8014 4135//8014 4172//8014
f 4172//8015 4135//8015 4173//8015
f 4135//8016 4136//8016 4173//8016
f 4173//8017 4136//8017 4174//8017
f 4136//8018 4137//8018 4174//8018
f 4174//8019 4137//8019 4175//8019
f 4137//8020 4138//8020 4175//8020
f 4175//8021 4138//8021 4176//8021
f 4138//8022 4139//8022 4176//8022
f 4176//8023 4139//8023 4177//8023
f 4139//8024 4140//8024 4177//8024
f 4177//8025 4140//8025 4178//8025
f 4140//8026 4141//8026 4178//8026
f 4178//8027 4141//8027 4179//8027
f 4141//8028 4142//8028 4179//8028
f 4179//8029 4142//8029 4180//8029
f 4142//8030 4143//8030 4180//8030
f 4180//8031 4143//8031 4181//8031
f 4143//8032 4144//8032 4181//8032
f 4181//8033 4144//8033 4182//8033
f 4144//8034 4145//8034 4182//8034
f 4182//8035 4145//8035 4183//8035
f 4145//8036 4146//8036 4183//8036
f 4183//8037 4146//8037 4184//8037
f 4146//8038 4147//8038 4184//8038
f 4184//8039 4147//8039 4185//8039
f 4147//8040 4148//8040 4185//8040
f 4185//8041 4148//8041 4186//8041
f 4148//8042 4149//8042 4186//8042
f 4186//8043 4149//8043 4187//8043
f 4149//8044 4150//8044 4187//8044
f 4187//8045 4150//8045 4188//8045
f 4150//8046 4151//8046 4188//8046
f 4188//8047 4151//8047 4189//8047
f 4151//8048 4152//8048 4189//8048
f 4189//8049 4152//8049 4190//8049
f 4152//8050 4153//8050 4190//8050
f 4190//8051 4153//8051 4191//8051
f 4153//8052 4154//8052 4191//8052
f 4191//8053 4154//8053 4192//8053
f 4154//8054 4155//8054 4192//8054
f 4192//8055 4155//8055 4193//8055
f 4155//8056 4156//8056 4193//8056
f 4193//8057 4156//8057 4194//8057
f 4156//8058 4157//8058 4194//8058
f 4160//8059 4195//8059 4159//8059
f 4196//8060 4195//8060 4160//8060
f 4160//8061 4161//8061 4196//8061
f 4196//8062 4161//8062 4197//8062
f 4161//8063 4162//8063 4197//8063
f 4197//8064 4162//8064 4198//8064
f 4162//8065 4163//8065 4198//8065
f 4198//8066 4163//8066 4199//8066
f 4163//8067 4164//8067 4199//8067
f 4199//8068 4164//8068 4200//8068
f 4164//8069 4165//8069 4200//8069
f 4200//8070 4165//8070 4201//8070
f 4165//8071 4166//8071 4201//8071
f 4201//8072 4166//8072 4202//8072
f 4166//8073 4167//8073 4202//8073
f 4202//8074 4167//8074 4203//8074
f 4167//8075 4168//8075 4203//8075
f 4203//8076 4168//8076 4204//8076
f 4168//8077 4169//8077 4204//8077
f 4204//8078 4169//8078 4205//8078
f 4169//8079 4170//8079 4205//8079
f 4205//8080 4170//8080 4206//8080
f 4170//8081 4171//8081 4206//8081
f 4206//8082 4171//8082 4207//8082
f 4171//8083 4172//8083 4207//8083
f 4207//8084 4172//8084 4208//8084
f 4172//8085 4173//8085 4208//8085
f 4208//8086 4173//8086 4209//8086
f 4173//8087 4174//8087 4209//8087
f 4209//8088 4174//8088 4210//8088
f 4174//8089 4175//8089 4210//8089
f 4210//8090 4175//8090 4211//8090
f 4175//8091 4176//8091 4211//8091
f 4211//8092 4176//8092 4212//8092
f 4176//8093 4177//8093 4212//8093
f 4212//8094 4177//8094 4213//8094
f 4177//8095 4178//8095 4213//8095
f 4213//8096 4178//8096 4214//8096
f 4178//8097 4179//8097 4214//8097
f 4214//8098 4179//8098 4215//8098
f 4179//8099 4180//8099 4215//8099
f 4215//8100 4180//8100 4216//8100
f 4180//8101 4181//8101 4216//8101
f 4216//8102 4181//8102 4217//8102
f 4181//8103 4182//8103 4217//8103
f 4217//8104 4182//8104 4218//8104
f 4182//8105 4183//8105 4218//8105
f 4218//8106 4183//8106 4219//8106
f 4183//8107 4184//8107 4219//8107
f 4219//8108 4184//8108 4220//8108
f 4184//8109 4185//8109 4220//8109
f 4220//8110 4185//8110 4221//8110
f 4185//8111 4186//8111 4221//8111
f 4221//8112 4186//8112 4222//8112
f 4186//8113 4187//8113 4222//8113
f 4222//8114 4187//8114 4223//8114
f 4187//8115 4188//8115 4223//8115
f 4223//8116 4188//8116 4224//8116
f 4188//8117 4189//8117 4224//8117
f 4224//8118 4189//8118 4225//8118
f 4189//8119 4190//8119 4225//8119
f 4225//8120 4190//8120 4226//8120
f 4190//8121 4191//8121 4226//8121
f 4226//8122 4191//8122 4227//8122
f 4191//8123 4192//8123 4227//8123
f 4227//8124 4192//8124 4228//8124
f 4192//8125 4193//8125 4228//8125
f 4228//8126 4193//8126 4229//8126
f 4194//8127 4229//8127 4193//8127
f 4196//8128 4197//8128 4230//8128
f 4230//8129 4197//8129 4231//8129
f 4197//8130 4198//8130 4231//8130
f 4231//8131 4198//8131 4232//8131
f 4198//8132 4199//8132 4232//8132
f 4232//8133 4199//8133 4233//8133
f 4199//8134 4200//8134 4233//8134
f 4233//8135 4200//8135 4234//8135
f 4200//8136 4201//8136 4234//8136
f 4234//8137 4201//8137 4235//8137
f 4201//8138 4202//8138 4235//8138
f 4235//8139 4202//8139 4236//8139
f 4202//8140 4203//8140 4236//8140
f 4236//8141 4203//8141 4237//8141
f 4203//8142 4204//8142 4237//8142
f 4237//8143 4204//8143 4238//8143
f 4204//8144 4205//8144 4238//8144
f 4238//8145 4205//8145 4239//8145
f 4205//8146 4206//8146 4239//8146
f 4239//8147 4206//8147 4240//8147
f 4206//8148 4207//8148 4240//8148
f 4240//8149 4207//8149 4241//8149
f 4207//8150 4208//8150 4241//8150
f 4241//8151 4208//8151 4242//8151
f 4208//8152 4209//8152 4242//8152
f 4242//8153 4209//8153 4243//8153
f 4209//8154 4210//8154 4243//8154
f 4243//8155 4210//8155 4244//8155
f 4210//8156 4211//8156 4244//8156
f 4244//8157 4211//8157 4245//8157
f 4211//8158 4212//8158 4245//8158
f 4245//8159 4212//8159 4246//8159
f 4212//8160 4213//8160 4246//8160
f 4246//8161 4213//8161 4247//8161
f 4213//8162 4214//8162 4247//8162
f 4247//8163 4214//8163 4248//8163
f 4214//8164 4215//8164 4248//8164
f 4248//8165 4215//8165 4249//8165
f 4215//8166 4216//8166 4249//8166
f 4249//8167 4216//8167 4250//8167
f 4216//8168 4217//8168 4250//8168
f 4250//8169 4217//8169 4251//8169
f 4217//8170 4218//8170 4251//8170
f 4251//8171 4218//8171 4252//8171
f 4218//8172 4219//8172 4252//8172
f 4252//8173 4219//8173 4253//8173
f 4219//8174 4220//8174 4253//8174
f 4253//8175 4220//8175 4254//8175
f 4220//8176 4221//8176 4254//8176
f 4254//8177 4221//8177 4255//8177
f 4221//8178 4222//8178 4255//8178
f 4255//8179 4222//8179 4256//8179
f 4222//8180 4223//8180 4256//8180
f 4256//8181 4223//8181 4257//8181
f 4223//8182 4224//8182 4257//8182
f 4257//8183 4224//8183 4258//8183
f 4224//8184 4225//8184 4258//8184
f 4258//8185 4225//8185 4259//8185
f 4225//8186 4226//8186 4259//8186
f 4259//8187 4226//8187 4260//8187
f 4226//8188 4227//8188 4260//8188
f 4260//8189 4227//8189 4261//8189
f 4227//8190 4228//8190 4261//8190
f 4231//8191 4262//8191 4230//8191
f 4263//8192 4262//8192 4231//8192
f 4231//8193 4232//8193 4263//8193
f 4263//8194 4232//8194 4264//8194
f 4232//8195 4233//8195 4264//8195
f 4264//8196 4233//8196 4265//8196
f 4233//8197 4234//8197 4265//8197
f 4265//8198 4234//8198 4266//8198
f 4234//8199 4235//8199 4266//8199
f 4266//8200 4235//8200 4267//8200
f 4235//8201 4236//8201 4267//8201
f 4267//8202 4236//8202 4268//8202
f 4236//8203 4237//8203 4268//8203
f 4268//8204 4237//8204 4269//8204
f 4237//8205 4238//8205 4269//8205
f 4269//8206 4238//8206 4270//8206
f 4238//8207 4239//8207 4270//8207
f 4270//8208 4239//8208 4271//8208
f 4239//8209 4240//8209 4271//8209
f 4271//8210 4240//8210 4272//8210
f 4240//8211 4241//8211 4272//8211
f 4272//8212 4241//8212 4273//8212
f 4241//8213 4242//8213 4273//8213
f 4273//8214 4242//8214 4274//8214
f 4242//8215 4243//8215 4274//8215
f 4274//8216 4243//8216 4275//8216
f 4243//8217 4244//8217 4275//8217
f 4275//8218 4244//8218 4276//8218
f 4244//8219 4245//8219 4276//8219
f 4276//8220 4245//8220 4277//8220
f 4245//8221 4246//8221 4277//8221
f 4277//8222 4246//8222 4278//8222
f 4246//8223 4247//8223 4278//8223
f 4278//8224 4247//8224 4279//8224
f 4247//8225 4248//8225 4279//8225
f 4279//8226 4248//8226 4280//8226
f 4248//8227 4249//8227 4280//8227
f 4280//8228 4249//8228 4281//8228
f 4249//8229 4250//8229 4281//8229
f 4281//8230 4250//8230 4282//8230
f 4250//8231 4251//8231 4282//8231
f 4282//8232 4251//8232 4283//8232
f 4251//8233 4252//8233 4283//8233
f 4283//8234 4252//8234 4284//8234
f 4252//8235 4253//8235 4284//8235
f 4284//8236 4253//8236 4285//8236
f 4253//8237 4254//8237 4285//8237
f 4285//8238 4254//8238 4286//8238
f 4254//8239 4255//8239 4286//8239
f 4286//8240 4255//8240 4287//8240
f 4255//8241 4256//8241 4287//8241
f 4287//8242 4256//8242 4288//8242
f 4256//8243 4257//8243 4288//8243
f 4288//8244 4257//8244 4289//8244
f 4257//8245 4258//8245 4289//8245
f 4289//8246 4258//8246 4290//8246
f 4258//8247 4259//8247 4290//8247
f 4290//8248 4259//8248 4291//8248
f 4259//8249 4260//8249 4291//8249
f 4291//8250 4260//8250 4292//8250
f 4260//8251 4261//8251 4292//8251
f 4263//8252 4264//8252 4293//8252
f 4294//8253 4293//8253 4264//8253
f 4264//8254 4265//8254 4294//8254
f 4294//8255 4265//8255 4295//8255
f 4265//8256 4266//8256 4295//8256
f 4295//8257 4266//8257 4296//8257
f 4266//8258 4267//8258 4296//8258
f 4296//8259 4267//8259 4297//8259
f 4267//8260 4268//8260 4297//8260
f 4297//8261 4268//8261 4298//8261
f 4268//8262 4269//8262 4298//8262
f 4298//8263 4269//8263 4299//8263
f 4269//8264 4270//8264 4299//8264
f 4299//8265 4270//8265 4300//8265
f 4270//8266 4271//8266 4300//8266
f 4300//8267 4271//8267 4301//8267
f 4271//8268 4272//8268 4301//8268
f 4301//8269 4272//8269 4302//8269
f 4272//8270 4273//8270 4302//8270
f 4302//8271 4273//8271 4303//8271
f 4273//8272 4274//8272 4303//8272
f 4303//8273 4274//8273 4304//8273
f 4274//8274 4275//8274 4304//8274
f 4304//8275 4275//8275 4305//8275
f 4275//8276 4276//8276 4305//8276
f 4305//8277 4276//8277 4306//8277
f 4276//8278 4277//8278 4306//8278
f 4306//8279 4277//8279 4307//8279
f 4277//8280 4278//8280 4307//8280
f 4307//8281 4278//8281 4308//8281
f 4278//8282 4279//8282 4308//8282
f 4308//8283 4279//8283 4309//8283
f 4279//8284 4280//8284 4309//8284
f 4309//8285 4280//8285 4310//8285
f 4280//8286 4281//8286 4310//8286
f 4310//8287 4281//8287 4311//8287
f 4281//8288 4282//8288 4311//8288
f 4311//8289 4282//8289 4312//8289
f 4282//8290 4283//8290 4312//8290
f 4312//8291 4283//8291 4313//8291
f 4283//8292 4284//8292 4313//8292
f 4313//8293 4284//8293 4314//8293
f 4284//8294 4285//8294 4314//8294
f 4314//8295 4285//8295 4315//8295
f 4285//8296 4286//8296 4315//8296
f 4315//8297 4286//8297 4316//8297
f 4286//8298 4287//8298 4316//8298
f 4316//8299 4287//8299 4317//8299
f 4287//8300 4288//8300 4317//8300
f 4317//8301 4288//8301 4318//8301
f 4288//8302 4289//8302 4318//8302
f 4318//8303 4289//8303 4319//8303
f 4289//8304 4290//8304 4319//8304
f 4319//8305 4290//8305 4320//8305
f 4290//8306 4291//8306 4320//8306
f 4295//8307 4321//8307 4294//8307
f 4322//8308 4321//8308 4295//8308
f 4295//8309 4296//8309 4322//8309
f 4322//8310 4296//8310 4323//8310
f 4296//8311 4297//8311 4323//8311
f 4323//8312 4297//8312 4324//8312
f 4297//8313 4298//8313 4324//8313
f 4324//8314 4298//8314 4325//8314
f 4298//8315 4299//8315 4325//8315
f 4325//8316 4299//8316 4326//8316
f 4299//8317 4300//8317 4326//8317
f 4326//8318 4300//8318 4327//8318
f 4300//8319 4301//8319 4327//8319
f 4327//8320 4301//8320 4328//8320
f 4301//8321 4302//8321 4328//8321
f 4328//8322 4302//8322 4329//8322
f 4302//8323 4303//8323 4329//8323
f 4329//8324 4303//8324 4330//8324
f 4303//8325 4304//8325 4330//8325
f 4330//8326 4304//8326 4331//8326
f 4304//8327 4305//8327 4331//8327
f 4331//8328 4305//8328 4332//8328
f 4305//8329 4306//8329 4332//8329
f 4332//8330 4306//8330 4333//8330
f 4306//8331 4307//8331 4333//8331
f 4333//8332 4307//8332 4334//8332
f 4307//8333 4308//8333 4334//8333
f 4334//8334 4308//8334 4335//8334
f 4308//8335 4309//8335 4335//8335
f 4335//8336 4309//8336 4336//8336
f 4309//8337 4310//8337 4336//8337
f 4336//8338 4310//8338 4337//8338
f 4310//8339 4311//8339 4337//8339
f 4337//8340 4311//8340 4338//8340
f 4311//8341 4312//8341 4338//8341
f 4338//8342 4312//8342 4339//8342
f 4312//8343 4313//8343 4339//8343
f 4339//8344 4313//8344 4340//8344
f 4313//8345 4314//8345 4340//8345
f 4340//8346 4314//8346 4341//8346
f 4314//8347 4315//8347 4341//8347
f 4341//8348 4315//8348 4342//8348
f 4315//8349 4316//8349 4342//8349
f 4342//8350 4316//8350 4343//8350
f 4316//8351 4317//8351 4343//8351
f 4343//8352 4317//8352 4344//8352
f 4317//8353 4318//8353 4344//8353
f 4344//8354 4318//8354 4345//8354
f 4318//8355 4319//8355 4345//8355
f 4323//8356 4346//8356 4322//8356
f 4347//8357 4346//8357 4323//8357
f 4323//8358 4324//8358 4347//8358
f 4348//8359 4347//8359 4324//8359
f 4324//8360 4325//8360 4348//8360
f 4348//8361 4325//8361 4349//8361
f 4325//8362 4326//8362 4349//8362
f 4349//8363 4326//8363 4350//8363
f 4326//8364 4327//8364 4350//8364
f 4350//8365 4327//8365 4351//8365
f 4327//8366 4328//8366 4351//8366
f 4351//8367 4328//8367 4352//8367
f 4328//8368 4329//8368 4352//8368
f 4352//8369 4329//8369 4353//8369
f 4329//8370 4330//8370 4353//8370
f 4353//8371 4330//8371 4354//8371
f 4330//8372 4331//8372 4354//8372
f 4354//8373 4331//8373 4355//8373
f 4331//8374 4332//8374 4355//8374
f 4355//8375 4332//8375 4356//8375
f 4332//8376 4333//8376 4356//8376
f 4356//8377 4333//8377 4357//8377
f 4333//8378 4334//8378 4357//8378
f 4357//8379 4334//8379 4358//8379
f 4334//8380 4335//8380 4358//8380
f 4358//8381 4335//8381 4359//8381
f 4335//8382 4336//8382 4359//8382
f 4359//8383 4336//8383 4360//8383
f 4336//8384 4337//8384 4360//8384
f 4360//8385 4337//8385 4361//8385
f 4337//8386 4338//8386 4361//8386
f 4361//8387 4338//8387 4362//8387
f 4338//8388 4339//8388 4362//8388
f 4362//8389 4339//8389 4363//8389
f 4339//8390 4340//8390 4363//8390
f 4363//8391 4340//8391 4364//8391
f 4340//8392 4341//8392 4364//8392
f 4364//8393 4341//8393 4365//8393
f 4341//8394 4342//8394 4365//8394
f 4365//8395 4342//8395 4366//8395
f 4342//8396 4343//8396 4366//8396
f 4366//8397 4343//8397 4367//8397
f 4343//8398 4344//8398 4367//8398
f 4349//8399 4368//8399 4348//8399
f 4369//8400 4368//8400 4349//8400
f 4349//8401 4350//8401 4369//8401
f 4370//8402 4369//8402 4350//8402
f 4350//8403 4351//8403 4370//8403
f 4371//8404 4370//8404 4351//8404
f 4351//8405 4352//8405 4371//8405
f 4371//8406 4352//8406 4372//8406
f 4352//8407 4353//8407 4372//8407
f 4372//8408 4353//8408 4373//8408
f 4353//8409 4354//8409 4373//8409
f 4373//8410 4354//8410 4374//8410
f 4354//8411 4355//8411 4374//8411
f 4374//8412 4355//8412 4375//8412
f 4355//8413 4356//8413 4375//8413
f 4375//8414 4356//8414 4376//8414
f 4356//8415 4357//8415 4376//8415
f 4376//8416 4357//8416 4377//8416
f 4357//8417 4358//8417 4377//8417
f 4377//8418 4358//8418 4378//8418
f 4358//8419 4359//8419 4378//8419
f 4378//8420 4359//8420 4379//8420
f 4359//8421 4360//8421 4379//8421
f 4379//8422 4360//8422 4380//8422
f 4360//8423 4361//8423 4380//8423
f 4380//8424 4361//8424 4381//8424
f 4361//8425 4362//8425 4381//8425
f 4381//8426 4362//8426 4382//8426
f 4362//8427 4363//8427 4382//8427
f 4382//8428 4363//8428 4383//8428
f 4363//8429 4364//8429 4383//8429
f 4383//8430 4364//8430 4384//8430
f 4364//8431 4365//8431 4384//8431
f 4385//8432 4384//8432 4365//8432
f 4366//8433 4385//8433 4365//8433
f 4371//8434 4386//8434 4370//8434
f 4387//8435 4386//8435 4371//8435
f 4372//8436 4387//8436 4371//8436
f 4388//8437 4387//8437 4372//8437
f 4372//8438 4373//8438 4388//8438
f 4389//8439 4388//8439 4373//8439
f 4373//8440 4374//8440 4389//8440
f 4390//8441 4389//8441 4374//8441
f 4374//8442 4375//8442 4390//8442
f 4390//8443 4375//8443 4391//8443
f 4375//8444 4376//8444 4391//8444
f 4391//8445 4376//8445 4392//8445
f 4376//8446 4377//8446 4392//8446
f 4392//8447 4377//8447 4393//8447
f 4377//8448 4378//8448 4393//8448
f 4394//8449 4393//8449 4378//8449
f 4378//8450 4379//8450 4394//8450
f 4395//8451 4394//8451 4379//8451
f 4379//8452 4380//8452 4395//8452
f 4396//8453 4395//8453 4380//8453
f 4380//8454 4381//8454 4396//8454
f 4397//8455 4396//8455 4381//8455
f 4382//8456 4397//8456 4381//8456
f 4398//8457 4397//8457 4382//8457
f 4383//8458 4398//8458 4382//8458
f 4410//8459 4413//8459 4414//8459 4409//8459
f 4426//8460 4427//8460 4428//8460 4425//8460
f 4440//8461 4443//8461 4444//8461 4439//8461
f 4453//8462 4456//8462 4455//8462 4454//8462
f 4470//8463 4471//8463 4472//8463 4469//8463
f 4485//8464 4488//8464 4487//8464 4486//8464
f 4502//8465 4515//8465 4516//8465 4501//8465
f 4530//8466 4540//8466 4539//8466 4529//8466
f 4559//8467 4562//8467 4561//8467 4560//8467
f 4576//8468 4577//8468 4578//8468 4575//8468
f 4592//8469 4605//8469 4606//8469 4591//8469
f 4608//8470 4616//8470 4615//8470 4607//8470
f 4624//8471 4637//8471 4638//8471 4623//8471
f 4640//8472 4647//8472 4648//8472 4639//8472
f 4655//8473 4657//8473 4658//8473 4656//8473
f 4670//8474 4671//8474 4672//8474 4669//8474
f 4686//8475 4688//8475 4687//8475 4685//8475
f 4685//8476 4689//8476 4690//8476 4686//8476
f 4712//8477 4713//8477 4714//8477 4711//8477
f 4725//8478 4737//8478 4738//8478 4726//8478
f 4786//8479 4787//8479 4788//8479 4785//8479
f 4800//8480 4801//8480 4802//8480 4799//8480
f 4813//8481 4815//8481 4816//8481 4814//8481
f 4830//8482 4833//8482 4834//8482 4829//8482
f 4845//8483 4847//8483 4848//8483 4846//8483
f 4862//8484 4863//8484 4864//8484 4861//8484
f 4861//8485 4874//8485 4873//8485 4862//8485
f 4878//8486 4884//8486 4883//8486 4877//8486
f 4894//8487 4895//8487 4896//8487 4893//8487
f 4893//8488 4906//8488 4905//8488 4894//8488
f 4910//8489 4922//8489 4921//8489 4909//8489
f 4925//8490 4931//8490 4932//8490 4926//8490
f 4942//8491 4949//8491 4950//8491 4941//8491
f 4957//8492 4967//8492 4968//8492 4958//8492
f 4985//8493 4988//8493 4987//8493 4986//8493
f 5001//8494 5004//8494 5003//8494 5002//8494
f 5015//8495 5017//8495 5018//8495 5016//8495
f 5030//8496 5031//8496 5032//8496 5029//8496
f 5029//8497 5033//8497 5034//8497 5030//8497
f 5045//8498 5053//8498 5054//8498 5046//8498
f 5062//8499 5063//8499 5064//8499 5061//8499
f 5078//8500 5079//8500 5080//8500 5077//8500
f 5108//8501 5109//8501 5110//8501 5107//8501
f 5123//8502 5125//8502 5126//8502 5124//8502
f 5137//8503 5147//8503 5148//8503 5138//8503
f 5151//8504 5153//8504 5154//8504 5152//8504
f 5167//8505 5169//8505 5170//8505 5168//8505
f 5183//8506 5185//8506 5186//8506 5184//8506
f 5210//8507 5211//8507 5212//8507 5209//8507
f 5209//8508 5215//8508 5216//8508 5210//8508
f 5225//8509 5227//8509 5228//8509 5226//8509
f 5241//8510 5245//8510 5246//8510 5242//8510
f 5270//8511 5273//8511 5274//8511 5269//8511
f 5286//8512 5287//8512 5288//8512 5285//8512
f 5299//8513 5303//8513 5304//8513 5300//8513
f 5315//8514 5317//8514 5318//8514 5316//8514
f 5329//8515 5333//8515 5334//8515 5330//8515
f 5344//8516 5345//8516 5346//8516 5343//8516
f 5359//8517 5361//8517 5362//8517 5360//8517
f 5376//8518 5377//8518 5378//8518 5375//8518
f 5391//8519 5405//8519 5406//8519 5392//8519
f 5419//8520 5429//8520 5430//8520 5420//8520
f 5450//8521 5451//8521 5452//8521 5449//8521
f 5465//8522 5467//8522 5468//8522 5466//8522
f 5481//8523 5495//8523 5496//8523 5482//8523
f 5497//8524 5505//8524 5506//8524 5498//8524
f 5513//8525 5527//8525 5528//8525 5514//8525
f 5529//8526 5537//8526 5538//8526 5530//8526
f 5546//8527 5547//8527 5548//8527 5545//8527
f 5559//8528 5561//8528 5562//8528 5560//8528
f 5576//8529 5577//8529 5578//8529 5575//8529
f 5575//8530 5579//8530 5580//8530 5576//8530
f 5604//8531 5605//8531 5606//8531 5603//8531
f 5618//8532 5629//8532 5630//8532 5617//8532
f 5678//8533 5680//8533 5679//8533 5677//8533
f 5691//8534 5693//8534 5694//8534 5692//8534
f 5707//8535 5709//8535 5710//8535 5708//8535
f 5724//8536 5727//8536 5728//8536 5723//8536
f 5740//8537 5742//8537 5741//8537 5739//8537
f 5756//8538 5757//8538 5758//8538 5755//8538
f 5755//8539 5767//8539 5768//8539 5756//8539
f 5771//8540 5777//8540 5778//8540 5772//8540
f 5788//8541 5789//8541 5790//8541 5787//8541
f 5787//8542 5799//8542 5800//8542 5788//8542
f 5804//8543 5815//8543 5816//8543 5803//8543
f 5820//8544 5826//8544 5825//8544 5819//8544
f 5836//8545 5843//8545 5844//8545 5835//8545
f 5852//8546 5861//8546 5862//8546 5851//8546
f 5880//8547 5881//8547 5882//8547 5879//8547
f 5896//8548 5897//8548 5898//8548 5895//8548
f 5910//8549 5913//8549 5914//8549 5909//8549
f 5924//8550 5926//8550 5925//8550 5923//8550
f 5923//8551 5927//8551 5928//8551 5924//8551
f 5940//8552 5947//8552 5948//8552 5939//8552
f 5955//8553 5957//8553 5958//8553 5956//8553
f 5971//8554 5974//8554 5973//8554 5972//8554
f 6001//8555 6004//8555 6003//8555 6002//8555
f 6018//8556 6019//8556 6020//8556 6017//8556
f 6032//8557 6041//8557 6042//8557 6031//8557
f 6046//8558 6047//8558 6048//8558 6045//8558
f 6062//8559 6063//8559 6064//8559 6061//8559
f 6078//8560 6079//8560 6080//8560 6077//8560
f 6104//8561 6105//8561 6106//8561 6103//8561
f 6103//8562 6109//8562 6110//8562 6104//8562
f 6120//8563 6122//8563 6121//8563 6119//8563
f 6136//8564 6139//8564 6140//8564 6135//8564
f 6149//8565 6151//8565 6152//8565 6150//8565
f 6164//8566 6167//8566 6168//8566 6163//8566
f 6179//8567 6181//8567 6182//8567 6180//8567
f 4411//8568 4414//8568 4413//8568 4412//8568
f 4412//8569 4416//8569 4415//8569 4411//8569
f 4427//8570 4429//8570 4430//8570 4428//8570
f 4442//8571 4444//8571 4443//8571 4441//8571
f 4441//8572 4446//8572 4445//8572 4442//8572
f 4456//8573 4458//8573 4457//8573 4455//8573
f 4488//8574 4490//8574 4489//8574 4487//8574
f 4504//8575 4508//8575 4507//8575 4503//8575
f 4471//8576 4513//8576 4514//8576 4472//8576
f 4515//8577 4517//8577 4518//8577 4516//8577
f 4532//8578 4533//8578 4534//8578 4531//8578
f 4546//8579 4547//8579 4548//8579 4545//8579
f 4531//8580 4557//8580 4558//8580 4532//8580
f 4562//8581 4564//8581 4563//8581 4561//8581
f 4577//8582 4579//8582 4580//8582 4578//8582
f 4594//8583 4596//8583 4595//8583 4593//8583
f 4610//8584 4611//8584 4612//8584 4609//8584
f 4593//8585 4613//8585 4614//8585 4594//8585
f 4626//8586 4627//8586 4628//8586 4625//8586
f 4609//8587 4631//8587 4632//8587 4610//8587
f 4642//8588 4643//8588 4644//8588 4641//8588
f 4625//8589 4645//8589 4646//8589 4626//8589
f 4641//8590 4658//8590 4657//8590 4642//8590
f 4671//8591 4681//8591 4682//8591 4672//8591
f 4728//8592 4730//8592 4729//8592 4727//8592
f 4727//8593 4732//8593 4731//8593 4728//8593
f 4744//8594 4750//8594 4749//8594 4743//8594
f 4760//8595 4761//8595 4762//8595 4759//8595
f 4774//8596 4781//8596 4782//8596 4773//8596
f 4801//8597 4807//8597 4808//8597 4802//8597
f 4815//8598 4827//8598 4828//8598 4816//8598
f 4832//8599 4834//8599 4833//8599 4831//8599
f 4831//8600 4844//8600 4843//8600 4832//8600
f 4847//8601 4857//8601 4858//8601 4848//8601
f 4863//8602 4865//8602 4866//8602 4864//8602
f 4879//8603 4881//8603 4882//8603 4880//8603
f 4895//8604 4898//8604 4897//8604 4896//8604
f 4911//8605 4915//8605 4916//8605 4912//8605
f 4928//8606 4929//8606 4930//8606 4927//8606
f 4943//8607 4947//8607 4948//8607 4944//8607
f 4959//8608 4961//8608 4962//8608 4960//8608
f 4960//8609 4974//8609 4973//8609 4959//8609
f 5017//8610 5019//8610 5020//8610 5018//8610
f 5047//8611 5049//8611 5050//8611 5048//8611
f 5063//8612 5065//8612 5066//8612 5064//8612
f 5048//8613 5068//8613 5067//8613 5047//8613
f 5093//8614 5095//8614 5096//8614 5094//8614
f 5140//8615 5141//8615 5142//8615 5139//8615
f 5153//8616 5155//8616 5156//8616 5154//8616
f 5139//8617 5170//8617 5169//8617 5140//8617
f 5200//8618 5201//8618 5202//8618 5199//8618
f 5211//8619 5214//8619 5213//8619 5212//8619
f 5185//8620 5224//8620 5223//8620 5186//8620
f 5227//8621 5229//8621 5230//8621 5228//8621
f 5244//8622 5246//8622 5245//8622 5243//8622
f 5243//8623 5247//8623 5248//8623 5244//8623
f 5255//8624 5258//8624 5257//8624 5256//8624
f 5272//8625 5274//8625 5273//8625 5271//8625
f 5271//8626 5275//8626 5276//8626 5272//8626
f 5287//8627 5289//8627 5290//8627 5288//8627
f 5302//8628 5304//8628 5303//8628 5301//8628
f 5301//8629 5305//8629 5306//8629 5302//8629
f 5317//8630 5319//8630 5320//8630 5318//8630
f 5332//8631 5334//8631 5333//8631 5331//8631
f 5331//8632 5335//8632 5336//8632 5332//8632
f 5345//8633 5347//8633 5348//8633 5346//8633
f 5377//8634 5379//8634 5380//8634 5378//8634
f 5393//8635 5397//8635 5398//8635 5394//8635
f 5361//8636 5404//8636 5403//8636 5362//8636
f 5405//8637 5407//8637 5408//8637 5406//8637
f 5422//8638 5423//8638 5424//8638 5421//8638
f 5435//8639 5437//8639 5438//8639 5436//8639
f 5421//8640 5448//8640 5447//8640 5422//8640
f 5451//8641 5453//8641 5454//8641 5452//8641
f 5467//8642 5469//8642 5470//8642 5468//8642
f 5484//8643 5485//8643 5486//8643 5483//8643
f 5500//8644 5501//8644 5502//8644 5499//8644
f 5483//8645 5503//8645 5504//8645 5484//8645
f 5516//8646 5517//8646 5518//8646 5515//8646
f 5499//8647 5521//8647 5522//8647 5500//8647
f 5532//8648 5533//8648 5534//8648 5531//8648
f 5515//8649 5535//8649 5536//8649 5516//8649
f 5531//8650 5548//8650 5547//8650 5532//8650
f 5561//8651 5571//8651 5572//8651 5562//8651
f 5590//8652 5606//8652 5605//8652 5589//8652
f 5620//8653 5621//8653 5622//8653 5619//8653
f 5619//8654 5623//8654 5624//8654 5620//8654
f 5635//8655 5641//8655 5642//8655 5636//8655
f 5652//8656 5653//8656 5654//8656 5651//8656
f 5665//8657 5673//8657 5674//8657 5666//8657
f 5693//8658 5701//8658 5702//8658 5694//8658
f 5709//8659 5721//8659 5722//8659 5710//8659
f 5726//8660 5728//8660 5727//8660 5725//8660
f 5725//8661 5737//8661 5738//8661 5726//8661
f 5742//8662 5751//8662 5752//8662 5741//8662
f 5757//8663 5760//8663 5759//8663 5758//8663
f 5774//8664 5775//8664 5776//8664 5773//8664
f 5789//8665 5791//8665 5792//8665 5790//8665
f 5806//8666 5809//8666 5810//8666 5805//8666
f 5822//8667 5823//8667 5824//8667 5821//8667
f 5838//8668 5841//8668 5842//8668 5837//8668
f 5854//8669 5855//8669 5856//8669 5853//8669
f 5853//8670 5867//8670 5868//8670 5854//8670
f 5911//8671 5914//8671 5913//8671 5912//8671
f 5942//8672 5943//8672 5944//8672 5941//8672
f 5957//8673 5959//8673 5960//8673 5958//8673
f 5941//8674 5961//8674 5962//8674 5942//8674
f 5988//8675 5989//8675 5990//8675 5987//8675
f 6034//8676 6035//8676 6036//8676 6033//8676
f 6047//8677 6049//8677 6050//8677 6048//8677
f 6033//8678 6064//8678 6063//8678 6034//8678
f 6105//8679 6107//8679 6108//8679 6106//8679
f 6079//8680 6117//8680 6118//8680 6080//8680
f 6122//8681 6123//8681 6124//8681 6121//8681
f 6138//8682 6140//8682 6139//8682 6137//8682
f 6137//8683 6141//8683 6142//8683 6138//8683
f 6151//8684 6154//8684 6153//8684 6152//8684
f 6165//8685 6168//8685 6167//8685 6166//8685
f 6166//8686 6170//8686 6169//8686 6165//8686
f 6181//8687 6183//8687 6184//8687 6182//8687
f 4458//8688 4461//8688 4462//8688 4457//8688
f 4474//8689 4475//8689 4476//8689 4473//8689
f 4490//8690 4492//8690 4491//8690 4489//8690
f 4517//8691 4521//8691 4522//8691 4518//8691
f 4547//8692 4559//8692 4560//8692 4548//8692
f 4564//8693 4566//8693 4565//8693 4563//8693
f 4579//8694 4581//8694 4582//8694 4580//8694
f 4596//8695 4598//8695 4597//8695 4595//8695
f 4611//8696 4614//8696 4613//8696 4612//8696
f 4627//8697 4630//8697 4629//8697 4628//8697
f 4643//8698 4646//8698 4645//8698 4644//8698
f 4673//8699 4676//8699 4675//8699 4674//8699
f 4674//8700 4678//8700 4677//8700 4673//8700
f 4689//8701 4695//8701 4696//8701 4690//8701
f 4701//8702 4703//8702 4704//8702 4702//8702
f 4745//8703 4747//8703 4748//8703 4746//8703
f 4776//8704 4777//8704 4778//8704 4775//8704
f 4790//8705 4791//8705 4792//8705 4789//8705
f 4789//8706 4800//8706 4799//8706 4790//8706
f 4803//8707 4805//8707 4806//8707 4804//8707
f 4818//8708 4819//8708 4820//8708 4817//8708
f 4850//8709 4852//8709 4851//8709 4849//8709
f 4849//8710 4853//8710 4854//8710 4850//8710
f 4881//8711 4891//8711 4892//8711 4882//8711
f 4914//8712 4916//8712 4915//8712 4913//8712
f 4913//8713 4923//8713 4924//8713 4914//8713
f 4929//8714 4939//8714 4940//8714 4930//8714
f 4946//8715 4948//8715 4947//8715 4945//8715
f 4945//8716 4955//8716 4956//8716 4946//8716
f 4961//8717 4963//8717 4964//8717 4962//8717
f 4990//8718 4991//8718 4992//8718 4989//8718
f 4989//8719 5003//8719 5004//8719 4990//8719
f 5006//8720 5007//8720 5008//8720 5005//8720
f 5033//8721 5043//8721 5044//8721 5034//8721
f 5049//8722 5051//8722 5052//8722 5050//8722
f 5065//8723 5067//8723 5068//8723 5066//8723
f 5082//8724 5083//8724 5084//8724 5081//8724
f 5095//8725 5097//8725 5098//8725 5096//8725
f 5111//8726 5113//8726 5114//8726 5112//8726
f 5141//8727 5143//8727 5144//8727 5142//8727
f 5155//8728 5157//8728 5158//8728 5156//8728
f 5172//8729 5173//8729 5174//8729 5171//8729
f 4404//8730 5180//8730 5179//8730 4403//8730
f 5187//8731 5189//8731 5190//8731 5188//8731
f 4403//8732 5194//8732 5193//8732 4404//8732
f 5229//8733 5231//8733 5232//8733 5230//8733
f 5214//8734 5290//8734 5289//8734 5213//8734
f 5347//8735 5351//8735 5352//8735 5348//8735
f 5363//8736 5365//8736 5366//8736 5364//8736
f 5379//8737 5381//8737 5382//8737 5380//8737
f 5407//8738 5411//8738 5412//8738 5408//8738
f 5437//8739 5450//8739 5449//8739 5438//8739
f 5453//8740 5455//8740 5456//8740 5454//8740
f 5469//8741 5471//8741 5472//8741 5470//8741
f 5485//8742 5487//8742 5488//8742 5486//8742
f 5501//8743 5504//8743 5503//8743 5502//8743
f 5517//8744 5519//8744 5520//8744 5518//8744
f 5533//8745 5536//8745 5535//8745 5534//8745
f 5564//8746 5565//8746 5566//8746 5563//8746
f 5563//8747 5567//8747 5568//8747 5564//8747
f 5579//8748 5583//8748 5584//8748 5580//8748
f 5591//8749 5595//8749 5596//8749 5592//8749
f 5638//8750 5639//8750 5640//8750 5637//8750
f 5668//8751 5670//8751 5669//8751 5667//8751
f 5682//8752 5683//8752 5684//8752 5681//8752
f 5681//8753 5691//8753 5692//8753 5682//8753
f 5695//8754 5697//8754 5698//8754 5696//8754
f 5696//8755 5700//8755 5699//8755 5695//8755
f 5711//8756 5713//8756 5714//8756 5712//8756
f 5744//8757 5745//8757 5746//8757 5743//8757
f 5743//8758 5747//8758 5748//8758 5744//8758
f 5775//8759 5785//8759 5786//8759 5776//8759
f 5807//8760 5810//8760 5809//8760 5808//8760
f 5808//8761 5818//8761 5817//8761 5807//8761
f 5823//8762 5833//8762 5834//8762 5824//8762
f 5839//8763 5842//8763 5841//8763 5840//8763
f 5840//8764 5850//8764 5849//8764 5839//8764
f 5855//8765 5858//8765 5857//8765 5856//8765
f 5869//8766 5872//8766 5871//8766 5870//8766
f 5884//8767 5885//8767 5886//8767 5883//8767
f 5883//8768 5898//8768 5897//8768 5884//8768
f 5899//8769 5902//8769 5901//8769 5900//8769
f 5927//8770 5937//8770 5938//8770 5928//8770
f 5943//8771 5945//8771 5946//8771 5944//8771
f 5959//8772 5962//8772 5961//8772 5960//8772
f 5976//8773 5978//8773 5977//8773 5975//8773
f 5989//8774 5992//8774 5991//8774 5990//8774
f 6006//8775 6008//8775 6007//8775 6005//8775
f 6035//8776 6037//8776 6038//8776 6036//8776
f 6049//8777 6051//8777 6052//8777 6050//8777
f 6066//8778 6067//8778 6068//8778 6065//8778
f 6082//8779 6083//8779 6084//8779 6081//8779
f 6123//8780 6126//8780 6125//8780 6124//8780
f 6107//8781 6184//8781 6183//8781 6108//8781
f 4416//8782 4417//8782 4418//8782 4415//8782
f 4432//8783 4434//8783 4433//8783 4431//8783
f 4459//8784 4462//8784 4461//8784 4460//8784
f 4460//8785 4464//8785 4463//8785 4459//8785
f 4475//8786 4478//8786 4477//8786 4476//8786
f 4492//8787 4495//8787 4496//8787 4491//8787
f 4520//8788 4522//8788 4521//8788 4519//8788
f 4519//8789 4523//8789 4524//8789 4520//8789
f 4506//8790 4537//8790 4538//8790 4505//8790
f 4550//8791 4552//8791 4551//8791 4549//8791
f 4566//8792 4567//8792 4568//8792 4565//8792
f 4549//8793 4582//8793 4581//8793 4550//8793
f 4598//8794 4601//8794 4602//8794 4597//8794
f 4630//8795 4633//8795 4634//8795 4629//8795
f 4660//8796 4662//8796 4661//8796 4659//8796
f 4691//8797 4693//8797 4694//8797 4692//8797
f 4716//8798 4718//8798 4717//8798 4715//8798
f 4715//8799 4720//8799 4719//8799 4716//8799
f 4732//8800 4741//8800 4742//8800 4731//8800
f 4747//8801 4758//8801 4757//8801 4748//8801
f 4761//8802 4771//8802 4772//8802 4762//8802
f 4791//8803 4793//8803 4794//8803 4792//8803
f 4819//8804 4822//8804 4821//8804 4820//8804
f 4835//8805 4837//8805 4838//8805 4836//8805
f 4868//8806 4869//8806 4870//8806 4867//8806
f 4867//8807 4879//8807 4880//8807 4868//8807
f 4884//8808 4886//8808 4885//8808 4883//8808
f 4899//8809 4901//8809 4902//8809 4900//8809
f 4931//8810 4933//8810 4934//8810 4932//8810
f 4991//8811 4994//8811 4993//8811 4992//8811
f 5007//8812 5009//8812 5010//8812 5008//8812
f 5035//8813 5037//8813 5038//8813 5036//8813
f 5036//8814 5052//8814 5051//8814 5035//8814
f 5083//8815 5085//8815 5086//8815 5084//8815
f 5113//8816 5117//8816 5118//8816 5114//8816
f 5143//8817 5145//8817 5146//8817 5144//8817
f 5157//8818 5172//8818 5171//8818 5158//8818
f 5173//8819 5177//8819 5178//8819 5174//8819
f 5189//8820 5191//8820 5192//8820 5190//8820
f 5201//8821 5203//8821 5204//8821 5202//8821
f 5215//8822 5217//8822 5218//8822 5216//8822
f 5231//8823 5233//8823 5234//8823 5232//8823
f 5247//8824 5251//8824 5252//8824 5248//8824
f 5259//8825 5261//8825 5262//8825 5260//8825
f 5275//8826 5277//8826 5278//8826 5276//8826
f 5292//8827 5293//8827 5294//8827 5291//8827
f 5305//8828 5307//8828 5308//8828 5306//8828
f 5321//8829 5323//8829 5324//8829 5322//8829
f 5335//8830 5337//8830 5338//8830 5336//8830
f 5350//8831 5352//8831 5351//8831 5349//8831
f 5349//8832 5353//8832 5354//8832 5350//8832
f 5365//8833 5367//8833 5368//8833 5366//8833
f 5381//8834 5385//8834 5386//8834 5382//8834
f 5410//8835 5412//8835 5411//8835 5409//8835
f 5409//8836 5413//8836 5414//8836 5410//8836
f 5396//8837 5427//8837 5428//8837 5395//8837
f 5439//8838 5441//8838 5442//8838 5440//8838
f 5455//8839 5457//8839 5458//8839 5456//8839
f 5440//8840 5472//8840 5471//8840 5439//8840
f 5487//8841 5491//8841 5492//8841 5488//8841
f 5519//8842 5523//8842 5524//8842 5520//8842
f 5549//8843 5551//8843 5552//8843 5550//8843
f 5594//8844 5596//8844 5595//8844 5593//8844
f 5608//8845 5609//8845 5610//8845 5607//8845
f 5607//8846 5611//8846 5612//8846 5608//8846
f 5623//8847 5634//8847 5633//8847 5624//8847
f 5639//8848 5649//8848 5650//8848 5640//8848
f 5653//8849 5664//8849 5663//8849 5654//8849
f 5683//8850 5686//8850 5685//8850 5684//8850
f 5697//8851 5707//8851 5708//8851 5698//8851
f 5713//8852 5715//8852 5716//8852 5714//8852
f 5730//8853 5731//8853 5732//8853 5729//8853
f 5761//8854 5763//8854 5764//8854 5762//8854
f 5762//8855 5774//8855 5773//8855 5761//8855
f 5777//8856 5779//8856 5780//8856 5778//8856
f 5794//8857 5795//8857 5796//8857 5793//8857
f 5826//8858 5827//8858 5828//8858 5825//8858
f 5885//8859 5887//8859 5888//8859 5886//8859
f 5902//8860 5903//8860 5904//8860 5901//8860
f 5930//8861 5931//8861 5932//8861 5929//8861
f 5929//8862 5946//8862 5945//8862 5930//8862
f 5978//8863 5980//8863 5979//8863 5977//8863
f 6008//8864 6011//8864 6012//8864 6007//8864
f 6037//8865 6039//8865 6040//8865 6038//8865
f 6051//8866 6066//8866 6065//8866 6052//8866
f 6067//8867 6071//8867 6072//8867 6068//8867
f 6083//8868 6086//8868 6085//8868 6084//8868
f 6109//8869 6111//8869 6112//8869 6110//8869
f 6126//8870 6128//8870 6127//8870 6125//8870
f 6141//8871 6143//8871 6144//8871 6142//8871
f 6170//8872 6171//8872 6172//8872 6169//8872
f 6185//8873 6187//8873 6188//8873 6186//8873
f 4417//8874 4420//8874 4419//8874 4418//8874
f 4478//8875 4480//8875 4479//8875 4477//8875
f 4493//8876 4496//8876 4495//8876 4494//8876
f 4494//8877 4498//8877 4497//8877 4493//8877
f 4508//8878 4509//8878 4510//8878 4507//8878
f 4536//8879 4538//8879 4537//8879 4535//8879
f 4552//8880 4553//8880 4554//8880 4551//8880
f 4567//8881 4570//8881 4569//8881 4568//8881
f 4584//8882 4587//8882 4588//8882 4583//8882
f 4599//8883 4602//8883 4601//8883 4600//8883
f 4616//8884 4619//8884 4620//8884 4615//8884
f 4631//8885 4634//8885 4633//8885 4632//8885
f 4647//8886 4650//8886 4649//8886 4648//8886
f 4662//8887 4664//8887 4663//8887 4661//8887
f 4678//8888 4687//8888 4688//8888 4677//8888
f 4734//8889 4735//8889 4736//8889 4733//8889
f 4733//8890 4745//8890 4746//8890 4734//8890
f 4750//8891 4752//8891 4751//8891 4749//8891
f 4764//8892 4765//8892 4766//8892 4763//8892
f 4763//8893 4767//8893 4768//8893 4764//8893
f 4780//8894 4782//8894 4781//8894 4779//8894
f 4779//8895 4784//8895 4783//8895 4780//8895
f 4822//8896 4830//8896 4829//8896 4821//8896
f 4837//8897 4839//8897 4840//8897 4838//8897
f 4853//8898 4866//8898 4865//8898 4854//8898
f 4869//8899 4872//8899 4871//8899 4870//8899
f 4886//8900 4897//8900 4898//8900 4885//8900
f 4901//8901 4903//8901 4904//8901 4902//8901
f 4917//8902 4919//8902 4920//8902 4918//8902
f 4918//8903 4928//8903 4927//8903 4917//8903
f 4933//8904 4935//8904 4936//8904 4934//8904
f 4949//8905 4951//8905 4952//8905 4950//8905
f 4966//8906 4968//8906 4967//8906 4965//8906
f 4965//8907 4969//8907 4970//8907 4966//8907
f 4977//8908 4987//8908 4988//8908 4978//8908
f 5009//8909 5015//8909 5016//8909 5010//8909
f 5021//8910 5032//8910 5031//8910 5022//8910
f 5037//8911 5039//8911 5040//8911 5038//8911
f 5053//8912 5055//8912 5056//8912 5054//8912
f 5069//8913 5073//8913 5074//8913 5070//8913
f 5085//8914 5087//8914 5088//8914 5086//8914
f 5099//8915 5103//8915 5104//8915 5100//8915
f 5116//8916 5118//8916 5117//8916 5115//8916
f 5115//8917 5119//8917 5120//8917 5116//8917
f 5130//8918 5133//8918 5134//8918 5129//8918
f 5159//8919 5161//8919 5162//8919 5160//8919
f 5176//8920 5178//8920 5177//8920 5175//8920
f 5175//8921 5179//8921 5180//8921 5176//8921
f 5160//8922 5192//8922 5191//8922 5159//8922
f 5217//8923 5219//8923 5220//8923 5218//8923
f 5233//8924 5237//8924 5238//8924 5234//8924
f 5250//8925 5252//8925 5251//8925 5249//8925
f 5261//8926 5263//8926 5264//8926 5262//8926
f 5277//8927 5279//8927 5280//8927 5278//8927
f 5307//8928 5309//8928 5310//8928 5308//8928
f 5367//8929 5369//8929 5370//8929 5368//8929
f 5384//8930 5386//8930 5385//8930 5383//8930
f 5383//8931 5387//8931 5388//8931 5384//8931
f 5397//8932 5399//8932 5400//8932 5398//8932
f 5425//8933 5428//8933 5427//8933 5426//8933
f 5441//8934 5443//8934 5444//8934 5442//8934
f 5457//8935 5459//8935 5460//8935 5458//8935
f 5473//8936 5477//8936 5478//8936 5474//8936
f 5490//8937 5492//8937 5491//8937 5489//8937
f 5505//8938 5509//8938 5510//8938 5506//8938
f 5521//8939 5524//8939 5523//8939 5522//8939
f 5537//8940 5539//8940 5540//8940 5538//8940
f 5551//8941 5553//8941 5554//8941 5552//8941
f 5567//8942 5578//8942 5577//8942 5568//8942
f 5626//8943 5627//8943 5628//8943 5625//8943
f 5625//8944 5638//8944 5637//8944 5626//8944
f 5641//8945 5643//8945 5644//8945 5642//8945
f 5656//8946 5658//8946 5657//8946 5655//8946
f 5655//8947 5659//8947 5660//8947 5656//8947
f 5672//8948 5674//8948 5673//8948 5671//8948
f 5671//8949 5675//8949 5676//8949 5672//8949
f 5715//8950 5724//8950 5723//8950 5716//8950
f 5731//8951 5733//8951 5734//8951 5732//8951
f 5747//8952 5759//8952 5760//8952 5748//8952
f 5763//8953 5765//8953 5766//8953 5764//8953
f 5779//8954 5792//8954 5791//8954 5780//8954
f 5795//8955 5797//8955 5798//8955 5796//8955
f 5812//8956 5813//8956 5814//8956 5811//8956
f 5811//8957 5822//8957 5821//8957 5812//8957
f 5827//8958 5830//8958 5829//8958 5828//8958
f 5843//8959 5845//8959 5846//8959 5844//8959
f 5860//8960 5862//8960 5861//8960 5859//8960
f 5859//8961 5864//8961 5863//8961 5860//8961
f 5903//8962 5910//8962 5909//8962 5904//8962
f 5916//8963 5925//8963 5926//8963 5915//8963
f 5931//8964 5933//8964 5934//8964 5932//8964
f 5947//8965 5949//8965 5950//8965 5948//8965
f 5964//8966 5967//8966 5968//8966 5963//8966
f 5980//8967 5981//8967 5982//8967 5979//8967
f 5994//8968 5997//8968 5998//8968 5993//8968
f 6009//8969 6012//8969 6011//8969 6010//8969
f 6010//8970 6014//8970 6013//8970 6009//8970
f 6024//8971 6027//8971 6028//8971 6023//8971
f 6054//8972 6056//8972 6055//8972 6053//8972
f 6069//8973 6072//8973 6071//8973 6070//8973
f 6070//8974 6074//8974 6073//8974 6069//8974
f 6053//8975 6085//8975 6086//8975 6054//8975
f 6111//8976 6113//8976 6114//8976 6112//8976
f 6128//8977 6131//8977 6132//8977 6127//8977
f 6156//8978 6158//8978 6157//8978 6155//8978
f 6171//8979 6174//8979 6173//8979 6172//8979
f 4420//8980 4422//8980 4421//8980 4419//8980
f 4434//8981 4435//8981 4436//8981 4433//8981
f 4447//8982 4449//8982 4450//8982 4448//8982
f 4448//8983 4452//8983 4451//8983 4447//8983
f 4464//8984 4466//8984 4465//8984 4463//8984
f 4480//8985 4481//8985 4482//8985 4479//8985
f 4509//8986 4512//8986 4511//8986 4510//8986
f 4523//8987 4525//8987 4526//8987 4524//8987
f 4553//8988 4556//8988 4555//8988 4554//8988
f 4570//8989 4584//8989 4583//8989 4569//8989
f 4585//8990 4588//8990 4587//8990 4586//8990
f 4586//8991 4590//8991 4589//8991 4585//8991
f 4617//8992 4620//8992 4619//8992 4618//8992
f 4618//8993 4622//8993 4621//8993 4617//8993
f 4650//8994 4651//8994 4652//8994 4649//8994
f 4664//8995 4666//8995 4665//8995 4663//8995
f 4680//8996 4682//8996 4681//8996 4679//8996
f 4679//8997 4683//8997 4684//8997 4680//8997
f 4695//8998 4698//8998 4697//8998 4696//8998
f 4705//8999 4708//8999 4707//8999 4706//8999
f 4720//9000 4729//9000 4730//9000 4719//9000
f 4735//9001 4738//9001 4737//9001 4736//9001
f 4765//9002 4776//9002 4775//9002 4766//9002
f 4807//9003 4810//9003 4809//9003 4808//9003
f 4823//9004 4825//9004 4826//9004 4824//9004
f 4824//9005 4828//9005 4827//9005 4823//9005
f 4839//9006 4845//9006 4846//9006 4840//9006
f 4856//9007 4858//9007 4857//9007 4855//9007
f 4855//9008 4859//9008 4860//9008 4856//9008
f 4887//9009 4889//9009 4890//9009 4888//9009
f 4888//9010 4892//9010 4891//9010 4887//9010
f 4903//9011 4911//9011 4912//9011 4904//9011
f 4919//9012 4921//9012 4922//9012 4920//9012
f 4935//9013 4943//9013 4944//9013 4936//9013
f 4951//9014 4954//9014 4953//9014 4952//9014
f 4979//9015 4981//9015 4982//9015 4980//9015
f 4980//9016 4993//9016 4994//9016 4979//9016
f 4995//9017 4997//9017 4998//9017 4996//9017
f 5011//9018 5013//9018 5014//9018 5012//9018
f 5023//9019 5025//9019 5026//9019 5024//9019
f 5012//9020 5028//9020 5027//9020 5011//9020
f 5024//9021 5040//9021 5039//9021 5023//9021
f 5055//9022 5057//9022 5058//9022 5056//9022
f 5072//9023 5074//9023 5073//9023 5071//9023
f 5071//9024 5082//9024 5081//9024 5072//9024
f 5087//9025 5089//9025 5090//9025 5088//9025
f 5102//9026 5104//9026 5103//9026 5101//9026
f 5101//9027 5111//9027 5112//9027 5102//9027
f 5132//9028 5134//9028 5133//9028 5131//9028
f 5131//9029 5135//9029 5136//9029 5132//9029
f 5161//9030 5165//9030 5166//9030 5162//9030
f 5219//9031 5221//9031 5222//9031 5220//9031
f 5236//9032 5238//9032 5237//9032 5235//9032
f 5235//9033 5239//9033 5240//9033 5236//9033
f 5263//9034 5267//9034 5268//9034 5264//9034
f 5279//9035 5281//9035 5282//9035 5280//9035
f 5309//9036 5311//9036 5312//9036 5310//9036
f 5323//9037 5325//9037 5326//9037 5324//9037
f 5339//9038 5341//9038 5342//9038 5340//9038
f 5353//9039 5355//9039 5356//9039 5354//9039
f 5369//9040 5371//9040 5372//9040 5370//9040
f 5399//9041 5401//9041 5402//9041 5400//9041
f 5413//9042 5415//9042 5416//9042 5414//9042
f 5443//9043 5445//9043 5446//9043 5444//9043
f 5459//9044 5473//9044 5474//9044 5460//9044
f 5476//9045 5478//9045 5477//9045 5475//9045
f 5475//9046 5479//9046 5480//9046 5476//9046
f 5508//9047 5510//9047 5509//9047 5507//9047
f 5507//9048 5511//9048 5512//9048 5508//9048
f 5539//9049 5541//9049 5542//9049 5540//9049
f 5553//9050 5555//9050 5556//9050 5554//9050
f 5570//9051 5572//9051 5571//9051 5569//9051
f 5569//9052 5574//9052 5573//9052 5570//9052
f 5583//9053 5585//9053 5586//9053 5584//9053
f 5598//9054 5599//9054 5600//9054 5597//9054
f 5611//9055 5622//9055 5621//9055 5612//9055
f 5627//9056 5630//9056 5629//9056 5628//9056
f 5658//9057 5668//9057 5667//9057 5657//9057
f 5701//9058 5703//9058 5704//9058 5702//9058
f 5718//9059 5720//9059 5719//9059 5717//9059
f 5717//9060 5722//9060 5721//9060 5718//9060
f 5733//9061 5740//9061 5739//9061 5734//9061
f 5749//9062 5752//9062 5751//9062 5750//9062
f 5750//9063 5754//9063 5753//9063 5749//9063
f 5782//9064 5784//9064 5783//9064 5781//9064
f 5781//9065 5786//9065 5785//9065 5782//9065
f 5797//9066 5806//9066 5805//9066 5798//9066
f 5813//9067 5816//9067 5815//9067 5814//9067
f 5830//9068 5838//9068 5837//9068 5829//9068
f 5845//9069 5847//9069 5848//9069 5846//9069
f 5874//9070 5876//9070 5875//9070 5873//9070
f 5873//9071 5888//9071 5887//9071 5874//9071
f 5890//9072 5892//9072 5891//9072 5889//9072
f 5906//9073 5907//9073 5908//9073 5905//9073
f 5918//9074 5919//9074 5920//9074 5917//9074
f 5905//9075 5921//9075 5922//9075 5906//9075
f 5917//9076 5934//9076 5933//9076 5918//9076
f 5949//9077 5952//9077 5951//9077 5950//9077
f 5965//9078 5968//9078 5967//9078 5966//9078
f 5966//9079 5976//9079 5975//9079 5965//9079
f 5981//9080 5984//9080 5983//9080 5982//9080
f 5995//9081 5998//9081 5997//9081 5996//9081
f 5996//9082 6006//9082 6005//9082 5995//9082
f 6025//9083 6028//9083 6027//9083 6026//9083
f 6026//9084 6030//9084 6029//9084 6025//9084
f 6056//9085 6059//9085 6060//9085 6055//9085
f 6088//9086 6090//9086 6089//9086 6087//9086
f 6113//9087 6115//9087 6116//9087 6114//9087
f 6129//9088 6132//9088 6131//9088 6130//9088
f 6130//9089 6134//9089 6133//9089 6129//9089
f 6158//9090 6161//9090 6162//9090 6157//9090
f 6174//9091 6176//9091 6175//9091 6173//9091
f 4406//9092 4408//9092 4407//9092 4405//9092
f 4422//9093 4423//9093 4424//9093 4421//9093
f 4435//9094 4438//9094 4437//9094 4436//9094
f 4481//9095 4484//9095 4483//9095 4482//9095
f 4405//9096 4483//9096 4484//9096 4406//9096
f 4466//9097 4485//9097 4486//9097 4465//9097
f 4498//9098 4499//9098 4500//9098 4497//9098
f 4525//9099 4527//9099 4528//9099 4526//9099
f 4540//9100 4543//9100 4544//9100 4539//9100
f 4556//9101 4558//9101 4557//9101 4555//9101
f 4572//9102 4573//9102 4574//9102 4571//9102
f 4571//9103 4599//9103 4600//9103 4572//9103
f 4603//9104 4606//9104 4605//9104 4604//9104
f 4604//9105 4608//9105 4607//9105 4603//9105
f 4635//9106 4638//9106 4637//9106 4636//9106
f 4636//9107 4640//9107 4639//9107 4635//9107
f 4666//9108 4675//9108 4676//9108 4665//9108
f 4698//9109 4700//9109 4699//9109 4697//9109
f 4400//9110 4701//9110 4702//9110 4399//9110
f 4708//9111 4710//9111 4709//9111 4707//9111
f 4721//9112 4723//9112 4724//9112 4722//9112
f 4754//9113 4756//9113 4755//9113 4753//9113
f 4753//9114 4768//9114 4767//9114 4754//9114
f 4784//9115 4794//9115 4793//9115 4783//9115
f 4796//9116 4797//9116 4798//9116 4795//9116
f 4810//9117 4812//9117 4811//9117 4809//9117
f 4825//9118 4835//9118 4836//9118 4826//9118
f 4841//9119 4843//9119 4844//9119 4842//9119
f 4842//9120 4851//9120 4852//9120 4841//9120
f 4874//9121 4875//9121 4876//9121 4873//9121
f 4889//9122 4899//9122 4900//9122 4890//9122
f 4906//9123 4907//9123 4908//9123 4905//9123
f 4937//9124 4940//9124 4939//9124 4938//9124
f 4938//9125 4942//9125 4941//9125 4937//9125
f 4954//9126 4964//9126 4963//9126 4953//9126
f 4969//9127 4976//9127 4975//9127 4970//9127
f 4997//9128 5006//9128 5005//9128 4998//9128
f 5025//9129 5027//9129 5028//9129 5026//9129
f 5042//9130 5044//9130 5043//9130 5041//9130
f 5041//9131 5045//9131 5046//9131 5042//9131
f 5057//9132 5069//9132 5070//9132 5058//9132
f 5089//9133 5099//9133 5100//9133 5090//9133
f 5119//9134 5130//9134 5129//9134 5120//9134
f 5147//9135 5149//9135 5150//9135 5148//9135
f 5164//9136 5166//9136 5165//9136 5163//9136
f 5163//9137 5167//9137 5168//9137 5164//9137
f 5194//9138 5198//9138 5197//9138 5193//9138
f 5205//9139 5207//9139 5208//9139 5206//9139
f 5221//9140 5223//9140 5224//9140 5222//9140
f 5266//9141 5268//9141 5267//9141 5265//9141
f 5265//9142 5270//9142 5269//9142 5266//9142
f 5281//9143 5283//9143 5284//9143 5282//9143
f 5295//9144 5297//9144 5298//9144 5296//9144
f 5311//9145 5313//9145 5314//9145 5312//9145
f 5325//9146 5327//9146 5328//9146 5326//9146
f 5371//9147 5373//9147 5374//9147 5372//9147
f 5296//9148 5374//9148 5373//9148 5295//9148
f 5355//9149 5376//9149 5375//9149 5356//9149
f 5387//9150 5389//9150 5390//9150 5388//9150
f 5415//9151 5417//9151 5418//9151 5416//9151
f 5429//9152 5434//9152 5433//9152 5430//9152
f 5445//9153 5447//9153 5448//9153 5446//9153
f 5461//9154 5463//9154 5464//9154 5462//9154
f 5462//9155 5490//9155 5489//9155 5461//9155
f 5494//9156 5496//9156 5495//9156 5493//9156
f 5493//9157 5497//9157 5498//9157 5494//9157
f 5526//9158 5528//9158 5527//9158 5525//9158
f 5525//9159 5529//9159 5530//9159 5526//9159
f 5555//9160 5566//9160 5565//9160 5556//9160
f 5585//9161 5587//9161 5588//9161 5586//9161
f 5599//9162 5601//9162 5602//9162 5600//9162
f 5614//9163 5615//9163 5616//9163 5613//9163
f 5645//9164 5647//9164 5648//9164 5646//9164
f 5646//9165 5660//9165 5659//9165 5645//9165
f 5675//9166 5685//9166 5686//9166 5676//9166
f 5688//9167 5690//9167 5689//9167 5687//9167
f 5703//9168 5705//9168 5706//9168 5704//9168
f 5720//9169 5730//9169 5729//9169 5719//9169
f 5736//9170 5738//9170 5737//9170 5735//9170
f 5735//9171 5746//9171 5745//9171 5736//9171
f 5767//9172 5769//9172 5770//9172 5768//9172
f 5784//9173 5794//9173 5793//9173 5783//9173
f 5799//9174 5801//9174 5802//9174 5800//9174
f 5832//9175 5834//9175 5833//9175 5831//9175
f 5831//9176 5836//9176 5835//9176 5832//9176
f 5847//9177 5857//9177 5858//9177 5848//9177
f 5864//9178 5869//9178 5870//9178 5863//9178
f 5892//9179 5899//9179 5900//9179 5891//9179
f 5919//9180 5922//9180 5921//9180 5920//9180
f 5936//9181 5938//9181 5937//9181 5935//9181
f 5935//9182 5940//9182 5939//9182 5936//9182
f 5952//9183 5964//9183 5963//9183 5951//9183
f 5984//9184 5994//9184 5993//9184 5983//9184
f 6014//9185 6024//9185 6023//9185 6013//9185
f 6041//9186 6044//9186 6043//9186 6042//9186
f 6057//9187 6060//9187 6059//9187 6058//9187
f 6058//9188 6062//9188 6061//9188 6057//9188
f 6074//9189 6088//9189 6087//9189 6073//9189
f 6090//9190 6093//9190 6094//9190 6089//9190
f 6115//9191 6118//9191 6117//9191 6116//9191
f 6146//9192 6147//9192 6148//9192 6145//9192
f 6159//9193 6162//9193 6161//9193 6160//9193
f 6160//9194 6164//9194 6163//9194 6159//9194
f 6176//9195 6178//9195 6177//9195 6175//9195
f 4408//9196 4410//9196 4409//9196 4407//9196
f 4423//9197 4426//9197 4425//9197 4424//9197
f 4438//9198 4440//9198 4439//9198 4437//9198
f 4452//9199 4453//9199 4454//9199 4451//9199
f 4467//9200 4470//9200 4469//9200 4468//9200
f 4468//9201 4474//9201 4473//9201 4467//9201
f 4499//9202 4502//9202 4501//9202 4500//9202
f 4527//9203 4530//9203 4529//9203 4528//9203
f 4541//9204 4544//9204 4543//9204 4542//9204
f 4542//9205 4546//9205 4545//9205 4541//9205
f 4573//9206 4576//9206 4575//9206 4574//9206
f 4590//9207 4592//9207 4591//9207 4589//9207
f 4622//9208 4624//9208 4623//9208 4621//9208
f 4654//9209 4655//9209 4656//9209 4653//9209
f 4667//9210 4670//9210 4669//9210 4668//9210
f 4653//9211 4667//9211 4668//9211 4654//9211
f 4683//9212 4691//9212 4692//9212 4684//9212
f 4700//9213 4705//9213 4706//9213 4699//9213
f 4710//9214 4717//9214 4718//9214 4709//9214
f 4723//9215 4725//9215 4726//9215 4724//9215
f 4739//9216 4742//9216 4741//9216 4740//9216
f 4740//9217 4744//9217 4743//9217 4739//9217
f 4756//9218 4757//9218 4758//9218 4755//9218
f 4769//9219 4772//9219 4771//9219 4770//9219
f 4770//9220 4774//9220 4773//9220 4769//9220
f 4402//9221 4803//9221 4804//9221 4401//9221
f 4797//9222 4806//9222 4805//9222 4798//9222
f 4401//9223 4813//9223 4814//9223 4402//9223
f 4812//9224 4818//9224 4817//9224 4811//9224
f 4859//9225 4871//9225 4872//9225 4860//9225
f 4875//9226 4878//9226 4877//9226 4876//9226
f 4907//9227 4910//9227 4909//9227 4908//9227
f 4923//9228 4925//9228 4926//9228 4924//9228
f 4955//9229 4957//9229 4958//9229 4956//9229
f 4972//9230 4982//9230 4981//9230 4971//9230
f 4984//9231 4985//9231 4986//9231 4983//9231
f 4983//9232 4995//9232 4996//9232 4984//9232
f 4999//9233 5001//9233 5002//9233 5000//9233
f 5059//9234 5062//9234 5061//9234 5060//9234
f 5075//9235 5078//9235 5077//9235 5076//9235
f 5060//9236 5080//9236 5079//9236 5059//9236
f 5076//9237 5098//9237 5097//9237 5075//9237
f 5105//9238 5108//9238 5107//9238 5106//9238
f 5092//9239 5110//9239 5109//9239 5091//9239
f 5121//9240 5123//9240 5124//9240 5122//9240
f 5106//9241 5128//9241 5127//9241 5105//9241
f 5135//9242 5137//9242 5138//9242 5136//9242
f 5149//9243 5151//9243 5152//9243 5150//9243
f 5182//9244 5183//9244 5184//9244 5181//9244
f 5181//9245 5187//9245 5188//9245 5182//9245
f 5196//9246 5197//9246 5198//9246 5195//9246
f 5207//9247 5225//9247 5226//9247 5208//9247
f 5239//9248 5241//9248 5242//9248 5240//9248
f 5283//9249 5286//9249 5285//9249 5284//9249
f 5253//9250 5292//9250 5291//9250 5254//9250
f 5297//9251 5299//9251 5300//9251 5298//9251
f 5313//9252 5315//9252 5316//9252 5314//9252
f 5327//9253 5329//9253 5330//9253 5328//9253
f 5341//9254 5344//9254 5343//9254 5342//9254
f 5358//9255 5359//9255 5360//9255 5357//9255
f 5357//9256 5363//9256 5364//9256 5358//9256
f 5389//9257 5391//9257 5392//9257 5390//9257
f 5417//9258 5419//9258 5420//9258 5418//9258
f 5432//9259 5433//9259 5434//9259 5431//9259
f 5431//9260 5435//9260 5436//9260 5432//9260
f 5463//9261 5465//9261 5466//9261 5464//9261
f 5479//9262 5481//9262 5482//9262 5480//9262
f 5511//9263 5513//9263 5514//9263 5512//9263
f 5543//9264 5546//9264 5545//9264 5544//9264
f 5558//9265 5559//9265 5560//9265 5557//9265
f 5544//9266 5558//9266 5557//9266 5543//9266
f 5574//9267 5582//9267 5581//9267 5573//9267
f 5587//9268 5598//9268 5597//9268 5588//9268
f 5601//9269 5610//9269 5609//9269 5602//9269
f 5615//9270 5618//9270 5617//9270 5616//9270
f 5632//9271 5633//9271 5634//9271 5631//9271
f 5631//9272 5635//9272 5636//9272 5632//9272
f 5647//9273 5650//9273 5649//9273 5648//9273
f 5662//9274 5663//9274 5664//9274 5661//9274
f 5661//9275 5665//9275 5666//9275 5662//9275
f 5690//9276 5699//9276 5700//9276 5689//9276
f 5705//9277 5711//9277 5712//9277 5706//9277
f 5754//9278 5766//9278 5765//9278 5753//9278
f 5769//9279 5771//9279 5772//9279 5770//9279
f 5801//9280 5804//9280 5803//9280 5802//9280
f 5818//9281 5820//9281 5819//9281 5817//9281
f 5850//9282 5852//9282 5851//9282 5849//9282
f 5866//9283 5875//9283 5876//9283 5865//9283
f 5877//9284 5880//9284 5879//9284 5878//9284
f 5878//9285 5890//9285 5889//9285 5877//9285
f 5894//9286 5896//9286 5895//9286 5893//9286
f 5954//9287 5955//9287 5956//9287 5953//9287
f 5970//9288 5971//9288 5972//9288 5969//9288
f 5953//9289 5973//9289 5974//9289 5954//9289
f 5969//9290 5991//9290 5992//9290 5970//9290
f 6000//9291 6001//9291 6002//9291 5999//9291
f 5985//9292 6003//9292 6004//9292 5986//9292
f 6016//9293 6018//9293 6017//9293 6015//9293
f 5999//9294 6021//9294 6022//9294 6000//9294
f 6030//9295 6032//9295 6031//9295 6029//9295
f 6044//9296 6046//9296 6045//9296 6043//9296
f 6075//9297 6078//9297 6077//9297 6076//9297
f 6076//9298 6082//9298 6081//9298 6075//9298
f 6091//9299 6094//9299 6093//9299 6092//9299
f 6092//9300 6095//9300 6096//9300 6091//9300
f 6102//9301 6120//9301 6119//9301 6101//9301
f 6134//9302 6136//9302 6135//9302 6133//9302
f 6178//9303 6179//9303 6180//9303 6177//9303
f 6147//9304 6185//9304 6186//9304 6148//9304
f 4711//9305 4721//9305 4722//9305 4712//9305
f 4971//9306 4973//9306 4974//9306 4972//9306
f 5091//9307 5093//9307 5094//9307 5092//9307
f 5260//9308 5255//9308 5256//9308 5259//9308
f 5589//9309 5591//9309 5592//9309 5590//9309
f 5603//9310 5614//9310 5613//9310 5604//9310
f 5865//9311 5868//9311 5867//9311 5866//9311
f 5986//9312 5988//9312 5987//9312 5985//9312
f 4503//9313 4506//9313 4505//9313 4504//9313
f 4399//9314 4714//9314 4713//9314 4400//9314
f 4787//9315 4796//9315 4795//9315 4788//9315
f 5394//9316 5396//9316 5395//9316 5393//9316
f 5680//9317 5688//9317 5687//9317 5679//9317
f 5912//9318 5916//9318 5915//9318 5911//9318
f 6095//9319 6098//9319 6097//9319 6096//9319
f 4651//9320 4660//9320 4659//9320 4652//9320
f 4976//9321 4977//9321 4978//9321 4975//9321
f 5019//9322 5021//9322 5022//9322 5020//9322
f 5128//9323 5126//9323 5125//9323 5127//9323
f 5293//8624 5257//8624 5258//8624 5294//8624
f 5541//9324 5549//9324 5550//9324 5542//9324
f 6021//9325 6020//9325 6019//9325 6022//9325
f 6154//9326 6188//9326 6187//9326 6153//9326
f 4431//9327 4430//9327 4429//9327 4432//9327
f 4446//9328 4450//9328 4449//9328 4445//9328
f 4533//9329 4536//9329 4535//9329 4534//9329
f 4693//9330 4704//9330 4703//9330 4694//9330
f 5322//9331 5320//9331 5319//9331 5321//9331
f 5423//9332 5425//9332 5426//9332 5424//9332
f 5582//9333 5594//9333 5593//9333 5581//9333
f 5670//9334 5678//9334 5677//9334 5669//9334
f 6098//9335 6099//9335 6100//9335 6097//9335
f 6150//9336 6156//9336 6155//9336 6149//9336
f 5206//9337 5204//9337 5203//9337 5205//9337
f 5872//9338 5882//9338 5881//9338 5871//9338
f 6145//9339 6144//9339 6143//9339 6146//9339
f 4752//9340 4760//9340 4759//9340 4751//9340
f 5340//9341 5338//9341 5337//9341 5339//9341
f 5643//9342 5652//9342 5651//9342 5644//9342
f 4512//9343 4514//9343 4513//9343 4511//9343
f 5249//9344 5253//9344 5254//9344 5250//9344
f 5401//9345 5403//9345 5404//9345 5402//9345
f 6099//9346 6102//9346 6101//9346 6100//9346
f 4777//9347 4786//9347 4785//9347 4778//9347
f 5000//9348 5014//9348 5013//9348 4999//9348
f 5122//9349 5146//9349 5145//9349 5121//9349
f 5195//9350 5200//9350 5199//9350 5196//9350
f 5893//9351 5908//9351 5907//9351 5894//9351
f 6015//9352 6040//9352 6039//9352 6016//9352
f 4714//9353 4399//9353 4702//9353 4704//9353 5595//9353 5591//9353 5589//9353 5605//9353
f 431//9354 4694//9354 4703//9354 4701//9354 4400//9354
f 474//9355 4400//9355 4712//9355 4722//9355
f 431//9356 4400//9356 474//9356
f 4712//9357 4400//9357 4713//9357
f 895//9358 846//9358 4402//9358
f 944//9359 4402//9359 4814//9359 4816//9359
f 895//9360 4402//9360 944//9360
f 4402//9361 846//9361 4798//9361 4805//9361 4803//9361
f 4827//9362 4815//9362 4813//9362 4401//9362 4804//9362 4806//9362 5700//9362 5696//9362 5698//9362 5708//9362 5710//9362 5722//9362
f 5198//9363 5194//9363 4403//9363 5179//9363 5175//9363 5177//9363 6072//9363 6069//9363 6073//9363 6087//9363 6089//9363 6094//9363
f 2169//9364 2149//9364 4404//9364
f 5196//9365 2169//9365 4404//9365 5193//9365 5197//9365
f 4404//9366 2148//9366 5176//9366 5180//9366
f 2149//9367 2148//9367 4404//9367
f 4484//9368 14//9368 1//9368 4406//9368
f 4408//9369 4406//9369 1//9369
f 4482//9370 4483//9370 4405//9370 4407//9370 4409//9370 4414//9370 5303//9370 5299//9370 5297//9370 5295//9370 5373//9370 5371//9370
f 4410//9371 4408//9371 1//9371
f 4413//9372 4410//9372 1//9372 2//9372 4412//9372
f 4414//9373 4411//9373 4415//9373 4418//9373 5307//9373 5305//9373 5301//9373 5303//9373
f 4416//9374 4412//9374 2//9374
f 4416//9375 2//9375 3//9375 4420//9375 4417//9375
f 4418//9376 4419//9376 4421//9376 4424//9376 5313//9376 5311//9376 5309//9376 5307//9376
f 4420//9377 3//9377 4422//9377
f 4422//9378 3//9378 4//9378 4426//9378 4423//9378
f 4424//9379 4425//9379 4428//9379 4430//9379 5319//9379 5317//9379 5315//9379 5313//9379
f 4426//9380 4//9380 4427//9380
f 5//9381 4429//9381 4427//9381 4//9381
f 4429//9382 5//9382 4432//9382
f 4430//9383 4431//9383 4433//9383 4436//9383 5325//9383 5323//9383 5321//9383 5319//9383
f 6//9384 4434//9384 4432//9384 5//9384
f 4434//9385 6//9385 4438//9385 4435//9385
f 4436//9386 4437//9386 4439//9386 4444//9386 5333//9386 5329//9386 5327//9386 5325//9386
f 4438//9387 6//9387 7//9387 4440//9387
f 4443//9388 4440//9388 7//9388 4441//9388
f 4444//9389 4442//9389 4445//9389 4449//9389 5337//9389 5335//9389 5331//9389 5333//9389
f 4441//9390 7//9390 8//9390 4446//9390
f 4450//9391 4446//9391 8//9391
f 4448//9392 9//9392 4452//9392
f 4450//9393 8//9393 9//9393 4448//9393
f 4449//9394 4447//9394 4451//9394 4454//9394 5344//9394 5341//9394 5339//9394 5337//9394
f 4452//9395 9//9395 10//9395 4456//9395 4453//9395
f 4454//9396 4455//9396 4457//9396 4462//9396 5351//9396 5347//9396 5345//9396 5344//9396
f 4456//9397 10//9397 4458//9397
f 10//9398 11//9398 4460//9398 4461//9398 4458//9398
f 4464//9399 4460//9399 11//9399
f 4462//9400 4459//9400 4463//9400 4465//9400 4486//9400 5376//9400 5355//9400 5353//9400 5349//9400 5351//9400
f 11//9401 4466//9401 4464//9401
f 11//9402 25//9402 4488//9402 4485//9402 4466//9402
f 4474//9403 4468//9403 12//9403
f 4472//9404 12//9404 4468//9404 4469//9404
f 4470//9405 4467//9405 4473//9405 4476//9405 5365//9405 5363//9405 5357//9405 5360//9405
f 4510//9406 4511//9406 4513//9406 4471//9406 4470//9406 5360//9406 5362//9406 5403//9406 5401//9406 5399//9406
f 4514//9407 30//9407 12//9407 4472//9407
f 4474//9408 12//9408 13//9408 4478//9408 4475//9408
f 4476//9409 4477//9409 4479//9409 4482//9409 5371//9409 5369//9409 5367//9409 5365//9409
f 4478//9410 13//9410 4480//9410
f 14//9411 4484//9411 4481//9411 4480//9411 13//9411
f 4486//9412 4487//9412 4489//9412 4491//9412 4496//9412 5385//9412 5381//9412 5379//9412 5377//9412 5376//9412
f 4488//9413 25//9413 26//9413 4490//9413
f 4490//9414 26//9414 4492//9414
f 4492//9415 26//9415 27//9415 4494//9415 4495//9415
f 4494//9416 27//9416 4498//9416
f 5385//9417 4496//9417 4493//9417 4497//9417 4500//9417 5389//9417 5387//9417 5383//9417
f 27//9418 4502//9418 4499//9418 4498//9418
f 5389//9419 4500//9419 4501//9419 4516//9419 4518//9419 4522//9419 5411//9419 5407//9419 5405//9419 5391//9419
f 27//9420 46//9420 4515//9420 4502//9420
f 4506//9421 4503//9421 4507//9421 4510//9421 5399//9421 5397//9421 5393//9421 5395//9421
f 4504//9422 28//9422 4508//9422
f 4505//9423 28//9423 4504//9423
f 4538//9424 50//9424 28//9424 4505//9424
f 4534//9425 4535//9425 4537//9425 4506//9425 5395//9425 5428//9425 5425//9425 5423//9425
f 29//9426 4512//9426 4509//9426 4508//9426 28//9426
f 4512//9427 29//9427 4514//9427
f 30//9428 4514//9428 29//9428
f 4515//9429 46//9429 47//9429 4517//9429
f 4521//9430 4517//9430 47//9430 4519//9430
f 5411//9431 4522//9431 4520//9431 4524//9431 4526//9431 4528//9431 5417//9431 5415//9431 5413//9431 5409//9431
f 47//9432 48//9432 4523//9432 4519//9432
f 4525//9433 4523//9433 48//9433
f 48//9434 4530//9434 4527//9434 4525//9434
f 5417//9435 4528//9435 4529//9435 4539//9435 4544//9435 5434//9435 5429//9435 5419//9435
f 48//9436 71//9436 4540//9436 4530//9436
f 4558//9437 74//9437 49//9437 4532//9437
f 49//9438 4533//9438 4532//9438
f 4554//9439 4555//9439 4557//9439 4531//9439 4534//9439 5423//9439 5422//9439 5447//9439 5445//9439 5443//9439
f 49//9440 4536//9440 4533//9440
f 50//9441 4538//9441 4536//9441 49//9441
f 4540//9442 71//9442 72//9442 4542//9442 4543//9442
f 4546//9443 4542//9443 72//9443
f 5434//9444 4544//9444 4541//9444 4545//9444 4548//9444 4560//9444 5450//9444 5437//9444 5435//9444 5431//9444
f 4546//9445 72//9445 4547//9445
f 72//9446 98//9446 4562//9446 4559//9446 4547//9446
f 101//9447 73//9447 4550//9447 4581//9447 4579//9447
f 73//9448 4552//9448 4550//9448
f 4582//9449 4549//9449 4551//9449 4554//9449 5443//9449 5441//9449 5439//9449 5471//9449
f 73//9450 4556//9450 4553//9450 4552//9450
f 74//9451 4558//9451 4556//9451 73//9451
f 5450//9452 4560//9452 4561//9452 4563//9452 4565//9452 4568//9452 5457//9452 5455//9452 5453//9452 5451//9452
f 4562//9453 98//9453 99//9453 4564//9453
f 4566//9454 4564//9454 99//9454
f 4566//9455 99//9455 4570//9455 4567//9455
f 5457//9456 4568//9456 4569//9456 4583//9456 4588//9456 5477//9456 5473//9456 5459//9456
f 99//9457 128//9457 4584//9457 4570//9457
f 131//9458 100//9458 4572//9458 4600//9458
f 100//9459 4576//9459 4573//9459 4572//9459
f 4602//9460 4599//9460 4571//9460 4574//9460 5463//9460 5461//9460 5489//9460 5491//9460
f 4574//9461 4575//9461 4578//9461 4580//9461 4582//9461 5471//9461 5469//9461 5467//9461 5465//9461 5463//9461
f 100//9462 4577//9462 4576//9462
f 101//9463 4579//9463 4577//9463 100//9463
f 128//9464 129//9464 4586//9464 4587//9464 4584//9464
f 4590//9465 4586//9465 129//9465
f 5477//9466 4588//9466 4585//9466 4589//9466 4591//9466 4606//9466 5495//9466 5481//9466 5479//9466 5475//9466
f 129//9467 4592//9467 4590//9467
f 129//9468 161//9468 4604//9468 4605//9468 4592//9468
f 162//9469 130//9469 4594//9469 4614//9469
f 130//9470 4596//9470 4594//9470
f 4612//9471 4613//9471 4593//9471 4595//9471 4597//9471 4602//9471 5491//9471 5487//9471 5485//9471 5484//9471 5504//9471 5501//9471
f 130//9472 4598//9472 4596//9472
f 131//9473 4600//9473 4601//9473 4598//9473 130//9473
f 161//9474 4608//9474 4604//9474
f 5495//9475 4606//9475 4603//9475 4607//9475 4615//9475 4620//9475 5509//9475 5505//9475 5497//9475 5493//9475
f 161//9476 194//9476 4616//9476 4608//9476
f 197//9477 162//9477 4610//9477 4632//9477
f 162//9478 4614//9478 4611//9478 4610//9478
f 4634//9479 4631//9479 4609//9479 4612//9479 5501//9479 5500//9479 5522//9479 5523//9479
f 4616//9480 194//9480 195//9480 4618//9480 4619//9480
f 4618//9481 195//9481 4622//9481
f 5509//9482 4620//9482 4617//9482 4621//9482 4623//9482 4638//9482 5527//9482 5513//9482 5511//9482 5507//9482
f 195//9483 4624//9483 4622//9483
f 195//9484 231//9484 4636//9484 4637//9484 4624//9484
f 4645//9485 4625//9485 4628//9485 4629//9485 4634//9485 5523//9485 5519//9485 5517//9485 5516//9485 5536//9485
f 232//9486 196//9486 4626//9486 4646//9486 4643//9486
f 196//9487 4627//9487 4626//9487
f 196//9488 4630//9488 4627//9488
f 197//9489 4632//9489 4633//9489 4630//9489 196//9489
f 231//9490 4640//9490 4636//9490
f 5527//9491 4638//9491 4635//9491 4639//9491 4648//9491 5537//9491 5529//9491 5525//9491
f 4640//9492 231//9492 268//9492 4650//9492 4647//9492
f 4656//9493 4658//9493 4641//9493 4644//9493 4645//9493 5536//9493 5533//9493 5532//9493 5547//9493 5546//9493
f 269//9494 232//9494 4642//9494 4657//9494
f 232//9495 4643//9495 4642//9495
f 5537//9496 4648//9496 4649//9496 4652//9496 5541//9496 5539//9496
f 4650//9497 268//9497 4651//9497
f 268//9498 306//9498 4660//9498 4651//9498
f 5541//9499 4652//9499 4659//9499 4661//9499 4663//9499 4665//9499 4676//9499 5566//9499 5555//9499 5553//9499 5551//9499 5549//9499
f 308//9500 269//9500 4654//9500 4668//9500
f 269//9501 4657//9501 4655//9501 4654//9501
f 4670//9502 4667//9502 4653//9502 4656//9502 5546//9502 5543//9502 5557//9502 5560//9502
f 306//9503 307//9503 4662//9503 4660//9503
f 4664//9504 4662//9504 307//9504
f 307//9505 4666//9505 4664//9505
f 307//9506 347//9506 4674//9506 4675//9506 4666//9506
f 308//9507 4668//9507 4669//9507 4672//9507
f 4679//9508 4681//9508 4671//9508 4670//9508 5560//9508 5562//9508 5572//9508 5570//9508
f 4682//9509 348//9509 308//9509 4672//9509
f 347//9510 4678//9510 4674//9510
f 5566//9511 4676//9511 4673//9511 4677//9511 4688//9511 5578//9511 5567//9511 5563//9511
f 347//9512 388//9512 4685//9512 4687//9512 4678//9512
f 348//9513 4682//9513 4680//9513 4684//9513
f 4704//9514 4693//9514 4691//9514 4683//9514 4679//9514 5570//9514 5573//9514 5581//9514 5593//9514 5595//9514
f 348//9515 4684//9515 4692//9515 389//9515
f 5578//9516 4688//9516 4686//9516 4690//9516 4696//9516 5583//9516 5579//9516 5575//9516
f 388//9517 4689//9517 4685//9517
f 4689//9518 388//9518 430//9518 4698//9518 4695//9518
f 389//9519 4692//9519 4694//9519
f 389//9520 4694//9520 431//9520
f 5583//9521 4696//9521 4697//9521 4699//9521 4706//9521 5598//9521 5587//9521 5585//9521
f 4698//9522 430//9522 4700//9522
f 4700//9523 430//9523 473//9523 4708//9523 4705//9523
f 5598//9524 4706//9524 4707//9524 4709//9524 4718//9524 5610//9524 5601//9524 5599//9524
f 473//9525 4710//9525 4708//9525
f 473//9526 517//9526 4715//9526 4717//9526 4710//9526
f 4723//9527 4721//9527 4711//9527 4714//9527 5605//9527 5604//9527 5613//9527 5616//9527
f 5610//9528 4718//9528 4716//9528 4719//9528 4730//9528 5622//9528 5611//9528 5607//9528
f 517//9529 4720//9529 4715//9529
f 517//9530 562//9530 4727//9530 4729//9530 4720//9530
f 474//9531 4722//9531 518//9531
f 518//9532 4722//9532 4724//9532 4726//9532
f 4736//9533 4737//9533 4725//9533 4723//9533 5616//9533 5617//9533 5630//9533 5627//9533
f 518//9534 4726//9534 4738//9534 563//9534
f 5622//9535 4730//9535 4728//9535 4731//9535 4742//9535 5634//9535 5623//9535 5619//9535
f 562//9536 4732//9536 4727//9536
f 562//9537 608//9537 4740//9537 4741//9537 4732//9537
f 563//9538 4734//9538 4746//9538 609//9538
f 563//9539 4738//9539 4735//9539 4734//9539
f 4758//9540 4747//9540 4745//9540 4733//9540 4736//9540 5627//9540 5626//9540 5637//9540 5640//9540 5650//9540
f 608//9541 4744//9541 4740//9541
f 5634//9542 4742//9542 4739//9542 4743//9542 4749//9542 4751//9542 4759//9542 5652//9542 5643//9542 5641//9542 5635//9542 5631//9542
f 4744//9543 608//9543 4750//9543
f 609//9544 4746//9544 4748//9544
f 655//9545 609//9545 4748//9545 4757//9545 4756//9545
f 608//9546 654//9546 4752//9546 4750//9546
f 654//9547 701//9547 4760//9547 4752//9547
f 4768//9548 4753//9548 4755//9548 4758//9548 5650//9548 5647//9548 5645//9548 5659//9548
f 702//9549 655//9549 4754//9549 4767//9549 4763//9549
f 655//9550 4756//9550 4754//9550
f 5652//9551 4759//9551 4762//9551 4772//9551 5664//9551 5653//9551
f 701//9552 4761//9552 4760//9552
f 701//9553 749//9553 4770//9553 4771//9553 4761//9553
f 4786//9554 4777//9554 4776//9554 4765//9554 4764//9554 4768//9554 5659//9554 5655//9554 5657//9554 5667//9554 5669//9554 5677//9554
f 702//9555 4763//9555 4766//9555
f 4775//9556 702//9556 4766//9556
f 749//9557 4774//9557 4770//9557
f 5664//9558 4772//9558 4769//9558 4773//9558 4782//9558 5673//9558 5665//9558 5661//9558
f 749//9559 797//9559 4779//9559 4781//9559 4774//9559
f 750//9560 702//9560 4775//9560 4778//9560
f 750//9561 4778//9561 798//9561
f 798//9562 4778//9562 4785//9562 4788//9562
f 5673//9563 4782//9563 4780//9563 4783//9563 4793//9563 4791//9563 5684//9563 5685//9563 5675//9563 5671//9563
f 797//9564 4784//9564 4779//9564
f 4784//9565 797//9565 4794//9565
f 4796//9566 4787//9566 4786//9566 5677//9566 5679//9566 5687//9566
f 798//9567 4788//9567 4795//9567 846//9567
f 5684//9568 4791//9568 4790//9568 4799//9568 4802//9568 4808//9568 5701//9568 5693//9568 5691//9568 5681//9568
f 845//9569 894//9569 4800//9569 4789//9569
f 4794//9570 797//9570 845//9570 4789//9570 4792//9570
f 4806//9571 4797//9571 4796//9571 5687//9571 5689//9571 5700//9571
f 846//9572 4795//9572 4798//9572
f 4800//9573 894//9573 4801//9573
f 4801//9574 894//9574 943//9574 4810//9574 4807//9574
f 5701//9575 4808//9575 4809//9575 4811//9575 4817//9575 4820//9575 5713//9575 5711//9575 5705//9575 5703//9575
f 4810//9576 943//9576 4812//9576
f 4812//9577 943//9577 4818//9577
f 993//9578 944//9578 4816//9578 4828//9578 4824//9578
f 943//9579 992//9579 4822//9579 4819//9579 4818//9579
f 5713//9580 4820//9580 4821//9580 4829//9580 4834//9580 5727//9580 5724//9580 5715//9580
f 992//9581 1042//9581 4830//9581 4822//9581
f 993//9582 4824//9582 4826//9582
f 4837//9583 4835//9583 4825//9583 4823//9583 4827//9583 5722//9583 5717//9583 5719//9583 5729//9583 5732//9583
f 993//9584 4826//9584 4836//9584
f 1042//9585 4831//9585 4833//9585 4830//9585
f 5727//9586 4834//9586 4832//9586 4843//9586 4841//9586 4852//9586 5746//9586 5735//9586 5737//9586 5725//9586
f 4831//9587 1042//9587 4844//9587
f 1043//9588 993//9588 4836//9588 4838//9588 4840//9588
f 4857//9589 4847//9589 4845//9589 4839//9589 4837//9589 5732//9589 5734//9589 5739//9589 5741//9589 5752//9589
f 1043//9590 4840//9590 4846//9590 1092//9590
f 1091//9591 1141//9591 4849//9591 4851//9591 4842//9591
f 4844//9592 1042//9592 1091//9592 4842//9592
f 1092//9593 4846//9593 4848//9593
f 4856//9594 1092//9594 4848//9594 4858//9594
f 5746//9595 4852//9595 4850//9595 4854//9595 4865//9595 4863//9595 5758//9595 5759//9595 5747//9595 5743//9595
f 1141//9596 4853//9596 4849//9596
f 4853//9597 1141//9597 4866//9597
f 4870//9598 4871//9598 4859//9598 4855//9598 4857//9598 5752//9598 5749//9598 5753//9598 5765//9598 5763//9598
f 1142//9599 1092//9599 4856//9599 4860//9599
f 1191//9600 1142//9600 4860//9600 4872//9600
f 5758//9601 4863//9601 4862//9601 4873//9601 4876//9601 5769//9601 5767//9601 5755//9601
f 1190//9602 1240//9602 4874//9602 4861//9602
f 4866//9603 1141//9603 1190//9603 4861//9603 4864//9603
f 4880//9604 1191//9604 4868//9604
f 1191//9605 4872//9605 4869//9605 4868//9605
f 4891//9606 4881//9606 4879//9606 4867//9606 4870//9606 5763//9606 5761//9606 5773//9606 5776//9606 5786//9606
f 4874//9607 1240//9607 4878//9607 4875//9607
f 5769//9608 4876//9608 4877//9608 4883//9608 4885//9608 4898//9608 5792//9608 5779//9608 5777//9608 5771//9608
f 4878//9609 1240//9609 4884//9609
f 1241//9610 1191//9610 4880//9610 4882//9610
f 1290//9611 1241//9611 4882//9611 4892//9611 4888//9611
f 4884//9612 1240//9612 1289//9612 4886//9612
f 4886//9613 1289//9613 4896//9613 4897//9613
f 1290//9614 4888//9614 4890//9614
f 4901//9615 4899//9615 4889//9615 4887//9615 4891//9615 5786//9615 5781//9615 5783//9615 5793//9615 5796//9615
f 4890//9616 4900//9616 1290//9616
f 5792//9617 4898//9617 4895//9617 4894//9617 4905//9617 4908//9617 5801//9617 5799//9617 5787//9617 5790//9617
f 1338//9618 1387//9618 4906//9618 4893//9618
f 4896//9619 1289//9619 1338//9619 4893//9619
f 1339//9620 1290//9620 4900//9620 4902//9620 4904//9620
f 4915//9621 4911//9621 4903//9621 4901//9621 5796//9621 5798//9621 5805//9621 5810//9621
f 1339//9622 4904//9622 4912//9622
f 4906//9623 1387//9623 4910//9623 4907//9623
f 5801//9624 4908//9624 4909//9624 4921//9624 4919//9624 5814//9624 5815//9624 5804//9624
f 4910//9625 1387//9625 4922//9625
f 1388//9626 1339//9626 4912//9626 4916//9626 4914//9626
f 4933//9627 4931//9627 4925//9627 4923//9627 4913//9627 4915//9627 5810//9627 5807//9627 5817//9627 5819//9627 5825//9627 5828//9627
f 1436//9628 1388//9628 4914//9628 4924//9628
f 1435//9629 4928//9629 4918//9629
f 4922//9630 1387//9630 1435//9630 4918//9630 4920//9630
f 5814//9631 4919//9631 4917//9631 4927//9631 4930//9631 4940//9631 5833//9631 5823//9631 5822//9631 5811//9631
f 1436//9632 4924//9632 4926//9632
f 4926//9633 4932//9633 1436//9633
f 4928//9634 1435//9634 1483//9634 4929//9634
f 1483//9635 1531//9635 4938//9635 4939//9635 4929//9635
f 1484//9636 1436//9636 4932//9636 4934//9636 4936//9636
f 4947//9637 4943//9637 4935//9637 4933//9637 5828//9637 5829//9637 5837//9637 5842//9637
f 1484//9638 4936//9638 4944//9638
f 1531//9639 4942//9639 4938//9639
f 5833//9640 4940//9640 4937//9640 4941//9640 4950//9640 4952//9640 5845//9640 5843//9640 5836//9640 5831//9640
f 4942//9641 1531//9641 4949//9641
f 1532//9642 1484//9642 4944//9642 4948//9642 4946//9642
f 4967//9643 4957//9643 4955//9643 4945//9643 4947//9643 5842//9643 5839//9643 5849//9643 5851//9643 5862//9643
f 4956//9644 1532//9644 4946//9644
f 4949//9645 1531//9645 1578//9645 4954//9645 4951//9645
f 5845//9646 4952//9646 4953//9646 4963//9646 4961//9646 5856//9646 5857//9646 5847//9646
f 4954//9647 1578//9647 4964//9647
f 1579//9648 1532//9648 4956//9648 4958//9648
f 4966//9649 1579//9649 4958//9649 4968//9649
f 4960//9650 1624//9650 4974//9650
f 1578//9651 1624//9651 4960//9651 4962//9651 4964//9651
f 5856//9652 4961//9652 4959//9652 4973//9652 4971//9652 5866//9652 5867//9652 5853//9652
f 4976//9653 4969//9653 4965//9653 4967//9653 5862//9653 5860//9653 5863//9653 5870//9653
f 1625//9654 1579//9654 4966//9654 4970//9654
f 1625//9655 4970//9655 4975//9655 4978//9655
f 1669//9656 4982//9656 4972//9656
f 5866//9657 4971//9657 4981//9657 4979//9657 4994//9657 5888//9657 5873//9657 5875//9657
f 4974//9658 1624//9658 1669//9658 4972//9658
f 4986//9659 4987//9659 4977//9659 4976//9659 5870//9659 5871//9659 5881//9659 5880//9659
f 1670//9660 4978//9660 4988//9660 1714//9660
f 1670//9661 1625//9661 4978//9661
f 4980//9662 1713//9662 4992//9662 4993//9662
f 1669//9663 1713//9663 4980//9663 4982//9663
f 4984//9664 4996//9664 1714//9664
f 1714//9665 4988//9665 4985//9665 4984//9665
f 5006//9666 4997//9666 4995//9666 4983//9666 4986//9666 5880//9666 5877//9666 5889//9666 5891//9666 5900//9666
f 5888//9667 4994//9667 4991//9667 4990//9667 5004//9667 5898//9667 5883//9667 5886//9667
f 1757//9668 5002//9668 5003//9668 4989//9668
f 1713//9669 1757//9669 4989//9669 4992//9669
f 1758//9670 1714//9670 4996//9670 4998//9670
f 1758//9671 4998//9671 5005//9671 5008//9671
f 1800//9672 5014//9672 5000//9672
f 1757//9673 1800//9673 5000//9673 5002//9673
f 5898//9674 5004//9674 5001//9674 4999//9674 5013//9674 5908//9674 5893//9674 5895//9674
f 5017//9675 5015//9675 5009//9675 5007//9675 5006//9675 5900//9675 5901//9675 5904//9675 5909//9675 5914//9675
f 1801//9676 1758//9676 5008//9676 5010//9676
f 5010//9677 5016//9677 1801//9677
f 5012//9678 1842//9678 5028//9678
f 1800//9679 1842//9679 5012//9679 5014//9679
f 5908//9680 5013//9680 5011//9680 5027//9680 5025//9680 5920//9680 5921//9680 5905//9680
f 5020//9681 1801//9681 5016//9681 5018//9681
f 5032//9682 5021//9682 5019//9682 5017//9682 5914//9682 5911//9682 5915//9682 5926//9682
f 5020//9683 5022//9683 1802//9683 1801//9683
f 5030//9684 1843//9684 5022//9684 5031//9684
f 1843//9685 1802//9685 5022//9685
f 5024//9686 1882//9686 5040//9686
f 1842//9687 1882//9687 5024//9687 5026//9687 5028//9687
f 5920//9688 5025//9688 5023//9688 5039//9688 5037//9688 5932//9688 5934//9688 5917//9688
f 5043//9689 5033//9689 5029//9689 5032//9689 5926//9689 5924//9689 5928//9689 5938//9689
f 1883//9690 1843//9690 5030//9690 5034//9690
f 5042//9691 1883//9691 5034//9691 5044//9691
f 5036//9692 1921//9692 5052//9692
f 1882//9693 1921//9693 5036//9693 5038//9693 5040//9693
f 5932//9694 5037//9694 5035//9694 5051//9694 5049//9694 5944//9694 5946//9694 5929//9694
f 1922//9695 1883//9695 5042//9695 5046//9695
f 5055//9696 5053//9696 5045//9696 5041//9696 5043//9696 5938//9696 5936//9696 5939//9696 5948//9696 5950//9696
f 1922//9697 5046//9697 5054//9697
f 5048//9698 1959//9698 5068//9698
f 1921//9699 1959//9699 5048//9699 5050//9699 5052//9699
f 5944//9700 5049//9700 5047//9700 5067//9700 5065//9700 5063//9700 5062//9700 5956//9700 5958//9700 5960//9700 5961//9700 5941//9700
f 1960//9701 1922//9701 5054//9701 5056//9701 5058//9701
f 5073//9702 5069//9702 5057//9702 5055//9702 5950//9702 5951//9702 5963//9702 5968//9702
f 5070//9703 1960//9703 5058//9703
f 1995//9704 5080//9704 5060//9704
f 1958//9705 1995//9705 5060//9705 5061//9705 5064//9705
f 5956//9706 5062//9706 5059//9706 5079//9706 5078//9706 5972//9706 5973//9706 5953//9706
f 1959//9707 1958//9707 5064//9707 5066//9707
f 5068//9708 1959//9708 5066//9708
f 1996//9709 1960//9709 5070//9709 5074//9709 5072//9709
f 5072//9710 5081//9710 1996//9710
f 5087//9711 5085//9711 5083//9711 5082//9711 5071//9711 5073//9711 5968//9711 5965//9711 5975//9711 5977//9711 5979//9711 5982//9711
f 5076//9712 2030//9712 5098//9712
f 1995//9713 2030//9713 5076//9713 5077//9713 5080//9713
f 5972//9714 5078//9714 5075//9714 5097//9714 5095//9714 5990//9714 5991//9714 5969//9714
f 5084//9715 1996//9715 5081//9715
f 1997//9716 1996//9716 5084//9716 5086//9716
f 2031//9717 1997//9717 5086//9717 5088//9717 5090//9717
f 5103//9718 5099//9718 5089//9718 5087//9718 5982//9718 5983//9718 5993//9718 5998//9718
f 2031//9719 5090//9719 5100//9719
f 2062//9720 5110//9720 5092//9720
f 5990//9721 5095//9721 5093//9721 5091//9721 5109//9721 5108//9721 6002//9721 6003//9721 5985//9721 5987//9721
f 2030//9722 2029//9722 5092//9722 5094//9722
f 2029//9723 2062//9723 5092//9723
f 2030//9724 5094//9724 5096//9724 5098//9724
f 2063//9725 2031//9725 5100//9725 5104//9725 5102//9725
f 5102//9726 5112//9726 2063//9726
f 5117//9727 5113//9727 5111//9727 5101//9727 5103//9727 5998//9727 5995//9727 6005//9727 6007//9727 6012//9727
f 5106//9728 2093//9728 5128//9728
f 2062//9729 2093//9729 5106//9729 5107//9729 5110//9729
f 6002//9730 5108//9730 5105//9730 5127//9730 5125//9730 6020//9730 6021//9730 5999//9730
f 5114//9731 2063//9731 5112//9731
f 5116//9732 2064//9732 2063//9732 5114//9732 5118//9732
f 2094//9733 2064//9733 5116//9733 5120//9733
f 5133//9734 5130//9734 5119//9734 5115//9734 5117//9734 6012//9734 6009//9734 6013//9734 6023//9734 6028//9734
f 2094//9735 5120//9735 5129//9735
f 5122//9736 2121//9736 5146//9736
f 2092//9737 2121//9737 5122//9737 5124//9737
f 6020//9738 5125//9738 5123//9738 5121//9738 5145//9738 6040//9738 6015//9738 6017//9738
f 2093//9739 2092//9739 5124//9739 5126//9739
f 5128//9740 2093//9740 5126//9740
f 5134//9741 5132//9741 2094//9741 5129//9741
f 5147//9742 5137//9742 5135//9742 5131//9742 5133//9742 6028//9742 6025//9742 6029//9742 6031//9742 6042//9742
f 5132//9743 5136//9743 2095//9743 2094//9743
f 2122//9744 2095//9744 5136//9744 5138//9744
f 2122//9745 5138//9745 5148//9745 5150//9745
f 6040//9746 5145//9746 5143//9746 5141//9746 5140//9746 5169//9746 6064//9746 6033//9746 6036//9746 6038//9746
f 5170//9747 5139//9747 2146//9747 5168//9747
f 5139//9748 5142//9748 2120//9748 2146//9748
f 2120//9749 5142//9749 5144//9749 2121//9749
f 2121//9750 5144//9750 5146//9750
f 5155//9751 5153//9751 5151//9751 5149//9751 5147//9751 6042//9751 6043//9751 6045//9751 6048//9751 6050//9751
f 5152//9752 2122//9752 5150//9752
f 5152//9753 5154//9753 2123//9753 2122//9753
f 2147//9754 2123//9754 5154//9754 5156//9754 5158//9754
f 5177//9755 5173//9755 5172//9755 5157//9755 5155//9755 6050//9755 6052//9755 6065//9755 6068//9755 6072//9755
f 5171//9756 2147//9756 5158//9756
f 5160//9757 2168//9757 5192//9757
f 5160//9758 5162//9758 2145//9758 2168//9758
f 6060//9759 5165//9759 5161//9759 5159//9759 5191//9759 5189//9759 6084//9759 6085//9759 6053//9759 6055//9759
f 2145//9760 5162//9760 5166//9760 5164//9760 2146//9760
f 5168//9761 2146//9761 5164//9761
f 6064//9762 5169//9762 5167//9762 5163//9762 5165//9762 6060//9762 6057//9762 6061//9762
f 5174//9763 2147//9763 5171//9763
f 5176//9764 2148//9764 2147//9764 5174//9764 5178//9764
f 2167//9765 5182//9765 5188//9765 2168//9765
f 5182//9766 2167//9766 2186//9766 5185//9766 5183//9766
f 6084//9767 5189//9767 5187//9767 5181//9767 5184//9767 6078//9767 6075//9767 6081//9767
f 6078//9768 5184//9768 5186//9768 5223//9768 5221//9768 5219//9768 5217//9768 6112//9768 6114//9768 6116//9768 6117//9768 6079//9768
f 5185//9769 2186//9769 5224//9769
f 5190//9770 5192//9770 2168//9770 5188//9770
f 5199//9771 2169//9771 5196//9771
f 5200//9772 5195//9772 5198//9772 6094//9772 6091//9772 6096//9772
f 5203//9773 5201//9773 5200//9773 6096//9773 6097//9773 6100//9773
f 5199//9774 5202//9774 2170//9774 2169//9774
f 5206//9775 2170//9775 5202//9775 5204//9775
f 5229//9776 5227//9776 5225//9776 5207//9776 5205//9776 5203//9776 6100//9776 6101//9776 6119//9776 6121//9776 6124//9776
f 2187//9777 2171//9777 5206//9777 5208//9777
f 5206//9778 2171//9778 2170//9778
f 2187//9779 5208//9779 5226//9779
f 6112//9780 5217//9780 5215//9780 5209//9780 5212//9780 6105//9780 6104//9780 6110//9780
f 5216//9781 2185//9781 2184//9781 5210//9781
f 5210//9782 2184//9782 2199//9782 5214//9782 5211//9782
f 6105//9783 5212//9783 5213//9783 5289//9783 5287//9783 5286//9783 6180//9783 6182//9783 6184//9783 6107//9783
f 5214//9784 2199//9784 5290//9784
f 5218//9785 5220//9785 2185//9785 5216//9785
f 5222//9786 2186//9786 2185//9786 5220//9786
f 5224//9787 2186//9787 5222//9787
f 5228//9788 2187//9788 5226//9788
f 2188//9789 2187//9789 5228//9789 5230//9789 5232//9789
f 6132//9790 5237//9790 5233//9790 5231//9790 5229//9790 6124//9790 6125//9790 6127//9790
f 5234//9791 2188//9791 5232//9791
f 5236//9792 2189//9792 2188//9792 5234//9792 5238//9792
f 6140//9793 5245//9793 5241//9793 5239//9793 5235//9793 5237//9793 6132//9793 6129//9793 6133//9793 6135//9793
f 5240//9794 2189//9794 5236//9794
f 5240//9795 5242//9795 2190//9795 2189//9795
f 5244//9796 2190//9796 5242//9796 5246//9796
f 5244//9797 5248//9797 2191//9797 2190//9797
f 6144//9798 5251//9798 5247//9798 5243//9798 5245//9798 6140//9798 6138//9798 6142//9798
f 5250//9799 2191//9799 5248//9799 5252//9799
f 5250//9800 2192//9800 2191//9800
f 5294//9801 2192//9801 5250//9801 5254//9801
f 6186//9802 5292//9802 5253//9802 5249//9802 5251//9802 6144//9802 6145//9802 6148//9802
f 5294//9803 5254//9803 5291//9803
f 6151//9804 5256//9804 5257//9804 5293//9804 5292//9804 6186//9804 6188//9804 6154//9804
f 6162//9805 5267//9805 5263//9805 5261//9805 5259//9805 5256//9805 6151//9805 6149//9805 6155//9805 6157//9805
f 5260//9806 2193//9806 5294//9806 5258//9806 5255//9806
f 5262//9807 2194//9807 5260//9807
f 5260//9808 2194//9808 2193//9808
f 5262//9809 5264//9809 2195//9809 2194//9809
f 5266//9810 2195//9810 5264//9810 5268//9810
f 2195//9811 5266//9811 5269//9811 2196//9811
f 6168//9812 5273//9812 5270//9812 5265//9812 5267//9812 6162//9812 6159//9812 6163//9812
f 5272//9813 2196//9813 5269//9813 5274//9813
f 6172//9814 5277//9814 5275//9814 5271//9814 5273//9814 6168//9814 6165//9814 6169//9814
f 5276//9815 2197//9815 2196//9815 5272//9815
f 5278//9816 5280//9816 2197//9816 5276//9816
f 6180//9817 5286//9817 5283//9817 5281//9817 5279//9817 5277//9817 6172//9817 6173//9817 6175//9817 6177//9817
f 5282//9818 2198//9818 2197//9818 5280//9818
f 5284//9819 2198//9819 5282//9819
f 2199//9820 2198//9820 5284//9820 5285//9820 5288//9820
f 5290//9821 2199//9821 5288//9821
f 2193//9822 2192//9822 5294//9822
f 2200//9823 2213//9823 5374//9823 5296//9823
f 5298//9824 2200//9824 5296//9824
f 5300//9825 2200//9825 5298//9825
f 5302//9826 2201//9826 2200//9826 5300//9826 5304//9826
f 5306//9827 2201//9827 5302//9827
f 5310//9828 2202//9828 2201//9828 5306//9828 5308//9828
f 5312//9829 2202//9829 5310//9829
f 5316//9830 2203//9830 2202//9830 5312//9830 5314//9830
f 5318//9831 2203//9831 5316//9831
f 5318//9832 5320//9832 2204//9832 2203//9832
f 5322//9833 2204//9833 5320//9833
f 5322//9834 5324//9834 2205//9834 2204//9834
f 5328//9835 2205//9835 5324//9835 5326//9835
f 5330//9836 2206//9836 2205//9836 5328//9836
f 5332//9837 2206//9837 5330//9837 5334//9837
f 5336//9838 2207//9838 2206//9838 5332//9838
f 5338//9839 2207//9839 5336//9839
f 5340//9840 2208//9840 2207//9840 5338//9840
f 5342//9841 2208//9841 5340//9841
f 5346//9842 2209//9842 2208//9842 5342//9842 5343//9842
f 5348//9843 2209//9843 5346//9843
f 5350//9844 2210//9844 2209//9844 5348//9844 5352//9844
f 5354//9845 2210//9845 5350//9845
f 2210//9846 5354//9846 5356//9846
f 5378//9847 2224//9847 2210//9847 5356//9847 5375//9847
f 5364//9848 2211//9848 5358//9848
f 5358//9849 2211//9849 5361//9849 5359//9849
f 2211//9850 2229//9850 5404//9850 5361//9850
f 5368//9851 2212//9851 2211//9851 5364//9851 5366//9851
f 5370//9852 2212//9852 5368//9852
f 5374//9853 2213//9853 2212//9853 5370//9853 5372//9853
f 2225//9854 2224//9854 5378//9854 5380//9854
f 5382//9855 2225//9855 5380//9855
f 5384//9856 2226//9856 2225//9856 5382//9856 5386//9856
f 5388//9857 2226//9857 5384//9857
f 5390//9858 5392//9858 2226//9858 5388//9858
f 5406//9859 2245//9859 2226//9859 5392//9859
f 5398//9860 2227//9860 5394//9860
f 5394//9861 2227//9861 5396//9861
f 2227//9862 2249//9862 5427//9862 5396//9862
f 5402//9863 2228//9863 2227//9863 5398//9863 5400//9863
f 5404//9864 2228//9864 5402//9864
f 5404//9865 2229//9865 2228//9865
f 2246//9866 2245//9866 5406//9866 5408//9866
f 5410//9867 2246//9867 5408//9867 5412//9867
f 5414//9868 2247//9868 2246//9868 5410//9868
f 5416//9869 2247//9869 5414//9869
f 5418//9870 5420//9870 2247//9870 5416//9870
f 5430//9871 2270//9871 2247//9871 5420//9871
f 2248//9872 2273//9872 5448//9872 5421//9872
f 2248//9873 5421//9873 5424//9873
f 5426//9874 2248//9874 5424//9874
f 5427//9875 2249//9875 2248//9875 5426//9875
f 5432//9876 2271//9876 2270//9876 5430//9876 5433//9876
f 5436//9877 2271//9877 5432//9877
f 5438//9878 2271//9878 5436//9878
f 5452//9879 2297//9879 2271//9879 5438//9879 5449//9879
f 2272//9880 2300//9880 5470//9880 5472//9880 5440//9880
f 2272//9881 5440//9881 5442//9881
f 2272//9882 5442//9882 5444//9882 5446//9882
f 5446//9883 5448//9883 2273//9883 2272//9883
f 5454//9884 2298//9884 2297//9884 5452//9884
f 5456//9885 2298//9885 5454//9885
f 5460//9886 2298//9886 5456//9886 5458//9886
f 5474//9887 2327//9887 2298//9887 5460//9887
f 2299//9888 2330//9888 5490//9888 5462//9888
f 2299//9889 5462//9889 5464//9889 5466//9889
f 2299//9890 5466//9890 5468//9890
f 5468//9891 5470//9891 2300//9891 2299//9891
f 5476//9892 2328//9892 2327//9892 5474//9892 5478//9892
f 5480//9893 2328//9893 5476//9893
f 5482//9894 2328//9894 5480//9894
f 5494//9895 2360//9895 2328//9895 5482//9895 5496//9895
f 5483//9896 2329//9896 2361//9896 5503//9896
f 2329//9897 5483//9897 5486//9897
f 2329//9898 5486//9898 5488//9898
f 5492//9899 5490//9899 2330//9899 2329//9899 5488//9899
f 5498//9900 2360//9900 5494//9900
f 5506//9901 2393//9901 2360//9901 5498//9901
f 5499//9902 2361//9902 2396//9902 5521//9902
f 2361//9903 5499//9903 5502//9903 5503//9903
f 5508//9904 2394//9904 2393//9904 5506//9904 5510//9904
f 5512//9905 2394//9905 5508//9905
f 2394//9906 5512//9906 5514//9906
f 5526//9907 2430//9907 2394//9907 5514//9907 5528//9907
f 2395//9908 2431//9908 5534//9908 5535//9908 5515//9908
f 2395//9909 5515//9909 5518//9909
f 2395//9910 5518//9910 5520//9910
f 5524//9911 5521//9911 2396//9911 2395//9911 5520//9911
f 2430//9912 5526//9912 5530//9912
f 5540//9913 2467//9913 2430//9913 5530//9913 5538//9913
f 5531//9914 2431//9914 2468//9914 5548//9914
f 2431//9915 5531//9915 5534//9915
f 5542//9916 2467//9916 5540//9916
f 5550//9917 2505//9917 2467//9917 5542//9917
f 5544//9918 2468//9918 2507//9918 5558//9918
f 2468//9919 5544//9919 5545//9919 5548//9919
f 5552//9920 2506//9920 2505//9920 5550//9920
f 5554//9921 2506//9921 5552//9921
f 2506//9922 5554//9922 5556//9922
f 5564//9923 2546//9923 2506//9923 5556//9923 5565//9923
f 5559//9924 5558//9924 2507//9924 5561//9924
f 2507//9925 2547//9925 5571//9925 5561//9925
f 2546//9926 5564//9926 5568//9926
f 5576//9927 2587//9927 2546//9927 5568//9927 5577//9927
f 5571//9928 2547//9928 5574//9928 5569//9928
f 5582//9929 5574//9929 2547//9929 2588//9929
f 2587//9930 5576//9930 5580//9930
f 5586//9931 2629//9931 2587//9931 5580//9931 5584//9931
f 5582//9932 2588//9932 5594//9932
f 5588//9933 2629//9933 5586//9933
f 5600//9934 2672//9934 2629//9934 5588//9934 5597//9934
f 5596//9935 5594//9935 2630//9935 5590//9935 5592//9935
f 2630//9936 2673//9936 5590//9936
f 5590//9937 5603//9937 5606//9937
f 5603//9938 5590//9938 2673//9938 5614//9938
f 5594//9939 2588//9939 2630//9939
f 5602//9940 2672//9940 5600//9940
f 5608//9941 2716//9941 2672//9941 5602//9941 5609//9941
f 2716//9942 5608//9942 5612//9942
f 5620//9943 2761//9943 2716//9943 5612//9943 5621//9943
f 5614//9944 2673//9944 2717//9944
f 5615//9945 5614//9945 2717//9945 5618//9945
f 5629//9946 5618//9946 2717//9946 2762//9946
f 2761//9947 5620//9947 5624//9947
f 5632//9948 2807//9948 2761//9948 5624//9948 5633//9948
f 5638//9949 5625//9949 2762//9949 2808//9949
f 5629//9950 2762//9950 5625//9950 5628//9950
f 2807//9951 5632//9951 5636//9951
f 5636//9952 5642//9952 2807//9952
f 5638//9953 2808//9953 5639//9953
f 5649//9954 5639//9954 2808//9954 2854//9954 5648//9954
f 5644//9955 2853//9955 2807//9955 5642//9955
f 5651//9956 2900//9956 2853//9956 5644//9956
f 5646//9957 2854//9957 2901//9957 5656//9957 5660//9957
f 2854//9958 5646//9958 5648//9958
f 5654//9959 2900//9959 5651//9959
f 5662//9960 2948//9960 2900//9960 5654//9960 5663//9960
f 2901//9961 5658//9961 5656//9961
f 5658//9962 2901//9962 5668//9962
f 2948//9963 5662//9963 5666//9963
f 5672//9964 2996//9964 2948//9964 5666//9964 5674//9964
f 5668//9965 2901//9965 2949//9965 5670//9965
f 5678//9966 5670//9966 2949//9966 2997//9966
f 2996//9967 5672//9967 5676//9967
f 2996//9968 5676//9968 5686//9968
f 5678//9969 2997//9969 5680//9969
f 5688//9970 5680//9970 2997//9970 3045//9970
f 5692//9971 3093//9971 3044//9971 5682//9971
f 5683//9972 5682//9972 3044//9972 2996//9972 5686//9972
f 5688//9973 3045//9973 5690//9973
f 3045//9974 5697//9974 5695//9974 5699//9974 5690//9974
f 5694//9975 3093//9975 5692//9975
f 5704//9976 3142//9976 3093//9976 5694//9976 5702//9976
f 3094//9977 5697//9977 3045//9977
f 3094//9978 3143//9978 5697//9978
f 5707//9979 5697//9979 3143//9979 5709//9979
f 5706//9980 3142//9980 5704//9980
f 5706//9981 5712//9981 3142//9981
f 5721//9982 5709//9982 3143//9982 3192//9982 5718//9982
f 5716//9983 3191//9983 3142//9983 5712//9983 5714//9983
f 5723//9984 3241//9984 3191//9984 5716//9984
f 3192//9985 5720//9985 5718//9985
f 5720//9986 3192//9986 5730//9986
f 5728//9987 5726//9987 3241//9987 5723//9987
f 5726//9988 5738//9988 3241//9988
f 5730//9989 3192//9989 3242//9989 5733//9989 5731//9989
f 5740//9990 5733//9990 3242//9990 3291//9990
f 5744//9991 3340//9991 3290//9991 5736//9991 5745//9991
f 5736//9992 3290//9992 3241//9992 5738//9992
f 5740//9993 3291//9993 5742//9993
f 5742//9994 3291//9994 5750//9994 5751//9994
f 5748//9995 3340//9995 5744//9995
f 5748//9996 5760//9996 3340//9996
f 5750//9997 3291//9997 3341//9997 5754//9997
f 5754//9998 3341//9998 3390//9998 5766//9998
f 5768//9999 3439//9999 3389//9999 5756//9999
f 5757//10000 5756//10000 3389//10000 3340//10000 5760//10000
f 5762//10001 3390//10001 5774//10001
f 3390//10002 5762//10002 5764//10002 5766//10002
f 5772//10003 3439//10003 5768//10003 5770//10003
f 5772//10004 5778//10004 3439//10004
f 5774//10005 3390//10005 3440//10005 5775//10005
f 3440//10006 3489//10006 5782//10006 5785//10006 5775//10006
f 5780//10007 3488//10007 3439//10007 5778//10007
f 3488//10008 5780//10008 5791//10008 5789//10008
f 3489//10009 5784//10009 5782//10009
f 5784//10010 3489//10010 5794//10010
f 5800//10011 3586//10011 3537//10011 5788//10011
f 5788//10012 3537//10012 3488//10012 5789//10012
f 5795//10013 5794//10013 3489//10013 3538//10013 5797//10013
f 5797//10014 3538//10014 5806//10014
f 5803//10015 3586//10015 5800//10015 5802//10015
f 3586//10016 5803//10016 5816//10016
f 5806//10017 3538//10017 3587//10017 5808//10017 5809//10017
f 5808//10018 3587//10018 3635//10018 5818//10018
f 5821//10019 3634//10019 5812//10019
f 5813//10020 5812//10020 3634//10020 3586//10020 5816//10020
f 3635//10021 5820//10021 5818//10021
f 5820//10022 3635//10022 5826//10022
f 3682//10023 3634//10023 5821//10023 5824//10023
f 5832//10024 3730//10024 3682//10024 5824//10024 5834//10024
f 5827//10025 5826//10025 3635//10025 3683//10025 5830//10025
f 5830//10026 3683//10026 5838//10026
f 3730//10027 5832//10027 5835//10027
f 5835//10028 5844//10028 3730//10028
f 5838//10029 3683//10029 3731//10029 5840//10029 5841//10029
f 5840//10030 3731//10030 5850//10030
f 5848//10031 3777//10031 3730//10031 5844//10031 5846//10031
f 3777//10032 5848//10032 5858//10032
f 5850//10033 3731//10033 3778//10033 5852//10033
f 3778//10034 5859//10034 5861//10034 5852//10034
f 3823//10035 5854//10035 5868//10035
f 5855//10036 5854//10036 3823//10036 3777//10036 5858//10036
f 5859//10037 3778//10037 3824//10037 5864//10037
f 5869//10038 5864//10038 3824//10038 5872//10038
f 3868//10039 5865//10039 5876//10039
f 5865//10040 3868//10040 3823//10040 5868//10040
f 5872//10041 3824//10041 3869//10041
f 5882//10042 5872//10042 3869//10042 3913//10042
f 5874//10043 3912//10043 3868//10043 5876//10043
f 3912//10044 5874//10044 5887//10044 5885//10044
f 5878//10045 3913//10045 5890//10045
f 5882//10046 3913//10046 5878//10046 5879//10046
f 5897//10047 5896//10047 3956//10047 5884//10047
f 5884//10048 3956//10048 3912//10048 5885//10048
f 5890//10049 3913//10049 3957//10049 5892//10049
f 5899//10050 5892//10050 3957//10050 5902//10050
f 5907//10051 3999//10051 5894//10051
f 3999//10052 3956//10052 5896//10052 5894//10052
f 5902//10053 3957//10053 4000//10053 5903//10053
f 5903//10054 4000//10054 5910//10054
f 4041//10055 5906//10055 5922//10055
f 4041//10056 3999//10056 5907//10056 5906//10056
f 5913//10057 5910//10057 4000//10057 5912//10057
f 4001//10058 5916//10058 5912//10058 4000//10058
f 5916//10059 4042//10059 5923//10059 5925//10059
f 5916//10060 4001//10060 4042//10060
f 4081//10061 5918//10061 5933//10061
f 5919//10062 5918//10062 4081//10062 4041//10062 5922//10062
f 5923//10063 4042//10063 4082//10063 5927//10063
f 4082//10064 5935//10064 5937//10064 5927//10064
f 5930//10065 5945//10065 4120//10065
f 5931//10066 5930//10066 4120//10066 4081//10066 5933//10066
f 5935//10067 4082//10067 4121//10067 5940//10067
f 5940//10068 4121//10068 5947//10068
f 5942//10069 5962//10069 4158//10069
f 5943//10070 5942//10070 4158//10070 4120//10070 5945//10070
f 5949//10071 5947//10071 4121//10071 4159//10071 5952//10071
f 5952//10072 4159//10072 5964//10072
f 5974//10073 4194//10073 5954//10073
f 4194//10074 4157//10074 5957//10074 5955//10074 5954//10074
f 5957//10075 4157//10075 4158//10075 5959//10075
f 5962//10076 5959//10076 4158//10076
f 5964//10077 4159//10077 4195//10077 5966//10077 5967//10077
f 5966//10078 4195//10078 5976//10078
f 5970//10079 5992//10079 4229//10079
f 5971//10080 5970//10080 4229//10080 4194//10080 5974//10080
f 5978//10081 5976//10081 4195//10081
f 5978//10082 4195//10082 4196//10082 5980//10082
f 5981//10083 5980//10083 4196//10083 4230//10083 5984//10083
f 5984//10084 4230//10084 5994//10084
f 6004//10085 4261//10085 5986//10085
f 4228//10086 4229//10086 5988//10086 5986//10086
f 4261//10087 4228//10087 5986//10087
f 4229//10088 5992//10088 5989//10088 5988//10088
f 5994//10089 4230//10089 4262//10089 5996//10089 5997//10089
f 5996//10090 4262//10090 6006//10090
f 4292//10091 6000//10091 6022//10091
f 4292//10092 4261//10092 6004//10092 6001//10092 6000//10092
f 6008//10093 6006//10093 4262//10093
f 6008//10094 4262//10094 4263//10094 6010//10094 6011//10094
f 6010//10095 4263//10095 4293//10095 6014//10095
f 6014//10096 4293//10096 6024//10096
f 6016//10097 6039//10097 4320//10097
f 4320//10098 4291//10098 6018//10098 6016//10098
f 4291//10099 4292//10099 6019//10099 6018//10099
f 4292//10100 6022//10100 6019//10100
f 6027//10101 6024//10101 4293//10101 6026//10101
f 4294//10102 6030//10102 6026//10102 4293//10102
f 6030//10103 4294//10103 4321//10103 6032//10103
f 6041//10104 6032//10104 4321//10104 6044//10104
f 6063//10105 6062//10105 4345//10105 6034//10105
f 6034//10106 4345//10106 4319//10106 6035//10106
f 6035//10107 4319//10107 4320//10107 6037//10107
f 6037//10108 4320//10108 6039//10108
f 6044//10109 4321//10109 6046//10109
f 4322//10110 6047//10110 6046//10110 4321//10110
f 6047//10111 4322//10111 4346//10111 6051//10111 6049//10111
f 6051//10112 4346//10112 6066//10112
f 6054//10113 4367//10113 4344//10113 6056//10113
f 6086//10114 4367//10114 6054//10114
f 6056//10115 4344//10115 4345//10115 6058//10115 6059//10115
f 6058//10116 4345//10116 6062//10116
f 6067//10117 6066//10117 4346//10117
f 4347//10118 6070//10118 6071//10118 6067//10118 4346//10118
f 6070//10119 4347//10119 6088//10119 6074//10119
f 6076//10120 4366//10120 4367//10120 6082//10120
f 6080//10121 4385//10121 4366//10121 6076//10121 6077//10121
f 6080//10122 6118//10122 4385//10122
f 6083//10123 6082//10123 4367//10123 6086//10123
f 4348//10124 6088//10124 4347//10124
f 4368//10125 6088//10125 4348//10125
f 6090//10126 6088//10126 4368//10126 6092//10126 6093//10126
f 6092//10127 4368//10127 6095//10127
f 4369//10128 6098//10128 6095//10128 4368//10128
f 6098//10129 4369//10129 6099//10129
f 4370//10130 6099//10130 4369//10130
f 6099//10131 4370//10131 4386//10131 6102//10131
f 6102//10132 4386//10132 6120//10132
f 6103//10133 4383//10133 4384//10133 6109//10133
f 6108//10134 4398//10134 4383//10134 6103//10134 6106//10134
f 6108//10135 6183//10135 4398//10135
f 6111//10136 6109//10136 4384//10136 6113//10136
f 6113//10137 4384//10137 4385//10137 6115//10137
f 6118//10138 6115//10138 4385//10138
f 6122//10139 6120//10139 4386//10139
f 6123//10140 6122//10140 4386//10140 4387//10140 6126//10140
f 6126//10141 4387//10141 6128//10141
f 6128//10142 4387//10142 4388//10142 6130//10142 6131//10142
f 6130//10143 4388//10143 6134//10143
f 4389//10144 6136//10144 6134//10144 4388//10144
f 6136//10145 4389//10145 6137//10145 6139//10145
f 4390//10146 6141//10146 6137//10146 4389//10146
f 6141//10147 4390//10147 6146//10147 6143//10147
f 6146//10148 4391//10148 6187//10148 6147//10148
f 4391//10149 6146//10149 4390//10149
f 6185//10150 6147//10150 6187//10150
f 6150//10151 4393//10151 6156//10151
f 6153//10152 6187//10152 4392//10152 6150//10152 6152//10152
f 4393//10153 6150//10153 4392//10153
f 4394//10154 6158//10154 6156//10154 4393//10154
f 6158//10155 4394//10155 6160//10155 6161//10155
f 6160//10156 4394//10156 4395//10156 6164//10156
f 6164//10157 4395//10157 6166//10157 6167//10157
f 6166//10158 4395//10158 4396//10158 6170//10158
f 6171//10159 6170//10159 4396//10159 6174//10159
f 6174//10160 4396//10160 4397//10160 6176//10160
f 6178//10161 6176//10161 4397//10161
f 6178//10162 4397//10162 4398//10162 6181//10162 6179//10162
f 6183//10163 6181//10163 4398//10163
f 4392//10164 6187//10164 4391//10164
