# Blender 5.1.2
# www.blender.org
mtllib campsite.mtl
o Campsite
v 16.515671 0.000000 -18.324690
v -16.515671 0.000000 -18.324690
v 16.515671 0.000000 5.561127
v -16.515671 0.000000 5.561127
v 5.969066 0.391672 -13.221083
v 5.790895 0.372489 -12.940945
v 5.547845 0.356064 -12.722923
v 5.566169 0.335769 -12.381212
v 5.550035 0.314153 -12.031572
v 5.846168 0.306767 -11.841295
v 6.102224 0.298825 -11.652510
v 6.426400 0.303256 -11.656660
v 6.778597 0.306949 -11.640961
v 6.966922 0.327168 -11.935415
v 7.173804 0.346061 -12.205204
v 7.102237 0.364125 -12.523142
v 7.119150 0.384904 -12.855152
v 6.871615 0.393370 -13.054447
v 6.635506 0.406295 -13.315659
v 6.296979 0.394682 -13.201920
v 6.289295 1.449628 -12.319481
v 5.980484 0.785285 -13.087162
v 6.279338 0.781374 -13.064756
v 6.550034 0.781010 -13.091135
v 6.737476 0.770387 -12.875477
v 6.972821 0.764363 -12.725439
v 7.006836 0.752672 -12.434929
v 7.068195 0.741299 -12.145548
v 6.842709 0.735030 -11.942459
v 6.646977 0.728301 -11.748573
v 6.377835 0.728707 -11.710743
v 6.083676 0.726587 -11.654306
v 5.883556 0.738068 -11.875271
v 5.667399 0.747473 -12.074860
v 5.685186 0.758677 -12.351147
v 5.628071 0.769472 -12.631308
v 5.839715 0.774801 -12.812635
v 6.271514 1.963497 -12.403093
v 5.782031 1.370370 -12.108238
v 5.810137 1.365617 -12.321785
v 5.807373 1.361684 -12.516754
v 5.967855 1.353240 -12.639116
v 6.090141 1.345842 -12.797968
v 6.297675 1.338260 -12.806311
v 6.512201 1.331177 -12.833233
v 6.641436 1.329523 -12.661114
v 6.770998 1.328272 -12.509844
v 6.782720 1.332017 -12.315157
v 6.811603 1.335069 -12.101334
v 6.639505 1.344189 -11.971184
v 6.487058 1.351834 -11.828493
v 6.287947 1.358937 -11.856871
v 6.087716 1.365544 -11.831188
v 5.966241 1.367203 -11.992773
v 6.277018 2.594998 -12.484680
v 6.189734 2.644314 -12.326237
v 6.158163 2.638333 -12.381607
v 6.122308 2.635458 -12.426510
v 6.138214 2.627125 -12.484201
v 6.138153 2.621243 -12.542982
v 6.185453 2.614117 -12.582228
v 6.230583 2.607912 -12.626518
v 6.292166 2.606056 -12.609756
v 6.349656 2.605172 -12.597548
v 6.387574 2.607987 -12.554188
v 6.432528 2.612196 -12.508884
v 6.415790 2.618736 -12.448074
v 6.405576 2.626756 -12.387218
v 6.353895 2.631356 -12.358591
v 6.311405 2.639327 -12.316370
v 6.253971 2.639049 -12.332806
v 6.258751 3.586170 -12.731735
v 6.066193 1.943323 -11.992300
v 5.984577 1.923882 -12.135189
v 5.893196 1.924035 -12.249348
v 5.932505 1.895807 -12.398855
v 5.932255 1.896036 -12.548334
v 6.051953 1.876728 -12.650084
v 6.166976 1.876925 -12.762739
v 6.323351 1.862633 -12.721418
v 6.470008 1.865887 -12.690111
v 6.566766 1.867784 -12.579617
v 6.682292 1.883805 -12.462849
v 6.639583 1.889066 -12.307837
v 6.614631 1.908102 -12.151005
v 6.482769 1.909386 -12.078156
v 6.375729 1.931879 -11.968418
v 6.228670 1.923440 -12.011171
v 6.265003 0.003281 -12.539524
v 6.265003 1.369688 -12.539524
v 6.398997 0.003281 -12.550989
v 6.398997 1.369688 -12.550989
v 6.501853 0.003281 -12.464348
v 6.501853 1.369688 -12.464348
v 6.513318 0.003281 -12.330353
v 6.513318 1.369688 -12.330353
v 6.426675 0.003281 -12.227497
v 6.426675 1.369688 -12.227497
v 6.292681 0.003281 -12.216034
v 6.292681 1.369688 -12.216034
v 6.189825 0.003281 -12.302675
v 6.189825 1.369688 -12.302675
v 6.178361 0.003281 -12.436670
v 6.178361 1.369688 -12.436670
v 4.323270 0.489474 -13.891384
v 4.721789 0.465478 -13.774611
v 5.068204 0.444933 -13.558298
v 5.472450 0.419547 -13.699024
v 5.898190 0.392510 -13.801105
v 6.023955 0.383271 -14.223049
v 6.161852 0.373337 -14.596319
v 6.044244 0.378879 -14.984413
v 5.940756 0.383498 -15.413078
v 5.521506 0.408789 -15.537081
v 5.125452 0.432422 -15.691952
v 4.768272 0.455017 -15.495502
v 4.363443 0.481007 -15.400484
v 4.209955 0.491597 -15.033804
v 3.978103 0.507764 -14.659344
v 4.232379 0.493238 -14.292072
v 5.295412 1.812805 -14.589399
v 4.480227 0.981820 -13.951630
v 4.403327 0.976928 -14.318525
v 4.277590 0.976472 -14.634636
v 4.471612 0.963185 -14.934793
v 4.570142 0.955649 -15.269714
v 4.907413 0.941026 -15.411510
v 5.233824 0.926799 -15.585773
v 5.556195 0.918958 -15.385376
v 5.857172 0.910541 -15.217535
v 5.996129 0.911049 -14.907270
v 6.166137 0.908398 -14.573406
v 5.970142 0.922758 -14.256172
v 5.805403 0.934523 -13.927094
v 5.467230 0.948537 -13.852486
v 5.150423 0.962040 -13.686525
v 4.859008 0.968706 -13.877848
v 5.201117 2.455573 -14.538988
v 5.725471 1.713666 -14.053244
v 5.459104 1.707721 -14.012829
v 5.225782 1.702801 -13.941776
v 5.022998 1.692240 -14.092108
v 4.789636 1.682986 -14.183865
v 4.707512 1.673501 -14.430344
v 4.600636 1.664643 -14.678770
v 4.762562 1.662573 -14.893858
v 4.899322 1.661009 -15.102097
v 5.129191 1.665693 -15.183817
v 5.376093 1.669511 -15.292805
v 5.592271 1.680918 -15.131222
v 5.816695 1.690481 -14.997606
v 5.851765 1.699365 -14.748493
v 5.952186 1.707630 -14.516809
v 5.800223 1.709705 -14.314709
v 5.101168 3.245478 -14.517258
v 5.321881 3.307165 -14.467417
v 5.266314 3.299683 -14.410244
v 5.224814 3.296087 -14.351561
v 5.149965 3.285664 -14.350632
v 5.079354 3.278307 -14.330139
v 5.015762 3.269393 -14.373343
v 4.946865 3.261631 -14.412186
v 4.945611 3.259310 -14.492006
v 4.940310 3.258205 -14.565331
v 4.979240 3.261725 -14.625957
v 5.018061 3.266990 -14.695713
v 5.096945 3.275170 -14.696726
v 5.173621 3.285202 -14.705593
v 5.225975 3.290957 -14.653439
v 5.291468 3.300927 -14.617048
v 5.291673 3.300579 -14.542326
v 4.810647 4.485274 -14.409479
v 5.766068 2.430337 -14.434978
v 5.622721 2.406020 -14.287266
v 5.517291 2.406212 -14.137800
v 5.323985 2.370903 -14.133097
v 5.144453 2.371189 -14.080866
v 4.980602 2.347038 -14.189352
v 4.805275 2.347284 -14.288431
v 4.800601 2.329407 -14.490688
v 4.787274 2.333478 -14.677794
v 4.886432 2.335850 -14.832445
v 4.986609 2.355891 -15.011829
v 5.187714 2.362471 -15.014360
v 5.384835 2.386282 -15.038860
v 5.518181 2.387888 -14.905722
v 5.687232 2.416023 -14.815222
v 5.686947 2.405467 -14.623659
v 5.039441 0.003658 -14.483767
v 5.039441 1.712813 -14.483767
v 4.979115 0.003658 -14.640795
v 4.979115 1.712813 -14.640795
v 5.047493 0.003658 -14.794489
v 5.047493 1.712813 -14.794489
v 5.204522 0.003658 -14.854815
v 5.204522 1.712813 -14.854815
v 5.358216 0.003658 -14.786434
v 5.358216 1.712813 -14.786434
v 5.418542 0.003658 -14.629406
v 5.418542 1.712813 -14.629406
v 5.350163 0.003658 -14.475714
v 5.350163 1.712813 -14.475714
v 5.193133 0.003658 -14.415386
v 5.193133 1.712813 -14.415386
v 7.215016 0.422001 -13.962107
v 7.565150 0.401325 -13.888329
v 7.877151 0.383622 -13.725569
v 8.215055 0.361748 -13.873386
v 8.573998 0.338451 -13.989433
v 8.653940 0.330491 -14.360291
v 8.747544 0.321931 -14.690138
v 8.620665 0.326706 -15.015709
v 8.503213 0.330687 -15.377069
v 8.134789 0.352478 -15.455675
v 7.784235 0.372842 -15.562346
v 7.490475 0.392310 -15.369793
v 7.149025 0.414705 -15.261206
v 7.041589 0.423830 -14.935978
v 6.867349 0.437761 -14.598850
v 7.110250 0.425244 -14.300274
v 8.003671 1.562249 -14.626493
v 7.345842 0.846231 -14.024313
v 7.255344 0.842015 -14.334383
v 7.126275 0.841623 -14.597570
v 7.272964 0.830174 -14.868349
v 7.335304 0.823680 -15.162628
v 7.615601 0.811080 -15.306906
v 7.884406 0.798822 -15.478348
v 8.174692 0.792066 -15.327662
v 8.444430 0.784813 -15.203518
v 8.584468 0.785251 -14.946232
v 8.752751 0.782966 -14.670742
v 8.605504 0.795340 -14.385160
v 8.485898 0.805477 -14.091490
v 8.200351 0.817553 -14.004873
v 7.939244 0.829187 -13.841202
v 7.676156 0.834931 -13.986155
v 7.926022 2.116090 -14.576904
v 8.408828 1.476826 -14.194538
v 8.182692 1.471703 -14.142078
v 7.986984 1.467464 -14.065498
v 7.802766 1.458364 -14.181141
v 7.596180 1.450390 -14.244425
v 7.509215 1.442218 -14.450699
v 7.400856 1.434585 -14.657000
v 7.525638 1.432801 -14.852556
v 7.629257 1.431454 -15.040558
v 7.821288 1.435489 -15.126068
v 8.026136 1.438779 -15.236141
v 8.222610 1.448608 -15.111725
v 8.424304 1.456849 -15.011890
v 8.471024 1.464503 -14.800217
v 8.572721 1.471624 -14.607874
v 8.455633 1.473412 -14.424133
v 7.841605 2.796711 -14.551580
v 8.034534 2.849864 -14.523464
v 7.990604 2.843417 -14.470648
v 7.958861 2.840318 -14.417471
v 7.894622 2.831338 -14.411686
v 7.835327 2.824998 -14.389380
v 7.777820 2.817318 -14.422258
v 7.716045 2.810630 -14.451040
v 7.709652 2.808630 -14.519529
v 7.700214 2.807677 -14.582167
v 7.729621 2.810711 -14.636843
v 7.758325 2.815247 -14.699352
v 7.826025 2.822295 -14.705477
v 7.891305 2.830939 -14.718203
v 7.939754 2.835898 -14.676884
v 7.998441 2.844488 -14.649982
v 8.003593 2.844189 -14.585802
v 7.599205 3.864981 -14.439646
v 8.418283 2.094345 -14.525175
v 8.304974 2.073392 -14.388737
v 8.224356 2.073558 -14.253313
v 8.058605 2.043134 -14.236399
v 7.907853 2.043380 -14.179573
v 7.759868 2.022571 -14.261856
v 7.602651 2.022783 -14.335297
v 7.585166 2.007379 -14.508739
v 7.561257 2.010887 -14.668589
v 7.636141 2.012931 -14.808048
v 7.710254 2.030198 -14.968826
v 7.882849 2.035868 -14.984392
v 8.050559 2.056385 -15.018566
v 8.173980 2.057769 -14.913071
v 8.325233 2.082012 -14.846582
v 8.337746 2.072916 -14.681999
v 7.790807 0.003398 -14.518698
v 7.790807 1.476091 -14.518698
v 7.728525 0.003398 -14.649580
v 7.728525 1.476091 -14.649580
v 7.777032 0.003398 -14.786167
v 7.777032 1.476091 -14.786167
v 7.907914 0.003398 -14.848452
v 7.907914 1.476091 -14.848452
v 8.044501 0.003398 -14.799942
v 8.044501 1.476091 -14.799942
v 8.106784 0.003398 -14.669062
v 8.106784 1.476091 -14.669062
v 8.058276 0.003398 -14.532475
v 8.058276 1.476091 -14.532475
v 7.927395 0.003398 -14.470192
v 7.927395 1.476091 -14.470192
v 9.074873 0.390685 -13.741562
v 8.791805 0.371551 -13.569696
v 8.478146 0.355167 -13.482035
v 8.343629 0.334923 -13.168322
v 8.174794 0.313362 -12.862734
v 8.355622 0.305995 -12.561777
v 8.501264 0.298074 -12.279852
v 8.793034 0.302493 -12.140406
v 9.101100 0.306176 -11.970829
v 9.399570 0.326344 -12.151016
v 9.703744 0.345190 -12.300949
v 9.780141 0.363208 -12.616913
v 9.941889 0.383934 -12.906387
v 9.808510 0.392379 -13.193951
v 9.712691 0.405271 -13.531841
v 9.359691 0.393687 -13.579613
v 8.963120 1.445963 -12.793768
v 9.025943 0.783302 -13.616743
v 9.283340 0.779401 -13.464725
v 9.537093 0.779038 -13.368776
v 9.609502 0.768442 -13.093119
v 9.753731 0.762432 -12.854996
v 9.655860 0.750771 -12.580147
v 9.582944 0.739427 -12.294231
v 9.291587 0.733173 -12.212172
v 9.030904 0.726461 -12.125200
v 8.773482 0.726867 -12.210222
v 8.485468 0.724752 -12.289650
v 8.404065 0.736204 -12.575653
v 8.298879 0.745586 -12.849619
v 8.436799 0.756761 -13.088871
v 8.509439 0.767529 -13.364664
v 8.778808 0.772844 -13.433378
v 8.984142 1.958532 -12.876402
v 8.416144 1.366906 -12.828850
v 8.535585 1.362164 -13.007431
v 8.619216 1.358242 -13.183029
v 8.816785 1.349820 -13.221598
v 8.996306 1.342440 -13.309668
v 9.185606 1.334877 -13.225481
v 9.389363 1.327812 -13.154821
v 9.428939 1.326162 -12.943810
v 9.478014 1.324915 -12.751299
v 9.402522 1.328650 -12.571997
v 9.333926 1.331694 -12.368002
v 9.122530 1.340791 -12.327599
v 8.923169 1.348417 -12.267302
v 8.757620 1.355501 -12.380611
v 8.567194 1.362092 -12.446068
v 8.529907 1.363746 -12.644230
v 9.025095 2.588433 -12.946941
v 8.877057 2.637625 -12.843779
v 8.873273 2.631659 -12.907242
v 8.861035 2.628791 -12.963238
v 8.900739 2.620480 -13.007811
v 8.926642 2.614613 -13.060410
v 8.986279 2.607505 -13.074621
v 9.046201 2.601315 -13.094305
v 9.093878 2.599464 -13.052118
v 9.139904 2.598582 -13.015810
v 9.154669 2.601390 -12.960283
v 9.174867 2.605588 -12.899914
v 9.133044 2.612111 -12.852919
v 9.097034 2.620111 -12.802999
v 9.038169 2.624700 -12.800219
v 8.981521 2.632651 -12.781221
v 8.937410 2.632373 -12.821285
v 9.117860 3.577097 -13.175970
v 8.619094 1.938408 -12.599669
v 8.609200 1.919016 -12.763508
v 8.577883 1.919169 -12.905964
v 8.679065 1.891013 -13.022320
v 8.744854 1.891241 -13.156124
v 8.896845 1.871982 -13.194267
v 9.049469 1.872178 -13.244228
v 9.171080 1.857922 -13.138214
v 9.288421 1.861169 -13.045446
v 9.326165 1.863060 -12.903894
v 9.377923 1.879041 -12.748440
v 9.271270 1.884289 -12.628660
v 9.179693 1.903276 -12.499414
v 9.029588 1.904557 -12.492491
v 8.885391 1.926993 -12.441612
v 8.772744 1.918576 -12.544792
v 9.038568 0.003277 -13.001299
v 9.038568 1.366226 -13.001299
v 9.163473 0.003277 -12.952379
v 9.163473 1.366226 -12.952379
v 9.217203 0.003277 -12.829466
v 9.217203 1.366226 -12.829466
v 9.168283 0.003277 -12.704561
v 9.168283 1.366226 -12.704561
v 9.045370 0.003277 -12.650831
v 9.045370 1.366226 -12.650831
v 8.920464 0.003277 -12.699751
v 8.920464 1.366226 -12.699751
v 8.866735 0.003277 -12.822662
v 8.866735 1.366226 -12.822662
v 8.915654 0.003277 -12.947569
v 8.915654 1.366226 -12.947569
v 10.638465 0.429560 -13.372641
v 10.906550 0.408512 -13.126036
v 11.095001 0.390491 -12.821377
v 11.467591 0.368224 -12.775072
v 11.842076 0.344508 -12.690023
v 12.104851 0.336404 -12.973042
v 12.358262 0.327691 -13.213066
v 12.416478 0.332551 -13.563974
v 12.501555 0.336603 -13.941309
v 12.219972 0.358787 -14.201651
v 11.968618 0.379517 -14.477262
v 11.611407 0.399336 -14.461462
v 11.256110 0.422133 -14.543945
v 10.992994 0.431422 -14.315157
v 10.665223 0.445603 -14.110683
v 10.722583 0.432861 -13.723078
v 11.674123 1.590319 -13.544104
v 10.785308 0.861421 -13.359070
v 10.867308 0.857130 -13.677496
v 10.891174 0.856730 -13.974947
v 11.160336 0.845075 -14.135674
v 11.367895 0.838465 -14.360823
v 11.688223 0.825638 -14.341370
v 12.012620 0.813160 -14.351665
v 12.188340 0.806282 -14.068865
v 12.359879 0.798899 -13.819975
v 12.348679 0.799345 -13.521988
v 12.352736 0.797019 -13.193382
v 12.075390 0.809615 -13.019991
v 11.818027 0.819935 -12.825150
v 11.523083 0.832227 -12.897797
v 11.209463 0.844071 -12.890299
v 11.054564 0.849918 -13.153942
v 11.580383 2.154122 -13.541073
v 11.804151 1.503359 -12.955406
v 11.578958 1.498144 -13.027061
v 11.367859 1.493829 -13.061787
v 11.266748 1.484565 -13.258772
v 11.118843 1.476449 -13.421564
v 11.149972 1.468129 -13.647314
v 11.162389 1.460359 -13.884207
v 11.373272 1.458543 -13.990488
v 11.561701 1.457171 -14.101156
v 11.774227 1.461279 -14.076162
v 12.010740 1.464629 -14.065996
v 12.118015 1.474634 -13.854961
v 12.242637 1.483023 -13.662720
v 12.173476 1.490815 -13.453171
v 12.162484 1.498065 -13.231956
v 11.964481 1.499885 -13.132017
v 11.493334 2.846987 -13.562796
v 11.647569 2.901096 -13.437885
v 11.581664 2.894533 -13.414497
v 11.526235 2.891379 -13.384460
v 11.467005 2.882237 -13.412794
v 11.403511 2.875783 -13.424099
v 11.370275 2.867965 -13.482775
v 11.331169 2.861156 -13.540079
v 11.361182 2.859120 -13.603346
v 11.385488 2.858150 -13.663074
v 11.439651 2.861239 -13.695639
v 11.497272 2.865857 -13.735426
v 11.559709 2.873031 -13.705589
v 11.623457 2.881831 -13.682787
v 11.644380 2.886879 -13.621435
v 11.681759 2.895624 -13.567379
v 11.652901 2.895319 -13.508530
v 11.222984 3.934474 -13.590853
v 11.984324 2.131987 -13.239872
v 11.814218 2.110657 -13.179365
v 11.673254 2.110825 -13.102755
v 11.519393 2.079854 -13.174126
v 11.357908 2.080105 -13.202766
v 11.271169 2.058921 -13.351719
v 11.171750 2.059138 -13.497732
v 11.246620 2.043457 -13.658623
v 11.308800 2.047027 -13.810957
v 11.446846 2.049108 -13.894083
v 11.595299 2.066686 -13.996267
v 11.754449 2.072458 -13.920158
v 11.919000 2.093344 -13.862877
v 11.972172 2.094753 -13.706377
v 12.069984 2.119431 -13.569550
v 11.995369 2.110172 -13.418997
v 11.431779 0.003427 -13.560427
v 11.431779 1.502611 -13.560427
v 11.445313 0.003427 -13.707357
v 11.445313 1.502611 -13.707357
v 11.558779 0.003427 -13.801683
v 11.558779 1.502611 -13.801683
v 11.705710 0.003427 -13.788147
v 11.705710 1.502611 -13.788147
v 11.800035 0.003427 -13.674683
v 11.800035 1.502611 -13.674683
v 11.786500 0.003427 -13.527750
v 11.786500 1.502611 -13.527750
v 11.673035 0.003427 -13.433426
v 11.673035 1.502611 -13.433426
v 11.526105 0.003427 -13.446960
v 11.526105 1.502611 -13.446960
v 10.341447 0.400508 -9.540461
v 10.630483 0.380890 -9.718599
v 10.951459 0.364092 -9.810614
v 11.087227 0.343337 -10.133163
v 11.258233 0.321232 -10.447615
v 11.070787 0.313679 -10.754930
v 10.919544 0.305557 -11.042974
v 10.619457 0.310088 -11.183949
v 10.302459 0.313865 -11.355700
v 9.997688 0.334542 -11.168924
v 9.686863 0.353863 -11.013132
v 9.610698 0.372336 -10.688673
v 9.446848 0.393586 -10.390787
v 9.585555 0.402244 -10.096880
v 9.686101 0.415462 -9.751118
v 10.048336 0.403586 -9.704552
v 10.449543 1.482438 -10.512936
v 10.390758 0.803041 -9.668764
v 10.125829 0.799041 -9.822859
v 9.865016 0.798669 -9.919497
v 9.788897 0.787805 -10.201614
v 9.639400 0.781644 -10.444761
v 9.737864 0.769688 -10.727215
v 9.810666 0.758057 -11.020844
v 10.108815 0.751646 -11.106966
v 10.375482 0.744765 -11.197912
v 10.639979 0.745180 -11.112503
v 10.935804 0.743012 -11.033039
v 11.021216 0.754753 -10.740374
v 11.130929 0.764372 -10.460213
v 10.991162 0.775830 -10.213984
v 10.918573 0.786869 -9.930733
v 10.642878 0.792319 -9.858444
v 10.428555 2.007953 -10.428074
v 11.010562 1.401384 -10.480705
v 10.889327 1.396523 -10.296801
v 10.804786 1.392501 -10.116201
v 10.602495 1.383867 -10.075312
v 10.419044 1.376301 -9.983793
v 10.224393 1.368546 -10.068810
v 10.015012 1.361303 -10.139860
v 9.972996 1.359612 -10.355927
v 9.921367 1.358333 -10.552959
v 9.997539 1.362162 -10.737301
v 10.066471 1.365284 -10.946913
v 10.282926 1.374610 -10.989779
v 10.486906 1.382429 -11.052961
v 10.657408 1.389692 -10.937922
v 10.853085 1.396449 -10.872114
v 10.892667 1.398145 -10.669207
v 10.387052 2.653764 -10.355474
v 10.538119 2.704198 -10.462252
v 10.542432 2.698081 -10.397211
v 10.555363 2.695141 -10.339888
v 10.514961 2.686620 -10.293919
v 10.488764 2.680604 -10.239815
v 10.427719 2.673317 -10.224836
v 10.366420 2.666970 -10.204248
v 10.317252 2.665073 -10.247173
v 10.269815 2.664169 -10.284082
v 10.254299 2.667048 -10.340910
v 10.233177 2.671352 -10.402664
v 10.275736 2.678039 -10.451132
v 10.312314 2.686241 -10.502556
v 10.372644 2.690946 -10.505810
v 10.430593 2.699098 -10.525673
v 10.476089 2.698813 -10.484901
v 10.293511 3.667397 -10.120033
v 10.800924 1.987321 -10.714285
v 10.812188 1.967440 -10.546377
v 10.845268 1.967596 -10.400539
v 10.742328 1.938728 -10.280558
v 10.675795 1.938962 -10.142929
v 10.520227 1.919217 -10.102783
v 10.364093 1.919418 -10.050520
v 10.238689 1.904802 -10.158377
v 10.117753 1.908131 -10.252684
v 10.078090 1.910070 -10.397551
v 10.023963 1.926455 -10.556574
v 10.132490 1.931835 -10.680103
v 10.225493 1.951302 -10.813238
v 10.379340 1.952615 -10.821362
v 10.526827 1.975618 -10.874508
v 10.643023 1.966987 -10.769495
v 10.373610 0.003315 -10.299652
v 10.373610 1.400687 -10.299652
v 10.245219 0.003315 -10.348953
v 10.245219 1.400687 -10.348953
v 10.189293 0.003315 -10.474602
v 10.189293 1.400687 -10.474602
v 10.238594 0.003315 -10.602993
v 10.238594 1.400687 -10.602993
v 10.364242 0.003315 -10.658920
v 10.364242 1.400687 -10.658920
v 10.492633 0.003315 -10.609617
v 10.492633 1.400687 -10.609617
v 10.548559 0.003315 -10.483971
v 10.548559 1.400687 -10.483971
v 10.499258 0.003315 -10.355579
v 10.499258 1.400687 -10.355579
v 12.768099 0.401550 -8.073645
v 12.948865 0.381880 -8.362091
v 13.196578 0.365039 -8.587292
v 13.175455 0.344230 -8.937527
v 13.189608 0.322067 -9.296125
v 12.884679 0.314494 -9.489197
v 12.620852 0.306351 -9.681011
v 12.288499 0.310893 -9.674540
v 11.927281 0.314680 -9.688231
v 11.736200 0.335411 -9.385036
v 11.525926 0.354783 -9.107006
v 11.601477 0.373305 -8.781511
v 11.586404 0.394610 -8.440981
v 11.841565 0.403291 -8.238331
v 12.085436 0.416543 -7.972123
v 12.431754 0.404636 -8.091051
v 12.433604 1.486307 -8.995880
v 12.755477 0.805135 -8.210878
v 12.448904 0.801124 -8.231808
v 12.171537 0.800751 -8.202913
v 11.977877 0.789859 -8.422747
v 11.735550 0.783682 -8.574976
v 11.698689 0.771695 -8.872606
v 11.633800 0.760033 -9.168894
v 11.863605 0.753606 -9.378662
v 12.062967 0.746706 -9.578794
v 12.338663 0.747123 -9.619421
v 12.639882 0.744949 -9.679296
v 12.846578 0.756721 -9.454105
v 13.069570 0.766365 -9.250942
v 13.053219 0.777852 -8.967541
v 13.113695 0.788921 -8.680677
v 12.897933 0.794385 -8.493313
v 12.452405 2.013195 -8.910273
v 12.952265 1.405041 -9.215935
v 12.924906 1.400168 -8.996790
v 12.929070 1.396135 -8.796906
v 12.765363 1.387478 -8.670349
v 12.641067 1.379893 -8.506643
v 12.428337 1.372118 -8.496670
v 12.208566 1.364856 -8.467602
v 12.074883 1.363160 -8.643194
v 11.941008 1.361878 -8.797407
v 11.927659 1.365717 -8.996941
v 11.896585 1.368847 -9.215981
v 12.072149 1.378197 -9.350599
v 12.227481 1.386036 -9.497944
v 12.431824 1.393319 -9.470209
v 12.636949 1.400093 -9.497910
v 12.762602 1.401794 -9.333065
v 12.447320 2.660693 -8.826582
v 12.535732 2.711260 -8.989632
v 12.568480 2.705126 -8.933077
v 12.605548 2.702178 -8.887283
v 12.589634 2.693635 -8.828022
v 12.590097 2.687604 -8.767754
v 12.541868 2.680298 -8.727192
v 12.495899 2.673935 -8.681473
v 12.432643 2.672032 -8.698236
v 12.373614 2.671126 -8.710361
v 12.334441 2.674012 -8.754560
v 12.288040 2.678328 -8.800703
v 12.304785 2.685033 -8.863167
v 12.314842 2.693256 -8.925632
v 12.367636 2.697973 -8.955339
v 12.410913 2.706146 -8.998919
v 12.469913 2.705861 -8.982460
v 12.467736 3.676976 -8.573399
v 12.660117 1.992509 -9.332865
v 12.744776 1.972576 -9.186916
v 12.839251 1.972733 -9.070494
v 12.799967 1.943790 -8.916935
v 12.801245 1.944024 -8.763674
v 12.679212 1.924227 -8.658529
v 12.562047 1.924429 -8.542238
v 12.401433 1.909775 -8.583536
v 12.250850 1.913112 -8.614635
v 12.150887 1.915057 -8.727262
v 12.031639 1.931484 -8.846199
v 12.074370 1.936878 -9.005426
v 12.098882 1.956396 -9.166397
v 12.233583 1.957713 -9.241991
v 12.342583 1.980775 -9.355238
v 12.493656 1.972123 -9.312408
v 12.460014 0.003319 -8.770432
v 12.460014 1.404342 -8.770432
v 12.322707 0.003319 -8.757761
v 12.322707 1.404342 -8.757761
v 12.216656 0.003319 -8.845894
v 12.216656 1.404342 -8.845894
v 12.203985 0.003319 -8.983202
v 12.203985 1.404342 -8.983202
v 12.292118 0.003319 -9.089252
v 12.292118 1.404342 -9.089252
v 12.429425 0.003319 -9.101923
v 12.429425 1.404342 -9.101923
v 12.535476 0.003319 -9.013790
v 12.535476 1.404342 -9.013790
v 12.548146 0.003319 -8.876484
v 12.548146 1.404342 -8.876484
v 1.139944 0.447025 -10.468470
v 1.212860 0.425118 -10.096416
v 1.183205 0.406361 -9.724739
v 1.467209 0.383184 -9.456310
v 1.728927 0.358500 -9.154211
v 2.123743 0.350066 -9.229691
v 2.484213 0.340996 -9.274874
v 2.749276 0.346056 -9.533352
v 3.053152 0.350273 -9.797441
v 2.977376 0.373362 -10.189333
v 2.936368 0.394938 -10.575405
v 2.626998 0.415566 -10.782265
v 2.379793 0.439295 -11.070387
v 2.018106 0.448963 -11.040607
v 1.617170 0.463723 -11.071062
v 1.426444 0.450461 -10.710587
v 2.114327 1.655174 -9.974121
v 1.254755 0.896517 -10.366600
v 1.519752 0.892051 -10.583174
v 1.723062 0.891635 -10.817974
v 2.047879 0.879504 -10.786936
v 2.360720 0.872624 -10.847898
v 2.617431 0.859274 -10.634195
v 2.895885 0.846286 -10.442940
v 2.869021 0.839127 -10.097439
v 2.859545 0.831442 -9.782965
v 2.666530 0.831906 -9.539909
v 2.467447 0.829485 -9.261768
v 2.127961 0.842596 -9.287226
v 1.792018 0.853337 -9.282373
v 1.589377 0.866131 -9.525059
v 1.321689 0.878459 -9.712023
v 1.354215 0.884544 -10.028620
v 2.033829 2.241995 -10.029343
v 1.860642 1.564664 -9.400188
v 1.715901 1.559236 -9.599058
v 1.560224 1.554744 -9.758266
v 1.596795 1.545102 -9.985806
v 1.573041 1.536654 -10.213497
v 1.738258 1.527995 -10.383678
v 1.894647 1.519907 -10.574736
v 2.137031 1.518018 -10.533941
v 2.363282 1.516590 -10.510662
v 2.526151 1.520866 -10.358738
v 2.718281 1.524352 -10.204472
v 2.678224 1.534766 -9.961349
v 2.664300 1.543497 -9.723303
v 2.477163 1.551607 -9.590145
v 2.331630 1.559152 -9.411358
v 2.103959 1.561047 -9.449539
v 1.974197 2.963146 -10.101204
v 2.026602 3.019465 -9.901386
v 1.956908 3.012634 -9.922379
v 1.891904 3.009351 -9.931337
v 1.859682 2.999835 -9.991604
v 1.813387 2.993119 -10.040211
v 1.821663 2.984981 -10.109909
v 1.824174 2.977894 -10.182074
v 1.888334 2.975775 -10.216650
v 1.945525 2.974766 -10.251774
v 2.011024 2.977980 -10.245714
v 2.083875 2.982787 -10.243582
v 2.117862 2.990255 -10.180080
v 2.157285 2.999413 -10.121672
v 2.137031 3.004667 -10.057318
v 2.135076 3.013769 -9.988941
v 2.074607 3.013452 -9.957359
v 1.764711 4.095032 -10.291327
v 2.187064 2.218956 -9.527782
v 2.007092 2.196755 -9.581846
v 1.841640 2.196930 -9.604445
v 1.756557 2.164695 -9.759121
v 1.638749 2.164956 -9.882654
v 1.657775 2.142907 -10.061047
v 1.664355 2.143132 -10.244787
v 1.826298 2.126811 -10.333611
v 1.972323 2.130527 -10.423075
v 2.139340 2.132693 -10.407740
v 2.326831 2.150989 -10.401976
v 2.413432 2.156997 -10.240067
v 2.516164 2.178735 -10.090622
v 2.464330 2.180202 -9.926582
v 2.462065 2.205888 -9.751537
v 2.306705 2.196250 -9.671228
v 1.921105 0.003494 -10.137146
v 1.921105 1.563885 -10.137146
v 2.022996 0.003494 -10.252054
v 2.022996 1.563885 -10.252054
v 2.176296 0.003494 -10.261259
v 2.176296 1.563885 -10.261259
v 2.291204 0.003494 -10.159367
v 2.291204 1.563885 -10.159367
v 2.300408 0.003494 -10.006065
v 2.300408 1.563885 -10.006065
v 2.198517 0.003494 -9.891157
v 2.198517 1.563885 -9.891157
v 2.045216 0.003494 -9.881954
v 2.045216 1.563885 -9.881954
v 1.930308 0.003494 -9.983847
v 1.930308 1.563885 -9.983847
v 4.078389 0.415685 -11.110884
v 3.986042 0.395320 -10.770752
v 3.808352 0.377883 -10.473150
v 3.934602 0.356338 -10.132515
v 4.028420 0.333391 -9.772987
v 4.388580 0.325551 -9.673407
v 4.707643 0.317120 -9.562712
v 5.034966 0.321823 -9.669069
v 5.396950 0.325744 -9.764133
v 5.495079 0.347208 -10.121977
v 5.619793 0.367265 -10.460661
v 5.447058 0.386441 -10.760416
v 5.359586 0.408499 -11.102320
v 5.045849 0.417487 -11.226357
v 4.724187 0.431208 -11.416758
v 4.416848 0.418879 -11.194784
v 4.687119 1.538796 -10.297796
v 4.132164 0.833539 -10.978720
v 4.442185 0.829387 -11.050177
v 4.708289 0.829000 -11.162214
v 4.966262 0.817723 -11.002659
v 5.252119 0.811328 -10.924717
v 5.378143 0.798917 -10.640930
v 5.531530 0.786843 -10.366907
v 5.366940 0.780188 -10.089977
v 5.229612 0.773045 -9.831749
v 4.968692 0.773476 -9.708591
v 4.688274 0.771225 -9.558687
v 4.415776 0.783413 -9.719631
v 4.133757 0.793398 -9.853851
v 4.064730 0.805292 -10.139538
v 3.918549 0.816752 -10.405554
v 4.075964 0.822409 -10.656063
v 4.642747 2.084313 -10.376955
v 4.239447 1.454657 -9.923809
v 4.200649 1.449611 -10.149147
v 4.136411 1.445436 -10.345926
v 4.260543 1.436472 -10.520536
v 4.334455 1.428619 -10.720104
v 4.542212 1.420569 -10.793959
v 4.751202 1.413050 -10.888847
v 4.936449 1.411294 -10.755085
v 5.115457 1.409966 -10.642563
v 5.188687 1.413942 -10.448895
v 5.285343 1.417182 -10.241232
v 5.151892 1.426863 -10.055067
v 5.042313 1.434980 -9.862375
v 4.831523 1.442519 -9.828403
v 4.636632 1.449534 -9.739275
v 4.462573 1.451295 -9.864801
v 4.622617 2.754705 -10.461399
v 4.584060 2.807059 -10.273273
v 4.534607 2.800709 -10.319456
v 4.484112 2.797657 -10.353678
v 4.482057 2.788811 -10.417173
v 4.463474 2.782567 -10.476744
v 4.499057 2.775002 -10.531433
v 4.530850 2.768414 -10.590551
v 4.598561 2.766445 -10.592966
v 4.660688 2.765506 -10.598705
v 4.712790 2.768494 -10.566696
v 4.772638 2.772963 -10.534935
v 4.774831 2.779904 -10.468018
v 4.783653 2.788419 -10.403105
v 4.740283 2.793303 -10.357800
v 4.710513 2.801764 -10.301611
v 4.647110 2.801469 -10.300173
v 4.526252 3.806920 -10.706091
v 4.564046 2.062896 -9.895819
v 4.436284 2.042258 -10.014954
v 4.307675 2.042420 -10.101887
v 4.300415 2.012454 -10.265833
v 4.253059 2.012697 -10.417288
v 4.342340 1.992199 -10.558157
v 4.423447 1.992408 -10.708603
v 4.594990 1.977236 -10.715990
v 4.753528 1.980691 -10.730461
v 4.886433 1.982704 -10.648939
v 5.040341 1.999712 -10.566969
v 5.045890 2.005297 -10.396370
v 5.070013 2.025506 -10.229519
v 4.959295 2.026869 -10.114120
v 4.885363 2.050747 -9.969145
v 4.722811 2.041788 -9.966146
v 4.593155 0.003373 -10.513210
v 4.593155 1.453933 -10.513210
v 4.725379 0.003373 -10.567055
v 4.725379 1.453933 -10.567055
v 4.856949 0.003373 -10.511631
v 4.856949 1.453933 -10.511631
v 4.910794 0.003373 -10.379408
v 4.910794 1.453933 -10.379408
v 4.855371 0.003373 -10.247837
v 4.855371 1.453933 -10.247837
v 4.723148 0.003373 -10.193993
v 4.723148 1.453933 -10.193993
v 4.591578 0.003373 -10.249416
v 4.591578 1.453933 -10.249416
v 4.537733 0.003373 -10.381639
v 4.537733 1.453933 -10.381639
v 4.161311 0.430132 -8.003479
v 3.976162 0.409056 -8.317739
v 3.884203 0.391010 -8.664465
v 3.540666 0.368714 -8.817196
v 3.206581 0.344966 -9.007603
v 2.872486 0.336852 -8.812849
v 2.559865 0.328126 -8.656569
v 2.402025 0.332994 -8.337271
v 2.210763 0.337051 -8.000465
v 2.404850 0.359264 -7.669119
v 2.565529 0.380022 -7.331932
v 2.912392 0.399867 -7.243177
v 3.228837 0.422695 -7.060811
v 3.547489 0.431997 -7.203503
v 3.921017 0.446197 -7.304093
v 3.978788 0.433438 -7.692166
v 3.119108 1.592443 -8.140404
v 4.024558 0.862570 -8.059191
v 3.853377 0.858273 -7.777933
v 3.743996 0.857873 -7.499867
v 3.439348 0.846203 -7.424150
v 3.174988 0.839584 -7.268784
v 2.873718 0.826740 -7.380589
v 2.559896 0.814245 -7.465071
v 2.473777 0.807357 -7.787150
v 2.381803 0.799964 -8.075520
v 2.479201 0.800411 -8.357782
v 2.570886 0.798082 -8.673822
v 2.887060 0.810695 -8.759295
v 3.190325 0.821029 -8.871136
v 3.451804 0.833337 -8.715744
v 3.754483 0.845197 -8.631714
v 3.826222 0.851052 -8.334047
v 3.209808 2.157000 -8.116043
v 3.165737 1.505367 -8.742292
v 3.360668 1.500145 -8.608137
v 3.552838 1.495824 -8.513468
v 3.592426 1.486548 -8.295315
v 3.686798 1.478420 -8.096315
v 3.591314 1.470089 -7.889065
v 3.510518 1.462309 -7.665693
v 3.277545 1.460491 -7.625190
v 3.064812 1.459117 -7.573956
v 2.868445 1.463231 -7.659717
v 2.644781 1.466585 -7.738243
v 2.603373 1.476604 -7.971651
v 2.539876 1.485003 -8.192095
v 2.667089 1.492806 -8.372763
v 2.741959 1.500065 -8.581528
v 2.960747 1.501887 -8.619699
v 3.286897 2.850791 -8.069912
v 3.175443 2.904973 -8.234455
v 3.245394 2.898401 -8.237696
v 3.307240 2.895242 -8.250357
v 3.355751 2.886088 -8.205978
v 3.413301 2.879626 -8.176682
v 3.428083 2.871797 -8.110794
v 3.448883 2.864979 -8.044514
v 3.401726 2.862941 -7.992622
v 3.361067 2.861969 -7.942461
v 3.299698 2.865062 -7.927011
v 3.232915 2.869686 -7.905648
v 3.181769 2.876871 -7.952396
v 3.127318 2.885682 -7.992785
v 3.125115 2.890736 -8.057655
v 3.105021 2.899493 -8.120321
v 3.149787 2.899187 -8.168316
v 3.537777 3.939732 -7.964400
v 2.910365 2.134835 -8.522127
v 3.090953 2.113477 -8.530628
v 3.248302 2.113645 -8.563036
v 3.374970 2.082633 -8.449902
v 3.521369 2.082884 -8.375492
v 3.561158 2.061672 -8.207542
v 3.613951 2.061888 -8.038723
v 3.495419 2.046186 -7.906338
v 3.391535 2.049762 -7.778461
v 3.235089 2.051845 -7.738962
v 3.063126 2.069447 -7.684230
v 2.932768 2.075227 -7.803441
v 2.791761 2.096141 -7.906185
v 2.786330 2.097552 -8.071602
v 2.732404 2.122263 -8.231153
v 2.847686 2.112991 -8.353708
v 3.346565 0.003429 -8.054277
v 3.346565 1.504618 -8.054277
v 3.290863 0.003429 -7.917430
v 3.290863 1.504618 -7.917430
v 3.154710 0.003429 -7.860052
v 3.154710 1.504618 -7.860052
v 3.017863 0.003429 -7.915754
v 3.017863 1.504618 -7.915754
v 2.960484 0.003429 -8.051908
v 2.960484 1.504618 -8.051908
v 3.016186 0.003429 -8.188755
v 3.016186 1.504618 -8.188755
v 3.152339 0.003429 -8.246134
v 3.152339 1.504618 -8.246134
v 3.289187 0.003429 -8.190432
v 3.289187 1.504618 -8.190432
v 7.577591 0.431931 -9.186367
v 7.932395 0.410767 -9.277330
v 8.292525 0.392646 -9.269341
v 8.535676 0.370255 -9.558153
v 8.812539 0.346408 -9.827337
v 8.717840 0.338259 -10.203955
v 8.654269 0.329497 -10.549124
v 8.390265 0.334385 -10.790443
v 8.118696 0.338460 -11.068888
v 7.744916 0.360766 -10.974068
v 7.374821 0.381611 -10.913105
v 7.192459 0.401540 -10.603241
v 6.928274 0.424464 -10.348831
v 6.977056 0.433804 -10.001633
v 6.969917 0.448064 -9.613237
v 7.328176 0.435251 -9.449272
v 8.000353 1.599126 -10.153585
v 7.669476 0.866187 -9.302753
v 7.445891 0.861872 -9.546335
v 7.208150 0.861470 -9.729408
v 7.220073 0.849750 -10.044416
v 7.143922 0.843104 -10.342773
v 7.335805 0.830206 -10.602226
v 7.504830 0.817658 -10.881405
v 7.839557 0.810742 -10.874655
v 8.143395 0.803318 -10.882956
v 8.388530 0.803766 -10.710272
v 8.667838 0.801427 -10.533680
v 8.662113 0.814093 -10.204832
v 8.685424 0.824471 -9.881081
v 8.462592 0.836831 -9.672173
v 8.297111 0.848740 -9.403616
v 7.989945 0.854620 -9.417429
v 7.951557 2.166055 -10.072882
v 8.567986 1.511684 -9.940735
v 8.384202 1.506440 -9.790102
v 8.239278 1.502101 -9.631121
v 8.017786 1.492786 -9.653772
v 7.799493 1.484624 -9.618235
v 7.626190 1.476258 -9.768150
v 7.433239 1.468445 -9.908392
v 7.459143 1.466619 -10.144436
v 7.469048 1.465240 -10.363949
v 7.606548 1.469371 -10.529463
v 7.744683 1.472739 -10.723330
v 7.981399 1.482800 -10.698177
v 8.211769 1.491235 -10.697950
v 8.350578 1.499070 -10.524841
v 8.531091 1.506360 -10.394388
v 8.506893 1.508190 -10.172680
v 7.885553 2.862761 -10.011381
v 8.075373 2.917170 -10.073008
v 8.058990 2.910570 -10.004623
v 8.053953 2.907399 -9.941429
v 7.997613 2.898206 -9.907009
v 7.953299 2.891716 -9.859661
v 7.885616 2.883855 -9.863777
v 7.815873 2.877009 -9.862198
v 7.778967 2.874962 -9.922163
v 7.741917 2.873986 -9.975376
v 7.744129 2.877092 -10.038887
v 7.742146 2.881735 -10.109270
v 7.801508 2.888950 -10.145573
v 7.855658 2.897798 -10.186836
v 7.918851 2.902874 -10.170870
v 7.984909 2.911668 -10.172775
v 8.018723 2.911361 -10.116205
v 7.713796 3.956277 -9.798786
v 8.426817 2.143797 -10.248495
v 8.384653 2.122349 -10.071913
v 8.372032 2.122518 -9.911079
v 8.227565 2.091375 -9.820436
v 8.114950 2.091628 -9.699959
v 7.941833 2.070326 -9.708418
v 7.764250 2.070543 -9.704573
v 7.669598 2.054775 -9.855843
v 7.575210 2.058366 -9.991724
v 7.580738 2.060458 -10.153664
v 7.575899 2.078134 -10.334818
v 7.727259 2.083938 -10.427326
v 7.865702 2.104940 -10.534698
v 8.026793 2.106356 -10.493803
v 8.195752 2.131172 -10.501326
v 8.281827 2.121861 -10.355934
v 7.853830 0.003436 -9.958179
v 7.853830 1.510932 -9.958179
v 7.737350 0.003436 -10.050081
v 7.737350 1.510932 -10.050081
v 7.719971 0.003436 -10.197432
v 7.719971 1.510932 -10.197432
v 7.811873 0.003436 -10.313911
v 7.811873 1.510932 -10.313911
v 7.959222 0.003436 -10.331291
v 7.959222 1.510932 -10.331291
v 8.075704 0.003436 -10.239388
v 8.075704 1.510932 -10.239388
v 8.093082 0.003436 -10.092039
v 8.093082 1.510932 -10.092039
v 8.001180 0.003436 -9.975559
v 8.001180 1.510932 -9.975559
v 12.628490 0.440673 -5.799995
v 12.269156 0.419078 -5.902694
v 11.956115 0.400589 -6.095281
v 11.593170 0.377743 -5.966212
v 11.210652 0.353411 -5.871797
v 11.100004 0.345097 -5.491328
v 10.978147 0.336157 -5.154591
v 11.086313 0.341144 -4.806042
v 11.182014 0.345302 -4.420899
v 11.560047 0.368062 -4.311822
v 11.917393 0.389330 -4.174826
v 12.237646 0.409664 -4.353756
v 12.601389 0.433053 -4.441692
v 12.737315 0.442584 -4.772594
v 12.943717 0.457133 -5.110969
v 12.712687 0.444060 -5.439956
v 11.757830 1.631587 -5.166011
v 12.487603 0.883753 -5.744840
v 12.559008 0.879350 -5.415126
v 12.674056 0.878941 -5.131405
v 12.501252 0.866983 -4.860127
v 12.414592 0.860201 -4.558135
v 12.111927 0.847041 -4.428507
v 11.819228 0.834238 -4.269729
v 11.527921 0.827181 -4.448135
v 11.256059 0.819607 -4.597373
v 11.129148 0.820064 -4.875753
v 10.974154 0.817678 -5.175183
v 11.148631 0.830601 -5.461842
v 11.294908 0.841189 -5.758973
v 11.598787 0.853801 -5.828143
v 11.882894 0.865952 -5.979392
v 12.146289 0.871951 -5.808965
v 11.842384 2.210037 -5.211944
v 11.367598 1.542368 -5.645929
v 11.607063 1.537018 -5.683895
v 11.816607 1.532591 -5.749238
v 11.999998 1.523086 -5.615166
v 12.210554 1.514758 -5.533993
v 12.285936 1.506222 -5.312675
v 12.383607 1.498250 -5.089751
v 12.239176 1.496388 -4.895220
v 12.117352 1.494980 -4.707004
v 11.910980 1.499195 -4.632083
v 11.689442 1.502631 -4.532523
v 11.493931 1.512897 -4.676637
v 11.291167 1.521503 -4.795533
v 11.258113 1.529498 -5.019504
v 11.166352 1.536936 -5.227397
v 11.301895 1.538803 -5.410183
v 11.932200 2.920902 -5.232100
v 11.733278 2.976416 -5.275627
v 11.782941 2.969682 -5.327411
v 11.819935 2.966446 -5.380469
v 11.887288 2.957067 -5.381755
v 11.950709 2.950445 -5.400620
v 12.008196 2.942424 -5.362122
v 12.070431 2.935439 -5.327580
v 12.072037 2.933350 -5.255754
v 12.077249 2.932355 -5.189802
v 12.042578 2.935523 -5.135009
v 12.008060 2.940261 -5.072002
v 11.937078 2.947622 -5.070617
v 11.868128 2.956651 -5.062177
v 11.820702 2.961829 -5.108799
v 11.761544 2.970802 -5.141153
v 11.760912 2.970489 -5.208397
v 12.193000 4.036639 -5.330832
v 11.333353 2.187327 -5.302157
v 11.461467 2.165443 -5.435944
v 11.555449 2.165615 -5.571084
v 11.729381 2.133840 -5.576475
v 11.890631 2.134097 -5.624554
v 12.038733 2.112363 -5.527910
v 12.197108 2.112584 -5.439798
v 12.202526 2.096496 -5.257811
v 12.215642 2.100160 -5.089512
v 12.127337 2.102294 -4.949743
v 12.038260 2.120330 -4.787712
v 11.857298 2.126251 -4.784227
v 11.680053 2.147680 -4.760997
v 11.559254 2.149126 -4.880014
v 11.406579 2.174445 -4.960441
v 11.405686 2.164945 -5.132833
v 11.987549 0.003470 -5.262609
v 11.987549 1.541601 -5.262609
v 12.042780 0.003470 -5.121657
v 12.042780 1.541601 -5.121657
v 11.982166 0.003470 -4.982935
v 11.982166 1.541601 -4.982935
v 11.841215 0.003470 -4.927704
v 11.841215 1.541601 -4.927704
v 11.702493 0.003470 -4.988319
v 11.702493 1.541601 -4.988319
v 11.647264 0.003470 -5.129270
v 11.647264 1.541601 -5.129270
v 11.707877 0.003470 -5.267992
v 11.707877 1.541601 -5.267992
v 11.848827 0.003470 -5.323222
v 11.848827 1.541601 -5.323222
v 4.410019 0.447329 -12.160572
v 4.382061 0.425407 -12.538931
v 4.455964 0.406637 -12.904652
v 4.205898 0.383445 -13.205297
v 3.981997 0.358744 -13.536732
v 3.580717 0.350304 -13.508949
v 3.217182 0.341229 -13.507158
v 2.922932 0.346291 -13.282051
v 2.589450 0.350512 -13.056007
v 2.617877 0.373617 -12.657597
v 2.612458 0.395207 -12.269127
v 2.895088 0.415850 -12.026615
v 3.106240 0.439594 -11.710804
v 3.469141 0.449270 -11.697145
v 3.863836 0.464040 -11.618946
v 4.096427 0.450768 -11.954279
v 3.501062 1.656305 -12.768219
v 4.308132 0.897129 -12.275507
v 4.018958 0.892660 -12.092024
v 3.788892 0.892244 -11.883057
v 3.469893 0.880105 -11.952730
v 3.151791 0.873220 -11.929569
v 2.922297 0.859861 -12.172583
v 2.668516 0.846864 -12.395891
v 2.736517 0.839700 -12.735937
v 2.783533 0.832010 -13.047241
v 3.004357 0.832475 -13.265642
v 3.235406 0.830052 -13.518175
v 3.569647 0.843171 -13.452291
v 3.903992 0.853920 -13.416943
v 4.076301 0.866723 -13.151604
v 4.319900 0.879059 -12.933846
v 4.249729 0.885149 -12.623190
v 3.574435 2.243528 -12.703732
v 3.821726 1.565733 -13.308098
v 3.941750 1.560302 -13.093212
v 4.077381 1.555808 -12.916422
v 4.013841 1.546159 -12.694731
v 4.010217 1.537705 -12.465675
v 3.825722 1.529039 -12.316353
v 3.647503 1.520946 -12.145233
v 3.411569 1.519055 -12.214743
v 3.189569 1.517627 -12.264925
v 3.045920 1.521905 -12.435339
v 2.873482 1.525394 -12.611576
v 2.942349 1.535815 -12.848333
v 2.984646 1.544552 -13.083172
v 3.186489 1.552668 -13.193089
v 3.352456 1.560218 -13.353315
v 3.574086 1.562114 -13.288160
v 3.625088 2.965174 -12.625206
v 3.596915 3.021530 -12.829994
v 3.663647 3.014695 -12.800804
v 3.727158 3.011409 -12.784130
v 3.751965 3.001888 -12.720402
v 3.792148 2.995166 -12.666576
v 3.775593 2.987023 -12.598318
v 3.764469 2.979932 -12.526922
v 3.696591 2.977811 -12.500242
v 3.635571 2.976801 -12.472183
v 3.571222 2.980017 -12.486036
v 3.499098 2.984828 -12.496864
v 3.472924 2.992300 -12.564018
v 3.440740 3.001465 -12.626762
v 3.468558 3.006722 -12.688278
v 3.478676 3.015831 -12.755976
v 3.542529 3.015513 -12.780123
v 3.810483 4.097833 -12.411268
v 3.482165 2.220474 -13.220362
v 3.654505 2.198258 -13.145130
v 3.816182 2.198433 -13.102894
v 3.882219 2.166175 -12.939049
v 3.984493 2.166437 -12.802231
v 3.944259 2.144372 -12.627268
v 3.915753 2.144598 -12.445507
v 3.744240 2.128265 -12.376623
v 3.588464 2.131985 -12.305199
v 3.424364 2.134151 -12.340405
v 3.238779 2.152460 -12.368549
v 3.172098 2.158472 -12.539761
v 3.087902 2.180226 -12.700520
v 3.159013 2.181693 -12.857300
v 3.182193 2.207397 -13.030939
v 3.346148 2.197752 -13.092150
v 3.673539 0.003495 -12.583147
v 3.673539 1.564954 -12.583147
v 3.558569 0.003495 -12.481167
v 3.558569 1.564954 -12.481167
v 3.405162 0.003495 -12.490353
v 3.405162 1.564954 -12.490353
v 3.303182 0.003495 -12.605324
v 3.303182 1.564954 -12.605324
v 3.312368 0.003495 -12.758732
v 3.312368 1.564954 -12.758732
v 3.427338 0.003495 -12.860710
v 3.427338 1.564954 -12.860710
v 3.580745 0.003495 -12.851524
v 3.580745 1.564954 -12.851524
v 3.682725 0.003495 -12.736555
v 3.682725 1.564954 -12.736555
v 6.864121 0.428720 -6.759133
v 7.130762 0.407713 -6.512016
v 7.317708 0.389727 -6.207257
v 7.689392 0.367504 -6.159660
v 8.062823 0.343834 -6.073387
v 8.326132 0.335747 -6.354870
v 8.579937 0.327050 -6.593479
v 8.639342 0.331902 -6.943480
v 8.725654 0.335946 -7.319754
v 8.445593 0.358086 -7.580628
v 8.195760 0.378775 -7.856631
v 7.839194 0.398555 -7.842192
v 7.484904 0.421308 -7.925831
v 7.221456 0.430579 -7.698473
v 6.893571 0.444732 -7.495620
v 6.949378 0.432015 -7.108567
v 7.898375 1.587199 -6.926406
v 7.010624 0.859733 -6.745043
v 7.093646 0.855450 -7.062537
v 7.118572 0.855051 -7.359312
v 7.387801 0.843419 -7.518720
v 7.595788 0.836822 -7.742655
v 7.915412 0.824020 -7.722049
v 8.239207 0.811566 -7.731119
v 8.413530 0.804702 -7.448222
v 8.583805 0.797333 -7.199184
v 8.571520 0.797778 -6.901827
v 8.574347 0.795457 -6.573854
v 8.296903 0.808028 -6.401837
v 8.039324 0.818328 -6.208334
v 7.745229 0.830596 -6.281935
v 7.432201 0.842416 -6.275619
v 7.278589 0.848252 -6.539320
v 7.804809 2.149895 -6.923730
v 8.025958 1.500410 -6.338386
v 7.801476 1.495206 -6.410739
v 7.590921 1.490899 -6.446180
v 7.490744 1.481653 -6.643154
v 7.343735 1.473552 -6.806174
v 7.375642 1.465249 -7.031362
v 7.388915 1.457494 -7.267742
v 7.599777 1.455682 -7.373031
v 7.788246 1.454313 -7.482780
v 8.000261 1.458413 -7.457044
v 8.236271 1.461756 -7.446021
v 8.342547 1.471742 -7.235003
v 8.466209 1.480114 -7.042677
v 8.396407 1.487891 -6.833798
v 8.384615 1.495126 -6.613060
v 8.186630 1.496942 -6.514055
v 7.718012 2.841399 -6.945735
v 7.871480 2.895402 -6.820496
v 7.805617 2.888852 -6.797400
v 7.750185 2.885704 -6.767628
v 7.691178 2.876580 -6.796128
v 7.627851 2.870139 -6.807646
v 7.594897 2.862336 -6.866328
v 7.556085 2.855541 -6.923666
v 7.586273 2.853508 -6.986697
v 7.610752 2.852541 -7.046216
v 7.664929 2.855623 -7.078515
v 7.722585 2.860232 -7.118010
v 7.784787 2.867393 -7.087999
v 7.848325 2.876175 -7.065005
v 7.868979 2.881212 -7.003696
v 7.906082 2.889941 -6.949609
v 7.877063 2.889636 -6.890983
v 7.448300 3.926750 -6.974741
v 8.206834 2.127804 -6.621623
v 8.036839 2.106516 -6.561867
v 7.895868 2.106683 -6.485931
v 7.742575 2.075773 -6.557733
v 7.581515 2.076024 -6.586919
v 7.495501 2.054881 -6.735900
v 7.396821 2.055097 -6.881995
v 7.472142 2.039447 -7.042290
v 7.534765 2.043011 -7.194092
v 7.672847 2.045087 -7.276542
v 7.821388 2.062631 -7.377971
v 7.979942 2.068392 -7.301422
v 8.143955 2.089236 -7.243641
v 8.196440 2.090643 -7.087253
v 8.293551 2.115273 -6.950333
v 8.218523 2.106031 -6.800353
v 7.656570 0.003424 -6.943600
v 7.656570 1.499664 -6.943600
v 7.670625 0.003424 -7.090190
v 7.670625 1.499664 -7.090190
v 7.784218 0.003424 -7.183907
v 7.784218 1.499664 -7.183907
v 7.930808 0.003424 -7.169852
v 7.930808 1.499664 -7.169852
v 8.024526 0.003424 -7.056260
v 8.024526 1.499664 -7.056260
v 8.010471 0.003424 -6.909668
v 8.010471 1.499664 -6.909668
v 7.896878 0.003424 -6.815952
v 7.896878 1.499664 -6.815952
v 7.750288 0.003424 -6.830007
v 7.750288 1.499664 -6.830007
v 1.593013 0.533475 -13.012634
v 1.979317 0.507315 -13.248739
v 2.407784 0.484916 -13.369844
v 2.590427 0.457240 -13.799276
v 2.820021 0.427763 -14.217737
v 2.571594 0.417691 -14.628464
v 2.371348 0.406860 -15.013311
v 1.971894 0.412902 -15.202784
v 1.550041 0.417938 -15.433384
v 1.142713 0.445511 -15.185839
v 0.727465 0.471276 -14.979639
v 0.624289 0.495909 -14.547363
v 0.404320 0.524245 -14.150957
v 0.587823 0.535790 -13.758352
v 0.720179 0.553416 -13.296791
v 1.202975 0.537579 -13.232899
v 1.741987 1.976200 -14.308859
v 1.659406 1.070242 -13.183475
v 1.306896 1.064908 -13.390272
v 0.959591 1.064412 -13.520430
v 0.859490 1.049925 -13.897003
v 0.661351 1.041710 -14.221972
v 0.794051 1.025767 -14.598127
v 0.892590 1.010257 -14.989307
v 1.290587 1.001708 -15.102669
v 1.646630 0.992532 -15.222614
v 1.998905 0.993086 -15.107412
v 2.392982 0.990195 -14.999979
v 2.505422 1.005851 -14.609299
v 2.650327 1.018678 -14.235167
v 2.462730 1.033956 -13.907524
v 2.364529 1.048677 -13.530180
v 1.996540 1.055945 -13.435158
v 1.713578 2.676960 -14.195801
v 2.489924 1.868117 -14.263092
v 2.327347 1.861635 -14.018465
v 2.213719 1.856272 -13.778061
v 1.943767 1.844758 -13.724541
v 1.698689 1.834669 -13.603415
v 1.439551 1.824328 -13.717751
v 1.160700 1.814670 -13.813532
v 1.105747 1.812414 -14.101860
v 1.037880 1.810709 -14.364849
v 1.140368 1.815815 -14.610285
v 1.233329 1.819978 -14.889450
v 1.522177 1.832414 -14.945536
v 1.794491 1.842840 -15.028778
v 2.021276 1.852526 -14.874527
v 2.281878 1.861536 -14.785805
v 2.333651 1.863798 -14.515039
v 1.657875 3.538132 -14.099197
v 1.859847 3.605385 -14.240831
v 1.865276 3.597228 -14.154081
v 1.882233 3.593307 -14.077579
v 1.828131 3.581945 -14.016479
v 1.792929 3.573923 -13.944466
v 1.711454 3.564206 -13.924795
v 1.629611 3.555743 -13.897646
v 1.564261 3.553213 -13.955130
v 1.501189 3.552007 -14.004583
v 1.480781 3.555846 -14.080437
v 1.452923 3.561586 -14.162889
v 1.509913 3.570503 -14.227306
v 1.558945 3.581440 -14.295698
v 1.639410 3.587714 -14.299738
v 1.716779 3.598584 -14.325935
v 1.777245 3.598204 -14.271343
v 1.531971 4.889785 -13.785709
v 2.211542 2.649448 -14.575603
v 2.225726 2.622936 -14.351648
v 2.269112 2.623146 -14.157015
v 2.131250 2.584651 -13.997534
v 2.041845 2.584963 -13.814341
v 1.834204 2.558633 -13.761581
v 1.625744 2.558902 -13.692667
v 1.459059 2.539412 -13.837112
v 1.298263 2.543850 -13.963470
v 1.246093 2.546436 -14.156841
v 1.174707 2.568284 -14.369160
v 1.320038 2.575458 -14.533344
v 1.444716 2.601418 -14.710415
v 1.649905 2.603169 -14.720482
v 1.846838 2.633842 -14.790617
v 2.001258 2.622334 -14.650007
v 1.639672 0.003828 -14.024828
v 1.639672 1.867187 -14.024828
v 1.468712 0.003828 -14.091208
v 1.468712 1.867187 -14.091208
v 1.394761 0.003828 -14.259033
v 1.394761 1.867187 -14.259033
v 1.461140 0.003828 -14.429993
v 1.461140 1.867187 -14.429993
v 1.628965 0.003828 -14.503944
v 1.628965 1.867187 -14.503944
v 1.799926 0.003828 -14.437565
v 1.799926 1.867187 -14.437565
v 1.873876 0.003828 -14.269741
v 1.873876 1.867187 -14.269741
v 1.807497 0.003828 -14.098780
v 1.807497 1.867187 -14.098780
v 3.770566 0.416031 -4.786775
v 3.904220 0.395649 -5.113213
v 4.117394 0.378197 -5.386889
v 4.033997 0.356634 -5.740777
v 3.985140 0.333668 -6.109430
v 3.639701 0.325821 -6.252737
v 3.336452 0.317383 -6.402017
v 2.998238 0.322090 -6.336736
v 2.626991 0.326014 -6.286945
v 2.485411 0.347496 -5.943629
v 2.319787 0.367570 -5.622619
v 2.454394 0.386762 -5.303602
v 2.499120 0.408839 -4.953235
v 2.795435 0.417835 -4.791360
v 3.091440 0.431567 -4.562596
v 3.424060 0.419228 -4.745171
v 3.266211 1.540080 -5.669392
v 3.733451 0.834234 -4.924672
v 3.416723 0.830078 -4.891920
v 3.138613 0.829692 -4.813450
v 2.902062 0.818405 -5.003729
v 2.627754 0.812004 -5.116383
v 2.537573 0.799583 -5.413780
v 2.419010 0.787499 -5.704855
v 2.616625 0.780838 -5.959614
v 2.784857 0.773689 -6.199158
v 3.059189 0.774121 -6.289311
v 3.356185 0.771868 -6.403626
v 3.606992 0.784066 -6.210180
v 3.870549 0.794060 -6.042102
v 3.903886 0.805963 -5.749843
v 4.016279 0.817432 -5.467611
v 3.829047 0.823095 -5.238209
v 3.300522 2.086053 -5.585299
v 3.756952 1.455870 -5.985649
v 3.767705 1.450820 -5.757057
v 3.807246 1.446642 -5.553694
v 3.662430 1.437671 -5.395572
v 3.564416 1.429811 -5.206471
v 3.348964 1.421754 -5.158733
v 3.129693 1.414230 -5.090252
v 2.962195 1.412472 -5.245945
v 2.798274 1.411143 -5.379775
v 2.749417 1.415121 -5.581156
v 2.679019 1.418365 -5.799325
v 2.834517 1.428054 -5.967774
v 2.967109 1.436177 -6.145648
v 3.180655 1.443723 -6.153402
v 3.385212 1.450743 -6.217898
v 3.542615 1.452505 -6.071764
v 3.310104 2.757005 -5.498949
v 3.371593 2.809402 -5.681043
v 3.415016 2.803047 -5.629076
v 3.460950 2.799993 -5.588861
v 3.455163 2.791140 -5.525543
v 3.466276 2.784890 -5.464087
v 3.424191 2.777319 -5.414155
v 3.385325 2.770726 -5.359357
v 3.317776 2.768754 -5.365307
v 3.255363 2.767815 -5.367267
v 3.207561 2.770806 -5.405481
v 3.152036 2.775278 -5.444405
v 3.158107 2.782226 -5.511140
v 3.157348 2.790747 -5.576699
v 3.206010 2.795635 -5.616351
v 3.242505 2.804103 -5.668488
v 3.305654 2.803808 -5.662099
v 3.375648 3.810099 -5.244035
v 3.438006 2.064617 -6.053469
v 3.550213 2.043962 -5.919389
v 3.667232 2.044125 -5.817192
v 3.654231 2.014133 -5.653462
v 3.682592 2.014376 -5.497197
v 3.576550 1.993862 -5.368292
v 3.477446 1.994071 -5.228866
v 3.306157 1.978887 -5.242679
v 3.146909 1.982345 -5.247850
v 3.024958 1.984359 -5.345204
v 2.882200 2.001382 -5.445593
v 2.897722 2.006971 -5.615719
v 2.894333 2.027197 -5.784411
v 3.018527 2.028561 -5.885377
v 3.109831 2.052459 -6.020253
v 3.271649 2.043493 -6.003191
v 3.332978 0.003375 -5.443856
v 3.332978 1.455146 -5.443856
v 3.195014 0.003375 -5.406678
v 3.195014 1.455146 -5.406678
v 3.071169 0.003375 -5.477945
v 3.071169 1.455146 -5.477945
v 3.033992 0.003375 -5.615910
v 3.033992 1.455146 -5.615910
v 3.105259 0.003375 -5.739755
v 3.105259 1.455146 -5.739755
v 3.243223 0.003375 -5.776932
v 3.243223 1.455146 -5.776932
v 3.367068 0.003375 -5.705665
v 3.367068 1.455146 -5.705665
v 3.404245 0.003375 -5.567701
v 3.404245 1.455146 -5.567701
v 8.605809 0.425494 -5.076652
v 8.888599 0.404646 -4.852589
v 9.096955 0.386796 -4.565378
v 9.468378 0.364741 -4.546791
v 9.844497 0.341250 -4.490071
v 10.083443 0.333224 -4.788789
v 10.316274 0.324593 -5.044356
v 10.348207 0.329407 -5.395230
v 10.404746 0.333421 -5.774164
v 10.107623 0.355394 -6.010810
v 9.839248 0.375926 -6.264744
v 9.487541 0.395557 -6.223106
v 9.130565 0.418138 -6.278688
v 8.887330 0.427339 -6.033514
v 8.578456 0.441385 -5.807646
v 8.663364 0.428764 -5.428948
v 9.616346 1.575220 -5.321499
v 8.751850 0.853250 -5.073947
v 8.809645 0.849000 -5.394468
v 8.811544 0.848604 -5.690032
v 9.065713 0.837060 -5.868413
v 9.254333 0.830512 -6.105946
v 9.572174 0.817808 -6.110075
v 9.891866 0.805448 -6.143887
v 10.086055 0.798635 -5.877337
v 10.273640 0.791322 -5.643983
v 10.284293 0.791764 -5.348813
v 10.312247 0.789460 -5.024508
v 10.050919 0.801936 -4.833019
v 9.810893 0.812158 -4.621795
v 9.514249 0.824334 -4.672063
v 9.204999 0.836065 -4.641801
v 9.032775 0.841856 -4.890944
v 9.523971 2.133665 -5.311674
v 9.787692 1.489087 -4.749454
v 9.560023 1.483922 -4.803826
v 9.348966 1.479648 -4.822742
v 9.234733 1.470472 -5.009959
v 9.076767 1.462432 -5.159987
v 9.091064 1.454191 -5.385252
v 9.086065 1.446495 -5.620163
v 9.286633 1.444697 -5.740518
v 9.464699 1.443338 -5.863569
v 9.676457 1.447407 -5.854367
v 9.910829 1.450724 -5.861563
v 10.032175 1.460635 -5.660918
v 10.169287 1.468944 -5.480102
v 10.116241 1.476662 -5.268067
v 10.121505 1.483842 -5.048748
v 9.933198 1.485645 -4.935597
v 9.436400 2.819944 -5.326788
v 9.597858 2.873538 -5.214640
v 9.534460 2.867038 -5.186735
v 9.481897 2.863913 -5.153024
v 9.421324 2.854858 -5.176698
v 9.357780 2.848466 -5.183238
v 9.320672 2.840722 -5.238774
v 9.277868 2.833978 -5.292532
v 9.302905 2.831962 -5.357213
v 9.322560 2.831001 -5.417985
v 9.373691 2.834060 -5.454100
v 9.427709 2.838634 -5.497601
v 9.491559 2.845741 -5.472678
v 9.556192 2.854456 -5.454799
v 9.581331 2.859456 -5.395720
v 9.622193 2.868118 -5.345048
v 9.597977 2.867816 -5.284813
v 9.167302 3.897094 -5.334800
v 9.944938 2.111740 -5.043584
v 9.781318 2.090613 -4.971417
v 9.647654 2.090779 -4.885468
v 9.490467 2.060103 -4.944754
v 9.328862 2.060351 -4.961278
v 9.232326 2.039369 -5.102095
v 9.123479 2.039582 -5.239083
v 9.185711 2.024050 -5.403469
v 9.236031 2.027588 -5.558475
v 9.366335 2.029648 -5.650650
v 9.505531 2.047060 -5.762405
v 9.668289 2.052777 -5.698823
v 9.835008 2.073464 -5.654232
v 9.898936 2.074860 -5.503516
v 10.005528 2.099303 -5.375485
v 9.942795 2.090132 -5.221330
v 9.375769 0.003411 -5.319963
v 9.375769 1.488346 -5.319963
v 9.378430 0.003411 -5.466089
v 9.378430 1.488346 -5.466089
v 9.483640 0.003411 -5.567532
v 9.483640 1.488346 -5.567532
v 9.629766 0.003411 -5.564871
v 9.629766 1.488346 -5.564871
v 9.731209 0.003411 -5.459662
v 9.731209 1.488346 -5.459662
v 9.728547 0.003411 -5.313536
v 9.728547 1.488346 -5.313536
v 9.623338 0.003411 -5.212092
v 9.623338 1.488346 -5.212092
v 9.477213 0.003411 -5.214753
v 9.477213 1.488346 -5.214753
v 4.397679 0.408287 -7.259668
v 4.652434 0.388286 -7.025326
v 4.831513 0.371160 -6.735817
v 5.185574 0.350001 -6.691817
v 5.541438 0.327464 -6.610997
v 5.791144 0.319764 -6.879941
v 6.031954 0.311483 -7.108029
v 6.087276 0.316102 -7.441488
v 6.168121 0.319953 -7.800057
v 5.900540 0.341033 -8.047451
v 5.661686 0.360732 -8.309357
v 5.322238 0.379565 -8.294344
v 4.984610 0.401229 -8.372725
v 4.734578 0.410057 -8.155313
v 4.423107 0.423532 -7.961008
v 4.477615 0.411424 -7.592679
v 5.381835 1.511323 -7.422603
v 4.537220 0.818672 -7.246772
v 4.615141 0.814594 -7.549364
v 4.637823 0.814214 -7.832022
v 4.893600 0.803139 -7.984755
v 5.090836 0.796858 -8.198709
v 5.395235 0.784669 -8.180223
v 5.703500 0.772811 -8.190006
v 5.870482 0.766275 -7.921268
v 6.033490 0.759259 -7.684755
v 6.022847 0.759683 -7.401587
v 6.026702 0.757472 -7.089323
v 5.763148 0.769442 -6.924556
v 5.518584 0.779249 -6.739402
v 5.238305 0.790930 -6.808437
v 4.940283 0.802185 -6.801312
v 4.793088 0.807741 -7.051847
v 5.292757 2.047089 -7.419724
v 5.505397 1.428688 -6.863181
v 5.291403 1.423732 -6.931274
v 5.090801 1.419632 -6.964272
v 4.994720 1.410828 -7.151464
v 4.854169 1.403115 -7.306159
v 4.883750 1.395209 -7.520682
v 4.895550 1.387825 -7.745794
v 5.095946 1.386100 -7.846790
v 5.275004 1.384796 -7.951955
v 5.476962 1.388700 -7.928204
v 5.701715 1.391883 -7.918545
v 5.803653 1.401391 -7.718003
v 5.922077 1.409363 -7.535323
v 5.856357 1.416767 -7.336195
v 5.845912 1.423656 -7.125980
v 5.657755 1.425386 -7.031011
v 5.210037 2.705499 -7.440367
v 5.356603 2.756917 -7.321667
v 5.293974 2.750680 -7.299443
v 5.241302 2.747683 -7.270899
v 5.185018 2.738996 -7.297826
v 5.124681 2.732863 -7.308568
v 5.093097 2.725433 -7.364325
v 5.055938 2.718963 -7.418780
v 5.084458 2.717029 -7.478901
v 5.107554 2.716107 -7.535658
v 5.159023 2.719042 -7.566604
v 5.213779 2.723430 -7.604412
v 5.273110 2.730248 -7.576058
v 5.333689 2.738610 -7.554389
v 5.353571 2.743407 -7.496090
v 5.389091 2.751717 -7.444723
v 5.361669 2.751427 -7.388800
v 4.953132 3.738906 -7.467028
v 5.676610 2.026055 -7.133503
v 5.514965 2.005786 -7.076005
v 5.381011 2.005945 -7.003203
v 5.234800 1.976515 -7.071024
v 5.081346 1.976753 -7.098241
v 4.998919 1.956622 -7.239788
v 4.904446 1.956828 -7.378539
v 4.975593 1.941927 -7.531429
v 5.034680 1.945320 -7.676187
v 5.165861 1.947297 -7.755179
v 5.306931 1.964001 -7.852281
v 5.458168 1.969486 -7.779958
v 5.614535 1.989333 -7.725524
v 5.665062 1.990672 -7.576808
v 5.758012 2.014123 -7.446786
v 5.687107 2.005325 -7.303719
v 5.151543 0.003345 -7.438116
v 5.151543 1.427977 -7.438116
v 5.164405 0.003345 -7.577740
v 5.164405 1.427977 -7.577740
v 5.272229 0.003345 -7.667374
v 5.272229 1.427977 -7.667374
v 5.411852 0.003345 -7.654511
v 5.411852 1.427977 -7.654511
v 5.501487 0.003345 -7.546689
v 5.501487 1.427977 -7.546689
v 5.488625 0.003345 -7.407065
v 5.488625 1.427977 -7.407065
v 5.380802 0.003345 -7.317431
v 5.380802 1.427977 -7.317431
v 5.241178 0.003345 -7.330292
v 5.241178 1.427977 -7.330292
v -3.829673 0.429606 -4.389997
v -4.144678 0.408556 -4.207007
v -4.491534 0.390533 -4.117288
v -4.646180 0.368263 -3.775116
v -4.838400 0.344545 -3.442615
v -4.645938 0.336440 -3.107742
v -4.491769 0.327726 -2.794552
v -4.173837 0.332587 -2.634950
v -3.838626 0.336640 -2.441862
v -3.506500 0.358826 -2.633674
v -3.168749 0.379557 -2.792085
v -3.077979 0.399379 -3.137972
v -2.893899 0.422179 -3.452905
v -3.034458 0.431469 -3.772033
v -3.132632 0.445651 -4.145714
v -3.519868 0.432908 -4.205792
v -3.972818 1.590491 -3.349932
v -3.886154 0.861514 -4.253756
v -3.606296 0.857222 -4.081063
v -3.329248 0.856823 -3.970113
v -3.255492 0.845166 -3.665380
v -3.101942 0.838556 -3.400398
v -3.215456 0.825728 -3.100188
v -3.301757 0.813248 -2.787276
v -3.623963 0.806369 -2.703239
v -3.912536 0.798985 -2.613148
v -4.193851 0.799431 -2.712156
v -4.508934 0.797105 -2.805665
v -4.592361 0.809702 -3.121969
v -4.702204 0.820023 -3.425542
v -4.545401 0.832317 -3.685743
v -4.459620 0.844162 -3.987530
v -4.161885 0.850010 -4.057354
v -3.947932 2.154355 -3.440370
v -4.573671 1.503522 -3.400195
v -4.438488 1.498306 -3.594060
v -4.342758 1.493991 -3.785410
v -4.124635 1.484726 -3.823611
v -3.925304 1.476608 -3.916645
v -3.718897 1.468287 -3.820009
v -3.496299 1.460516 -3.737943
v -3.457276 1.458701 -3.505013
v -3.407409 1.457329 -3.292230
v -3.494267 1.461437 -3.096634
v -3.574068 1.464787 -2.873731
v -3.807440 1.474794 -2.833806
v -4.027997 1.483183 -2.771739
v -4.207660 1.490976 -2.899901
v -4.415705 1.498226 -2.975960
v -4.452487 1.500047 -3.194708
v -3.901384 2.847295 -3.517080
v -4.066407 2.901409 -3.406774
v -4.069214 2.894846 -3.476658
v -4.081479 2.891691 -3.538504
v -4.036860 2.882548 -3.586682
v -4.007246 2.876094 -3.643982
v -3.941350 2.868275 -3.658340
v -3.875024 2.861465 -3.678709
v -3.823488 2.859430 -3.631291
v -3.773639 2.858460 -3.590376
v -3.758585 2.861548 -3.528989
v -3.737657 2.866167 -3.462158
v -3.784660 2.873342 -3.411362
v -3.825334 2.882143 -3.357227
v -3.890136 2.887191 -3.355425
v -3.952847 2.895937 -3.335740
v -4.000507 2.895632 -3.380745
v -3.794466 3.934899 -3.767000
v -4.355345 2.132218 -3.143790
v -4.362729 2.110885 -3.324205
v -4.394132 2.111053 -3.481558
v -4.280363 2.080079 -3.607374
v -4.205147 2.080330 -3.753134
v -4.037163 2.059144 -3.791843
v -3.868229 2.059360 -3.843535
v -3.736736 2.043677 -3.724339
v -3.609657 2.047249 -3.619801
v -3.571165 2.049330 -3.463307
v -3.517556 2.066910 -3.291222
v -3.637419 2.072682 -3.161758
v -3.740899 2.093570 -3.021557
v -3.906143 2.094980 -3.017148
v -4.065827 2.119661 -2.964267
v -4.187521 2.110400 -3.080157
v -3.885405 0.003427 -3.576578
v -3.885405 1.502774 -3.576578
v -3.749070 0.003427 -3.520106
v -3.749070 1.502774 -3.520106
v -3.692597 0.003427 -3.383770
v -3.692597 1.502774 -3.383770
v -3.749070 0.003427 -3.247435
v -3.749070 1.502774 -3.247435
v -3.885406 0.003427 -3.190964
v -3.885406 1.502774 -3.190964
v -4.021740 0.003427 -3.247436
v -4.021740 1.502774 -3.247436
v -4.078213 0.003427 -3.383771
v -4.078213 1.502774 -3.383771
v -4.021740 0.003427 -3.520107
v -4.021740 1.502774 -3.520107
v -5.314086 0.393582 -6.003799
v -5.394955 0.374305 -6.327474
v -5.385664 0.357799 -6.655447
v -5.647361 0.337405 -6.878534
v -5.890994 0.315683 -7.132214
v -6.234558 0.308261 -7.048066
v -6.549305 0.300280 -6.992093
v -6.770585 0.304732 -6.752981
v -7.025720 0.308444 -6.507183
v -6.941444 0.328762 -6.166203
v -6.887985 0.347748 -5.828768
v -6.606772 0.365900 -5.660933
v -6.376525 0.386780 -5.418882
v -6.060013 0.395288 -5.461373
v -5.706290 0.408277 -5.452698
v -5.554941 0.396606 -5.778094
v -6.192693 1.456720 -6.394274
v -5.419580 0.789123 -6.088143
v -5.642692 0.785193 -5.885857
v -5.810770 0.784827 -5.670338
v -6.097624 0.774152 -5.682960
v -6.369802 0.768098 -5.615269
v -6.605045 0.756350 -5.791492
v -6.858386 0.744921 -5.947007
v -6.850366 0.738621 -6.251848
v -6.856226 0.731859 -6.528641
v -6.697570 0.732268 -6.750950
v -6.535163 0.730137 -7.004367
v -6.235669 0.741674 -6.997312
v -5.940657 0.751126 -7.016734
v -5.751622 0.762385 -6.812603
v -5.507937 0.773232 -6.660377
v -5.522238 0.778588 -6.380677
v -6.119459 1.973106 -6.349378
v -5.995648 1.377073 -6.910102
v -5.859474 1.372297 -6.741862
v -5.715478 1.368345 -6.608973
v -5.737352 1.359860 -6.407358
v -5.706203 1.352426 -6.208331
v -5.843719 1.344806 -6.051319
v -5.972536 1.337689 -5.876357
v -6.187387 1.336026 -5.901271
v -6.387269 1.334770 -5.911521
v -6.537257 1.338532 -6.037687
v -6.713064 1.341600 -6.164588
v -6.688830 1.350764 -6.380056
v -6.687335 1.358447 -6.589883
v -6.528885 1.365584 -6.715346
v -6.409055 1.372224 -6.879034
v -6.207253 1.373891 -6.855753
v -6.063811 2.607700 -6.288916
v -6.118881 2.657258 -6.462154
v -6.056686 2.651247 -6.446849
v -5.999156 2.648358 -6.441909
v -5.968120 2.639985 -6.390400
v -5.925242 2.634074 -6.349772
v -5.929369 2.626913 -6.288146
v -5.928319 2.620677 -6.224615
v -5.983145 2.618813 -6.191334
v -6.031820 2.617924 -6.157886
v -6.089655 2.620753 -6.160255
v -6.153774 2.624983 -6.158843
v -6.186506 2.631554 -6.213115
v -6.223789 2.639613 -6.262666
v -6.208892 2.644236 -6.320137
v -6.210259 2.652246 -6.380314
v -6.158543 2.651967 -6.410797
v -5.871134 3.603727 -6.131285
v -6.276754 1.952833 -6.783242
v -6.116155 1.933297 -6.743850
v -5.969732 1.933451 -6.731455
v -5.887982 1.905084 -6.599362
v -5.778876 1.905314 -6.496116
v -5.787547 1.885912 -6.338482
v -5.785039 1.886109 -6.176713
v -5.923349 1.871747 -6.091347
v -6.047641 1.875018 -6.006135
v -6.195110 1.876924 -6.012075
v -6.360140 1.893024 -6.008682
v -6.443552 1.898310 -6.147062
v -6.540576 1.917440 -6.273761
v -6.502428 1.918730 -6.420260
v -6.508334 1.941333 -6.574194
v -6.375424 1.932853 -6.651782
v -6.015531 0.003288 -6.259724
v -6.015531 1.376388 -6.259724
v -6.099890 0.003288 -6.154144
v -6.099890 1.376388 -6.154144
v -6.234198 0.003288 -6.139138
v -6.234198 1.376388 -6.139138
v -6.339777 0.003288 -6.223498
v -6.339777 1.376388 -6.223498
v -6.354784 0.003288 -6.357805
v -6.354784 1.376388 -6.357805
v -6.270424 0.003288 -6.463385
v -6.270424 1.376388 -6.463385
v -6.136117 0.003288 -6.478390
v -6.136117 1.376388 -6.478390
v -6.030536 0.003288 -6.394031
v -6.030536 1.376388 -6.394031
v -2.336957 0.455056 -10.302465
v -2.445298 0.432754 -9.932014
v -2.646178 0.413658 -9.609941
v -2.515183 0.390064 -9.234293
v -2.420102 0.364935 -8.838648
v -2.027873 0.356348 -8.721964
v -1.680880 0.347115 -8.593981
v -1.320230 0.352266 -8.703478
v -0.921868 0.356559 -8.799871
v -0.806821 0.380065 -9.189594
v -0.663072 0.402030 -9.557774
v -0.845831 0.423030 -9.889650
v -0.934341 0.447187 -10.265863
v -1.275219 0.457030 -10.408340
v -1.623365 0.472056 -10.623648
v -1.964592 0.458554 -10.387138
v -1.687732 1.684997 -9.399271
v -2.280888 0.912656 -10.156616
v -1.939923 0.908109 -10.228268
v -1.646182 0.907686 -10.345285
v -1.367114 0.895336 -10.165102
v -1.055782 0.888332 -10.073687
v -0.923827 0.874741 -9.760288
v -0.761705 0.861518 -9.456997
v -0.947802 0.854230 -9.157280
v -1.103651 0.846407 -8.877460
v -1.391953 0.846880 -8.748159
v -1.702173 0.844415 -8.589987
v -1.997113 0.857762 -8.771996
v -2.303047 0.868697 -8.924948
v -2.372555 0.881722 -9.239218
v -2.526958 0.894272 -9.533588
v -2.349278 0.900467 -9.804529
v -1.734632 2.282403 -9.486887
v -2.185840 1.592854 -8.999300
v -2.223532 1.587328 -9.246851
v -2.289685 1.582756 -9.463671
v -2.150060 1.572940 -9.652218
v -2.064894 1.564340 -9.869156
v -1.835848 1.555524 -9.945602
v -1.605005 1.547290 -10.045059
v -1.405019 1.545367 -9.894665
v -1.211411 1.543913 -9.767658
v -1.135345 1.548266 -9.554050
v -1.033929 1.551815 -9.324625
v -1.184002 1.562417 -9.123625
v -1.308077 1.571306 -8.914974
v -1.539595 1.579562 -8.882257
v -1.754877 1.587244 -8.788811
v -1.942791 1.589172 -8.929951
v -1.754877 3.016562 -9.579771
v -1.801093 3.073896 -9.374611
v -1.854257 3.066942 -9.426228
v -1.908819 3.063600 -9.464771
v -1.909719 3.053913 -9.534338
v -1.928800 3.047075 -9.599955
v -1.888677 3.038790 -9.659081
v -1.852609 3.031576 -9.723133
v -1.778421 3.029419 -9.724339
v -1.710274 3.028391 -9.729301
v -1.653908 3.031663 -9.693148
v -1.589056 3.036557 -9.657101
v -1.588075 3.044159 -9.583784
v -1.579796 3.053483 -9.512524
v -1.628245 3.058831 -9.463839
v -1.662036 3.068098 -9.402950
v -1.731485 3.067775 -9.402723
v -1.855189 4.168864 -9.849737
v -1.831027 2.258948 -8.961756
v -1.968383 2.236347 -9.094913
v -2.107352 2.236526 -9.192829
v -2.111818 2.203709 -9.372492
v -2.160449 2.203974 -9.539328
v -2.059701 2.181528 -9.691669
v -1.967700 2.181756 -9.854671
v -1.779718 2.165141 -9.859114
v -1.605823 2.168925 -9.871592
v -1.462037 2.171129 -9.779507
v -1.295263 2.189755 -9.686485
v -1.292813 2.195871 -9.499575
v -1.269946 2.218002 -9.316378
v -1.393625 2.219495 -9.192377
v -1.477656 2.245644 -9.035213
v -1.655699 2.235833 -9.035383
v -1.786035 0.003525 -9.637125
v -1.786035 1.592062 -9.637125
v -1.640116 0.003525 -9.693272
v -1.640116 1.592062 -9.693272
v -1.497237 0.003525 -9.629793
v -1.497237 1.592062 -9.629793
v -1.441092 0.003525 -9.483875
v -1.441092 1.592062 -9.483875
v -1.504570 0.003525 -9.340996
v -1.504570 1.592062 -9.340996
v -1.650488 0.003525 -9.284849
v -1.650488 1.592062 -9.284849
v -1.793368 0.003525 -9.348328
v -1.793368 1.592062 -9.348328
v -1.849514 0.003525 -9.494246
v -1.849514 1.592062 -9.494246
v -3.940111 0.422630 -11.357380
v -4.242593 0.401924 -11.549541
v -4.478061 0.384194 -11.811766
v -4.846896 0.362288 -11.791794
v -5.224306 0.338956 -11.809010
v -5.429522 0.330984 -11.489256
v -5.633153 0.322411 -11.212763
v -5.628489 0.327193 -10.862850
v -5.645237 0.331180 -10.482679
v -5.327296 0.353004 -10.279568
v -5.035970 0.373398 -10.056412
v -4.692829 0.392896 -10.133841
v -4.334448 0.415324 -10.115772
v -4.119465 0.424463 -10.383074
v -3.837649 0.438414 -10.638079
v -3.960610 0.425879 -11.003420
v -4.913120 1.564588 -11.011215
v -4.084660 0.847496 -11.344980
v -4.108674 0.843274 -11.022385
v -4.080049 0.842882 -10.730211
v -4.312724 0.831415 -10.527761
v -4.474541 0.824912 -10.273647
v -4.788100 0.812293 -10.236767
v -5.100423 0.800017 -10.170372
v -5.319764 0.793250 -10.413647
v -5.529156 0.785987 -10.624809
v -5.570142 0.786426 -10.915300
v -5.631226 0.784137 -11.232784
v -5.392830 0.796529 -11.448919
v -5.177515 0.806682 -11.682352
v -4.879282 0.818775 -11.663309
v -4.576907 0.830427 -11.725117
v -4.381062 0.836180 -11.496771
v -4.822878 2.119259 -11.030455
v -5.141420 1.479036 -11.558638
v -4.910902 1.473906 -11.528421
v -4.700454 1.469661 -11.531515
v -4.568287 1.460547 -11.358358
v -4.396754 1.452562 -11.226452
v -4.387630 1.444377 -11.002445
v -4.358450 1.436732 -10.770901
v -4.544161 1.434946 -10.631308
v -4.707368 1.433596 -10.491373
v -4.917506 1.437638 -10.478609
v -5.148292 1.440933 -10.447313
v -5.288872 1.450777 -10.633001
v -5.442981 1.459029 -10.797472
v -5.412461 1.466696 -11.012409
v -5.440296 1.473827 -11.228523
v -5.265952 1.475618 -11.359735
v -4.734810 2.800900 -11.024561
v -4.905882 2.854132 -11.118685
v -4.846133 2.847676 -11.152794
v -4.797687 2.844573 -11.191523
v -4.735405 2.835579 -11.174387
v -4.671958 2.829230 -11.174484
v -4.629568 2.821538 -11.123451
v -4.581737 2.814840 -11.074762
v -4.599794 2.812837 -11.008282
v -4.612940 2.811883 -10.946218
v -4.659722 2.814921 -10.905266
v -4.708597 2.819464 -10.856718
v -4.774243 2.826523 -10.874748
v -4.839938 2.835180 -10.885740
v -4.870868 2.840145 -10.941507
v -4.916464 2.848749 -10.987349
v -4.898757 2.848449 -11.049351
v -4.468149 3.870771 -11.044418
v -5.266404 2.097482 -11.251846
v -5.112215 2.076497 -11.340023
v -4.989044 2.076663 -11.438726
v -4.827647 2.046194 -11.396379
v -4.666297 2.046440 -11.396734
v -4.556399 2.025599 -11.267590
v -4.434735 2.025812 -11.143496
v -4.479248 2.010385 -10.974684
v -4.512961 2.013898 -10.816362
v -4.632172 2.015945 -10.711861
v -4.758146 2.033239 -10.587095
v -4.925490 2.038917 -10.633108
v -5.094789 2.059465 -10.659952
v -5.173496 2.060851 -10.802242
v -5.292008 2.085129 -10.917719
v -5.245943 2.076020 -11.076479
v -4.675617 0.003400 -11.037561
v -4.675617 1.478301 -11.037561
v -4.663167 0.003400 -10.892935
v -4.663167 1.478301 -10.892935
v -4.756630 0.003400 -10.781862
v -4.756630 1.478301 -10.781862
v -4.901257 0.003400 -10.769411
v -4.901257 1.478301 -10.769411
v -5.012328 0.003400 -10.862875
v -5.012328 1.478301 -10.862875
v -5.024780 0.003400 -11.007502
v -5.024780 1.478301 -11.007502
v -4.931317 0.003400 -11.118574
v -4.931317 1.478301 -11.118574
v -4.786689 0.003400 -11.131025
v -4.786689 1.478301 -11.131025
v -8.455562 0.429606 -2.529679
v -8.819026 0.408556 -2.505064
v -9.169756 0.390533 -2.578183
v -9.459913 0.368263 -2.339841
v -9.779478 0.344545 -2.126805
v -9.755165 0.336440 -1.741331
v -9.755589 0.327726 -1.392253
v -9.541174 0.332587 -1.108385
v -9.326094 0.336640 -0.786842
v -8.943371 0.358826 -0.811788
v -8.570391 0.379557 -0.804295
v -8.335865 0.399379 -1.074247
v -8.031378 0.422179 -1.275134
v -8.016122 0.431469 -1.623512
v -7.938710 0.445651 -2.002039
v -8.259326 0.432908 -2.227350
v -9.044382 1.590491 -1.660478
v -8.566522 0.861514 -2.432525
v -8.392044 0.857222 -2.153777
v -8.192749 0.856823 -1.931635
v -8.261532 0.845166 -1.625741
v -8.241168 0.838556 -1.320161
v -8.475862 0.825728 -1.101234
v -8.691782 0.813248 -0.858869
v -9.017895 0.806369 -0.926169
v -9.316533 0.798985 -0.973150
v -9.524939 0.799431 -1.186473
v -9.766060 0.797105 -1.409817
v -9.700826 0.809702 -1.730367
v -9.664915 0.820023 -2.051197
v -9.409119 0.832317 -2.215085
v -9.198591 0.844162 -2.447705
v -8.900712 0.850010 -2.378496
v -8.982030 2.154355 -1.730551
v -9.560887 1.503522 -1.971564
v -9.353844 1.498306 -2.085544
v -9.183290 1.493991 -2.214736
v -8.970798 1.484726 -2.152417
v -8.750877 1.476608 -2.147587
v -8.608584 1.468287 -1.969554
v -8.445325 1.460516 -1.797418
v -8.513462 1.458701 -1.571283
v -8.562956 1.457329 -1.358414
v -8.727435 1.461437 -1.221486
v -8.897675 1.464787 -1.056950
v -9.124604 1.474794 -1.124472
v -9.349847 1.483183 -1.166470
v -9.454200 1.490976 -1.360929
v -9.607072 1.498226 -1.521236
v -9.543203 1.500047 -1.733661
v -8.906331 2.847295 -1.778726
v -9.103135 2.901409 -1.752881
v -9.074712 2.894846 -1.816785
v -9.058329 2.891691 -1.877670
v -8.996990 2.882548 -1.901115
v -8.945068 2.876094 -1.939380
v -8.879625 2.868275 -1.923082
v -8.811136 2.861465 -1.911980
v -8.785918 2.859430 -1.846646
v -8.759336 2.858460 -1.787888
v -8.773016 2.861548 -1.726181
v -8.783840 2.866167 -1.656992
v -8.848475 2.873342 -1.632256
v -8.908911 2.882143 -1.601724
v -8.967816 2.887191 -1.628797
v -9.032760 2.895937 -1.638911
v -9.055569 2.895632 -1.700365
v -8.699813 3.934899 -1.955482
v -9.478642 2.132218 -1.644998
v -9.405390 2.110885 -1.810037
v -9.363882 2.111053 -1.965030
v -9.206166 2.080079 -2.027474
v -9.074190 2.080330 -2.124871
v -8.906429 2.059144 -2.085207
v -8.732068 2.059360 -2.056763
v -8.666938 2.043677 -1.891670
v -8.599274 2.047249 -1.741672
v -8.634046 2.049330 -1.584310
v -8.662166 2.066910 -1.406276
v -8.826958 2.072682 -1.343258
v -8.981815 2.093570 -1.263361
v -9.131934 2.094980 -1.332567
v -9.298528 2.119661 -1.355848
v -9.356338 2.110400 -1.513639
v -8.865661 0.003427 -1.825000
v -8.865661 1.502774 -1.825000
v -8.768417 0.003427 -1.714004
v -8.768417 1.502774 -1.714004
v -8.778142 0.003427 -1.566757
v -8.778142 1.502774 -1.566757
v -8.889137 0.003427 -1.469513
v -8.889137 1.502774 -1.469513
v -9.036386 0.003427 -1.479238
v -9.036386 1.502774 -1.479238
v -9.133629 0.003427 -1.590233
v -9.133629 1.502774 -1.590233
v -9.123905 0.003427 -1.737481
v -9.123905 1.502774 -1.737481
v -9.012909 0.003427 -1.834724
v -9.012909 1.502774 -1.834724
v -7.107131 0.391619 -3.402037
v -7.036695 0.372438 -3.726430
v -6.883929 0.356015 -4.014942
v -7.019133 0.335723 -4.329253
v -7.124741 0.314110 -4.662899
v -7.468323 0.306726 -4.739172
v -7.773787 0.298785 -4.827886
v -8.076535 0.303214 -4.712037
v -8.412434 0.306907 -4.605136
v -8.487454 0.327123 -4.263803
v -8.588406 0.346014 -3.939208
v -8.411451 0.364075 -3.665594
v -8.312661 0.384851 -3.348218
v -8.011566 0.393317 -3.246698
v -7.699809 0.406240 -3.083138
v -7.421439 0.394628 -3.306773
v -7.718980 1.449430 -4.137443
v -7.164094 0.785178 -3.523756
v -7.452258 0.781267 -3.441568
v -7.697147 0.780903 -3.323333
v -7.947508 0.770282 -3.460957
v -8.220153 0.764258 -3.520464
v -8.352399 0.752569 -3.781312
v -8.509911 0.741197 -4.031657
v -8.368469 0.734929 -4.300091
v -8.251765 0.728201 -4.549617
v -8.012290 0.728607 -4.678061
v -7.755761 0.726488 -4.832606
v -7.491673 0.737967 -4.694380
v -7.219918 0.747371 -4.581751
v -7.141193 0.758573 -4.316361
v -6.990846 0.769367 -4.073203
v -7.126815 0.774695 -3.829965
v -7.673421 1.963229 -4.065127
v -7.315952 1.370182 -4.510843
v -7.268578 1.365430 -4.300760
v -7.198650 1.361498 -4.118768
v -7.306979 1.353055 -3.948530
v -7.366863 1.345658 -3.757245
v -7.558717 1.338076 -3.677743
v -7.750715 1.330995 -3.578394
v -7.931420 1.329341 -3.695269
v -8.105234 1.328091 -3.792464
v -8.183468 1.331834 -3.971095
v -8.284412 1.334887 -4.161758
v -8.167878 1.344005 -4.343314
v -8.074109 1.351649 -4.529855
v -7.877478 1.358751 -4.571990
v -7.698465 1.365357 -4.665237
v -7.528678 1.367016 -4.555571
v -7.650408 2.594642 -3.986672
v -7.623225 2.643952 -4.165487
v -7.574480 2.637971 -4.124434
v -7.525330 2.635097 -4.094684
v -7.520330 2.626765 -4.035058
v -7.499974 2.620884 -3.979923
v -7.530804 2.613759 -3.926762
v -7.557853 2.607554 -3.869618
v -7.621427 2.605699 -3.864078
v -7.679588 2.604816 -3.855680
v -7.730142 2.607630 -3.883271
v -7.787969 2.611838 -3.910256
v -7.793264 2.618377 -3.973094
v -7.804696 2.626396 -4.033726
v -7.766090 2.630996 -4.078436
v -7.740800 2.638966 -4.132726
v -7.681233 2.638688 -4.137141
v -7.547947 3.585679 -3.761162
v -7.622630 1.943057 -4.521495
v -7.496701 1.923618 -4.415604
v -7.371529 1.923772 -4.340045
v -7.356782 1.895548 -4.186183
v -7.304924 1.895776 -4.046009
v -7.382102 1.876471 -3.909194
v -7.451126 1.876668 -3.763765
v -7.612126 1.862378 -3.748532
v -7.760550 1.865632 -3.727263
v -7.889502 1.867528 -3.797525
v -8.038228 1.883547 -3.867195
v -8.051686 1.888807 -4.027398
v -8.082435 1.907841 -4.183174
v -7.983864 1.909125 -4.297068
v -7.921323 1.931615 -4.437005
v -7.768569 1.923177 -4.447676
v -7.620194 0.003280 -3.939359
v -7.620194 1.369501 -3.939359
v -7.741965 0.003280 -3.882327
v -7.741965 1.369501 -3.882327
v -7.868399 0.003280 -3.928104
v -7.868399 1.369501 -3.928104
v -7.925432 0.003280 -4.049876
v -7.925432 1.369501 -4.049876
v -7.879655 0.003280 -4.176310
v -7.879655 1.369501 -4.176310
v -7.757884 0.003280 -4.233343
v -7.757884 1.369501 -4.233343
v -7.631450 0.003280 -4.187565
v -7.631450 1.369501 -4.187565
v -7.574417 0.003280 -4.065794
v -7.574417 1.369501 -4.065794
v -2.921024 0.455056 -6.679561
v -3.182179 0.432754 -6.395360
v -3.504891 0.413658 -6.195509
v -3.553747 0.390064 -5.800686
v -3.643657 0.364935 -5.403833
v -3.343625 0.356348 -5.125556
v -3.089154 0.347115 -4.857174
v -2.717298 0.352266 -4.795683
v -2.317429 0.356559 -4.705746
v -2.041729 0.380065 -5.004256
v -1.749830 0.402030 -5.270743
v -1.766769 0.423030 -5.649236
v -1.679568 0.447187 -6.025754
v -1.922138 0.457030 -6.304426
v -2.138981 0.472056 -6.651618
v -2.549654 0.458554 -6.590623
v -2.738768 1.684997 -5.582274
v -2.935323 0.912656 -6.523960
v -2.597872 0.908109 -6.437249
v -2.282680 0.907686 -6.412124
v -2.112225 0.895336 -6.127009
v -1.873542 0.888332 -5.907206
v -1.893977 0.874741 -5.567774
v -1.882887 0.861518 -5.224050
v -2.182446 0.854230 -5.037699
v -2.446074 0.846407 -4.855799
v -2.761827 0.846880 -4.867501
v -3.110014 0.844415 -4.863020
v -3.293893 0.857762 -5.156799
v -3.500493 0.868697 -5.429392
v -3.423678 0.881722 -5.741957
v -3.431798 0.894272 -6.074263
v -3.152524 0.900467 -6.238539
v -2.742032 2.282403 -5.681598
v -3.362480 1.592854 -5.444169
v -3.286677 1.587328 -5.682822
v -3.250000 1.582756 -5.906523
v -3.041329 1.572940 -6.013768
v -2.868918 1.564340 -6.170579
v -2.629697 1.555524 -6.137721
v -2.378679 1.547290 -6.124695
v -2.265945 1.545367 -5.901303
v -2.148577 1.543913 -5.701704
v -2.174944 1.548266 -5.476497
v -2.185582 1.551815 -5.225882
v -2.409137 1.562417 -5.112097
v -2.612765 1.571306 -4.979941
v -2.834841 1.579562 -5.053107
v -3.069248 1.587244 -5.064631
v -3.175251 1.589172 -5.274380
v -2.719060 3.016562 -5.773848
v -2.851332 3.073896 -5.610351
v -2.876150 3.066942 -5.680171
v -2.908008 3.063600 -5.738886
v -2.878016 3.053913 -5.801662
v -2.866073 3.047075 -5.868946
v -2.803921 3.038790 -5.904198
v -2.743222 3.031576 -5.945663
v -2.676168 3.029419 -5.913897
v -2.612866 3.028391 -5.888177
v -2.578331 3.031663 -5.830804
v -2.536140 3.036557 -5.769770
v -2.567722 3.044159 -5.703596
v -2.591847 3.053483 -5.636035
v -2.656844 3.058831 -5.613832
v -2.714099 3.068098 -5.574196
v -2.776471 3.067775 -5.604740
v -2.689483 4.168864 -6.060325
v -3.060957 2.258948 -5.253415
v -3.125166 2.236347 -5.433625
v -3.206420 2.236526 -5.582949
v -3.130882 2.203709 -5.746020
v -3.100624 2.203974 -5.917145
v -2.942841 2.181528 -6.009137
v -2.788181 2.181756 -6.114561
v -2.617660 2.165141 -6.035317
v -2.456213 2.168925 -5.969517
v -2.368056 2.171129 -5.823290
v -2.259700 2.189755 -5.666046
v -2.340255 2.195871 -5.497367
v -2.400860 2.218002 -5.322978
v -2.566657 2.219495 -5.266550
v -2.711584 2.245644 -5.162831
v -2.871152 2.235833 -5.241811
v -2.721605 0.003525 -5.839069
v -2.721605 1.592062 -5.839069
v -2.565911 0.003525 -5.824809
v -2.565911 1.592062 -5.824809
v -2.465901 0.003525 -5.704633
v -2.465901 1.592062 -5.704633
v -2.480161 0.003525 -5.548938
v -2.480161 1.592062 -5.548938
v -2.600338 0.003525 -5.448928
v -2.600338 1.592062 -5.448928
v -2.756032 0.003525 -5.463188
v -2.756032 1.592062 -5.463188
v -2.856041 0.003525 -5.583364
v -2.856041 1.592062 -5.583364
v -2.841782 0.003525 -5.739059
v -2.841782 1.592062 -5.739059
v -5.427165 0.432281 -8.783989
v -5.617579 0.411099 -9.097231
v -5.714797 0.392963 -9.444387
v -6.062141 0.370555 -9.593109
v -6.400508 0.346688 -9.779823
v -6.733549 0.338533 -9.579481
v -7.045541 0.329764 -9.418100
v -7.199736 0.334655 -9.095041
v -7.387271 0.338733 -8.753929
v -7.187636 0.361058 -8.423641
v -7.021492 0.381919 -8.087023
v -6.671693 0.401864 -8.002638
v -6.351162 0.424807 -7.823760
v -6.032920 0.434155 -7.971570
v -5.658948 0.448426 -8.077831
v -5.606270 0.435603 -8.468616
v -6.476395 1.600423 -8.907145
v -5.565362 0.866889 -8.838079
v -5.733489 0.862570 -8.553066
v -5.839554 0.862168 -8.272116
v -6.144653 0.850439 -8.191803
v -6.408159 0.843787 -8.032009
v -6.712462 0.830879 -8.140190
v -7.028998 0.818321 -8.220739
v -7.120005 0.811399 -8.543209
v -7.216428 0.803969 -8.831724
v -7.122462 0.804418 -9.116726
v -7.034705 0.802077 -9.435591
v -6.718161 0.814753 -9.525866
v -6.414953 0.825139 -9.642460
v -6.150035 0.837509 -9.489927
v -5.844700 0.849428 -9.409679
v -5.768483 0.855313 -9.111542
v -6.384911 2.167813 -8.883921
v -6.437877 1.512910 -9.512642
v -6.240127 1.507662 -9.380527
v -6.045699 1.503320 -9.288055
v -6.002893 1.493997 -9.069378
v -5.905299 1.485829 -8.870707
v -5.998381 1.477456 -8.661114
v -6.076479 1.469636 -8.435522
v -6.310037 1.467809 -8.391592
v -6.523107 1.466429 -8.337156
v -6.721629 1.470563 -8.420618
v -6.947482 1.473933 -8.496431
v -6.992327 1.484003 -8.730415
v -7.059192 1.492445 -8.951063
v -6.933858 1.500287 -9.134384
v -6.861512 1.507582 -9.345213
v -6.642178 1.509414 -9.386604
v -6.306801 2.865085 -8.838631
v -6.421085 2.919538 -9.002439
v -6.350835 2.912933 -9.006666
v -6.288859 2.909759 -9.020245
v -6.239495 2.900559 -8.976322
v -6.181256 2.894064 -8.947678
v -6.165488 2.886196 -8.881672
v -6.143667 2.879344 -8.815351
v -6.190337 2.877295 -8.762552
v -6.230502 2.876319 -8.711580
v -6.291956 2.879427 -8.695206
v -6.358772 2.884074 -8.672812
v -6.410819 2.891295 -8.719080
v -6.466098 2.900150 -8.758913
v -6.469210 2.905230 -8.824074
v -6.490272 2.914031 -8.886768
v -6.445951 2.913724 -8.935619
v -6.053225 3.959489 -8.736076
v -6.691454 2.145537 -9.287853
v -6.510096 2.124071 -9.298901
v -6.352421 2.124241 -9.333649
v -6.223562 2.093073 -9.221712
v -6.075410 2.093325 -9.148966
v -6.033098 2.072006 -8.980740
v -5.977706 2.072224 -8.811821
v -6.094986 2.056443 -8.677143
v -6.197610 2.060037 -8.547197
v -6.354280 2.062130 -8.505333
v -6.526329 2.079821 -8.447950
v -6.658981 2.085629 -8.565941
v -6.802105 2.106648 -8.667236
v -6.809857 2.108066 -8.833393
v -6.866259 2.132901 -8.992981
v -6.752109 2.123583 -9.117737
v -6.246623 0.003437 -8.823748
v -6.246623 1.512158 -8.823748
v -6.300703 0.003437 -8.685455
v -6.300703 1.512158 -8.685455
v -6.436732 0.003437 -8.625906
v -6.436732 1.512158 -8.625906
v -6.575024 0.003437 -8.679987
v -6.575024 1.512158 -8.679987
v -6.634573 0.003437 -8.816015
v -6.634573 1.512158 -8.816015
v -6.580493 0.003437 -8.954308
v -6.580493 1.512158 -8.954308
v -6.444464 0.003437 -9.013855
v -6.444464 1.512158 -9.013855
v -6.306171 0.003437 -8.959776
v -6.306171 1.512158 -8.959776
v -9.355892 0.446986 -9.621191
v -8.986526 0.425081 -9.535843
v -8.659383 0.406326 -9.357025
v -8.298417 0.383152 -9.506655
v -7.915816 0.358469 -9.622198
v -7.823514 0.350036 -10.013388
v -7.717582 0.340967 -10.360859
v -7.845286 0.346026 -10.708330
v -7.962269 0.350243 -11.093519
v -8.350909 0.373331 -11.184359
v -8.720044 0.394905 -11.304556
v -9.035171 0.415531 -11.106632
v -9.399086 0.439257 -10.998631
v -9.519577 0.448925 -10.656340
v -9.711073 0.463684 -10.302814
v -9.459915 0.450423 -9.981550
v -8.506845 1.655031 -10.308735
v -9.216035 0.896440 -9.684395
v -9.305521 0.891974 -10.014698
v -9.436828 0.891558 -10.296137
v -9.275879 0.879429 -10.579943
v -9.203796 0.872549 -10.890385
v -8.903923 0.859200 -11.037445
v -8.615664 0.846213 -11.213522
v -8.311275 0.839055 -11.047937
v -8.028104 0.831371 -10.910892
v -7.885057 0.831835 -10.635481
v -7.712465 0.829414 -10.340204
v -7.874309 0.842524 -10.040728
v -8.007040 0.853264 -9.732113
v -8.311288 0.866057 -9.646235
v -8.591234 0.878383 -9.478233
v -8.866933 0.884469 -9.637184
v -8.590116 2.241802 -10.257805
v -8.086557 1.564529 -9.842852
v -8.327174 1.559102 -9.791933
v -8.536054 1.554611 -9.714840
v -8.728811 1.544970 -9.841122
v -8.946338 1.536522 -9.912403
v -9.034217 1.527864 -10.132689
v -9.144755 1.519777 -10.353441
v -9.008558 1.517887 -10.558023
v -8.894933 1.516460 -10.755032
v -8.689764 1.520735 -10.841665
v -8.470514 1.524221 -10.954048
v -8.264956 1.534634 -10.818222
v -8.053362 1.543364 -10.708321
v -8.008225 1.551474 -10.483145
v -7.904457 1.559019 -10.277311
v -8.032259 1.560913 -10.085091
v -8.680054 2.962892 -10.232714
v -8.476273 3.019206 -10.198965
v -8.523890 3.012375 -10.143923
v -8.558606 3.009092 -10.088249
v -8.626771 2.999578 -10.083443
v -8.690040 2.992861 -10.061031
v -8.750278 2.984724 -10.097042
v -8.815121 2.977639 -10.128798
v -8.820485 2.975520 -10.201477
v -8.829194 2.974511 -10.268019
v -8.796922 2.977725 -10.325331
v -8.765231 2.982531 -10.390955
v -8.693394 2.989998 -10.396051
v -8.623984 2.999156 -10.408188
v -8.573513 3.004409 -10.363424
v -8.511901 3.013510 -10.333723
v -8.507763 3.013193 -10.265635
v -8.939121 4.094680 -10.119129
v -8.069746 2.218765 -10.192892
v -8.192575 2.196567 -10.050694
v -8.280753 2.196742 -9.908903
v -8.456674 2.164509 -9.894396
v -8.617528 2.164770 -9.837299
v -8.772592 2.142723 -9.927504
v -8.937615 2.142948 -10.008526
v -8.952570 2.126628 -10.192606
v -8.974609 2.130345 -10.362419
v -8.892421 2.132510 -10.508606
v -8.810611 2.150805 -10.677385
v -8.627468 2.156811 -10.690327
v -8.449119 2.178548 -10.723080
v -8.320552 2.180015 -10.608793
v -8.161703 2.205698 -10.535257
v -8.151832 2.196062 -10.360662
v -8.734537 0.003494 -10.198929
v -8.734537 1.563751 -10.198929
v -8.797820 0.003494 -10.338846
v -8.797820 1.563751 -10.338846
v -8.743631 0.003494 -10.482533
v -8.743631 1.563751 -10.482533
v -8.603713 0.003494 -10.545815
v -8.603713 1.563751 -10.545815
v -8.460029 0.003494 -10.491625
v -8.460029 1.563751 -10.491625
v -8.396747 0.003494 -10.351706
v -8.396747 1.563751 -10.351706
v -8.450935 0.003494 -10.208021
v -8.450935 1.563751 -10.208021
v -8.590854 0.003494 -10.144739
v -8.590854 1.563751 -10.144739
v -9.367876 0.411145 -7.513610
v -9.537592 0.391003 -7.209138
v -9.779091 0.373757 -6.965831
v -9.739100 0.352449 -6.608770
v -9.734746 0.329754 -6.241304
v -9.412772 0.321999 -6.059872
v -9.132897 0.313661 -5.877563
v -8.793356 0.318312 -5.901633
v -8.423236 0.322190 -5.906598
v -8.243748 0.343418 -6.226693
v -8.043306 0.363256 -6.522061
v -8.137658 0.382222 -6.850964
v -8.140124 0.404038 -7.199998
v -8.411708 0.412927 -7.393843
v -8.675078 0.426498 -7.653276
v -9.022998 0.414304 -7.513468
v -8.977380 1.521936 -6.588048
v -9.347762 0.824415 -7.373930
v -9.033147 0.820309 -7.368624
v -8.751015 0.819927 -7.412737
v -8.541423 0.808773 -7.198090
v -8.285614 0.802448 -7.055138
v -8.232292 0.790173 -6.752699
v -8.150375 0.778232 -6.453107
v -8.374372 0.771650 -6.226521
v -8.567742 0.764585 -6.011388
v -8.847549 0.765011 -5.955366
v -9.152449 0.762785 -5.878318
v -9.375649 0.774839 -6.097757
v -9.614361 0.784715 -6.293815
v -9.612520 0.796478 -6.584494
v -9.689427 0.807812 -6.874681
v -9.478616 0.813407 -7.077617
v -9.001102 2.061469 -6.674607
v -9.496236 1.438720 -6.335774
v -9.479765 1.433729 -6.561319
v -9.494521 1.429600 -6.765514
v -9.333746 1.420735 -6.903531
v -9.215232 1.412968 -7.077473
v -8.998208 1.405006 -7.098841
v -8.774983 1.397570 -7.140108
v -8.629054 1.395833 -6.967556
v -8.484048 1.394520 -6.816879
v -8.459920 1.398451 -6.613526
v -8.416640 1.401657 -6.391158
v -8.589113 1.411231 -6.244271
v -8.740227 1.419259 -6.085431
v -8.950657 1.426716 -6.103067
v -9.158973 1.433653 -6.063970
v -9.296126 1.435395 -6.225950
v -9.000297 2.724508 -6.760460
v -9.082150 2.776288 -6.589074
v -9.118609 2.770007 -6.645192
v -9.158923 2.766989 -6.690076
v -9.145759 2.758240 -6.751514
v -9.149398 2.752064 -6.813124
v -9.102206 2.744582 -6.857138
v -9.057595 2.738067 -6.906306
v -8.992026 2.736119 -6.892483
v -8.931024 2.735191 -6.883183
v -8.888641 2.738146 -6.840039
v -8.838768 2.742565 -6.795288
v -8.852612 2.749431 -6.730531
v -8.859616 2.757852 -6.666121
v -8.912046 2.762682 -6.632970
v -8.954017 2.771051 -6.586131
v -9.015215 2.770759 -6.599864
v -9.034470 3.765181 -7.018306
v -9.191333 2.040287 -6.231534
v -9.285571 2.019875 -6.376343
v -9.388298 2.020036 -6.490443
v -9.356188 1.990399 -6.649543
v -9.365542 1.990638 -6.806210
v -9.246265 1.970366 -6.920144
v -9.132551 1.970573 -7.045221
v -8.966131 1.955567 -7.011421
v -8.810504 1.958984 -6.987523
v -8.702363 1.960975 -6.877593
v -8.574169 1.977797 -6.762226
v -8.609509 1.983320 -6.597147
v -8.626124 2.003308 -6.431241
v -8.759907 2.004656 -6.346864
v -8.865431 2.028272 -6.225327
v -9.022174 2.019411 -6.261196
v -9.016227 0.003356 -6.817214
v -9.016227 1.438004 -6.817214
v -8.876473 0.003356 -6.837381
v -8.876473 1.438004 -6.837381
v -8.763392 0.003356 -6.752822
v -8.763392 1.438004 -6.752822
v -8.743227 0.003356 -6.613068
v -8.743227 1.438004 -6.613068
v -8.827786 0.003356 -6.499987
v -8.827786 1.438004 -6.499987
v -8.967540 0.003356 -6.479821
v -8.967540 1.438004 -6.479821
v -9.080620 0.003356 -6.564381
v -9.080620 1.438004 -6.564381
v -9.100786 0.003356 -6.704134
v -9.100786 1.438004 -6.704134
v -13.620991 0.440673 -4.823583
v -13.299096 0.419078 -5.013455
v -12.943890 0.400589 -5.107864
v -12.787582 0.377743 -5.459938
v -12.592669 0.353411 -5.802346
v -12.792395 0.345097 -6.144558
v -12.952688 0.336157 -6.464787
v -13.279929 0.341144 -6.626341
v -13.625125 0.345302 -6.822128
v -13.964520 0.368062 -6.623089
v -14.309920 0.389330 -6.458274
v -14.400671 0.409664 -6.102827
v -14.587357 0.433053 -5.778497
v -14.440981 0.442584 -5.452082
v -14.337714 0.457133 -5.069415
v -13.940062 0.444060 -5.010430
v -13.481257 1.631587 -5.891506
v -13.563981 0.883753 -4.963731
v -13.852252 0.879350 -5.138974
v -14.137219 0.878941 -5.250897
v -14.214964 0.866983 -5.563003
v -14.374293 0.860201 -5.833783
v -14.259901 0.847041 -6.142528
v -14.173509 0.834238 -6.464117
v -13.843548 0.827181 -6.552528
v -13.548132 0.819607 -6.646920
v -13.258869 0.820064 -6.547277
v -12.935004 0.817678 -6.453505
v -12.847260 0.830601 -6.129598
v -12.732503 0.841189 -5.818929
v -12.891578 0.853801 -5.550931
v -12.977512 0.865952 -5.240759
v -13.282468 0.871951 -5.167094
v -13.506166 2.210037 -5.798561
v -12.864530 1.542368 -5.844052
v -13.001883 1.537018 -5.644252
v -13.098779 1.532591 -5.447302
v -13.322277 1.523086 -5.406624
v -13.526123 1.514758 -5.309822
v -13.738527 1.506222 -5.407545
v -13.967438 1.498250 -5.490210
v -14.009063 1.496388 -5.728894
v -14.061672 1.494980 -5.946835
v -13.973907 1.499195 -6.148079
v -13.893566 1.502631 -6.377289
v -13.654437 1.512897 -6.419843
v -13.428603 1.521503 -6.485020
v -13.243420 1.529498 -6.354774
v -13.029478 1.536936 -6.278172
v -12.990252 1.538803 -6.054021
v -13.553393 2.920902 -5.719550
v -13.384860 2.976416 -5.833836
v -13.381499 2.969682 -5.762165
v -13.368497 2.966446 -5.698804
v -13.413941 2.957067 -5.649076
v -13.443927 2.950445 -5.590094
v -13.511430 2.942424 -5.574912
v -13.579330 2.935439 -5.553563
v -13.632522 2.933350 -5.601855
v -13.683940 2.932355 -5.643487
v -13.699802 2.935523 -5.706357
v -13.721727 2.940261 -5.774772
v -13.673858 2.947622 -5.827202
v -13.632503 2.956651 -5.883015
v -13.566037 2.961829 -5.885307
v -13.501840 2.970802 -5.905929
v -13.452641 2.970489 -5.860086
v -13.661367 4.036639 -5.462440
v -13.090253 2.187327 -6.105590
v -13.081443 2.165443 -5.920563
v -13.048154 2.165615 -5.759360
v -13.164001 2.133840 -5.629514
v -13.240166 2.134097 -5.479472
v -13.412229 2.112363 -5.438613
v -13.585174 2.112584 -5.384430
v -13.720881 2.096496 -5.505809
v -13.851959 2.100160 -5.612182
v -13.892514 2.102294 -5.772456
v -13.948685 2.120330 -5.948621
v -13.826611 2.126251 -6.082251
v -13.721415 2.147680 -6.226782
v -13.551929 2.149126 -6.232436
v -13.388478 2.174445 -6.287776
v -13.262848 2.164945 -6.169722
v -13.569378 0.003470 -5.658405
v -13.569378 1.541601 -5.658405
v -13.709625 0.003470 -5.715405
v -13.709625 1.541601 -5.715405
v -13.768487 0.003470 -5.854877
v -13.768487 1.541601 -5.854877
v -13.711488 0.003470 -5.995123
v -13.711488 1.541601 -5.995123
v -13.572014 0.003470 -6.053986
v -13.572014 1.541601 -6.053986
v -13.431769 0.003470 -5.996987
v -13.431769 1.541601 -5.996987
v -13.372905 0.003470 -5.857514
v -13.372905 1.541601 -5.857514
v -13.429905 0.003470 -5.717268
v -13.429905 1.541601 -5.717268
v -12.781569 0.401703 -2.827672
v -12.696826 0.382026 -2.497845
v -12.704079 0.365178 -2.163019
v -12.435445 0.344361 -1.937093
v -12.185042 0.322190 -1.679819
v -11.834937 0.314614 -1.768045
v -11.514052 0.306468 -1.827317
v -11.289820 0.311012 -2.072887
v -11.031075 0.314800 -2.325508
v -11.119411 0.335539 -2.672975
v -11.176275 0.354919 -3.017034
v -11.464452 0.373447 -3.186430
v -11.701112 0.394760 -3.431926
v -12.023889 0.403445 -3.386403
v -12.384994 0.416702 -3.392851
v -12.537265 0.404790 -3.059688
v -11.882115 1.486877 -2.435089
v -12.673316 0.805443 -2.742301
v -12.446964 0.801431 -2.950292
v -12.276873 0.801057 -3.171416
v -11.983993 0.790161 -3.160484
v -11.706638 0.783982 -3.231429
v -11.465326 0.771990 -3.053156
v -11.205684 0.760324 -2.896145
v -11.211797 0.753894 -2.584937
v -11.203932 0.746992 -2.302453
v -11.364361 0.747409 -2.074461
v -11.528407 0.745234 -1.814694
v -11.834147 0.757010 -1.819857
v -12.135137 0.766658 -1.798027
v -12.329475 0.778150 -2.005098
v -12.579240 0.789222 -2.158820
v -12.566546 0.794689 -2.444408
v -11.957171 2.013967 -2.480416
v -12.079732 1.405580 -1.907241
v -12.219871 1.400704 -2.078037
v -12.367751 1.396670 -2.212699
v -12.346795 1.388009 -2.418637
v -12.379944 1.380421 -2.621574
v -12.240645 1.372643 -2.782771
v -12.110353 1.365379 -2.962232
v -11.890884 1.363682 -2.938264
v -11.686792 1.362399 -2.929160
v -11.532845 1.366240 -2.801403
v -11.352532 1.369371 -2.673071
v -11.375802 1.378725 -2.452977
v -11.375902 1.386567 -2.238795
v -11.536778 1.393852 -2.109655
v -11.657975 1.400630 -1.941765
v -11.864115 1.402331 -1.964153
v -12.014381 2.661713 -2.541752
v -11.956992 2.712299 -2.365302
v -12.020581 2.706163 -2.380501
v -12.079334 2.703214 -2.385153
v -12.111365 2.694668 -2.437516
v -12.155408 2.688634 -2.478693
v -12.151616 2.681325 -2.541622
v -12.153116 2.674960 -2.606463
v -12.097384 2.673056 -2.640806
v -12.047928 2.672150 -2.675277
v -11.988879 2.675037 -2.673251
v -11.923441 2.679354 -2.675130
v -11.889662 2.686062 -2.619957
v -11.851270 2.694288 -2.569633
v -11.866085 2.699007 -2.510871
v -11.864280 2.707183 -2.449458
v -11.916862 2.706898 -2.417992
v -12.212122 3.678385 -2.701336
v -11.793669 1.993273 -2.038640
v -11.957862 1.973332 -2.077754
v -12.107398 1.973489 -2.089411
v -12.191740 1.944535 -2.223682
v -12.303809 1.944769 -2.328323
v -12.296029 1.924965 -2.489280
v -12.299689 1.925167 -2.654382
v -12.159096 1.910507 -2.742456
v -12.032811 1.913845 -2.830278
v -11.882248 1.915790 -2.825217
v -11.713822 1.932224 -2.829804
v -11.627744 1.937620 -2.689126
v -11.527848 1.957146 -2.560463
v -11.565793 1.958463 -2.410672
v -11.558715 1.981535 -2.253591
v -11.693851 1.972878 -2.173493
v -12.063862 0.003319 -2.571219
v -12.063862 1.404880 -2.571219
v -11.978474 0.003319 -2.679560
v -11.978474 1.404880 -2.679560
v -11.841489 0.003319 -2.695790
v -11.841489 1.404880 -2.695790
v -11.733149 0.003319 -2.610402
v -11.733149 1.404880 -2.610402
v -11.716918 0.003319 -2.473416
v -11.716918 1.404880 -2.473416
v -11.802305 0.003319 -2.365075
v -11.802305 1.404880 -2.365075
v -11.939290 0.003319 -2.348847
v -11.939290 1.404880 -2.348847
v -12.047630 0.003319 -2.434234
v -12.047630 1.404880 -2.434234
v -4.800120 0.416437 -7.918939
v -4.526847 0.396035 -7.695353
v -4.327376 0.378566 -7.411118
v -3.964223 0.356982 -7.387232
v -3.597058 0.333994 -7.325959
v -3.358665 0.326139 -7.614590
v -3.126917 0.317693 -7.861090
v -3.090286 0.322404 -8.203932
v -3.029147 0.326332 -8.573853
v -3.316252 0.347835 -8.809973
v -3.574962 0.367929 -9.062567
v -3.919747 0.387140 -9.027220
v -4.268197 0.409238 -9.087088
v -4.509967 0.418243 -8.850914
v -4.815668 0.431989 -8.634642
v -4.738395 0.419637 -8.262779
v -3.807546 1.541589 -8.143017
v -4.657259 0.835050 -7.914052
v -4.595788 0.830891 -8.226797
v -4.589394 0.830504 -8.515980
v -4.337951 0.819206 -8.686626
v -4.149741 0.812799 -8.916157
v -3.838669 0.800366 -8.915319
v -3.525329 0.788270 -8.943499
v -3.339406 0.781603 -8.679701
v -3.159433 0.774446 -8.448483
v -3.153538 0.774878 -8.159492
v -3.131160 0.772624 -7.841731
v -3.389810 0.784834 -7.658369
v -3.627918 0.794837 -7.455368
v -3.917416 0.806752 -7.509107
v -4.220482 0.818232 -7.484241
v -4.385180 0.823900 -7.730672
v -3.898087 2.088097 -8.134821
v -3.648661 1.457297 -7.580637
v -3.870602 1.452242 -7.637335
v -4.076832 1.448059 -7.659084
v -4.185737 1.439079 -7.844029
v -4.338006 1.431211 -7.993257
v -4.320559 1.423147 -8.213461
v -4.321846 1.415615 -8.443398
v -4.123743 1.413855 -8.558088
v -3.947616 1.412526 -8.675762
v -3.740551 1.416508 -8.663507
v -3.511106 1.419754 -8.666954
v -3.395448 1.429453 -8.468760
v -3.264058 1.437584 -8.289726
v -3.319216 1.445137 -8.083063
v -3.317431 1.452164 -7.868376
v -3.503427 1.453928 -7.760548
v -3.983545 2.759707 -8.150953
v -3.827276 2.812156 -8.038738
v -3.889739 2.805795 -8.012405
v -3.941692 2.802737 -7.980226
v -4.000599 2.793876 -8.004322
v -4.062677 2.787620 -8.011694
v -4.098135 2.780041 -8.066608
v -4.139193 2.773442 -8.119865
v -4.113703 2.771468 -8.182774
v -4.093537 2.770528 -8.241938
v -4.042952 2.773522 -8.276491
v -3.989426 2.777998 -8.318228
v -3.927332 2.784953 -8.292860
v -3.864361 2.793482 -8.274374
v -3.840669 2.798375 -8.216181
v -3.801463 2.806852 -8.165970
v -3.826084 2.806556 -8.107401
v -4.246735 3.813834 -8.162922
v -3.490282 2.066641 -7.866033
v -3.651494 2.045965 -7.797929
v -3.783603 2.046128 -7.715877
v -3.936502 2.016107 -7.776302
v -4.094378 2.016350 -7.794950
v -4.186679 1.995816 -7.934221
v -4.291086 1.996026 -8.069935
v -4.227668 1.980826 -8.229832
v -4.176051 1.984287 -8.380735
v -4.047134 1.986304 -8.468927
v -3.909214 2.003343 -8.576145
v -3.750930 2.008938 -8.511435
v -3.588479 2.029183 -8.465242
v -3.528237 2.030549 -8.316786
v -3.425901 2.054470 -8.189871
v -3.489651 2.045495 -8.039991
v -4.042977 0.003376 -8.145205
v -4.042977 1.456572 -8.145205
v -4.038129 0.003376 -8.288149
v -4.038129 1.456572 -8.288149
v -3.933626 0.003376 -8.385798
v -3.933626 1.456572 -8.385798
v -3.790682 0.003376 -8.380951
v -3.790682 1.456572 -8.380951
v -3.693033 0.003376 -8.276447
v -3.693033 1.456572 -8.276447
v -3.697879 0.003376 -8.133503
v -3.697879 1.456572 -8.133503
v -3.802383 0.003376 -8.035854
v -3.802383 1.456572 -8.035854
v -3.945327 0.003376 -8.040701
v -3.945327 1.456572 -8.040701
v -5.940511 0.379249 -3.104137
v -6.205129 0.360677 -2.921687
v -6.504125 0.344775 -2.819112
v -6.616827 0.325127 -2.507572
v -6.763240 0.304200 -2.201978
v -6.571104 0.297049 -1.920528
v -6.414131 0.289360 -1.655541
v -6.123575 0.293649 -1.536827
v -5.815536 0.297225 -1.389835
v -5.536459 0.316800 -1.581214
v -5.250156 0.335091 -1.743592
v -5.193896 0.352579 -2.054045
v -5.053445 0.372696 -2.343631
v -5.198852 0.380893 -2.614770
v -5.310695 0.393406 -2.936785
v -5.655426 0.382162 -2.963228
v -5.995502 1.403495 -2.179475
v -5.980903 0.760320 -2.980440
v -5.722947 0.756534 -2.847614
v -5.471674 0.756181 -2.768909
v -5.386015 0.745897 -2.505878
v -5.232872 0.740064 -2.283256
v -5.312253 0.728746 -2.011432
v -5.366830 0.717735 -1.730293
v -5.644530 0.711666 -1.634396
v -5.892232 0.705151 -1.535468
v -6.146446 0.705545 -1.603376
v -6.429987 0.703492 -1.664146
v -6.524945 0.714607 -1.936696
v -6.642270 0.723713 -2.196247
v -6.522081 0.734560 -2.435827
v -6.467203 0.745010 -2.707146
v -6.210059 0.750170 -2.788871
v -5.979779 1.900990 -2.260726
v -6.527476 1.326762 -2.182715
v -6.421782 1.322160 -2.362468
v -6.350620 1.318353 -2.537320
v -6.161351 1.310178 -2.585798
v -5.992354 1.303016 -2.681228
v -5.804196 1.295675 -2.610297
v -5.602789 1.288818 -2.553288
v -5.552578 1.287216 -2.351050
v -5.494203 1.286006 -2.167274
v -5.557269 1.289631 -1.989293
v -5.612266 1.292586 -1.787772
v -5.814830 1.301415 -1.736738
v -6.004614 1.308817 -1.667100
v -6.171396 1.315693 -1.767587
v -6.359591 1.322090 -1.820304
v -6.406863 1.323696 -2.010221
v -5.944066 2.512369 -2.331379
v -6.081705 2.560114 -2.223094
v -6.088942 2.554323 -2.284376
v -6.103948 2.551540 -2.337943
v -6.067983 2.543473 -2.383367
v -6.045841 2.537778 -2.435790
v -5.988854 2.530879 -2.452915
v -5.931900 2.524872 -2.475355
v -5.883330 2.523075 -2.437159
v -5.836691 2.522219 -2.404565
v -5.819261 2.524945 -2.351593
v -5.796295 2.529020 -2.294233
v -5.834180 2.535351 -2.246343
v -5.866266 2.543115 -2.195950
v -5.923146 2.547569 -2.189945
v -5.976968 2.555286 -2.168353
v -6.021961 2.555017 -2.204691
v -5.867057 3.471959 -2.558514
v -6.317940 1.881459 -1.972055
v -6.336737 1.862637 -2.130255
v -6.375091 1.862785 -2.266530
v -6.283592 1.835457 -2.384963
v -6.227368 1.835678 -2.518312
v -6.082240 1.816986 -2.563818
v -5.937161 1.817176 -2.620809
v -5.813365 1.803340 -2.524924
v -5.694448 1.806490 -2.441632
v -5.649918 1.808326 -2.306596
v -5.591025 1.823837 -2.158876
v -5.687635 1.828931 -2.036818
v -5.769102 1.847360 -1.906432
v -5.914158 1.848603 -1.891285
v -6.051019 1.870379 -1.833879
v -6.165973 1.862209 -1.927523
v -5.934067 0.003233 -2.384807
v -5.934067 1.326102 -2.384807
v -5.810286 0.003233 -2.344428
v -5.810286 1.326102 -2.344428
v -5.751314 0.003233 -2.228350
v -5.751314 1.326102 -2.228350
v -5.791693 0.003233 -2.104571
v -5.791693 1.326102 -2.104571
v -5.907768 0.003233 -2.045598
v -5.907768 1.326102 -2.045598
v -6.031549 0.003233 -2.085977
v -6.031549 1.326102 -2.085977
v -6.090521 0.003233 -2.202055
v -6.090521 1.326102 -2.202055
v -6.050142 0.003233 -2.325835
v -6.050142 1.326102 -2.325835
v -11.778319 0.453387 -7.481339
v -11.394831 0.431167 -7.509879
v -11.024099 0.412142 -7.435164
v -10.719497 0.388634 -7.688790
v -10.383677 0.363597 -7.915910
v -10.412050 0.355043 -8.322632
v -10.414060 0.345844 -8.691107
v -10.642383 0.350975 -8.989239
v -10.871677 0.355253 -9.327133
v -11.275488 0.378672 -9.298109
v -11.669245 0.400556 -9.303396
v -11.914903 0.421479 -9.016794
v -12.234893 0.445547 -8.802605
v -12.248547 0.455353 -8.434763
v -12.327597 0.470324 -8.034660
v -11.987581 0.456872 -7.799085
v -11.162893 1.678800 -8.402977
v -11.661874 0.909302 -7.584672
v -11.848008 0.904772 -7.877680
v -12.059937 0.904350 -8.110762
v -11.989486 0.892046 -8.434135
v -12.013131 0.885068 -8.756552
v -11.766935 0.871527 -8.989294
v -11.540726 0.858353 -9.246643
v -11.196019 0.851092 -9.177898
v -10.880458 0.843298 -9.130407
v -10.658974 0.843768 -8.906696
v -10.402883 0.841313 -8.672640
v -10.469486 0.854611 -8.333822
v -10.505136 0.865505 -7.994913
v -10.773993 0.878482 -7.820120
v -10.994581 0.890986 -7.573094
v -11.309498 0.897159 -7.644054
v -11.228219 2.274006 -8.328571
v -10.615504 1.586996 -8.078239
v -10.833248 1.581491 -7.956470
v -11.012369 1.576935 -7.818901
v -11.237108 1.567155 -7.883186
v -11.469279 1.558586 -7.886739
v -11.620731 1.549803 -8.073662
v -11.794272 1.541600 -8.254213
v -11.723941 1.539684 -8.493393
v -11.673196 1.538235 -8.718437
v -11.500543 1.542572 -8.864128
v -11.322000 1.546108 -9.039005
v -11.081986 1.556671 -8.969326
v -10.843932 1.565527 -8.926580
v -10.732414 1.573753 -8.722050
v -10.569921 1.581406 -8.553913
v -10.635844 1.583328 -8.329235
v -11.307785 3.005463 -8.277187
v -11.100225 3.062585 -8.305853
v -11.129780 3.055657 -8.238197
v -11.146646 3.052327 -8.173815
v -11.211226 3.042676 -8.148636
v -11.265764 3.035862 -8.107878
v -11.334958 3.027609 -8.124622
v -11.407331 3.020421 -8.135859
v -11.434409 3.018272 -8.204645
v -11.462881 3.017248 -8.266481
v -11.448874 3.020508 -8.331713
v -11.437938 3.025383 -8.404823
v -11.369885 3.032958 -8.431387
v -11.306306 3.042247 -8.464043
v -11.243937 3.047576 -8.435881
v -11.175313 3.056808 -8.425661
v -11.150805 3.056486 -8.360952
v -11.524532 4.153521 -8.089159
v -10.704613 2.250638 -8.422371
v -10.780777 2.228120 -8.247648
v -10.823502 2.228297 -8.083750
v -10.989541 2.195601 -8.016727
v -11.128163 2.195866 -7.912991
v -11.305525 2.173502 -7.953679
v -11.489773 2.173730 -7.982475
v -11.559684 2.157176 -8.156286
v -11.632162 2.160946 -8.314138
v -11.596565 2.163142 -8.480488
v -11.568136 2.181700 -8.668613
v -11.394631 2.187793 -8.736290
v -11.231731 2.209842 -8.821718
v -11.072784 2.211330 -8.749723
v -10.896771 2.237383 -8.726320
v -10.834640 2.227608 -8.560167
v -11.350389 0.003519 -8.228056
v -11.350389 1.586206 -8.228056
v -11.453815 0.003519 -8.344534
v -11.453815 1.586206 -8.344534
v -11.444587 0.003519 -8.500032
v -11.444587 1.586206 -8.500032
v -11.328107 0.003519 -8.603458
v -11.328107 1.586206 -8.603458
v -11.172609 0.003519 -8.594231
v -11.172609 1.586206 -8.594231
v -11.069183 0.003519 -8.477751
v -11.069183 1.586206 -8.477751
v -11.078413 0.003519 -8.322254
v -11.078413 1.586206 -8.322254
v -11.194891 0.003519 -8.218826
v -11.194891 1.586206 -8.218826
v -11.036493 0.401703 -5.380130
v -11.106532 0.382026 -5.046871
v -11.261273 0.365178 -4.749858
v -11.120428 0.344361 -4.428348
v -11.009808 0.322190 -4.086800
v -10.656823 0.314614 -4.010905
v -10.342859 0.306468 -3.921986
v -10.033079 0.311012 -4.042901
v -9.689231 0.314800 -4.154859
v -9.614604 0.335539 -4.505527
v -9.513262 0.354919 -4.839202
v -9.696659 0.373447 -5.118678
v -9.800172 0.394760 -5.443581
v -10.109745 0.403445 -5.545666
v -10.430675 0.416702 -5.711323
v -10.714713 0.404790 -5.480004
v -10.403803 1.486877 -4.629900
v -10.977223 0.805443 -5.255654
v -10.682178 0.801431 -5.341935
v -10.431766 0.801057 -5.464902
v -10.173994 0.790161 -5.325431
v -9.893894 0.783982 -5.266250
v -9.756447 0.771990 -4.999565
v -9.593153 0.760324 -4.743827
v -9.736415 0.753894 -4.467488
v -9.854428 0.746992 -4.210715
v -10.099218 0.747409 -4.077313
v -10.361318 0.745234 -3.917022
v -10.633178 0.757010 -4.057014
v -10.912727 0.766658 -4.170697
v -10.995299 0.778150 -4.442408
v -11.151195 0.789222 -4.690823
v -11.013375 0.794689 -4.941275
v -10.451035 2.013967 -4.703773
v -10.814693 1.405580 -4.244095
v -10.864731 1.400704 -4.459283
v -10.937710 1.396670 -4.645500
v -10.827744 1.388009 -4.820878
v -10.767619 1.380421 -5.017518
v -10.571351 1.372643 -5.100384
v -10.375070 1.365379 -5.203614
v -10.188893 1.363682 -5.084955
v -10.009925 1.362399 -4.986436
v -9.928449 1.366240 -4.803722
v -9.823591 1.369371 -4.608822
v -9.941897 1.378725 -4.421776
v -10.036812 1.386567 -4.229774
v -10.238236 1.393852 -4.185207
v -10.421240 1.400630 -4.088325
v -10.596164 1.402331 -4.199666
v -10.475178 2.661713 -4.784100
v -10.501840 2.712299 -4.600476
v -10.552128 2.706163 -4.642256
v -10.602750 2.703214 -4.672440
v -10.608286 2.694668 -4.733573
v -10.629545 2.688634 -4.789993
v -10.598285 2.681325 -4.844739
v -10.570924 2.674960 -4.903544
v -10.505746 2.673056 -4.909663
v -10.446140 2.672150 -4.918676
v -10.394091 2.675037 -4.890717
v -10.334584 2.679354 -4.863431
v -10.328723 2.686062 -4.799004
v -10.316582 2.694288 -4.736883
v -10.355878 2.699007 -4.690754
v -10.381451 2.707183 -4.634888
v -10.442527 2.706898 -4.629952
v -10.581827 3.678385 -5.014736
v -10.500017 1.993273 -4.235264
v -10.629926 1.973332 -4.343030
v -10.758848 1.973489 -4.419686
v -10.775027 1.944535 -4.577423
v -10.829184 1.944769 -4.720866
v -10.750949 1.924965 -4.861744
v -10.681134 1.925167 -5.011405
v -10.516076 1.910507 -5.028131
v -10.363961 1.913845 -5.050965
v -10.231200 1.915790 -4.979768
v -10.078151 1.932224 -4.909314
v -10.063250 1.937620 -4.745064
v -10.030641 1.957146 -4.585472
v -10.130980 1.958463 -4.467960
v -10.194182 1.981535 -4.323978
v -10.350812 1.972878 -4.311987
v -10.506496 0.003319 -4.832427
v -10.506496 1.404880 -4.832427
v -10.381968 0.003319 -4.891767
v -10.381968 1.404880 -4.891767
v -10.251953 0.003319 -4.845671
v -10.251953 1.404880 -4.845671
v -10.192615 0.003319 -4.721141
v -10.192615 1.404880 -4.721141
v -10.238710 0.003319 -4.591127
v -10.238710 1.404880 -4.591127
v -10.363239 0.003319 -4.531787
v -10.363239 1.404880 -4.531787
v -10.493252 0.003319 -4.577884
v -10.493252 1.404880 -4.577884
v -10.552592 0.003319 -4.702413
v -10.552592 1.404880 -4.702413
v -0.194313 0.537347 -10.580437
v 0.211246 0.510996 -10.788988
v 0.650638 0.488434 -10.878889
v 0.865939 0.460556 -11.296740
v 1.127591 0.430864 -11.700089
v 0.908473 0.420719 -12.131096
v 0.735837 0.409810 -12.532536
v 0.348608 0.415895 -12.752474
v -0.058075 0.420969 -13.015387
v -0.485603 0.448742 -12.796906
v -0.918023 0.474694 -12.620543
v -1.053705 0.499507 -12.193947
v -1.304054 0.528049 -11.812038
v -1.148812 0.539679 -11.404047
v -1.050061 0.557433 -10.930576
v -0.569803 0.541480 -10.830610
v 0.051403 1.990577 -11.871519
v -0.114957 1.078022 -10.747137
v -0.453745 1.072649 -10.980997
v -0.792985 1.072149 -11.137487
v -0.865633 1.057558 -11.523195
v -1.040590 1.049282 -11.864328
v -0.879409 1.033223 -12.232359
v -0.751430 1.017601 -12.618017
v -0.343220 1.008989 -12.702396
v 0.023333 0.999746 -12.796503
v 0.368673 1.000305 -12.654669
v 0.756582 0.997392 -12.517540
v 0.840579 1.013163 -12.116749
v 0.958416 1.026083 -11.730175
v 0.745684 1.041472 -11.414942
v 0.619070 1.056300 -11.043159
v 0.242364 1.063621 -10.974977
v 0.014487 2.696440 -11.760054
v 0.799353 1.881707 -11.770115
v 0.617906 1.875178 -11.536425
v 0.485944 1.869776 -11.303347
v 0.210798 1.858177 -11.269590
v -0.044373 1.848015 -11.166075
v -0.296218 1.837599 -11.300137
v -0.569237 1.827871 -11.417021
v -0.603073 1.825598 -11.710732
v -0.651758 1.823881 -11.979948
v -0.530614 1.829024 -12.218906
v -0.416541 1.833217 -12.492455
v -0.122221 1.845744 -12.527388
v 0.157501 1.856246 -12.590824
v 0.373886 1.866002 -12.419065
v 0.629099 1.875078 -12.310625
v 0.661041 1.877356 -12.034790
v -0.048630 3.563882 -11.667139
v 0.164759 3.631625 -11.794449
v 0.163784 3.623408 -11.706902
v 0.175147 3.619459 -11.628796
v 0.116272 3.608014 -11.571428
v 0.075571 3.599934 -11.501696
v -0.007733 3.590145 -11.487972
v -0.091959 3.581621 -11.466764
v -0.153347 3.579073 -11.529352
v -0.213040 3.577858 -11.583706
v -0.227920 3.581725 -11.661417
v -0.249793 3.587507 -11.746309
v -0.187770 3.596489 -11.806797
v -0.133447 3.607506 -11.871866
v -0.052316 3.613825 -11.869961
v 0.027347 3.624774 -11.890543
v 0.084042 3.624392 -11.831221
v -0.198340 4.925378 -11.361555
v 0.542864 2.668727 -12.104679
v 0.540516 2.642023 -11.878654
v 0.569675 2.642234 -11.679920
v 0.419365 2.603459 -11.529930
v 0.315977 2.603773 -11.352530
v 0.103481 2.577251 -11.314919
v -0.111035 2.577521 -11.261139
v -0.267774 2.557889 -11.418596
v -0.419937 2.562360 -11.557446
v -0.458013 2.564965 -11.755562
v -0.513988 2.586972 -11.974138
v -0.355828 2.594199 -12.128300
v -0.217460 2.620347 -12.296934
v -0.010591 2.622111 -12.291842
v 0.192437 2.653008 -12.347702
v 0.337139 2.641416 -12.195007
v -0.072426 0.003843 -11.593781
v -0.072426 1.880770 -11.593781
v -0.239246 0.003843 -11.673132
v -0.239246 1.880770 -11.673132
v -0.301095 0.003843 -11.847200
v -0.301095 1.880770 -11.847200
v -0.221744 0.003843 -12.014021
v -0.221744 1.880770 -12.014021
v -0.047675 0.003843 -12.075871
v -0.047675 1.880770 -12.075871
v 0.119145 0.003843 -11.996519
v 0.119145 1.880770 -11.996519
v 0.180995 0.003843 -11.822451
v 0.180995 1.880770 -11.822451
v 0.101643 0.003843 -11.655630
v 0.101643 1.880770 -11.655630
v -5.264285 0.455246 -13.052763
v -4.878204 0.432935 -13.059067
v -4.510916 0.413831 -12.962605
v -4.190821 0.390227 -13.199131
v -3.840974 0.365087 -13.407269
v -3.845758 0.356497 -13.816629
v -3.826338 0.347260 -14.186117
v -4.037877 0.352413 -14.498253
v -4.248073 0.356708 -14.850309
v -4.654553 0.380224 -14.844702
v -5.048960 0.402198 -14.872908
v -5.311885 0.423207 -14.599897
v -5.645115 0.447374 -14.403799
v -5.680197 0.457221 -14.035856
v -5.782713 0.472253 -13.639380
v -5.455574 0.458746 -13.383453
v -4.593752 1.685704 -13.940844
v -5.141547 0.913039 -13.149574
v -5.311088 0.908490 -13.454123
v -5.509976 0.908067 -13.700098
v -5.420541 0.895712 -14.020161
v -5.425491 0.888705 -14.344736
v -5.165160 0.875108 -14.563721
v -4.923429 0.861880 -14.808538
v -4.581884 0.854589 -14.719578
v -4.268319 0.846763 -14.653614
v -4.059306 0.847235 -14.416477
v -3.816210 0.844770 -14.166958
v -3.902682 0.858122 -13.831188
v -3.958133 0.869062 -13.493528
v -4.237810 0.882092 -13.333948
v -4.473303 0.894647 -13.099152
v -4.784858 0.900845 -13.188604
v -4.663565 2.283362 -13.870058
v -4.063922 1.593523 -13.583477
v -4.289279 1.587995 -13.474077
v -4.476838 1.583421 -13.346592
v -4.698383 1.573601 -13.424107
v -4.930914 1.564997 -13.441172
v -5.071858 1.556177 -13.637360
v -5.235321 1.547940 -13.828445
v -5.150905 1.546016 -14.064114
v -5.086946 1.544562 -14.286755
v -4.905398 1.548916 -14.422758
v -4.716249 1.552467 -14.587673
v -4.479708 1.563073 -14.503866
v -4.243561 1.571966 -14.447168
v -4.143667 1.580226 -14.235655
v -3.990560 1.587910 -14.057657
v -4.069711 1.589840 -13.836267
v -4.746314 3.017830 -13.823177
v -4.536584 3.075188 -13.839838
v -4.570143 3.068231 -13.773739
v -4.590796 3.064887 -13.710180
v -4.656999 3.055197 -13.688698
v -4.714040 3.048355 -13.651012
v -4.782428 3.040067 -13.671822
v -4.854323 3.032850 -13.687296
v -4.877466 3.030692 -13.757824
v -4.902411 3.029664 -13.821466
v -4.884576 3.032938 -13.886044
v -4.869358 3.037833 -13.958693
v -4.799596 3.045439 -13.981365
v -4.733961 3.054766 -14.010401
v -4.673081 3.060117 -13.978540
v -4.604885 3.069388 -13.964304
v -4.584081 3.069064 -13.898014
v -4.974525 4.170616 -13.647299
v -4.133231 2.259897 -13.933626
v -4.219743 2.237287 -13.762909
v -4.272104 2.237465 -13.601099
v -4.442446 2.204634 -13.543573
v -4.587440 2.204900 -13.447647
v -4.762866 2.182444 -13.498749
v -4.945887 2.182673 -13.538334
v -5.005858 2.166051 -13.716633
v -5.069331 2.169836 -13.879087
v -5.023971 2.172041 -14.043772
v -4.984531 2.190675 -14.230696
v -4.806666 2.196794 -14.288448
v -4.638401 2.218934 -14.364607
v -4.483255 2.220428 -14.283192
v -4.308176 2.246588 -14.249495
v -4.255559 2.236773 -14.079325
v -4.791880 0.003526 -13.776403
v -4.791880 1.592730 -13.776403
v -4.888783 0.003526 -13.899183
v -4.888783 1.592730 -13.899183
v -4.870486 0.003526 -14.054522
v -4.870486 1.592730 -14.054522
v -4.747707 0.003526 -14.151424
v -4.747707 1.592730 -14.151424
v -4.592370 0.003526 -14.133127
v -4.592370 1.592730 -14.133127
v -4.495466 0.003526 -14.010349
v -4.495466 1.592730 -14.010349
v -4.513762 0.003526 -13.855013
v -4.513762 1.592730 -13.855013
v -4.636541 0.003526 -13.758106
v -4.636541 1.592730 -13.758106
v -0.521455 0.505222 -15.237297
v -0.838885 0.480452 -15.525412
v -1.063051 0.459243 -15.882471
v -1.501895 0.433038 -15.934040
v -1.943274 0.405127 -16.031195
v -2.250299 0.395590 -15.696062
v -2.546643 0.385336 -15.411604
v -2.612401 0.391056 -14.998182
v -2.709564 0.395825 -14.553453
v -2.376142 0.421932 -14.249281
v -2.078176 0.446328 -13.926901
v -1.657918 0.469653 -13.948294
v -1.239141 0.496482 -13.854013
v -0.931289 0.507415 -14.125322
v -0.547157 0.524104 -14.368528
v -0.617702 0.509108 -14.824228
v -1.738919 1.871287 -15.027391
v -0.694372 1.013467 -15.252117
v -0.788375 1.008417 -14.876736
v -0.814131 1.007947 -14.526495
v -1.129633 0.994231 -14.335236
v -1.372131 0.986452 -14.068642
v -1.749261 0.971356 -14.089022
v -2.130944 0.956670 -14.074362
v -2.339958 0.948576 -14.405798
v -2.543784 0.939887 -14.697355
v -2.532941 0.940412 -15.048128
v -2.540293 0.937674 -15.434813
v -2.215259 0.952498 -15.641043
v -1.913911 0.964644 -15.872364
v -1.566236 0.979110 -15.789179
v -1.197214 0.993049 -15.800463
v -1.012855 0.999930 -15.491407
v -1.628626 2.534811 -15.031693
v -1.896558 1.768946 -15.719177
v -1.630980 1.762809 -15.636614
v -1.382276 1.757731 -15.597406
v -1.261742 1.746829 -15.366375
v -1.086403 1.737276 -15.175955
v -1.121266 1.727485 -14.910040
v -1.134020 1.718340 -14.631157
v -1.381364 1.716204 -14.504425
v -1.602247 1.714589 -14.372709
v -1.852554 1.719424 -14.400457
v -2.130975 1.723366 -14.410564
v -2.258873 1.735141 -14.658079
v -2.407041 1.745013 -14.883337
v -2.327295 1.754184 -15.130487
v -2.316094 1.762715 -15.390909
v -2.083859 1.764857 -15.510077
v -1.526012 3.350223 -15.006809
v -1.708503 3.413903 -15.152603
v -1.631125 3.406179 -15.180643
v -1.566130 3.402467 -15.216427
v -1.496204 3.391708 -15.183544
v -1.421393 3.384113 -15.170740
v -1.381817 3.374911 -15.101950
v -1.335349 3.366899 -15.034817
v -1.370173 3.364503 -14.960127
v -1.398307 3.363361 -14.889645
v -1.461793 3.366996 -14.850897
v -1.529293 3.372431 -14.803621
v -1.603005 3.380874 -14.838245
v -1.678206 3.391230 -14.864580
v -1.703310 3.397171 -14.936619
v -1.747722 3.407463 -14.999939
v -1.714223 3.407104 -15.069422
v -1.207633 4.630055 -14.975912
v -2.106364 2.508760 -15.382990
v -1.906651 2.483658 -15.455534
v -1.741359 2.483856 -15.546797
v -1.559728 2.447407 -15.464012
v -1.369460 2.447702 -15.431572
v -1.266213 2.422771 -15.256958
v -1.148068 2.423026 -15.085903
v -1.234918 2.404571 -14.895971
v -1.306898 2.408774 -14.716211
v -1.468703 2.411222 -14.617302
v -1.642609 2.431910 -14.495884
v -1.830502 2.438703 -14.584202
v -2.024601 2.463283 -14.650326
v -2.088404 2.464941 -14.834084
v -2.204588 2.493984 -14.994339
v -2.117957 2.483087 -15.172102
v -1.453591 0.003719 -15.010082
v -1.453591 1.768066 -15.010082
v -1.468367 0.003719 -14.837061
v -1.468367 1.768066 -14.837061
v -1.601159 0.003719 -14.725164
v -1.601159 1.768066 -14.725164
v -1.774179 0.003719 -14.739943
v -1.774179 1.768066 -14.739943
v -1.886075 0.003719 -14.872734
v -1.886075 1.768066 -14.872734
v -1.871299 0.003719 -15.045753
v -1.871299 1.768066 -15.045753
v -1.738507 0.003719 -15.157650
v -1.738507 1.768066 -15.157650
v -1.565486 0.003719 -15.142874
v -1.565486 1.768066 -15.142874
v 5.737463 0.391619 -4.838168
v 5.453077 0.372438 -4.666945
v 5.138340 0.356015 -4.580247
v 5.002329 0.335723 -4.266284
v 4.831949 0.314110 -3.960597
v 5.012086 0.306726 -3.658244
v 5.157024 0.298785 -3.375101
v 5.448972 0.303214 -3.234230
v 5.757142 0.306907 -3.063098
v 6.056999 0.327123 -3.242602
v 6.362461 0.346014 -3.391757
v 6.440220 0.364075 -3.708190
v 6.603435 0.384851 -3.997756
v 6.470811 0.393317 -4.286505
v 6.376026 0.406240 -4.625561
v 6.022358 0.394628 -4.674766
v 5.621904 1.449430 -3.888522
v 5.687951 0.785178 -4.713233
v 5.945395 0.781267 -4.559891
v 6.199399 0.780903 -4.462763
v 6.270951 0.770282 -4.186175
v 6.414637 0.764258 -3.946944
v 6.315505 0.752569 -3.671800
v 6.241346 0.741197 -3.385476
v 5.948986 0.734929 -3.304306
v 5.687355 0.728201 -3.218100
v 5.429634 0.728607 -3.304287
v 5.141227 0.726488 -3.384981
v 5.060697 0.737967 -3.671973
v 4.956283 0.747371 -3.946988
v 5.095426 0.758573 -4.186296
v 5.169270 0.769367 -4.462480
v 5.439538 0.774695 -4.530350
v 5.643286 1.963229 -3.971274
v 5.073750 1.370182 -3.925730
v 5.194146 1.365430 -4.104292
v 5.278631 1.361498 -4.279999
v 5.476817 1.353055 -4.317920
v 5.657097 1.345658 -4.405531
v 5.846535 1.338076 -4.320436
v 6.050516 1.330995 -4.248847
v 6.089398 1.329341 -4.037181
v 6.137873 1.328091 -3.844027
v 6.061531 1.331834 -3.664579
v 5.992008 1.334887 -3.460353
v 5.779955 1.344005 -3.420642
v 5.579891 1.351649 -3.360943
v 5.414370 1.358751 -3.475144
v 5.223733 1.365357 -3.541467
v 5.187097 1.367016 -3.740243
v 5.684599 2.594642 -4.041830
v 5.535823 2.643952 -3.938973
v 5.532267 2.637971 -4.002603
v 5.520208 2.635097 -4.058776
v 5.560173 2.626765 -4.103309
v 5.586336 2.620884 -4.155937
v 5.646168 2.613759 -4.169962
v 5.706306 2.607554 -4.189466
v 5.753940 2.605699 -4.147002
v 5.799941 2.604816 -4.110435
v 5.814533 2.607630 -4.054721
v 5.834555 2.611838 -3.994130
v 5.792457 2.618377 -3.947179
v 5.756173 2.626396 -3.897275
v 5.697157 2.630996 -3.894707
v 5.640303 2.638966 -3.875876
v 5.596236 2.638688 -3.916199
v 5.778441 3.585679 -4.271060
v 5.276330 1.943057 -3.695241
v 5.267025 1.923618 -3.859511
v 5.236165 1.923772 -4.002426
v 5.338023 1.895548 -4.118681
v 5.404469 1.895776 -4.252560
v 5.556966 1.876471 -4.290227
v 5.710142 1.876668 -4.339737
v 5.831648 1.862378 -4.233016
v 5.948924 1.865632 -4.139587
v 5.986230 1.867528 -3.997555
v 6.037531 1.883547 -3.841536
v 5.930175 1.888807 -3.721868
v 5.837897 1.907841 -3.592654
v 5.687407 1.909125 -3.586274
v 5.542675 1.931615 -3.535814
v 5.430143 1.923177 -3.639662
v 5.698308 0.003280 -4.096267
v 5.698308 1.369501 -4.096267
v 5.823329 0.003280 -4.046764
v 5.823329 1.369501 -4.046764
v 5.876729 0.003280 -3.923356
v 5.876729 1.369501 -3.923356
v 5.827226 0.003280 -3.798334
v 5.827226 1.369501 -3.798334
v 5.703817 0.003280 -3.744934
v 5.703817 1.369501 -3.744934
v 5.578795 0.003280 -3.794437
v 5.578795 1.369501 -3.794437
v 5.525396 0.003280 -3.917846
v 5.525396 1.369501 -3.917846
v 5.574900 0.003280 -4.042868
v 5.574900 1.369501 -4.042868
v -0.257944 0.455056 -6.820031
v 0.127995 0.432754 -6.824893
v 0.494767 0.413658 -6.727106
v 0.815605 0.390064 -6.962337
v 1.166079 0.364935 -7.169085
v 1.162819 0.356348 -7.578288
v 1.183608 0.347115 -7.947546
v 0.973322 0.352266 -8.260338
v 0.764526 0.356559 -8.613024
v 0.358198 0.380065 -8.608934
v -0.035934 0.402030 -8.638594
v -0.299764 0.423030 -8.366680
v -0.633581 0.447187 -8.171907
v -0.670018 0.457030 -7.804253
v -0.773967 0.472056 -7.408327
v -0.447921 0.458554 -7.151292
v 0.415607 1.684997 -7.705235
v -0.134898 0.912656 -6.916343
v -0.303233 0.908109 -7.221392
v -0.501121 0.907686 -7.468004
v -0.410533 0.895336 -7.787597
v -0.414272 0.888332 -8.112049
v -0.153236 0.874741 -8.329975
v 0.089303 0.861518 -8.573788
v 0.430371 0.854230 -8.483591
v 0.743556 0.846407 -8.416491
v 0.951597 0.846880 -8.178677
v 1.193660 0.844415 -7.928357
v 1.105975 0.857762 -7.593051
v 1.049290 0.868697 -7.255743
v 0.769139 0.881722 -7.097274
v 0.532871 0.894272 -6.863456
v 0.221782 0.900467 -6.954028
v 0.345562 2.282403 -7.634739
v 0.943882 1.592854 -7.346048
v 0.718213 1.587328 -7.237534
v 0.530260 1.582756 -7.110802
v 0.309098 1.572940 -7.189108
v 0.076731 1.564340 -7.207033
v -0.063424 1.555524 -7.403662
v -0.226104 1.547290 -7.595273
v -0.140849 1.545367 -7.830527
v -0.076088 1.543913 -8.052835
v 0.105891 1.548266 -8.188105
v 0.295571 1.551815 -8.352243
v 0.531701 1.562417 -8.267591
v 0.767535 1.571306 -8.210039
v 0.866598 1.579562 -7.998244
v 1.018978 1.587244 -7.819751
v 0.939036 1.589172 -7.598751
v 0.262674 3.016562 -7.588186
v 0.472376 3.073896 -7.604061
v 0.438585 3.066942 -7.538114
v 0.417704 3.063600 -7.474658
v 0.351450 3.053913 -7.453431
v 0.294293 3.047075 -7.415976
v 0.226012 3.038790 -7.437031
v 0.154205 3.031576 -7.452765
v 0.131335 3.029419 -7.523351
v 0.106638 3.028391 -7.587058
v 0.124705 3.031663 -7.651539
v 0.140186 3.036557 -7.724103
v 0.210003 3.044159 -7.746505
v 0.275717 3.053483 -7.775285
v 0.336453 3.058831 -7.743211
v 0.404567 3.068098 -7.728727
v 0.425116 3.067775 -7.662387
v 0.033905 4.168864 -7.413233
v 0.875905 2.258948 -7.696307
v 0.788795 2.236347 -7.525984
v 0.735853 2.236526 -7.364439
v 0.565370 2.203709 -7.307570
v 0.420082 2.203974 -7.212225
v 0.244920 2.181528 -7.263959
v 0.062125 2.181756 -7.304209
v 0.002843 2.165141 -7.482654
v -0.059997 2.168925 -7.645275
v -0.014043 2.171129 -7.809721
v 0.026076 2.189755 -7.996420
v 0.204080 2.195871 -8.053484
v 0.372557 2.218002 -8.128983
v 0.527333 2.219495 -8.047026
v 0.702212 2.245644 -8.012690
v 0.754173 2.235833 -7.842397
v 0.216953 0.003525 -7.541603
v 0.216953 1.592062 -7.541603
v 0.120548 0.003525 -7.664690
v 0.120548 1.592062 -7.664690
v 0.139416 0.003525 -7.819893
v 0.139416 1.592062 -7.819893
v 0.262502 0.003525 -7.916298
v 0.262502 1.592062 -7.916298
v 0.417707 0.003525 -7.897432
v 0.417707 1.592062 -7.897432
v 0.514112 0.003525 -7.774345
v 0.514112 1.592062 -7.774345
v 0.495245 0.003525 -7.619141
v 0.495245 1.592062 -7.619141
v 0.372158 0.003525 -7.522736
v 0.372158 1.592062 -7.522736
v 0.275509 0.414809 -4.529452
v 0.182094 0.394487 -4.190385
v 0.003674 0.377087 -3.894075
v 0.128391 0.355588 -3.553694
v 0.220673 0.332690 -3.194580
v 0.579698 0.324866 -3.093874
v 0.897672 0.316453 -2.982226
v 1.224695 0.321146 -3.087142
v 1.586265 0.325058 -3.180659
v 1.685516 0.346477 -3.537378
v 1.811224 0.366491 -3.874880
v 1.639971 0.385627 -4.174640
v 1.553954 0.407639 -4.516143
v 1.241346 0.416608 -4.641084
v 0.921073 0.430300 -4.832275
v 0.613562 0.417997 -4.611916
v 0.879923 1.535544 -3.715827
v 0.328678 0.831779 -4.397367
v 0.638307 0.827636 -4.467522
v 0.904263 0.827250 -4.578333
v 1.161095 0.815997 -4.418155
v 1.446055 0.809615 -4.339317
v 1.570757 0.797230 -4.055665
v 1.722800 0.785182 -3.781653
v 1.557530 0.778541 -3.505921
v 1.419533 0.771413 -3.248753
v 1.158710 0.771843 -3.126827
v 0.878331 0.769597 -2.978283
v 0.607009 0.781760 -3.139898
v 0.326086 0.791723 -3.274881
v 0.258268 0.803592 -3.560219
v 0.113387 0.815027 -3.826212
v 0.271398 0.820673 -4.075606
v 0.835941 2.079907 -3.794983
v 0.431812 1.451583 -3.344298
v 0.393934 1.446548 -3.569301
v 0.330564 1.442381 -3.765901
v 0.455082 1.433437 -3.939680
v 0.529577 1.425600 -4.138550
v 0.737169 1.417567 -4.211474
v 0.946069 1.410065 -4.305386
v 1.130424 1.408312 -4.171219
v 1.308635 1.406987 -4.058270
v 1.380989 1.410954 -3.864739
v 1.476669 1.414188 -3.657160
v 1.342808 1.423848 -3.471885
v 1.232746 1.431948 -3.280011
v 1.022278 1.439471 -3.246894
v 0.827469 1.446470 -3.158679
v 0.654245 1.448228 -3.284587
v 0.816168 2.748880 -3.879322
v 0.776993 2.801124 -3.691739
v 0.727817 2.794787 -3.738008
v 0.677556 2.791741 -3.772345
v 0.675741 2.782914 -3.835714
v 0.657419 2.776683 -3.895225
v 0.693130 2.769135 -3.949668
v 0.725077 2.762561 -4.008542
v 0.792651 2.760595 -4.010699
v 0.854668 2.759659 -4.016196
v 0.906541 2.762640 -3.984061
v 0.966143 2.767099 -3.952146
v 0.968083 2.774027 -3.885361
v 0.976645 2.782523 -3.820555
v 0.933199 2.787397 -3.775505
v 0.903282 2.795840 -3.719546
v 0.840010 2.795546 -3.718347
v 0.720916 3.798869 -4.123854
v 0.755619 2.058535 -3.315160
v 0.628570 2.037940 -3.434518
v 0.500557 2.038103 -3.521744
v 0.493922 2.008199 -3.685369
v 0.447230 2.008442 -3.836679
v 0.536845 1.987988 -3.976916
v 0.618338 1.988197 -4.126742
v 0.789545 1.973057 -4.133475
v 0.947801 1.976504 -4.147328
v 1.080120 1.978513 -4.065485
v 1.233398 1.995486 -3.983116
v 1.238300 2.001058 -3.812857
v 1.261752 2.021224 -3.646272
v 1.150839 2.022585 -3.531529
v 1.076525 2.046412 -3.387136
v 0.914308 2.037472 -3.384748
v 0.786961 0.003370 -3.931133
v 0.786961 1.450861 -3.931133
v 0.919104 0.003370 -3.984371
v 0.919104 1.450861 -3.984371
v 1.050189 0.003370 -3.928578
v 1.050189 1.450861 -3.928578
v 1.103428 0.003370 -3.796434
v 1.103428 1.450861 -3.796434
v 1.047634 0.003370 -3.665349
v 1.047634 1.450861 -3.665349
v 0.915491 0.003370 -3.612111
v 0.915491 1.450861 -3.612111
v 0.784406 0.003370 -3.667904
v 0.784406 1.450861 -3.667904
v 0.731168 0.003370 -3.800048
v 0.731168 1.450861 -3.800048
v 9.995058 0.429606 -2.873536
v 10.125005 0.408556 -2.533201
v 10.157772 0.390533 -2.176433
v 10.470617 0.368263 -1.968767
v 10.767876 0.344545 -1.725574
v 11.129344 0.336440 -1.861674
v 11.463250 0.327726 -1.963467
v 11.671907 0.332587 -2.251592
v 11.916394 0.336640 -2.551387
v 11.780493 0.358826 -2.910036
v 11.678464 0.379557 -3.268868
v 11.351677 0.399379 -3.414085
v 11.070450 0.422179 -3.646420
v 10.732870 0.431469 -3.559014
v 10.348264 0.445651 -3.522215
v 10.226690 0.432908 -3.149683
v 10.998561 1.590491 -2.564984
v 10.120441 0.861514 -2.795879
v 10.335895 0.857222 -3.044320
v 10.489958 0.856823 -3.299918
v 10.802587 0.845166 -3.323704
v 11.088814 0.838556 -3.432639
v 11.366860 0.825728 -3.272321
v 11.661819 0.813248 -3.136818
v 11.692942 0.806369 -2.805291
v 11.735449 0.798985 -2.505985
v 11.592487 0.799431 -2.244256
v 11.449521 0.797105 -1.948313
v 11.123918 0.809702 -1.916842
v 10.806631 0.820023 -1.857252
v 10.575036 0.832317 -2.053860
v 10.290974 0.844162 -2.187061
v 10.269942 0.850010 -2.492150
v 10.913305 2.154355 -2.604089
v 10.852320 1.503522 -1.980036
v 10.682719 1.498306 -2.144637
v 10.509255 1.493991 -2.269896
v 10.506633 1.484726 -2.491324
v 10.446869 1.476608 -2.703021
v 10.575442 1.468287 -2.891199
v 10.692239 1.460516 -3.097702
v 10.928413 1.458701 -3.098756
v 11.146447 1.457329 -3.113752
v 11.325527 1.461437 -2.996567
v 11.532694 1.464787 -2.881955
v 11.534567 1.474794 -2.645202
v 11.560352 1.483183 -2.417532
v 11.404964 1.490976 -2.260820
v 11.296437 1.498226 -2.067715
v 11.074621 1.500047 -2.066594
v 10.845078 2.847295 -2.662368
v 10.927407 2.901409 -2.481754
v 10.857983 2.894846 -2.490222
v 10.794969 2.891691 -2.488063
v 10.754594 2.882548 -2.539850
v 10.702804 2.876094 -2.578295
v 10.699229 2.868275 -2.645642
v 10.689793 2.861465 -2.714380
v 10.744882 2.859430 -2.757620
v 10.793282 2.858460 -2.800240
v 10.856290 2.861548 -2.805225
v 10.925617 2.866167 -2.815131
v 10.968192 2.873342 -2.760571
v 11.015081 2.882143 -2.711721
v 11.006438 2.887191 -2.647472
v 11.015781 2.895937 -2.582411
v 10.963696 2.895632 -2.542610
v 10.615607 3.934899 -2.808089
v 11.140498 2.132218 -2.154283
v 10.961245 2.110885 -2.176009
v 10.800891 2.111053 -2.170322
v 10.695010 2.080079 -2.302847
v 10.563243 2.080330 -2.400525
v 10.552053 2.059144 -2.572548
v 10.528205 2.059360 -2.747596
v 10.666998 2.043677 -2.858207
v 10.790612 2.047249 -2.966820
v 10.951260 2.049330 -2.979641
v 11.129725 2.066910 -3.004876
v 11.238227 2.072682 -2.865753
v 11.359962 2.093570 -2.741071
v 11.337737 2.094980 -2.577269
v 11.364247 2.119661 -2.411160
v 11.230295 2.110400 -2.309688
v 10.788924 0.003427 -2.687708
v 10.788924 1.502774 -2.687708
v 10.866587 0.003427 -2.813187
v 10.866587 1.502774 -2.813187
v 11.010231 0.003427 -2.846998
v 11.010231 1.502774 -2.846998
v 11.135709 0.003427 -2.769335
v 11.135709 1.502774 -2.769335
v 11.169519 0.003427 -2.625692
v 11.169519 1.502774 -2.625692
v 11.091856 0.003427 -2.500213
v 11.091856 1.502774 -2.500213
v 10.948213 0.003427 -2.466402
v 10.948213 1.502774 -2.466402
v 10.822735 0.003427 -2.544066
v 10.822735 1.502774 -2.544066
v 8.766154 0.391619 -3.907488
v 8.435352 0.372438 -3.879868
v 8.114758 0.356015 -3.941475
v 7.853802 0.335723 -3.720176
v 7.565692 0.314110 -3.521514
v 7.593350 0.306726 -3.170656
v 7.597952 0.298785 -2.852605
v 7.797360 0.303214 -2.597038
v 7.997914 0.306907 -2.307153
v 8.346256 0.327123 -2.335351
v 8.686184 0.346014 -2.333851
v 8.896003 0.364075 -2.583157
v 9.170551 0.384851 -2.770534
v 9.179473 0.393317 -3.088160
v 9.244595 0.406240 -3.434141
v 8.949263 0.394628 -3.634841
v 8.242098 1.449430 -3.107147
v 8.666445 0.785178 -3.817385
v 8.829394 0.781267 -3.565911
v 9.014145 0.780903 -3.366365
v 8.955849 0.770282 -3.086684
v 8.978768 0.764258 -2.808563
v 8.768067 0.752569 -2.605744
v 8.574806 0.741197 -2.381841
v 8.276723 0.734929 -2.438497
v 8.003964 0.728201 -2.477035
v 7.811037 0.728607 -2.668416
v 7.588161 0.726488 -2.868459
v 7.643015 0.737967 -3.161443
v 7.671150 0.747371 -3.454265
v 7.901864 0.758573 -3.607237
v 8.090352 0.769367 -3.822185
v 8.362738 0.774695 -3.763384
v 8.297906 1.963229 -3.171882
v 7.767067 1.370182 -3.383197
v 7.954075 1.365430 -3.490003
v 8.107620 1.361498 -3.610145
v 8.302114 1.353055 -3.556404
v 8.502550 1.345658 -3.555145
v 8.634736 1.338076 -3.394973
v 8.785942 1.330995 -3.240472
v 8.727094 1.329341 -3.033468
v 8.685042 1.328091 -2.838815
v 8.537142 1.331834 -2.711711
v 8.384387 1.334887 -2.559371
v 8.176668 1.344005 -2.617647
v 7.970849 1.351649 -2.652693
v 7.872995 1.358751 -2.828373
v 7.731423 1.365357 -2.972243
v 7.786578 1.367016 -3.166697
v 8.366187 2.594642 -3.216854
v 8.187249 2.643952 -3.190495
v 8.212232 2.637971 -3.249125
v 8.226289 2.635097 -3.304832
v 8.281839 2.626765 -3.327067
v 8.328598 2.620884 -3.362674
v 8.388455 2.613759 -3.348759
v 8.451015 2.607554 -3.339623
v 8.474924 2.605699 -3.280458
v 8.499983 2.604816 -3.227304
v 8.488401 2.607630 -3.170887
v 8.479528 2.611838 -3.107693
v 8.420993 2.618377 -3.084234
v 8.366364 2.626396 -3.055551
v 8.312311 2.630996 -3.079376
v 8.252996 2.638966 -3.087662
v 8.231336 2.638688 -3.143328
v 8.551820 3.585679 -3.380847
v 7.846665 1.943057 -3.086839
v 7.911049 1.923618 -3.238253
v 7.946652 1.923772 -3.380059
v 8.089455 1.895548 -3.439204
v 8.208304 1.895776 -3.529828
v 8.361719 1.876471 -3.496088
v 8.520985 1.876668 -3.472664
v 8.582685 1.862378 -3.323178
v 8.646477 1.865632 -3.187483
v 8.617043 1.867528 -3.043613
v 8.593968 1.883547 -2.881005
v 8.444726 1.888807 -2.821235
v 8.304777 1.907841 -2.746228
v 8.167015 1.909125 -2.807135
v 8.014900 1.931615 -2.825968
v 7.959976 1.923177 -2.968905
v 8.402581 0.003280 -3.259596
v 8.402581 1.369501 -3.259596
v 8.492765 0.003280 -3.159857
v 8.492765 1.369501 -3.159857
v 8.486009 0.003280 -3.025562
v 8.486009 1.369501 -3.025562
v 8.386270 0.003280 -2.935376
v 8.386270 1.369501 -2.935376
v 8.251974 0.003280 -2.942133
v 8.251974 1.369501 -2.942133
v 8.161789 0.003280 -3.041872
v 8.161789 1.369501 -3.041872
v 8.168546 0.003280 -3.176168
v 8.168546 1.369501 -3.176168
v 8.268284 0.003280 -3.266353
v 8.268284 1.369501 -3.266353
v -3.626852 0.458864 -11.910921
v -3.275720 0.436374 -11.743013
v -2.987748 0.417118 -11.490850
v -2.592631 0.393326 -11.560303
v -2.183436 0.367985 -11.590771
v -2.003691 0.359327 -11.962221
v -1.820039 0.350016 -12.286819
v -1.870528 0.355210 -12.663521
v -1.901860 0.359540 -13.075634
v -2.271083 0.383243 -13.253342
v -2.614210 0.405392 -13.456123
v -2.974158 0.426569 -13.328051
v -3.362947 0.450928 -13.300974
v -3.560034 0.460854 -12.984812
v -3.830786 0.476006 -12.673231
v -3.650732 0.462392 -12.295258
v -2.622634 1.699137 -12.410601
v -3.472596 0.920308 -11.943071
v -3.488612 0.915723 -12.294044
v -3.557438 0.915296 -12.605377
v -3.332847 0.902843 -12.853905
v -3.191374 0.895780 -13.148939
v -2.858056 0.882074 -13.229445
v -2.529906 0.868741 -13.341612
v -2.261785 0.861392 -13.107786
v -2.008565 0.853503 -12.907293
v -1.926630 0.853980 -12.599382
v -1.819516 0.851494 -12.264978
v -2.048499 0.864953 -12.000948
v -2.250344 0.875980 -11.721266
v -2.574402 0.889114 -11.703054
v -2.892420 0.901769 -11.597122
v -3.133266 0.908017 -11.817904
v -2.717441 2.301562 -12.378130
v -2.305337 1.606220 -11.849979
v -2.557829 1.600648 -11.852612
v -2.784353 1.596038 -11.821936
v -2.949364 1.586139 -11.991478
v -3.151465 1.577466 -12.111425
v -3.190405 1.568577 -12.351786
v -3.251952 1.560274 -12.597670
v -3.069837 1.558334 -12.772318
v -2.912030 1.556868 -12.944412
v -2.687098 1.561258 -12.985477
v -2.442309 1.564837 -13.049206
v -2.266597 1.575528 -12.867245
v -2.079054 1.584491 -12.709917
v -2.084040 1.592817 -12.474188
v -2.025949 1.600563 -12.244766
v -2.196898 1.602507 -12.080633
v -2.813171 3.041889 -12.373045
v -2.616474 3.099705 -12.293776
v -2.676470 3.092692 -12.249233
v -2.723678 3.089322 -12.201180
v -2.793062 3.079553 -12.211565
v -2.861465 3.072658 -12.203217
v -2.913804 3.064304 -12.252739
v -2.971705 3.057029 -12.299025
v -2.960872 3.054853 -12.373056
v -2.954760 3.053817 -12.441689
v -2.909636 3.057117 -12.491924
v -2.863242 3.062051 -12.550625
v -2.790113 3.069718 -12.539709
v -2.717847 3.079120 -12.536392
v -2.677248 3.084513 -12.480276
v -2.622128 3.093858 -12.436771
v -2.633165 3.093532 -12.367613
v -3.098129 4.203870 -12.316990
v -2.210425 2.277910 -12.197027
v -2.365230 2.255119 -12.081915
v -2.485223 2.255299 -11.959482
v -2.664759 2.222207 -11.984175
v -2.838694 2.222475 -11.962830
v -2.973976 2.199839 -12.087809
v -3.121287 2.200070 -12.205811
v -3.095222 2.183315 -12.393627
v -3.079437 2.187131 -12.568722
v -2.964470 2.189354 -12.696894
v -2.844841 2.208136 -12.847794
v -2.658417 2.214303 -12.819921
v -2.472376 2.236620 -12.812967
v -2.369020 2.238126 -12.669764
v -2.226226 2.264495 -12.560642
v -2.255272 2.254601 -12.383467
v -2.875307 0.003540 -12.351337
v -2.875307 1.605421 -12.351337
v -2.907523 0.003540 -12.505669
v -2.907523 1.605421 -12.505669
v -2.821172 0.003540 -12.637581
v -2.821172 1.605421 -12.637581
v -2.666838 0.003540 -12.669796
v -2.666838 1.605421 -12.669796
v -2.534928 0.003540 -12.583445
v -2.534928 1.605421 -12.583445
v -2.502714 0.003540 -12.429111
v -2.502714 1.605421 -12.429111
v -2.589064 0.003540 -12.297201
v -2.589064 1.605421 -12.297201
v -2.743398 0.003540 -12.264986
v -2.743398 1.605421 -12.264986
v 3.105258 0.414809 -3.796633
v 2.871381 0.394487 -3.533967
v 2.580214 0.377087 -3.347273
v 2.541342 0.355588 -2.986852
v 2.465096 0.332690 -2.623997
v 2.742431 0.324866 -2.374744
v 2.978113 0.316453 -2.133858
v 3.317789 0.321146 -2.083145
v 3.683395 0.325058 -2.006919
v 3.930319 0.346477 -2.282830
v 4.192460 0.366491 -2.529797
v 4.171619 0.385627 -2.874398
v 4.245688 0.407639 -3.218690
v 4.020701 0.416608 -3.469121
v 3.818175 0.430300 -3.782348
v 3.444883 0.417997 -3.720909
v 3.286989 1.535544 -2.799501
v 3.094453 0.831779 -3.654662
v 3.403144 0.827636 -3.580481
v 3.690673 0.827250 -3.562094
v 3.850047 0.815997 -3.304761
v 4.070652 0.809615 -3.107909
v 4.056884 0.797230 -2.798362
v 4.071899 0.785182 -2.485354
v 3.801634 0.778541 -2.311290
v 3.564042 0.771413 -2.141793
v 3.276193 0.771843 -2.147943
v 2.959024 0.769597 -2.138886
v 2.787294 0.781760 -2.403920
v 2.595168 0.791723 -2.649328
v 2.660687 0.803592 -2.935203
v 2.648543 0.815027 -3.237850
v 2.900640 0.820673 -3.391512
v 3.282596 2.079907 -2.889949
v 2.720700 1.451583 -2.664762
v 2.786353 1.446548 -2.883282
v 2.816574 1.442381 -3.087620
v 3.005161 1.433437 -3.188313
v 3.160004 1.425600 -3.333646
v 3.378427 1.417567 -3.307127
v 3.607315 1.410065 -3.298845
v 3.713218 1.408312 -3.096924
v 3.823005 1.406987 -2.916746
v 3.802200 1.410954 -2.711185
v 3.796088 1.414188 -2.482697
v 3.594034 1.423848 -2.375834
v 3.410397 1.431948 -2.252518
v 3.207018 1.439471 -2.316005
v 2.993287 1.446470 -2.323157
v 2.893709 1.448228 -2.512743
v 3.302207 2.748880 -2.974325
v 3.184031 2.801124 -2.823474
v 3.160422 2.794787 -2.886732
v 3.130557 2.791741 -2.939773
v 3.156986 2.782914 -2.997396
v 3.166904 2.776683 -3.058870
v 3.223029 2.769135 -3.091875
v 3.277739 2.762561 -3.130521
v 3.339286 2.760595 -3.102537
v 3.397327 2.759659 -3.080009
v 3.429612 2.762640 -3.028230
v 3.468923 2.767099 -2.973224
v 3.441095 2.774027 -2.912483
v 3.420080 2.782523 -2.850583
v 3.361179 2.787397 -2.829425
v 3.309580 2.795840 -2.792494
v 3.252316 2.795546 -2.819432
v 3.325062 3.798869 -3.235758
v 2.998142 2.058535 -2.495275
v 2.937067 2.037940 -2.658547
v 2.860902 2.038103 -2.793434
v 2.927394 2.008199 -2.943087
v 2.952518 2.008442 -3.099432
v 3.094959 1.987988 -3.185499
v 3.234364 1.988197 -3.283761
v 3.390858 1.973057 -3.213999
v 3.538892 1.976504 -3.156355
v 3.621301 1.978513 -3.024389
v 3.722270 1.995486 -2.882671
v 3.651286 2.001058 -2.727837
v 3.598562 2.021224 -2.568085
v 3.448311 2.022585 -2.514306
v 3.317750 2.046412 -2.417736
v 3.171239 2.037472 -2.487415
v 3.298956 0.003370 -3.033712
v 3.298956 1.450861 -3.033712
v 3.441014 0.003370 -3.022945
v 3.441014 1.450861 -3.022945
v 3.533849 0.003370 -2.914881
v 3.533849 1.450861 -2.914881
v 3.523082 0.003370 -2.772824
v 3.523082 1.450861 -2.772824
v 3.415018 0.003370 -2.679988
v 3.415018 1.450861 -2.679988
v 3.272962 0.003370 -2.690756
v 3.272962 1.450861 -2.690756
v 3.180125 0.003370 -2.798820
v 3.180125 1.450861 -2.798820
v 3.190893 0.003370 -2.940877
v 3.190893 1.450861 -2.940877
v -9.924773 0.461858 -11.640255
v -9.952188 0.439221 -12.031054
v -9.874470 0.419839 -12.408413
v -10.131532 0.395891 -12.719824
v -10.361457 0.370384 -13.062922
v -10.775926 0.361669 -13.035778
v -11.151319 0.352297 -13.035328
v -11.456027 0.357525 -12.804012
v -11.801250 0.361883 -12.571882
v -11.773429 0.385742 -12.160376
v -11.780519 0.408036 -11.759260
v -11.489608 0.429352 -11.507755
v -11.272787 0.453870 -11.180838
v -10.898107 0.463861 -11.165337
v -10.490846 0.479113 -11.083073
v -10.249382 0.465409 -11.428442
v -10.861026 1.710255 -12.271204
v -10.029539 0.926325 -11.759329
v -10.328848 0.921709 -11.570974
v -10.567219 0.921280 -11.356079
v -10.896348 0.908745 -11.429253
v -11.224909 0.901636 -11.406559
v -11.460949 0.887841 -11.658375
v -11.722145 0.874420 -11.889942
v -11.650620 0.867022 -12.240812
v -11.600873 0.859082 -12.562082
v -11.372009 0.859562 -12.786757
v -11.132458 0.857060 -13.046633
v -10.787573 0.870607 -12.977314
v -10.442464 0.881706 -12.939529
v -10.265560 0.894927 -12.664877
v -10.014858 0.907664 -12.439083
v -10.088511 0.913953 -12.118570
v -10.785510 2.316626 -12.204334
v -10.527830 1.616730 -12.827452
v -10.404722 1.611121 -12.605099
v -10.265347 1.606480 -12.422024
v -10.331813 1.596517 -12.193352
v -10.336437 1.587787 -11.956842
v -10.527521 1.578839 -11.803360
v -10.712207 1.570482 -11.627346
v -10.955564 1.568530 -11.700031
v -11.184609 1.567055 -11.752703
v -11.332287 1.571473 -11.929224
v -11.509669 1.575075 -12.111870
v -11.437644 1.585836 -12.356081
v -11.393066 1.594858 -12.598412
v -11.184219 1.603239 -12.711138
v -11.012227 1.611035 -12.875946
v -10.783624 1.612993 -12.807817
v -10.733507 3.061802 -12.123055
v -10.761811 3.119997 -12.334627
v -10.693014 3.112938 -12.304228
v -10.627498 3.109545 -12.286766
v -10.602128 3.099713 -12.220865
v -10.560843 3.092772 -12.165131
v -10.578198 3.084364 -12.094711
v -10.589958 3.077041 -12.021030
v -10.660154 3.074852 -11.993742
v -10.723271 3.073809 -11.965002
v -10.789664 3.077130 -11.979555
v -10.864098 3.082097 -11.991014
v -10.890867 3.089813 -12.060457
v -10.923859 3.099277 -12.125368
v -10.894897 3.104706 -12.188784
v -10.884189 3.114111 -12.258650
v -10.818161 3.113783 -12.283339
v -10.542892 4.231395 -11.901428
v -10.878800 2.292819 -12.738161
v -10.701130 2.269879 -12.659815
v -10.534346 2.270060 -12.615580
v -10.466787 2.236751 -12.446138
v -10.361705 2.237021 -12.304466
v -10.403922 2.214237 -12.123955
v -10.434057 2.214469 -11.936378
v -10.611426 2.197605 -11.865908
v -10.772554 2.201445 -11.792755
v -10.941870 2.203683 -11.829739
v -11.133398 2.222588 -11.859514
v -11.201592 2.228796 -12.036568
v -11.287915 2.251259 -12.202890
v -11.213883 2.252774 -12.364504
v -11.189280 2.279316 -12.543716
v -11.019744 2.269357 -12.606295
v -10.683637 0.003552 -12.079439
v -10.683637 1.615925 -12.079439
v -10.802749 0.003552 -11.974575
v -10.802749 1.615925 -11.974575
v -10.961121 0.003552 -11.984652
v -10.961121 1.615925 -11.984652
v -11.065984 0.003552 -12.103764
v -11.065984 1.615925 -12.103764
v -11.055907 0.003552 -12.262135
v -11.055907 1.615925 -12.262135
v -10.936798 0.003552 -12.366997
v -10.936798 1.615925 -12.366997
v -10.778426 0.003552 -12.356922
v -10.778426 1.615925 -12.356922
v -10.673562 0.003552 -12.237810
v -10.673562 1.615925 -12.237810
v 5.476201 0.379249 -0.579099
v 5.790464 0.360677 -0.511656
v 6.070178 0.344775 -0.364411
v 6.374198 0.325127 -0.496061
v 6.697011 0.304200 -0.599099
v 6.770060 0.297049 -0.931957
v 6.855244 0.289360 -1.227933
v 6.742362 0.293649 -1.520804
v 6.638069 0.297225 -1.845794
v 6.307392 0.316800 -1.917635
v 5.992861 0.335091 -2.014624
v 5.728344 0.352579 -1.842645
v 5.421270 0.372696 -1.746249
v 5.323677 0.380893 -1.454470
v 5.166036 0.393406 -1.152224
v 5.383225 0.382162 -0.883211
v 6.186840 1.403495 -1.173251
v 5.593924 0.760320 -0.634540
v 5.513671 0.756534 -0.913365
v 5.398614 0.756181 -1.150207
v 5.531286 0.745897 -1.392946
v 5.588268 0.740064 -1.657079
v 5.840528 0.728746 -1.785738
v 6.082560 0.717735 -1.938837
v 6.342807 0.711666 -1.802511
v 6.584687 0.705151 -1.690095
v 6.709616 0.705545 -1.458516
v 6.859857 0.703492 -1.210491
v 6.726635 0.714607 -0.954459
v 6.618215 0.723713 -0.691065
v 6.361430 0.734560 -0.614218
v 6.126339 0.745010 -0.468074
v 5.890504 0.750170 -0.599159
v 6.116925 1.900990 -1.128969
v 6.549331 1.326762 -0.783887
v 6.346026 1.322160 -0.737523
v 6.169974 1.318353 -0.669390
v 6.004885 1.310178 -0.773883
v 5.819529 1.303016 -0.831420
v 5.742102 1.295675 -1.016999
v 5.645457 1.288818 -1.202672
v 5.758199 1.287216 -1.377917
v 5.851905 1.286006 -1.546441
v 6.024684 1.289631 -1.622611
v 6.209060 1.292586 -1.720798
v 6.385128 1.301415 -1.608385
v 6.565967 1.308817 -1.518030
v 6.607225 1.315693 -1.327736
v 6.697932 1.322090 -1.154622
v 6.592143 1.323696 -0.989967
v 6.041012 2.512369 -1.106504
v 6.214218 2.560114 -1.080602
v 6.174582 2.554323 -1.033306
v 6.145890 2.551540 -0.985646
v 6.088168 2.543473 -0.980666
v 6.034830 2.537778 -0.960827
v 5.983284 2.530879 -0.990553
v 5.927891 2.524872 -1.016612
v 5.922378 2.523075 -1.078155
v 5.914109 2.522219 -1.134450
v 5.940706 2.524945 -1.183465
v 5.966700 2.529020 -1.239519
v 6.027533 2.535351 -1.244794
v 6.086213 2.543115 -1.256005
v 6.129595 2.547569 -1.218728
v 6.182221 2.555286 -1.194369
v 6.186635 2.555017 -1.136702
v 5.822899 3.471959 -1.006768
v 6.558929 1.881459 -1.080857
v 6.456693 1.862637 -0.958676
v 6.383823 1.862785 -0.837301
v 6.234880 1.835457 -0.822662
v 6.099275 1.835678 -0.772123
v 5.966621 1.816986 -0.846529
v 5.825645 1.817176 -0.913024
v 5.810520 1.803340 -1.068879
v 5.789578 1.806490 -1.212545
v 5.857309 1.808326 -1.337567
v 5.924421 1.823837 -1.481737
v 6.079508 1.828931 -1.495142
v 6.230269 1.847360 -1.525280
v 6.340780 1.848603 -1.430103
v 6.476422 1.870379 -1.369874
v 6.487112 1.862209 -1.221993
v 5.995273 0.003233 -1.077136
v 5.995273 1.326102 -1.077136
v 5.939765 0.003233 -1.194911
v 5.939765 1.326102 -1.194911
v 5.983794 0.003233 -1.317440
v 5.983794 1.326102 -1.317440
v 6.101568 0.003233 -1.372948
v 6.101568 1.326102 -1.372948
v 6.224097 0.003233 -1.328919
v 6.224097 1.326102 -1.328919
v 6.279604 0.003233 -1.211144
v 6.279604 1.326102 -1.211144
v 6.235575 0.003233 -1.088616
v 6.235575 1.326102 -1.088616
v 6.117801 0.003233 -1.033108
v 6.117801 1.326102 -1.033108
v -5.921042 0.492823 -12.726936
v -6.229605 0.468663 -13.009106
v -6.446951 0.447976 -13.358181
v -6.874797 0.422416 -13.410076
v -7.304949 0.395193 -13.506437
v -7.605627 0.385891 -13.180679
v -7.895705 0.375889 -12.904305
v -7.961346 0.381469 -12.501307
v -8.057731 0.386120 -12.067886
v -7.733627 0.411584 -11.769997
v -7.444174 0.435379 -11.454475
v -7.034190 0.458129 -11.473816
v -6.626073 0.484298 -11.380335
v -6.324820 0.494962 -11.643845
v -5.949268 0.511240 -11.879662
v -6.016418 0.496613 -12.324392
v -7.109275 1.825243 -12.526623
v -6.089644 0.988551 -12.742018
v -6.182697 0.983625 -12.376226
v -6.209091 0.983166 -12.034708
v -6.517514 0.969788 -11.849306
v -6.755006 0.962200 -11.590160
v -7.122771 0.947477 -11.611408
v -7.495105 0.933152 -11.598495
v -7.697766 0.925257 -11.922525
v -7.895511 0.916782 -12.207642
v -7.883661 0.917294 -12.549732
v -7.889427 0.914624 -12.926922
v -7.571651 0.929083 -13.126886
v -7.276888 0.940929 -13.351414
v -6.938079 0.955040 -13.269018
v -6.578108 0.968635 -13.278681
v -6.399414 0.975347 -12.976572
v -7.001684 2.472425 -12.530418
v -7.260518 1.725423 -13.201941
v -7.001783 1.719437 -13.120445
v -6.759347 1.714484 -13.081299
v -6.642622 1.703850 -12.855522
v -6.472294 1.694533 -12.669157
v -6.507265 1.684983 -12.409920
v -6.520719 1.676063 -12.137951
v -6.762429 1.673979 -12.015242
v -6.978350 1.672405 -11.887571
v -7.222388 1.677120 -11.915546
v -7.493914 1.680965 -11.926414
v -7.617763 1.692450 -12.168299
v -7.761461 1.702079 -12.388546
v -7.682781 1.711024 -12.629314
v -7.670911 1.719345 -12.883284
v -7.443963 1.721434 -12.998667
v -6.901689 3.267755 -12.505777
v -7.079154 3.329866 -12.648640
v -7.003581 3.322332 -12.675709
v -6.940057 3.318712 -12.710375
v -6.871972 3.308218 -12.678047
v -6.799051 3.300810 -12.665287
v -6.760700 3.291835 -12.598047
v -6.715621 3.284020 -12.532398
v -6.749858 3.281683 -12.459675
v -6.777555 3.280570 -12.391033
v -6.839618 3.284114 -12.353470
v -6.905626 3.289415 -12.307604
v -6.977396 3.297651 -12.341644
v -7.050651 3.307752 -12.367601
v -7.074873 3.313546 -12.437956
v -7.117961 3.323585 -12.499880
v -7.085036 3.323234 -12.567528
v -6.591266 4.516066 -12.474483
v -7.466376 2.447016 -12.874796
v -7.271320 2.422532 -12.944826
v -7.109768 2.422725 -13.033241
v -6.932913 2.387174 -12.951836
v -6.747450 2.387462 -12.919504
v -6.647382 2.363145 -12.748816
v -6.532769 2.363393 -12.581545
v -6.618168 2.345393 -12.396610
v -6.689028 2.349492 -12.221540
v -6.847208 2.351880 -12.125654
v -7.017268 2.372058 -12.007860
v -7.200213 2.378684 -12.094685
v -7.389290 2.402658 -12.159882
v -7.450853 2.404276 -12.339346
v -7.563592 2.432604 -12.496077
v -7.478451 2.421975 -12.669147
v -6.831039 0.003671 -12.508701
v -6.831039 1.724565 -12.508701
v -6.846080 0.003671 -12.339998
v -6.846080 1.724565 -12.339998
v -6.976007 0.003671 -12.231340
v -6.976007 1.724565 -12.231340
v -7.144712 0.003671 -12.246382
v -7.144712 1.724565 -12.246382
v -7.253368 0.003671 -12.376310
v -7.253368 1.724565 -12.376310
v -7.238328 0.003671 -12.545015
v -7.238328 1.724565 -12.545015
v -7.108401 0.003671 -12.653671
v -7.108401 1.724565 -12.653671
v -6.939695 0.003671 -12.638632
v -6.939695 1.724565 -12.638632
v -12.806235 0.440834 -9.034159
v -12.941916 0.419231 -9.382526
v -12.977982 0.400735 -9.748428
v -13.300452 0.377881 -9.959398
v -13.607167 0.353540 -10.206934
v -13.977181 0.345223 -10.064793
v -14.319148 0.336280 -9.958050
v -14.531304 0.341269 -9.660942
v -14.780149 0.345428 -9.351614
v -14.638233 0.368196 -8.984491
v -14.531076 0.389472 -8.616947
v -14.194727 0.409813 -8.470158
v -13.904536 0.433211 -8.233656
v -13.558702 0.442745 -8.325661
v -13.164266 0.457300 -8.366056
v -13.042048 0.444222 -8.749187
v -13.838161 1.632184 -9.343939
v -12.935437 0.884076 -9.112993
v -13.154840 0.879672 -8.856565
v -13.311194 0.879262 -8.593212
v -13.631859 0.867299 -8.566664
v -13.924845 0.860515 -8.452915
v -14.211277 0.847351 -8.615536
v -14.514896 0.834543 -8.752573
v -14.549105 0.827484 -9.092581
v -14.594773 0.819906 -9.399445
v -14.449852 0.820364 -9.669014
v -14.305161 0.817976 -9.973694
v -13.971236 0.830905 -10.008217
v -13.646036 0.841496 -10.071539
v -13.407025 0.854113 -9.871359
v -13.114604 0.866269 -9.736609
v -13.090935 0.872270 -9.423664
v -13.750400 2.210846 -9.304390
v -13.692082 1.542932 -9.945223
v -13.516911 1.537580 -9.777466
v -13.338043 1.533151 -9.650108
v -13.333838 1.523643 -9.422894
v -13.271056 1.515312 -9.206055
v -13.401715 1.506773 -9.012062
v -13.520164 1.498798 -8.799347
v -13.762523 1.496935 -8.796650
v -13.986170 1.495527 -8.779768
v -14.170747 1.499743 -8.898802
v -14.384131 1.503181 -9.015001
v -14.387671 1.513450 -9.257950
v -14.415689 1.522060 -9.491413
v -14.257299 1.530058 -9.653297
v -14.147248 1.537498 -9.852207
v -13.919623 1.539366 -9.854876
v -13.679984 2.921970 -9.245050
v -13.765711 2.977505 -9.429836
v -13.694406 2.970769 -9.421621
v -13.629754 2.967532 -9.424267
v -13.587968 2.958149 -9.371399
v -13.534557 2.951525 -9.332300
v -13.530427 2.943501 -9.263212
v -13.520273 2.936513 -9.192736
v -13.576510 2.934423 -9.147985
v -13.625889 2.933428 -9.103918
v -13.690514 2.936597 -9.098372
v -13.761592 2.941337 -9.087730
v -13.805658 2.948701 -9.143431
v -13.854109 2.957732 -9.193239
v -13.845680 2.962913 -9.259233
v -13.855711 2.971889 -9.325935
v -13.802535 2.971575 -9.367136
v -13.443501 4.038116 -9.097076
v -13.986627 2.188127 -9.764439
v -13.802526 2.166235 -9.743366
v -13.638007 2.166408 -9.750298
v -13.528442 2.134620 -9.615025
v -13.392552 2.134878 -9.515686
v -13.379892 2.113136 -9.339230
v -13.354223 2.113357 -9.159754
v -13.495895 2.097263 -9.045294
v -13.622010 2.100928 -8.932987
v -13.786783 2.103063 -8.918732
v -13.969755 2.121105 -8.891613
v -14.082053 2.127029 -9.033642
v -14.207833 2.148465 -9.160761
v -14.186147 2.149912 -9.329010
v -14.214488 2.175241 -9.499294
v -14.077716 2.165737 -9.604343
v -13.622186 0.003470 -9.219429
v -13.622186 1.542164 -9.219429
v -13.701029 0.003470 -9.090128
v -13.701029 1.542164 -9.090128
v -13.848208 0.003470 -9.054449
v -13.848208 1.542164 -9.054449
v -13.977507 0.003470 -9.133291
v -13.977507 1.542164 -9.133291
v -14.013187 0.003470 -9.280470
v -14.013187 1.542164 -9.280470
v -13.934344 0.003470 -9.409769
v -13.934344 1.542164 -9.409769
v -13.787165 0.003470 -9.445448
v -13.787165 1.542164 -9.445448
v -13.657865 0.003470 -9.366608
v -13.657865 1.542164 -9.366608
v 8.025108 0.401703 0.428823
v 8.364270 0.382026 0.398227
v 8.693573 0.365178 0.459234
v 8.959760 0.344361 0.230433
v 9.253958 0.322190 0.024665
v 9.223186 0.314614 -0.335071
v 9.216291 0.306468 -0.661310
v 9.009982 0.311012 -0.922119
v 8.802261 0.314800 -1.218125
v 8.445110 0.335539 -1.186817
v 8.096386 0.354919 -1.186031
v 7.882849 0.373447 -0.928849
v 7.602487 0.394760 -0.734751
v 7.595506 0.403445 -0.408856
v 7.531066 0.416702 -0.053488
v 7.835403 0.404790 0.150381
v 8.557238 1.486877 -0.395786
v 8.126779 0.805443 0.335709
v 7.957898 0.801431 0.078851
v 7.767008 0.801057 -0.124590
v 7.824901 0.790161 -0.411898
v 7.799486 0.783982 -0.697052
v 8.014247 0.771990 -0.906552
v 8.210972 0.760324 -1.137563
v 8.517146 0.753894 -1.081480
v 8.797217 0.746992 -1.043811
v 8.996440 0.747409 -0.848803
v 9.226442 0.745234 -0.645114
v 9.172174 0.757010 -0.344181
v 9.145314 0.766658 -0.043600
v 8.909682 0.778150 0.114903
v 8.717793 0.789222 0.336695
v 8.437965 0.794689 0.278236
v 8.500428 2.013967 -0.328998
v 9.046432 1.405580 -0.115849
v 8.855322 1.400704 -0.005005
v 8.698628 1.396670 0.119293
v 8.498741 1.388009 0.065491
v 8.293117 1.380421 0.065571
v 8.156420 1.372643 -0.097838
v 8.000250 1.365379 -0.255297
v 8.059203 1.363682 -0.468054
v 8.101011 1.362399 -0.668025
v 8.251863 1.366240 -0.799425
v 8.407525 1.369371 -0.956748
v 8.621011 1.378725 -0.898384
v 8.832390 1.386567 -0.863840
v 8.933974 1.393852 -0.684288
v 9.080189 1.400630 -0.537666
v 9.024938 1.402331 -0.337810
v 8.430690 2.661713 -0.282394
v 8.614074 2.712299 -0.310659
v 8.588846 2.706163 -0.250343
v 8.574806 2.703214 -0.193101
v 8.517972 2.694668 -0.169910
v 8.470248 2.688634 -0.133064
v 8.408749 2.681325 -0.146928
v 8.344510 2.674960 -0.155873
v 8.319577 2.673056 -0.216405
v 8.293509 2.672150 -0.270761
v 8.305004 2.675037 -0.328716
v 8.313675 2.679354 -0.393601
v 8.373563 2.686062 -0.418069
v 8.429405 2.694288 -0.447866
v 8.485020 2.699007 -0.423795
v 8.545925 2.707183 -0.415698
v 8.568524 2.706898 -0.358743
v 8.241382 3.678385 -0.112895
v 8.962751 1.993273 -0.419322
v 8.897738 1.973332 -0.263557
v 8.862185 1.973489 -0.117841
v 8.716096 1.944535 -0.056190
v 8.594793 1.944769 0.037588
v 8.437183 1.924965 0.004024
v 8.273641 1.925167 -0.018914
v 8.209325 1.910507 -0.171843
v 8.142957 1.913845 -0.310609
v 8.172166 1.915790 -0.458398
v 8.194727 1.932224 -0.625367
v 8.347418 1.937620 -0.687702
v 8.490470 1.957146 -0.765604
v 8.632210 1.958463 -0.704064
v 8.788385 1.981535 -0.685785
v 8.845706 1.972878 -0.539530
v 8.393649 0.003319 -0.238299
v 8.393649 1.404880 -0.238299
v 8.300451 0.003319 -0.340000
v 8.300451 1.404880 -0.340000
v 8.306464 0.003319 -0.477812
v 8.306464 1.404880 -0.477812
v 8.408165 0.003319 -0.571009
v 8.408165 1.404880 -0.571009
v 8.545978 0.003319 -0.564997
v 8.545978 1.404880 -0.564997
v 8.639175 0.003319 -0.463296
v 8.639175 1.404880 -0.463296
v 8.633162 0.003319 -0.325484
v 8.633162 1.404880 -0.325484
v 8.531462 0.003319 -0.232287
v 8.531462 1.404880 -0.232287
v -0.580348 0.184457 -1.488723
v 0.623771 0.184457 -1.525123
v -0.580188 0.089166 -1.483412
v 0.623932 0.089166 -1.519813
v -0.582110 0.018028 -1.547007
v 0.622009 0.018028 -1.583408
v -0.584989 0.012715 -1.642254
v 0.619130 0.012715 -1.678655
v -0.587139 0.076339 -1.713359
v 0.616980 0.076339 -1.749760
v -0.587300 0.171630 -1.718670
v 0.616820 0.171630 -1.755071
v -0.585377 0.242768 -1.655075
v 0.618742 0.242768 -1.691476
v -0.582498 0.248081 -1.559828
v 0.621622 0.248081 -1.596229
v 0.577306 0.184457 1.702788
v -0.616177 0.184457 1.539001
v 0.578028 0.089166 1.697524
v -0.615455 0.089166 1.533737
v 0.569378 0.018028 1.760558
v -0.624105 0.018028 1.596771
v 0.556422 0.012715 1.854964
v -0.637061 0.012715 1.691176
v 0.546750 0.076339 1.925441
v -0.646733 0.076339 1.761654
v 0.546028 0.171630 1.930705
v -0.647455 0.171630 1.766917
v 0.554678 0.242768 1.867671
v -0.638805 0.242768 1.703884
v 0.567634 0.248081 1.773266
v -0.625849 0.248081 1.609478
v -1.548233 0.184457 0.733085
v -1.958301 0.184457 -0.399642
v -1.543237 0.089166 0.731277
v -1.953306 0.089165 -0.401451
v -1.603062 0.018028 0.752934
v -2.013130 0.018028 -0.379793
v -1.692662 0.012715 0.785371
v -2.102731 0.012715 -0.347356
v -1.759552 0.076339 0.809586
v -2.169620 0.076339 -0.323141
v -1.764547 0.171630 0.811395
v -2.174616 0.171630 -0.321333
v -1.704723 0.242768 0.789738
v -2.114791 0.242768 -0.342990
v -1.615122 0.248081 0.757301
v -2.025191 0.248081 -0.375427
v 1.815849 0.184457 -0.513602
v 1.626065 0.184457 0.676024
v 1.810602 0.089166 -0.514439
v 1.620818 0.089165 0.675187
v 1.873432 0.018028 -0.504416
v 1.683648 0.018028 0.685210
v 1.967533 0.012715 -0.489404
v 1.777749 0.012715 0.700222
v 2.037782 0.076339 -0.478197
v 1.847998 0.076339 0.711430
v 2.043029 0.171630 -0.477360
v 1.853245 0.171630 0.712266
v 1.980199 0.242768 -0.487383
v 1.790416 0.242768 0.702243
v 1.886098 0.248081 -0.502396
v 1.696314 0.248081 0.687231
v 0.252723 -0.044990 -0.188884
v -0.018886 0.388998 0.000418
v 0.284204 -0.009656 -0.224722
v 0.012594 0.424332 -0.035420
v 0.335276 0.020219 -0.219934
v 0.063666 0.454207 -0.030632
v 0.376024 0.027134 -0.177323
v 0.104414 0.461122 0.011979
v 0.382577 0.007039 -0.121851
v 0.110967 0.441027 0.067451
v 0.351097 -0.028295 -0.086013
v 0.079487 0.405693 0.103289
v 0.300024 -0.058170 -0.090802
v 0.028414 0.375818 0.098500
v 0.259277 -0.065085 -0.133412
v -0.012333 0.368903 0.055889
v -0.349207 0.042169 -0.046284
v 0.184126 0.141880 -0.106010
v -0.336649 -0.010737 -0.022471
v 0.196684 0.088974 -0.082196
v -0.326751 -0.030723 0.032543
v 0.206581 0.068988 -0.027183
v -0.325313 -0.006082 0.086530
v 0.208020 0.093630 0.026804
v -0.333175 0.048753 0.107865
v 0.200157 0.148464 0.048140
v -0.345733 0.101659 0.084052
v 0.187599 0.201371 0.024326
v -0.355630 0.121645 0.029038
v 0.177702 0.221357 -0.030687
v -0.357069 0.097004 -0.024949
v 0.176263 0.196715 -0.084674
v -0.185044 0.274230 0.109559
v -0.013562 0.063990 -0.364093
v -0.171451 0.223400 0.137043
v 0.000031 0.013160 -0.336609
v -0.123165 0.201903 0.164066
v 0.048317 -0.008337 -0.309586
v -0.068473 0.222333 0.174799
v 0.103010 0.012093 -0.298853
v -0.039411 0.272721 0.162955
v 0.132071 0.062481 -0.310697
v -0.053004 0.323552 0.135472
v 0.118478 0.113312 -0.338180
v -0.101290 0.345048 0.108448
v 0.070192 0.134808 -0.365204
v -0.155983 0.324619 0.097715
v 0.015500 0.114379 -0.375937
v 0.223598 -0.032477 0.315918
v -0.041438 0.304716 -0.021735
v 0.248391 -0.059647 0.269325
v -0.016646 0.277546 -0.068328
v 0.298159 -0.052018 0.237879
v 0.033122 0.285175 -0.099774
v 0.343748 -0.014058 0.240002
v 0.078711 0.323134 -0.097652
v 0.358454 0.031996 0.274449
v 0.093417 0.369188 -0.063204
v 0.333662 0.059166 0.321044
v 0.068625 0.396359 -0.016610
v 0.283894 0.051537 0.352489
v 0.018857 0.388729 0.014836
v 0.238304 0.013577 0.350366
v -0.026733 0.350770 0.012713
v -0.154353 -0.028077 0.396102
v -0.088938 0.264339 -0.060151
v -0.104054 -0.057399 0.384521
v -0.038639 0.235017 -0.071732
v -0.046770 -0.049386 0.397870
v 0.018645 0.243031 -0.058382
v -0.016057 -0.008731 0.428330
v 0.049358 0.283685 -0.027923
v -0.029907 0.040750 0.458057
v 0.035508 0.333166 0.001804
v -0.080205 0.070072 0.469638
v -0.014790 0.362488 0.013385
v -0.137489 0.062058 0.456289
v -0.072074 0.354475 0.000036
v -0.168202 0.021404 0.425830
v -0.102787 0.313820 -0.030423
v -0.322399 -0.015177 -0.190062
v -0.003991 0.396405 -0.025229
v -0.313150 -0.043002 -0.138447
v 0.005258 0.368580 0.026386
v -0.340072 -0.043363 -0.085542
v -0.021664 0.368219 0.079291
v -0.387393 -0.016048 -0.062337
v -0.068985 0.395534 0.102496
v -0.427393 0.022943 -0.082425
v -0.108985 0.434524 0.082407
v -0.436642 0.050768 -0.134040
v -0.118234 0.462350 0.030793
v -0.409720 0.051129 -0.186945
v -0.091312 0.462711 -0.022113
v -0.362399 0.023814 -0.210150
v -0.043991 0.435396 -0.045318
vn -0.0000 -1.0000 -0.0000
vn 0.0389 0.6413 -0.7663
vn 0.6748 0.5684 0.4706
vn -0.5595 0.5930 -0.5791
vn 0.6357 0.5641 0.5270
vn -0.8382 0.5399 0.0770
vn 0.7796 0.6103 -0.1408
vn -0.8386 0.5447 -0.0050
vn 0.8049 0.5882 0.0778
vn -0.4629 0.4889 0.7394
vn 0.4827 0.6637 -0.5714
vn -0.5065 0.4925 0.7077
vn 0.5754 0.6566 -0.4876
vn 0.0042 0.5009 0.8655
vn -0.2696 0.6167 -0.7396
vn -0.0439 0.4961 0.8671
vn -0.7116 0.5679 -0.4137
vn -0.5887 0.4461 -0.6741
vn 0.8421 0.5156 -0.1583
vn -0.8991 0.4358 -0.0402
vn 0.8512 0.5190 -0.0788
vn -0.5877 0.4698 0.6587
vn 0.4807 0.4786 -0.7348
vn -0.6439 0.4654 0.6073
vn 0.6720 0.4843 -0.5602
vn 0.1605 0.4932 0.8550
vn -0.0841 0.4863 -0.8698
vn 0.1218 0.4934 0.8612
vn 0.0716 0.4875 -0.8702
vn 0.5965 0.5098 0.6199
vn -0.8094 0.4313 -0.3986
vn 0.5689 0.5073 0.6473
vn -0.8784 0.4359 0.1959
vn -0.7286 0.4056 0.5519
vn -0.1128 0.2446 -0.9630
vn -0.1103 0.4493 0.8865
vn -0.0299 0.2474 -0.9685
vn 0.6239 0.4447 0.6427
vn -0.7585 0.2630 -0.5962
vn 0.5541 0.4485 0.7013
vn -0.5804 0.2412 -0.7778
vn 0.9264 0.3534 -0.1302
vn -0.9346 0.3557 0.0061
vn 0.9294 0.3637 -0.0630
vn -0.9325 0.3369 -0.1302
vn 0.7267 0.2957 -0.6200
vn -0.4746 0.4282 0.7690
vn 0.7643 0.2997 -0.5710
vn 0.1282 0.4500 0.8838
vn -0.2566 0.3763 0.8903
vn -0.7033 -0.0560 -0.7087
vn 0.4763 0.3608 0.8018
vn -0.6431 -0.0688 -0.7627
vn 0.9707 0.1977 0.1369
vn -0.9925 0.1219 -0.0112
vn 0.9458 0.2228 0.2363
vn -0.9609 0.0505 -0.2722
vn 0.7110 -0.0338 -0.7024
vn -0.7556 0.2960 0.5844
vn 0.7533 -0.0201 -0.6574
vn -0.8508 0.2591 0.4571
vn 0.2047 -0.1140 -0.9722
vn 0.1251 0.3846 0.9146
vn 0.2579 -0.1107 -0.9598
vn 0.6973 0.3201 0.6413
vn 0.9434 0.3115 0.1137
vn -0.6175 0.1816 -0.7654
vn 0.4545 0.3932 0.7992
vn -0.6836 0.1897 -0.7048
vn -0.2702 0.4038 0.8740
vn 0.6992 0.3648 0.6149
vn 0.2651 0.1542 -0.9518
vn 0.1461 0.4028 0.9036
vn 0.2043 0.1540 -0.9667
vn -0.8319 0.3509 0.4299
vn 0.7341 0.2004 -0.6488
vn -0.7267 0.3760 0.5749
vn 0.6856 0.1904 -0.7026
vn -0.9301 0.2279 -0.2881
vn 0.9154 0.3272 0.2343
vn -0.9624 0.2716 -0.0059
vn 0.0852 -0.0000 0.9964
vn -0.6442 -0.0000 0.7648
vn -0.9964 -0.0000 0.0852
vn -0.7648 -0.0000 -0.6443
vn -0.0852 -0.0000 -0.9964
vn 0.6442 -0.0000 -0.7648
vn 0.9964 -0.0000 -0.0852
vn 0.7648 -0.0000 0.6443
vn -0.0000 1.0000 -0.0000
vn -0.7470 0.6413 0.1755
vn 0.2647 0.5684 -0.7790
vn -0.4009 0.5930 0.6983
vn 0.3297 0.5641 -0.7570
vn 0.3068 0.5399 0.7838
vn -0.3518 0.6103 -0.7098
vn 0.2281 0.5447 0.8070
vn -0.1488 0.5882 -0.7949
vn 0.8389 0.4889 0.2393
vn -0.6830 0.6637 -0.3050
vn 0.8206 0.4925 0.2900
vn -0.6283 0.6566 -0.4174
vn 0.8303 0.5009 -0.2444
vn -0.6356 0.6167 0.4644
vn 0.8452 0.4961 -0.1987
vn -0.1998 0.5679 0.7985
vn -0.4840 0.4461 0.7528
vn -0.3859 0.5156 -0.7650
vn 0.2111 0.4358 0.8749
vn -0.3121 0.5190 -0.7958
vn 0.7960 0.4698 0.3817
vn -0.8393 0.4786 -0.2577
vn 0.7622 0.4654 0.4499
vn -0.7248 0.4843 -0.4900
vn 0.7768 0.4932 -0.3916
vn -0.8122 0.4863 0.3224
vn 0.7935 0.4934 -0.3562
vn -0.8558 0.4875 0.1729
vn 0.4298 0.5098 -0.7452
vn -0.1581 0.4313 0.8882
vn 0.4638 0.5073 -0.7263
vn 0.4321 0.4359 0.7894
vn 0.7326 0.4056 0.5467
vn -0.8938 0.2446 0.3758
vn 0.8823 0.4493 -0.1402
vn -0.9221 0.2474 0.2977
vn 0.4441 0.4447 -0.7778
vn -0.3621 0.2630 0.8943
vn 0.5198 0.4485 -0.7271
vn -0.5860 0.2412 0.7736
vn -0.3823 0.3534 -0.8538
vn 0.2654 0.3557 0.8961
vn -0.3186 0.3637 -0.8753
vn 0.1339 0.3369 0.9320
vn -0.7975 0.2957 -0.5259
vn 0.8706 0.4282 0.2424
vn -0.7608 0.2997 -0.5756
vn 0.8134 0.4500 -0.3686
vn 0.9265 0.3763 -0.0008
vn -0.4855 -0.0560 0.8724
vn 0.6380 0.3608 -0.6803
vn -0.5540 -0.0688 0.8297
vn -0.1381 0.1977 -0.9705
vn 0.2649 0.1219 0.9565
vn -0.0356 0.2228 -0.9742
vn 0.0054 0.0505 0.9987
vn -0.8722 -0.0338 -0.4880
vn 0.7712 0.2960 0.5635
vn -0.8408 -0.0201 -0.5410
vn 0.6754 0.2592 0.6904
vn -0.9908 -0.1140 0.0734
vn 0.8439 0.3846 -0.3741
vn -0.9937 -0.1107 0.0188
vn 0.4224 0.3201 -0.8480
vn -0.1528 0.3115 -0.9379
vn -0.5638 0.1816 0.8057
vn 0.6416 0.3932 -0.6586
vn -0.4872 0.1897 0.8524
vn 0.9147 0.4038 0.0168
vn 0.3965 0.3648 -0.8424
vn -0.9880 0.1542 0.0097
vn 0.8274 0.4028 -0.3913
vn -0.9854 0.1540 0.0722
vn 0.6441 0.3509 0.6798
vn -0.8271 0.2004 -0.5251
vn 0.7541 0.3760 0.5385
vn -0.8654 0.1904 -0.4635
vn -0.0184 0.2279 0.9735
vn -0.0292 0.3273 -0.9445
vn 0.2616 0.2716 0.9262
vn 0.9335 -0.0000 -0.3586
vn 0.9137 -0.0000 0.4065
vn 0.3586 -0.0000 0.9335
vn -0.4065 -0.0000 0.9137
vn -0.9335 -0.0000 0.3586
vn -0.9137 -0.0000 -0.4065
vn -0.3586 -0.0000 -0.9335
vn 0.4065 -0.0000 -0.9137
vn -0.7312 0.6413 0.2327
vn 0.2037 0.5684 -0.7971
vn -0.3457 0.5930 0.7272
vn 0.2702 0.5641 -0.7803
vn 0.3664 0.5399 0.7578
vn -0.4056 0.6103 -0.6805
vn 0.2898 0.5447 0.7870
vn -0.2098 0.5882 -0.7810
vn 0.8549 0.4889 0.1738
vn -0.7045 0.6637 -0.2513
vn 0.8405 0.4925 0.2257
vn -0.6587 0.6566 -0.3675
vn 0.8089 0.5009 -0.3079
vn -0.5978 0.6167 0.5122
vn 0.8273 0.4961 -0.2634
vn -0.1375 0.5679 0.8115
vn -0.4244 0.4461 0.7880
vn -0.4439 0.5156 -0.7329
vn 0.2781 0.4358 0.8560
vn -0.3726 0.5190 -0.7693
vn 0.8231 0.4698 0.3190
vn -0.8568 0.4786 -0.1921
vn 0.7947 0.4654 0.3896
vn -0.7605 0.4843 -0.4325
vn 0.7442 0.4932 -0.4505
vn -0.7848 0.4863 0.3842
vn 0.7636 0.4934 -0.4165
vn -0.8399 0.4875 0.2385
vn 0.3709 0.5098 -0.7762
vn -0.0890 0.4313 0.8978
vn 0.4063 0.5073 -0.7600
vn 0.4919 0.4359 0.7537
vn 0.7726 0.4056 0.4884
vn -0.8621 0.2446 0.4438
vn 0.8688 0.4493 -0.2080
vn -0.8963 0.2474 0.3681
vn 0.3827 0.4446 -0.8098
vn -0.2919 0.2630 0.9196
vn 0.4621 0.4485 -0.7651
vn -0.5245 0.2412 0.8165
vn -0.4472 0.3534 -0.8217
vn 0.3339 0.3557 0.8729
vn -0.3853 0.3637 -0.8481
vn 0.2055 0.3369 0.9188
vn -0.8357 0.2957 -0.4627
vn 0.8867 0.4282 0.1744
vn -0.8030 0.2997 -0.5151
vn 0.7825 0.4500 -0.4304
vn 0.9237 0.3763 -0.0724
vn -0.4167 -0.0560 0.9073
vn 0.5835 0.3608 -0.7275
vn -0.4882 -0.0688 0.8700
vn -0.2127 0.1977 -0.9569
vn 0.3380 0.1219 0.9332
vn -0.1108 0.2228 -0.9685
vn 0.0826 0.0505 0.9953
vn -0.9073 -0.0339 -0.4191
vn 0.8125 0.2961 0.5022
vn -0.8801 -0.0201 -0.4744
vn 0.7268 0.2591 0.6361
vn -0.9821 -0.1140 0.1497
vn 0.8124 0.3846 -0.4382
vn -0.9893 -0.1107 0.0956
vn 0.3556 0.3201 -0.8781
vn -0.2248 0.3115 -0.9233
vn -0.4998 0.1816 0.8469
vn 0.5887 0.3932 -0.7062
vn -0.4199 0.1897 0.8875
vn 0.9132 0.4038 -0.0539
vn 0.3302 0.3648 -0.8706
vn -0.9843 0.1542 0.0861
vn 0.7947 0.4028 -0.4541
vn -0.9769 0.1540 0.1482
vn 0.6947 0.3509 0.6279
vn -0.8652 0.2004 -0.4596
vn 0.7935 0.3760 0.4786
vn -0.8986 0.1904 -0.3952
vn 0.0569 0.2279 0.9720
vn -0.1021 0.3272 -0.9394
vn 0.3324 0.2716 0.9032
vn 0.9030 -0.0000 -0.4297
vn 0.9423 -0.0000 0.3347
vn 0.4297 -0.0000 0.9030
vn -0.3347 -0.0000 0.9423
vn -0.9030 -0.0000 0.4297
vn -0.9423 -0.0000 -0.3347
vn -0.4297 -0.0000 -0.9030
vn 0.3346 -0.0000 -0.9423
vn 0.3741 0.6413 -0.6699
vn 0.3967 0.5684 0.7208
vn -0.2453 0.5930 -0.7669
vn 0.3367 0.5641 0.7540
vn -0.7857 0.5399 -0.3020
vn 0.7614 0.6103 0.2189
vn -0.7497 0.5447 -0.3758
vn 0.6873 0.5882 0.4262
vn -0.7424 0.4889 0.4580
vn 0.6858 0.6637 -0.2986
vn -0.7675 0.4925 0.4103
vn 0.7319 0.6566 -0.1825
vn -0.3794 0.5009 0.7779
vn 0.0857 0.6167 -0.7825
vn -0.4232 0.4961 0.7581
vn -0.4549 0.5679 -0.6860
vn -0.2295 0.4461 -0.8651
vn 0.8252 0.5156 0.2309
vn -0.7884 0.4358 -0.4341
vn 0.7981 0.5190 0.3062
vn -0.8186 0.4698 0.3304
vn 0.7563 0.4786 -0.4460
vn -0.8462 0.4654 0.2595
vn 0.8506 0.4843 -0.2048
vn -0.2346 0.4932 0.8377
vn 0.3097 0.4863 -0.8171
vn -0.2721 0.4934 0.8262
vn 0.4495 0.4875 -0.7485
vn 0.2604 0.5098 0.8199
vn -0.5493 0.4313 -0.7157
vn 0.2235 0.5073 0.8323
vn -0.8744 0.4359 -0.2133
vn -0.8977 0.4056 0.1723
vn 0.3252 0.2446 -0.9134
vn -0.4914 0.4493 0.7461
vn 0.4020 0.2474 -0.8816
vn 0.2748 0.4446 0.8525
vn -0.4162 0.2630 -0.8704
vn 0.1864 0.4485 0.8741
vn -0.1760 0.2412 -0.9544
vn 0.8883 0.3534 0.2934
vn -0.8407 0.3557 -0.4083
vn 0.8612 0.3637 0.3550
vn -0.7785 0.3369 -0.5296
vn 0.9261 0.2957 -0.2342
vn -0.7660 0.4282 0.4794
vn 0.9381 0.2997 -0.1736
vn -0.2763 0.4500 0.8492
vn -0.6242 0.3763 0.6847
vn -0.3168 -0.0560 -0.9468
vn 0.0721 0.3608 0.9298
vn -0.2390 -0.0688 -0.9686
vn 0.8098 0.1977 0.5525
vn -0.8850 0.1219 -0.4494
vn 0.7434 0.2228 0.6307
vn -0.7411 0.0505 -0.6695
vn 0.9485 -0.0338 -0.3150
vn -0.9362 0.2960 0.1894
vn 0.9665 -0.0201 -0.2560
vn -0.9653 0.2592 0.0332
vn 0.6140 -0.1140 -0.7811
vn -0.2928 0.3846 0.8754
vn 0.6562 -0.1107 -0.7464
vn 0.3413 0.3201 0.8838
vn 0.7956 0.3115 0.5196
vn -0.2148 0.1816 -0.9596
vn 0.0537 0.3932 0.9179
vn -0.3009 0.1897 -0.9346
vn -0.6292 0.4038 0.6641
vn 0.3547 0.3648 0.8609
vn 0.6591 0.1542 -0.7361
vn -0.2691 0.4028 0.8748
vn 0.6112 0.1540 -0.7764
vn -0.9363 0.3509 0.0172
vn 0.9455 0.2004 -0.2567
vn -0.9061 0.3760 0.1937
vn 0.9258 0.1904 -0.3265
vn -0.7064 0.2279 -0.6701
vn 0.7171 0.3272 0.6153
vn -0.8603 0.2716 -0.4314
vn -0.3647 -0.0000 0.9311
vn -0.9163 -0.0000 0.4005
vn -0.9311 -0.0000 -0.3647
vn -0.4005 -0.0000 -0.9163
vn 0.3647 -0.0000 -0.9311
vn 0.9163 -0.0000 -0.4005
vn 0.9311 -0.0000 0.3647
vn 0.4005 -0.0000 0.9163
vn -0.7475 0.6413 -0.1734
vn 0.5822 0.5684 -0.5813
vn -0.6686 0.5930 0.4487
vn 0.6308 0.5641 -0.5328
vn -0.0720 0.5399 0.8386
vn -0.0012 0.6103 -0.7922
vn -0.1528 0.5447 0.8246
vn 0.2185 0.5882 -0.7786
vn 0.6462 0.4889 0.5860
vn -0.4773 0.6637 -0.5759
vn 0.6073 0.4925 0.6233
vn -0.3786 0.6566 -0.6524
vn 0.8527 0.5009 0.1484
vn -0.7755 0.6167 0.1350
vn 0.8458 0.4961 0.1960
vn -0.5326 0.5679 0.6275
vn -0.7673 0.4461 0.4607
vn -0.0074 0.5156 -0.8568
vn -0.1981 0.4358 0.8780
vn 0.0725 0.5190 -0.8517
vn 0.5447 0.4698 0.6947
vn -0.6385 0.4786 -0.6027
vn 0.4843 0.4654 0.7408
vn -0.4330 0.4843 -0.7603
vn 0.8699 0.4932 -0.0072
vn -0.8710 0.4863 -0.0705
vn 0.8692 0.4934 0.0319
vn -0.8439 0.4875 -0.2239
vn 0.7153 0.5098 -0.4779
vn -0.5350 0.4313 0.7264
vn 0.7375 0.5073 -0.4459
vn 0.0380 0.4359 0.8992
vn 0.4148 0.4056 0.8145
vn -0.9678 0.2446 -0.0588
vn 0.8532 0.4493 0.2649
vn -0.9586 0.2474 -0.1413
vn 0.7426 0.4447 -0.5008
vn -0.7206 0.2630 0.6416
vn 0.7880 0.4485 -0.4218
vn -0.8679 0.2412 0.4342
vn 0.0352 0.3534 -0.9348
vn -0.1588 0.3557 0.9210
vn 0.1019 0.3637 -0.9259
vn -0.2926 0.3369 0.8949
vn -0.4822 0.2957 -0.8247
vn 0.6733 0.4282 0.6028
vn -0.4273 0.2997 -0.8530
vn 0.8925 0.4500 0.0296
vn 0.8311 0.3763 0.4095
vn -0.8216 -0.0560 0.5673
vn 0.8732 0.3608 -0.3275
vn -0.8641 -0.0688 0.4986
vn 0.3058 0.1977 -0.9313
vn -0.1860 0.1218 0.9750
vn 0.3994 0.2228 -0.8893
vn -0.4373 0.0505 0.8979
vn -0.5660 -0.0338 -0.8237
vn 0.4420 0.2960 0.8468
vn -0.5143 -0.0201 -0.8573
vn 0.3000 0.2591 0.9181
vn -0.9208 -0.1140 -0.3729
vn 0.9223 0.3846 0.0381
vn -0.8993 -0.1107 -0.4231
vn 0.7542 0.3201 -0.5733
vn 0.2782 0.3115 -0.9086
vn -0.8622 0.1816 0.4729
vn 0.8668 0.3932 -0.3065
vn -0.8143 0.1897 0.5486
vn 0.8127 0.4038 0.4200
vn 0.7285 0.3648 -0.5798
vn -0.8902 0.1542 -0.4287
vn 0.9152 0.4028 0.0155
vn -0.9156 0.1540 -0.3715
vn 0.2765 0.3509 0.8946
vn -0.5092 0.2004 -0.8370
vn 0.4378 0.3760 0.8167
vn -0.5708 0.1904 -0.7987
vn -0.4475 0.2279 0.8647
vn 0.3920 0.3273 -0.8598
vn -0.1755 0.2716 0.9463
vn 0.9958 -0.0000 0.0917
vn 0.6393 -0.0000 0.7690
vn -0.0917 -0.0000 0.9958
vn -0.7690 -0.0000 0.6393
vn -0.9958 -0.0000 -0.0917
vn -0.6393 -0.0000 -0.7690
vn 0.0917 -0.0000 -0.9958
vn 0.7690 -0.0000 -0.6393
vn -0.3697 0.6413 0.6724
vn -0.4015 0.5684 -0.7181
vn 0.2504 0.5930 0.7653
vn -0.3417 0.5641 -0.7517
vn 0.7877 0.5399 0.2968
vn -0.7628 0.6103 -0.2138
vn 0.7522 0.5447 0.3708
vn -0.6901 0.5882 -0.4216
vn 0.7394 0.4889 -0.4630
vn -0.6838 0.6637 0.3032
vn 0.7647 0.4925 -0.4154
vn -0.7306 0.6566 0.1874
vn 0.3742 0.5009 -0.7804
vn -0.0804 0.6167 0.7831
vn 0.4182 0.4961 -0.7609
vn 0.4594 0.5679 0.6829
vn 0.2352 0.4461 0.8635
vn -0.8267 0.5156 -0.2254
vn 0.7913 0.4358 0.4289
vn -0.8001 0.5190 -0.3009
vn 0.8164 0.4698 -0.3358
vn -0.7533 0.4786 0.4510
vn 0.8444 0.4654 -0.2651
vn -0.8492 0.4843 0.2105
vn 0.2290 0.4932 -0.8392
vn -0.3042 0.4863 0.8192
vn 0.2666 0.4934 -0.8280
vn -0.4445 0.4875 0.7515
vn -0.2659 0.5098 -0.8182
vn 0.5540 0.4313 0.7120
vn -0.2291 0.5073 -0.8308
vn 0.8758 0.4359 0.2074
vn 0.8965 0.4056 -0.1783
vn -0.3191 0.2446 0.9156
vn 0.4864 0.4493 -0.7493
vn -0.3961 0.2474 0.8843
vn -0.2805 0.4447 -0.8506
vn 0.4220 0.2630 0.8676
vn -0.1922 0.4485 -0.8729
vn 0.1824 0.2412 0.9532
vn -0.8902 0.3534 -0.2875
vn 0.8434 0.3557 0.4027
vn -0.8636 0.3637 -0.3493
vn 0.7820 0.3369 0.5244
vn -0.9245 0.2957 0.2403
vn 0.7628 0.4282 -0.4845
vn -0.9369 0.2997 0.1799
vn 0.2707 0.4500 -0.8510
vn 0.6197 0.3763 -0.6888
vn 0.3231 -0.0560 0.9447
vn -0.0783 0.3608 -0.9293
vn 0.2455 -0.0688 0.9670
vn -0.8134 0.1977 -0.5471
vn 0.8880 0.1219 0.4435
vn -0.7476 0.2228 -0.6257
vn 0.7455 0.0505 0.6646
vn -0.9464 -0.0338 0.3213
vn 0.9349 0.2960 -0.1957
vn -0.9647 -0.0201 0.2624
vn 0.9650 0.2591 -0.0396
vn -0.6087 -0.1140 0.7851
vn 0.2870 0.3846 -0.8773
vn -0.6512 -0.1107 0.7508
vn -0.3472 0.3201 -0.8815
vn -0.7990 0.3115 -0.5143
vn 0.2212 0.1816 0.9582
vn -0.0598 0.3932 -0.9175
vn 0.3071 0.1897 0.9326
vn 0.6248 0.4038 -0.6682
vn -0.3604 0.3648 -0.8585
vn -0.6542 0.1542 0.7405
vn 0.2632 0.4028 -0.8766
vn -0.6060 0.1540 0.7804
vn 0.9361 0.3509 -0.0234
vn -0.9438 0.2004 0.2630
vn 0.9048 0.3760 -0.1998
vn -0.9236 0.1904 0.3326
vn 0.7109 0.2279 0.6654
vn -0.7212 0.3273 -0.6106
vn 0.8632 0.2716 0.4257
vn 0.3585 -0.0000 -0.9335
vn 0.9136 -0.0000 -0.4066
vn 0.9335 -0.0000 0.3585
vn 0.4066 -0.0000 0.9136
vn -0.3585 -0.0000 0.9335
vn -0.9136 -0.0000 0.4066
vn -0.9335 -0.0000 -0.3585
vn -0.4067 -0.0000 -0.9136
vn -0.0338 0.6413 0.7666
vn -0.6779 0.5684 -0.4661
vn 0.5634 0.5930 0.5753
vn -0.6392 0.5641 -0.5227
vn 0.8377 0.5399 -0.0826
vn -0.7786 0.6103 0.1460
vn 0.8386 0.5447 -0.0006
vn -0.8054 0.5882 -0.0725
vn 0.4580 0.4889 -0.7425
vn -0.4789 0.6637 0.5746
vn 0.5018 0.4925 -0.7111
vn -0.5722 0.6566 0.4915
vn -0.0100 0.5009 -0.8654
vn 0.2746 0.6167 0.7378
vn 0.0381 0.4961 -0.8674
vn 0.7143 0.5679 0.4089
vn 0.5932 0.4461 0.6701
vn -0.8410 0.5156 0.1639
vn 0.8994 0.4358 0.0342
vn -0.8506 0.5190 0.0844
vn 0.5833 0.4698 -0.6626
vn -0.4758 0.4786 0.7379
vn 0.6398 0.4654 -0.6116
vn -0.6683 0.4843 0.5647
vn -0.1662 0.4932 -0.8539
vn 0.0899 0.4863 0.8692
vn -0.1275 0.4934 -0.8604
vn -0.0658 0.4875 0.8706
vn -0.6006 0.5098 -0.6159
vn 0.8120 0.4313 0.3932
vn -0.5732 0.5073 -0.6435
vn 0.8771 0.4359 -0.2017
vn 0.7249 0.4056 -0.5568
vn 0.1192 0.2446 0.9623
vn 0.1044 0.4493 -0.8873
vn 0.0363 0.2474 0.9682
vn -0.6281 0.4446 -0.6385
vn 0.7625 0.2630 0.5911
vn -0.5588 0.4485 -0.6976
vn 0.5855 0.2412 0.7739
vn -0.9255 0.3534 0.1363
vn 0.9345 0.3557 -0.0123
vn -0.9290 0.3637 0.0691
vn 0.9333 0.3369 0.1240
vn -0.7226 0.2957 0.6248
vn 0.4695 0.4282 -0.7721
vn -0.7605 0.2997 0.5761
vn -0.1341 0.4500 -0.8829
vn 0.2506 0.3763 -0.8920
vn 0.7080 -0.0560 0.7040
vn -0.4816 0.3608 -0.7987
vn 0.6482 -0.0688 0.7583
vn -0.9716 0.1977 -0.1304
vn 0.9925 0.1219 0.0045
vn -0.9473 0.2228 -0.2301
vn 0.9627 0.0505 0.2658
vn -0.7063 -0.0339 0.7071
vn 0.7517 0.2961 -0.5894
vn -0.7489 -0.0201 0.6624
vn 0.8478 0.2591 -0.4628
vn -0.1982 -0.1140 0.9735
vn -0.1311 0.3846 -0.9137
vn -0.2515 -0.1107 0.9615
vn -0.7016 0.3201 -0.6366
vn -0.9442 0.3115 -0.1074
vn 0.6225 0.1816 0.7612
vn -0.4598 0.3932 -0.7962
vn 0.6882 0.1897 0.7002
vn 0.2644 0.4038 -0.8758
vn -0.7033 0.3648 -0.6102
vn -0.2587 0.1542 0.9536
vn -0.1521 0.4028 -0.9026
vn -0.1978 0.1540 0.9681
vn 0.8290 0.3509 -0.4355
vn -0.7298 0.2004 0.6536
vn 0.7229 0.3760 -0.5797
vn -0.6809 0.1904 0.7072
vn 0.9320 0.2279 0.2819
vn -0.9170 0.3273 -0.2281
vn 0.9624 0.2716 -0.0005
vn -0.0919 -0.0000 -0.9958
vn 0.6391 -0.0000 -0.7691
vn 0.9958 -0.0000 -0.0919
vn 0.7691 -0.0000 0.6391
vn 0.0919 -0.0000 0.9958
vn -0.6391 -0.0000 0.7691
vn -0.9958 -0.0000 0.0919
vn -0.7691 -0.0000 -0.6391
vn -0.4997 0.6413 -0.5822
vn 0.8134 0.5684 -0.1238
vn -0.8045 0.5930 -0.0343
vn 0.8238 0.5641 -0.0560
vn -0.5545 0.5399 0.6333
vn 0.4681 0.6103 -0.6391
vn -0.6113 0.5447 0.5741
vn 0.6371 0.5882 -0.4981
vn 0.1739 0.4889 0.8549
vn -0.0437 0.6637 -0.7467
vn 0.1204 0.4925 0.8619
vn 0.0811 0.6566 -0.7499
vn 0.5993 0.5009 0.6244
vn -0.7050 0.6167 -0.3503
vn 0.5656 0.4961 0.6587
vn -0.8008 0.5679 0.1904
vn -0.8911 0.4461 -0.0830
vn 0.5013 0.5156 -0.6949
vn -0.6794 0.4358 0.5903
vn 0.5627 0.5190 -0.6435
vn 0.0278 0.4698 0.8823
vn -0.1578 0.4786 -0.8637
vn -0.0483 0.4654 0.8838
vn 0.1011 0.4843 -0.8691
vn 0.7053 0.4932 0.5092
vn -0.6602 0.4863 -0.5725
vn 0.6816 0.4934 0.5403
vn -0.5476 0.4875 -0.6801
vn 0.8594 0.5098 0.0384
vn -0.8612 0.4313 0.2687
vn 0.8583 0.5073 0.0773
vn -0.5018 0.4359 0.7471
vn -0.1479 0.4056 0.9020
vn -0.7452 0.2446 -0.6203
vn 0.5308 0.4493 0.7186
vn -0.6889 0.2474 -0.6814
vn 0.8950 0.4447 0.0360
vn -0.9605 0.2630 0.0904
vn 0.8848 0.4485 0.1266
vn -0.9565 0.2412 -0.1640
vn 0.5818 0.3534 -0.7325
vn -0.6732 0.3557 0.6483
vn 0.6303 0.3637 -0.6859
vn -0.7656 0.3369 0.5480
vn 0.0996 0.2957 -0.9501
vn 0.1857 0.4282 0.8844
vn 0.1606 0.2997 -0.9404
vn 0.7018 0.4500 0.5523
vn 0.4274 0.3763 0.8221
vn -0.9980 -0.0560 -0.0292
vn 0.8976 0.3608 0.2531
vn -0.9916 -0.0688 -0.1097
vn 0.7978 0.1977 -0.5695
vn -0.7271 0.1219 0.6757
vn 0.8484 0.2228 -0.4803
vn -0.8840 0.0505 0.4647
vn 0.0315 -0.0338 -0.9989
vn -0.1451 0.2960 0.9441
vn 0.0931 -0.0201 -0.9955
vn -0.3018 0.2591 0.9175
vn -0.5214 -0.1140 -0.8457
vn 0.7207 0.3846 0.5768
vn -0.4743 -0.1107 -0.8734
vn 0.9472 0.3201 -0.0155
vn 0.7621 0.3115 -0.5675
vn -0.9748 0.1816 -0.1294
vn 0.8801 0.3932 0.2662
vn -0.9810 0.1897 -0.0399
vn 0.4063 0.4038 0.8197
vn 0.9304 0.3648 -0.0360
vn -0.4636 0.1542 -0.8725
vn 0.7284 0.4028 0.5543
vn -0.5179 0.1540 -0.8414
vn -0.3068 0.3509 0.8847
vn 0.0852 0.2004 -0.9760
vn -0.1307 0.3760 0.9173
vn 0.0129 0.1904 -0.9816
vn -0.8726 0.2279 0.4320
vn 0.8249 0.3272 -0.4609
vn -0.7017 0.2716 0.6587
vn 0.7482 -0.0000 0.6635
vn 0.0599 -0.0000 0.9982
vn -0.6635 -0.0000 0.7482
vn -0.9982 -0.0000 0.0599
vn -0.7482 -0.0000 -0.6635
vn -0.0599 -0.0000 -0.9982
vn 0.6635 -0.0000 -0.7482
vn 0.9982 -0.0000 -0.0599
vn -0.1903 0.6413 -0.7433
vn 0.7841 0.5684 0.2491
vn -0.7062 0.5930 -0.3869
vn 0.7635 0.5641 0.3145
vn -0.7776 0.5399 0.3223
vn 0.7027 0.6103 -0.3659
vn -0.8023 0.5447 0.2441
vn 0.7918 0.5882 -0.1646
vn -0.2226 0.4889 0.8435
vn 0.2914 0.6637 -0.6889
vn -0.2736 0.4925 0.8262
vn 0.4048 0.6566 -0.6365
vn 0.2609 0.5009 0.8252
vn -0.4770 0.6167 -0.6262
vn 0.2155 0.4961 0.8411
vn -0.8023 0.5679 -0.1838
vn -0.7623 0.4461 -0.4689
vn 0.7572 0.5156 -0.4011
vn -0.8705 0.4358 0.2285
vn 0.7894 0.5190 -0.3279
vn -0.3657 0.4698 0.8035
vn 0.2409 0.4786 -0.8443
vn -0.4346 0.4654 0.7711
vn 0.4754 0.4843 -0.7345
vn 0.4070 0.4932 0.7688
vn -0.3385 0.4863 -0.8056
vn 0.3719 0.4934 0.7863
vn -0.1899 0.4875 -0.8522
vn 0.7536 0.5098 0.4149
vn -0.8912 0.4313 -0.1404
vn 0.7354 0.5073 0.4493
vn -0.7807 0.4359 0.4478
vn -0.5320 0.4056 0.7433
vn -0.3936 0.2446 -0.8862
vn 0.1578 0.4493 0.8793
vn -0.3160 0.2474 -0.9159
vn 0.7865 0.4447 0.4286
vn -0.9013 0.2630 -0.3442
vn 0.7373 0.4485 0.5052
vn -0.7851 0.2412 -0.5705
vn 0.8460 0.3534 -0.3993
vn -0.8906 0.3557 0.2832
vn 0.8688 0.3637 -0.3360
vn -0.9291 0.3369 0.1524
vn 0.5100 0.2957 -0.8078
vn -0.2250 0.4282 0.8752
vn 0.5604 0.2997 -0.7721
vn 0.3847 0.4500 0.8059
vn 0.0193 0.3763 0.9263
vn -0.8819 -0.0560 -0.4680
vn 0.6928 0.3608 0.6243
vn -0.8405 -0.0688 -0.5374
vn 0.9675 0.1977 -0.1574
vn -0.9511 0.1219 0.2839
vn 0.9733 0.2228 -0.0550
vn -0.9984 0.0505 0.0253
vn 0.4705 -0.0338 -0.8818
vn -0.5481 0.2960 0.7823
vn 0.5242 -0.0201 -0.8514
vn -0.6768 0.2591 0.6891
vn -0.0931 -0.1140 -0.9891
vn 0.3909 0.3846 0.8362
vn -0.0386 -0.1107 -0.9931
vn 0.8562 0.3201 0.4054
vn 0.9346 0.3115 -0.1715
vn -0.8168 0.1816 -0.5476
vn 0.6712 0.3932 0.6283
vn -0.8620 0.1897 -0.4701
vn 0.0014 0.4038 0.9148
vn 0.8502 0.3648 0.3796
vn -0.0294 0.1542 -0.9876
vn 0.4077 0.4028 0.8195
vn -0.0919 0.1540 -0.9838
vn -0.6668 0.3509 0.6575
vn 0.5085 0.2004 -0.8374
vn -0.5233 0.3760 0.7647
vn 0.4461 0.1904 -0.8745
vn -0.9737 0.2279 0.0010
vn 0.9437 0.3273 -0.0480
vn -0.9208 0.2716 0.2800
vn 0.3772 -0.0000 0.9262
vn -0.3882 -0.0000 0.9216
vn -0.9262 -0.0000 0.3772
vn -0.9216 -0.0000 -0.3882
vn -0.3772 -0.0000 -0.9262
vn 0.3882 -0.0000 -0.9216
vn 0.9262 -0.0000 -0.3772
vn 0.9216 -0.0000 0.3882
vn 0.6649 0.6413 0.3830
vn -0.7260 0.5684 0.3871
vn 0.7701 0.5930 -0.2351
vn -0.7584 0.5641 0.3267
vn 0.3124 0.5399 -0.7816
vn -0.2290 0.6103 0.7584
vn 0.3857 0.5447 -0.7447
vn -0.4352 0.5882 0.6816
vn -0.4482 0.4889 -0.7484
vn 0.2895 0.6637 0.6897
vn -0.4001 0.4925 -0.7729
vn 0.1728 0.6566 0.7342
vn -0.7728 0.5009 -0.3897
vn 0.7813 0.6167 0.0960
vn -0.7524 0.4961 -0.4333
vn 0.6919 0.5679 -0.4457
vn 0.8680 0.4461 -0.2180
vn -0.2418 0.5156 0.8220
vn 0.4446 0.4358 -0.7826
vn -0.3168 0.5190 0.7939
vn -0.3195 0.4698 -0.8229
vn 0.4359 0.4786 0.7621
vn -0.2482 0.4654 -0.8496
vn 0.1935 0.4843 0.8532
vn -0.8345 0.4932 -0.2457
vn 0.8129 0.4863 0.3205
vn -0.8225 0.4934 -0.2830
vn 0.7425 0.4875 0.4594
vn -0.8233 0.5098 0.2495
vn 0.7229 0.4313 -0.5397
vn -0.8352 0.5073 0.2125
vn 0.2248 0.4359 -0.8714
vn -0.1604 0.4056 -0.8999
vn 0.9090 0.2446 0.3373
vn -0.7395 0.4493 -0.5013
vn 0.8762 0.2474 0.4136
vn -0.8561 0.4447 0.2635
vn 0.8759 0.2630 -0.4046
vn -0.8765 0.4485 0.1748
vn 0.9566 0.2412 -0.1633
vn -0.3052 0.3534 0.8843
vn 0.4194 0.3557 -0.8352
vn -0.3664 0.3637 0.8564
vn 0.5399 0.3369 -0.7714
vn 0.2219 0.2957 0.9292
vn -0.4692 0.4282 -0.7723
vn 0.1611 0.2997 0.9403
vn -0.8455 0.4500 -0.2876
vn -0.6763 0.3763 -0.6332
vn 0.9510 -0.0560 -0.3042
vn -0.9307 0.3608 0.0597
vn 0.9717 -0.0688 -0.2262
vn -0.5632 0.1977 0.8024
vn 0.4611 0.1219 -0.8789
vn -0.6405 0.2228 0.7350
vn 0.6793 0.0505 -0.7321
vn 0.3024 -0.0338 0.9526
vn -0.1770 0.2960 -0.9386
vn 0.2431 -0.0201 0.9698
vn -0.0204 0.2592 -0.9656
vn 0.7729 -0.1140 0.6243
vn -0.8715 0.3846 -0.3044
vn 0.7377 -0.1107 0.6660
vn -0.8882 0.3201 0.3295
vn -0.5301 0.3115 0.7886
vn 0.9624 0.1816 -0.2020
vn -0.9185 0.3932 0.0415
vn 0.9385 0.1897 -0.2885
vn -0.6557 0.4038 -0.6380
vn -0.8655 0.3648 0.3432
vn 0.7273 0.1542 0.6688
vn -0.8712 0.4028 -0.2806
vn 0.7682 0.1540 0.6214
vn -0.0048 0.3509 -0.9364
vn 0.2441 0.2004 0.9488
vn -0.1817 0.3760 -0.9086
vn 0.3142 0.1904 0.9301
vn 0.6794 0.2279 -0.6975
vn -0.6248 0.3273 0.7089
vn 0.4428 0.2716 -0.8545
vn -0.9262 -0.0000 -0.3770
vn -0.3883 -0.0000 -0.9215
vn 0.3770 -0.0000 -0.9262
vn 0.9215 -0.0000 -0.3884
vn 0.9262 -0.0000 0.3770
vn 0.3884 -0.0000 0.9215
vn -0.3770 -0.0000 0.9262
vn -0.9215 -0.0000 0.3883
vn -0.5526 0.6413 0.5323
vn -0.1703 0.5684 -0.8049
vn 0.0120 0.5930 0.8051
vn -0.1032 0.5641 -0.8192
vn 0.6641 0.5399 0.5172
vn -0.6650 0.6103 -0.4306
vn 0.6082 0.5447 0.5773
vn -0.5339 0.5882 -0.6074
vn 0.8435 0.4889 -0.2227
vn -0.7430 0.6637 0.0865
vn 0.8536 0.4925 -0.1697
vn -0.7533 0.6566 -0.0380
vn 0.5890 0.5009 -0.6342
vn -0.3093 0.6167 0.7239
vn 0.6252 0.4961 -0.6025
vn 0.2360 0.5679 0.7885
vn -0.0317 0.4461 0.8944
vn -0.7225 0.5156 -0.4606
vn 0.6283 0.4358 0.6444
vn -0.6747 0.5190 -0.5248
vn 0.8793 0.4698 -0.0784
vn -0.8532 0.4786 0.2071
vn 0.8851 0.4654 -0.0025
vn -0.8734 0.4843 -0.0511
vn 0.4678 0.4932 -0.7334
vn -0.5336 0.4863 0.6919
vn 0.5003 0.4934 -0.7115
vn -0.6475 0.4875 0.5857
vn -0.0110 0.5098 -0.8602
vn 0.3177 0.4313 0.8444
vn 0.0278 0.5073 -0.8613
vn 0.7747 0.4359 0.4580
vn 0.9090 0.4056 0.0959
vn -0.5765 0.2446 0.7796
vn 0.6869 0.4493 -0.5712
vn -0.6407 0.2474 0.7268
vn -0.0154 0.4447 -0.8956
vn 0.1454 0.2630 0.9538
vn 0.0756 0.4485 -0.8906
vn -0.1088 0.2412 0.9644
vn -0.7647 0.3534 -0.5388
vn 0.6858 0.3557 0.6349
vn -0.7210 0.3637 -0.5899
vn 0.5911 0.3369 0.7329
vn -0.9542 0.2957 -0.0449
vn 0.8723 0.4282 -0.2362
vn -0.9481 0.2997 -0.1064
vn 0.5111 0.4500 -0.7323
vn 0.7962 0.3763 -0.4739
vn 0.0281 -0.0560 0.9980
vn 0.2011 0.3608 -0.9107
vn -0.0526 -0.0688 0.9962
vn -0.6144 0.1977 -0.7638
vn 0.7163 0.1219 0.6871
vn -0.5282 0.2228 -0.8194
vn 0.5147 0.0505 0.8559
vn -0.9991 -0.0339 0.0259
vn 0.9509 0.2960 0.0906
vn -0.9992 -0.0201 -0.0358
vn 0.9333 0.2592 0.2486
vn -0.8143 -0.1140 0.5691
vn 0.5345 0.3846 -0.7526
vn -0.8447 -0.1107 0.5237
vn -0.0699 0.3201 -0.9448
vn -0.6104 0.3115 -0.7283
vn -0.0732 0.1816 0.9806
vn 0.2152 0.3932 -0.8939
vn 0.0164 0.1897 0.9817
vn 0.7950 0.4038 -0.4527
vn -0.0894 0.3648 -0.9268
vn -0.8445 0.1542 0.5129
vn 0.5116 0.4028 -0.7590
vn -0.8103 0.1540 0.5654
vn 0.9009 0.3509 0.2555
vn -0.9793 0.2004 -0.0290
vn 0.9233 0.3760 0.0778
vn -0.9807 0.1904 0.0435
vn 0.4814 0.2279 0.8464
vn -0.5075 0.3273 -0.7971
vn 0.6979 0.2716 0.6627
vn 0.6194 -0.0000 -0.7851
vn 0.9931 -0.0000 -0.1171
vn 0.7851 -0.0000 0.6194
vn 0.1171 -0.0000 0.9931
vn -0.6194 -0.0000 0.7851
vn -0.9931 -0.0000 0.1171
vn -0.7851 -0.0000 -0.6194
vn -0.1171 -0.0000 -0.9931
vn 0.7458 0.6413 -0.1804
vn -0.2595 0.5684 0.7807
vn 0.3962 0.5930 -0.7010
vn -0.3246 0.5641 0.7592
vn -0.3120 0.5399 -0.7818
vn 0.3565 0.6103 0.7074
vn -0.2335 0.5447 -0.8055
vn 0.1541 0.5882 0.7939
vn -0.8405 0.4889 -0.2337
vn 0.6850 0.6637 0.3005
vn -0.8225 0.4925 -0.2846
vn 0.6311 0.6566 0.4132
vn -0.8286 0.5009 0.2500
vn 0.6325 0.6167 -0.4687
vn -0.8439 0.4961 0.2043
vn 0.1944 0.5679 -0.7998
vn 0.4790 0.4461 -0.7560
vn 0.3910 0.5156 0.7624
vn -0.2169 0.4358 -0.8735
vn 0.3174 0.5190 0.7937
vn -0.7985 0.4698 -0.3764
vn 0.8410 0.4786 0.2521
vn -0.7652 0.4654 -0.4448
vn 0.7281 0.4843 0.4851
vn -0.7741 0.4932 0.3968
vn 0.8100 0.4863 -0.3278
vn -0.7911 0.4934 0.3615
vn 0.8547 0.4875 -0.1786
vn -0.4249 0.5098 0.7481
vn 0.1522 0.4313 -0.8893
vn -0.4590 0.5073 0.7294
vn -0.4374 0.4359 -0.7866
vn -0.7362 0.4056 -0.5418
vn 0.8913 0.2446 -0.3818
vn -0.8813 0.4493 0.1461
vn 0.9200 0.2474 -0.3038
vn -0.4390 0.4446 0.7808
vn 0.3561 0.2630 -0.8967
vn -0.5149 0.4485 0.7305
vn 0.5809 0.2412 -0.7774
vn 0.3880 0.3534 0.8512
vn -0.2714 0.3557 -0.8943
vn 0.3244 0.3637 0.8732
vn -0.1401 0.3369 -0.9311
vn 0.8009 0.2957 0.5206
vn -0.8722 0.4282 -0.2366
vn 0.7646 0.2997 0.5706
vn -0.8109 0.4500 0.3740
vn -0.9265 0.3763 0.0070
vn 0.4797 -0.0560 -0.8756
vn -0.6335 0.3608 0.6845
vn 0.5485 -0.0688 -0.8333
vn 0.1446 0.1977 0.9695
vn -0.2713 0.1219 -0.9548
vn 0.0421 0.2228 0.9739
vn -0.0120 0.0505 -0.9987
vn 0.8754 -0.0338 0.4821
vn -0.7750 0.2961 -0.5584
vn 0.8443 -0.0201 0.5354
vn -0.6800 0.2592 -0.6859
vn 0.9903 -0.1140 -0.0800
vn -0.8414 0.3846 0.3797
vn 0.9935 -0.1107 -0.0255
vn -0.4168 0.3201 0.8508
vn 0.1591 0.3115 0.9368
vn 0.5584 0.1816 -0.8095
vn -0.6372 0.3932 0.6629
vn 0.4815 0.1897 -0.8556
vn -0.9148 0.4038 -0.0107
vn -0.3909 0.3648 0.8451
vn 0.9879 0.1542 -0.0163
vn -0.8248 0.4028 0.3968
vn 0.9849 0.1540 -0.0788
vn -0.6486 0.3509 -0.6754
vn 0.8306 0.2004 0.5196
vn -0.7577 0.3760 -0.5334
vn 0.8685 0.1904 0.4577
vn 0.0119 0.2279 -0.9736
vn 0.0355 0.3272 0.9443
vn -0.2677 0.2716 -0.9244
vn -0.9311 -0.0000 0.3648
vn -0.9163 -0.0000 -0.4004
vn -0.3648 -0.0000 -0.9311
vn 0.4004 -0.0000 -0.9163
vn 0.9311 -0.0000 -0.3648
vn 0.9163 -0.0000 0.4004
vn 0.3648 -0.0000 0.9311
vn -0.4004 -0.0000 0.9163
vn 0.4266 0.6413 0.6378
vn -0.8223 0.5684 0.0257
vn 0.7946 0.5930 0.1301
vn -0.8246 0.5641 -0.0429
vn 0.6262 0.5399 -0.5625
vn -0.5411 0.6103 0.5786
vn 0.6755 0.5447 -0.4969
vn -0.6920 0.5882 0.4185
vn -0.0705 0.4889 -0.8695
vn -0.0458 0.6637 0.7466
vn -0.0166 0.4925 -0.8701
vn -0.1702 0.6566 0.7348
vn -0.5204 0.5009 -0.6915
vn 0.6581 0.6167 0.4320
vn -0.4828 0.4961 -0.7216
vn 0.8178 0.5679 -0.0933
vn 0.8748 0.4461 0.1889
vn -0.5808 0.5156 0.6300
vn 0.7451 0.4358 -0.5049
vn -0.6355 0.5190 0.5716
vn 0.0779 0.4698 -0.8793
vn 0.0535 0.4786 0.8764
vn 0.1535 0.4654 -0.8717
vn -0.2042 0.4843 0.8507
vn -0.6395 0.4932 -0.5898
vn 0.5870 0.4863 0.6473
vn -0.6122 0.4934 -0.6179
vn 0.4624 0.4875 0.7406
vn -0.8487 0.5098 -0.1408
vn 0.8872 0.4313 -0.1639
vn -0.8429 0.5073 -0.1793
vn 0.5874 0.4359 -0.6818
vn 0.2546 0.4056 -0.8779
vn 0.6658 0.2446 0.7049
vn -0.4411 0.4493 -0.7769
vn 0.6025 0.2474 0.7588
vn -0.8843 0.4447 -0.1427
vn 0.9645 0.2630 0.0250
vn -0.8633 0.4485 -0.2314
vn 0.9301 0.2412 0.2771
vn -0.6651 0.3534 0.6578
vn 0.7459 0.3557 -0.5632
vn -0.7077 0.3637 0.6057
vn 0.8256 0.3369 -0.4526
vn -0.2124 0.2957 0.9314
vn -0.0787 0.4282 -0.9002
vn -0.2718 0.2997 0.9145
vn -0.6308 0.4500 -0.6322
vn -0.3261 0.3763 -0.8672
vn 0.9874 -0.0560 0.1483
vn -0.8610 0.3608 -0.3585
vn 0.9714 -0.0688 0.2274
vn -0.8602 0.1977 0.4701
vn 0.8026 0.1219 -0.5840
vn -0.8997 0.2228 0.3754
vn 0.9332 0.0505 -0.3557
vn -0.1506 -0.0339 0.9880
vn 0.2568 0.2960 -0.9200
vn -0.2114 -0.0201 0.9772
vn 0.4092 0.2592 -0.8748
vn 0.4166 -0.1140 0.9019
vn -0.6466 0.3846 -0.6588
vn 0.3666 -0.1107 0.9238
vn -0.9423 0.3201 -0.0978
vn -0.8245 0.3115 0.4724
vn 0.9524 0.1816 0.2449
vn -0.8419 0.3932 -0.3694
vn 0.9692 0.1897 0.1569
vn -0.3055 0.4038 -0.8623
vn -0.9280 0.3648 -0.0754
vn 0.3560 0.1542 0.9217
vn -0.6569 0.4028 -0.6374
vn 0.4137 0.1540 0.8973
vn 0.4103 0.3509 -0.8417
vn -0.2012 0.2004 0.9588
vn 0.2394 0.3760 -0.8952
vn -0.1301 0.1904 0.9731
vn 0.9180 0.2279 -0.3246
vn -0.8741 0.3273 0.3590
vn 0.7753 0.2716 -0.5702
vn -0.6636 -0.0000 -0.7481
vn 0.0598 -0.0000 -0.9982
vn 0.7481 -0.0000 -0.6636
vn 0.9982 -0.0000 0.0598
vn 0.6636 -0.0000 0.7481
vn -0.0598 -0.0000 0.9982
vn -0.7481 -0.0000 0.6636
vn -0.9982 -0.0000 -0.0598
vn -0.7468 0.6413 -0.1762
vn 0.5844 0.5684 -0.5791
vn -0.6703 0.5930 0.4462
vn 0.6328 0.5641 -0.5305
vn -0.0751 0.5399 0.8384
vn 0.0018 0.6103 -0.7922
vn -0.1558 0.5447 0.8240
vn 0.2214 0.5882 -0.7778
vn 0.6440 0.4889 0.5884
vn -0.4752 0.6637 -0.5777
vn 0.6050 0.4925 0.6256
vn -0.3761 0.6566 -0.6538
vn 0.8521 0.5009 0.1516
vn -0.7760 0.6167 0.1322
vn 0.8451 0.4961 0.1992
vn -0.5350 0.5679 0.6255
vn -0.7690 0.4461 0.4578
vn -0.0042 0.5156 -0.8568
vn -0.2014 0.4358 0.8772
vn 0.0757 0.5190 -0.8514
vn 0.5422 0.4698 0.6967
vn -0.6363 0.4786 -0.6050
vn 0.4815 0.4654 0.7426
vn -0.4302 0.4843 -0.7619
vn 0.8699 0.4932 -0.0040
vn -0.8707 0.4863 -0.0738
vn 0.8691 0.4934 0.0352
vn -0.8431 0.4875 -0.2270
vn 0.7171 0.5098 -0.4752
vn -0.5377 0.4313 0.7245
vn 0.7391 0.5073 -0.4431
vn 0.0346 0.4359 0.8993
vn 0.4118 0.4056 0.8161
vn -0.9676 0.2446 -0.0624
vn 0.8522 0.4493 0.2681
vn -0.9580 0.2474 -0.1449
vn 0.7445 0.4447 -0.4980
vn -0.7230 0.2630 0.6389
vn 0.7896 0.4485 -0.4189
vn -0.8696 0.2412 0.4309
vn 0.0386 0.3534 -0.9347
vn -0.1622 0.3557 0.9204
vn 0.1053 0.3637 -0.9256
vn -0.2959 0.3369 0.8938
vn -0.4791 0.2957 -0.8264
vn 0.6710 0.4282 0.6053
vn -0.4241 0.2997 -0.8546
vn 0.8924 0.4500 0.0329
vn 0.8296 0.3763 0.4126
vn -0.8237 -0.0560 0.5642
vn 0.8745 0.3608 -0.3242
vn -0.8659 -0.0688 0.4954
vn 0.3093 0.1977 -0.9302
vn -0.1896 0.1219 0.9743
vn 0.4027 0.2228 -0.8878
vn -0.4407 0.0505 0.8962
vn -0.5630 -0.0339 -0.8258
vn 0.4389 0.2960 0.8484
vn -0.5111 -0.0201 -0.8593
vn 0.2966 0.2591 0.9192
vn -0.9195 -0.1140 -0.3763
vn 0.9221 0.3846 0.0416
vn -0.8977 -0.1107 -0.4264
vn 0.7563 0.3201 -0.5705
vn 0.2816 0.3115 -0.9076
vn -0.8640 0.1816 0.4696
vn 0.8680 0.3932 -0.3033
vn -0.8163 0.1897 0.5456
vn 0.8111 0.4038 0.4230
vn 0.7307 0.3648 -0.5771
vn -0.8886 0.1542 -0.4320
vn 0.9151 0.4028 0.0189
vn -0.9142 0.1540 -0.3749
vn 0.2732 0.3509 0.8957
vn -0.5061 0.2004 -0.8389
vn 0.4347 0.3760 0.8183
vn -0.5678 0.1904 -0.8009
vn -0.4507 0.2279 0.8631
vn 0.3952 0.3272 -0.8583
vn -0.1790 0.2716 0.9456
vn 0.9954 -0.0000 0.0954
vn 0.6364 -0.0000 0.7714
vn -0.0954 -0.0000 0.9954
vn -0.7714 -0.0000 0.6364
vn -0.9954 -0.0000 -0.0954
vn -0.6364 -0.0000 -0.7714
vn 0.0954 -0.0000 -0.9954
vn 0.7714 -0.0000 -0.6364
vn -0.3722 0.6413 0.6710
vn -0.3988 0.5684 -0.7196
vn 0.2476 0.5930 0.7662
vn -0.3389 0.5641 -0.7530
vn 0.7866 0.5399 0.2997
vn -0.7620 0.6103 -0.2167
vn 0.7508 0.5447 0.3736
vn -0.6886 0.5882 -0.4241
vn 0.7411 0.4889 -0.4602
vn -0.6849 0.6637 0.3006
vn 0.7663 0.4925 -0.4126
vn -0.7313 0.6566 0.1846
vn 0.3771 0.5009 -0.7790
vn -0.0834 0.6167 0.7828
vn 0.4210 0.4961 -0.7593
vn 0.4569 0.5679 0.6846
vn 0.2320 0.4461 0.8644
vn -0.8258 0.5156 -0.2285
vn 0.7897 0.4358 0.4318
vn -0.7990 0.5190 -0.3039
vn 0.8177 0.4698 -0.3328
vn -0.7550 0.4786 0.4482
vn 0.8454 0.4654 -0.2620
vn -0.8500 0.4843 0.2073
vn 0.2322 0.4932 -0.8384
vn -0.3073 0.4863 0.8180
vn 0.2697 0.4934 -0.8270
vn -0.4473 0.4875 0.7498
vn -0.2628 0.5098 -0.8192
vn 0.5514 0.4313 0.7141
vn -0.2260 0.5073 -0.8316
vn 0.8750 0.4359 0.2107
vn 0.8972 0.4056 -0.1749
vn -0.3226 0.2446 0.9144
vn 0.4892 0.4493 -0.7475
vn -0.3994 0.2474 0.8828
vn -0.2774 0.4446 -0.8517
vn 0.4188 0.2630 0.8692
vn -0.1889 0.4485 -0.8736
vn 0.1788 0.2412 0.9539
vn -0.8891 0.3534 -0.2908
vn 0.8419 0.3557 0.4059
vn -0.8623 0.3637 -0.3525
vn 0.7800 0.3369 0.5273
vn -0.9254 0.2957 0.2369
vn 0.7646 0.4282 -0.4816
vn -0.9376 0.2997 0.1764
vn 0.2738 0.4500 -0.8500
vn 0.6222 0.3763 -0.6865
vn 0.3196 -0.0560 0.9459
vn -0.0748 0.3608 -0.9296
vn 0.2419 -0.0688 0.9679
vn -0.8114 0.1977 -0.5501
vn 0.8863 0.1219 0.4468
vn -0.7452 0.2228 -0.6285
vn 0.7430 0.0505 0.6673
vn -0.9476 -0.0339 0.3178
vn 0.9356 0.2960 -0.1922
vn -0.9657 -0.0201 0.2588
vn 0.9652 0.2592 -0.0360
vn -0.6117 -0.1140 0.7829
vn 0.2902 0.3846 -0.8763
vn -0.6540 -0.1107 0.7484
vn -0.3439 0.3201 -0.8828
vn -0.7971 0.3115 -0.5173
vn 0.2176 0.1816 0.9590
vn -0.0564 0.3932 -0.9177
vn 0.3036 0.1897 0.9337
vn 0.6273 0.4038 -0.6659
vn -0.3572 0.3648 -0.8598
vn -0.6569 0.1542 0.7380
vn 0.2665 0.4028 -0.8756
vn -0.6089 0.1540 0.7782
vn 0.9362 0.3509 -0.0199
vn -0.9447 0.2004 0.2595
vn 0.9056 0.3760 -0.1964
vn -0.9249 0.1904 0.3292
vn 0.7084 0.2279 0.6680
vn -0.7189 0.3273 -0.6132
vn 0.8616 0.2716 0.4289
vn 0.3619 -0.0000 -0.9322
vn 0.9151 -0.0000 -0.4032
vn 0.9322 -0.0000 0.3619
vn 0.4032 -0.0000 0.9151
vn -0.3620 -0.0000 0.9322
vn -0.9151 -0.0000 0.4032
vn -0.9322 -0.0000 -0.3619
vn -0.4032 -0.0000 -0.9151
vn 0.0973 0.6413 0.7611
vn -0.7475 0.5684 -0.3438
vn 0.6531 0.5930 0.4709
vn -0.7189 0.5641 -0.4062
vn 0.8113 0.5399 -0.2241
vn -0.7424 0.6103 0.2765
vn 0.8263 0.5447 -0.1434
vn -0.8060 0.5882 0.0658
vn 0.3248 0.4889 -0.8096
vn -0.3740 0.6637 0.6478
vn 0.3733 0.4925 -0.7862
vn -0.4801 0.6566 0.5818
vn -0.1573 0.5009 -0.8511
vn 0.3962 0.6167 0.6802
vn -0.1103 0.4961 -0.8612
vn 0.7735 0.5679 0.2813
vn 0.6987 0.4461 0.5593
vn -0.8008 0.5156 0.3048
vn 0.8921 0.4358 -0.1195
vn -0.8238 0.5190 0.2281
vn 0.4619 0.4698 -0.7523
vn -0.3431 0.4786 0.8082
vn 0.5263 0.4654 -0.7116
vn -0.5623 0.4843 0.6703
vn -0.3092 0.4932 -0.8131
vn 0.2367 0.4863 0.8412
vn -0.2723 0.4934 -0.8261
vn 0.0835 0.4875 0.8691
vn -0.6968 0.5098 -0.5046
vn 0.8671 0.4313 0.2491
vn -0.6745 0.5073 -0.5364
vn 0.8299 0.4359 -0.3482
vn 0.6195 0.4056 -0.6721
vn 0.2814 0.2446 0.9279
vn -0.0483 0.4493 -0.8921
vn 0.2008 0.2474 0.9479
vn -0.7277 0.4446 -0.5222
vn 0.8521 0.2630 0.4526
vn -0.6695 0.4485 -0.5922
vn 0.7088 0.2412 0.6629
vn -0.8887 0.3534 0.2920
vn 0.9188 0.3557 -0.1713
vn -0.9036 0.3637 0.2264
vn 0.9408 0.3369 -0.0368
vn -0.6056 0.2957 0.7388
vn 0.3311 0.4282 -0.8408
vn -0.6512 0.2997 0.6972
vn -0.2825 0.4500 -0.8471
vn 0.0950 0.3763 -0.9216
vn 0.8175 -0.0560 0.5731
vn -0.6106 0.3608 -0.7049
vn 0.7679 -0.0688 0.6368
vn -0.9796 0.1977 0.0370
vn 0.9788 0.1219 -0.1646
vn -0.9727 0.2228 -0.0653
vn 0.9939 0.0505 0.0979
vn -0.5755 -0.0338 0.8171
vn 0.6403 0.2960 -0.7088
vn -0.6251 -0.0201 0.7803
vn 0.7565 0.2591 -0.6004
vn -0.0295 -0.1140 0.9930
vn -0.2849 0.3846 -0.8780
vn -0.0840 -0.1107 0.9903
vn -0.7998 0.3201 -0.5078
vn -0.9487 0.3115 0.0550
vn 0.7431 0.1816 0.6440
vn -0.5887 0.3932 -0.7062
vn 0.7975 0.1897 0.5727
vn 0.1113 0.4038 -0.9080
vn -0.7969 0.3648 -0.4815
vn -0.0925 0.1542 0.9837
vn -0.3036 0.4028 -0.8635
vn -0.0300 0.1540 0.9876
vn 0.7427 0.3509 -0.5703
vn -0.6078 0.2004 0.7684
vn 0.6135 0.3760 -0.6944
vn -0.5505 0.1904 0.8129
vn 0.9664 0.2279 0.1190
vn -0.9424 0.3273 -0.0686
vn 0.9482 0.2716 -0.1644
vn -0.2602 -0.0000 -0.9656
vn 0.4988 -0.0000 -0.8667
vn 0.9656 -0.0000 -0.2602
vn 0.8667 -0.0000 0.4988
vn 0.2602 -0.0000 0.9656
vn -0.4988 -0.0000 0.8667
vn -0.9656 -0.0000 0.2602
vn -0.8667 -0.0000 -0.4988
vn -0.7582 0.6413 -0.1179
vn 0.5379 0.5684 -0.6226
vn -0.6338 0.5930 0.4966
vn 0.5899 0.5641 -0.5778
vn -0.0101 0.5399 0.8417
vn -0.0595 0.6103 -0.7900
vn -0.0917 0.5447 0.8336
vn 0.1606 0.5882 -0.7926
vn 0.6876 0.4889 0.5369
vn -0.5184 0.6637 -0.5392
vn 0.6516 0.4925 0.5770
vn -0.4255 0.6566 -0.6228
vn 0.8613 0.5009 0.0853
vn -0.7635 0.6167 0.1917
vn 0.8580 0.4961 0.1333
vn -0.4850 0.5679 0.6650
vn -0.7313 0.4461 0.5159
vn -0.0704 0.5156 -0.8540
vn -0.1330 0.4358 0.8902
vn 0.0096 0.5190 -0.8547
vn 0.5944 0.4698 0.6527
vn -0.6811 0.4786 -0.5541
vn 0.5375 0.4654 0.7032
vn -0.4878 0.4843 -0.7263
vn 0.8670 0.4932 -0.0712
vn -0.8738 0.4863 -0.0063
vn 0.8692 0.4934 -0.0321
vn -0.8581 0.4875 -0.1612
vn 0.6782 0.5098 -0.5292
vn -0.4801 0.4313 0.7638
vn 0.7027 0.5073 -0.4989
vn 0.1040 0.4359 0.8940
vn 0.4736 0.4056 0.7818
vn -0.9695 0.2446 0.0126
vn 0.8704 0.4493 0.2014
vn -0.9664 0.2474 -0.0704
vn 0.7038 0.4447 -0.5541
vn -0.6714 0.2630 0.6928
vn 0.7548 0.4485 -0.4787
vn -0.8336 0.2412 0.4968
vn -0.0337 0.3534 -0.9348
vn -0.0906 0.3557 0.9302
vn 0.0335 0.3637 -0.9309
vn -0.2259 0.3369 0.9140
vn -0.5416 0.2957 -0.7869
vn 0.7158 0.4282 0.5516
vn -0.4889 0.2997 -0.8192
vn 0.8923 0.4500 -0.0362
vn 0.8590 0.3763 0.3472
vn -0.7776 -0.0560 0.6262
vn 0.8468 0.3608 -0.3908
vn -0.8250 -0.0688 0.5609
vn 0.2365 0.1977 -0.9513
vn -0.1137 0.1219 0.9860
vn 0.3329 0.2228 -0.9163
vn -0.3701 0.0505 0.9276
vn -0.6251 -0.0339 -0.7798
vn 0.5031 0.2960 0.8119
vn -0.5760 -0.0201 -0.8172
vn 0.3667 0.2592 0.8935
vn -0.9458 -0.1140 -0.3041
vn 0.9226 0.3846 -0.0298
vn -0.9280 -0.1107 -0.3557
vn 0.7100 0.3201 -0.6273
vn 0.2106 0.3115 -0.9266
vn -0.8251 0.1816 0.5350
vn 0.8420 0.3932 -0.3694
vn -0.7717 0.1897 0.6070
vn 0.8414 0.4038 0.3591
vn 0.6839 0.3648 -0.6319
vn -0.9193 0.1542 -0.3621
vn 0.9138 0.4028 -0.0519
vn -0.9404 0.1540 -0.3031
vn 0.3416 0.3509 0.8719
vn -0.5694 0.2004 -0.7973
vn 0.4967 0.3760 0.7823
vn -0.6280 0.1904 -0.7546
vn -0.3827 0.2279 0.8953
vn 0.3276 0.3273 -0.8863
vn -0.1054 0.2716 0.9566
vn 0.9998 -0.0000 0.0182
vn 0.6941 -0.0000 0.7199
vn -0.0182 -0.0000 0.9998
vn -0.7199 -0.0000 0.6941
vn -0.9998 -0.0000 -0.0182
vn -0.6941 -0.0000 -0.7199
vn 0.0182 -0.0000 -0.9998
vn 0.7199 -0.0000 -0.6941
vn 0.5448 0.4698 0.6947
vn -0.5350 0.4313 0.7265
vn -0.9678 0.2446 -0.0587
vn -0.1859 0.1219 0.9750
vn -0.4374 0.0505 0.8979
vn -0.5660 -0.0339 -0.8237
vn 0.4420 0.2960 0.8467
vn -0.5143 -0.0201 -0.8574
vn 0.3000 0.2592 0.9181
vn -0.9209 -0.1140 -0.3729
vn 0.9223 0.3846 0.0382
vn 0.3871 0.6413 -0.6625
vn 0.3827 0.5684 0.7283
vn -0.2304 0.5930 -0.7716
vn 0.3220 0.5641 0.7604
vn -0.7797 0.5399 -0.3172
vn 0.7570 0.6103 0.2336
vn -0.7423 0.5447 -0.3903
vn 0.6789 0.5882 0.4394
vn -0.7512 0.4889 0.4436
vn 0.6915 0.6637 -0.2852
vn -0.7753 0.4925 0.3954
vn 0.7353 0.6566 -0.1683
vn -0.3944 0.5009 0.7704
vn 0.1008 0.6167 -0.7807
vn -0.4379 0.4961 0.7498
vn -0.4415 0.5679 -0.6947
vn -0.2126 0.4461 -0.8694
vn 0.8205 0.5156 0.2469
vn -0.7798 0.4358 -0.4494
vn 0.7920 0.5190 0.3216
vn -0.8249 0.4698 0.3144
vn 0.7648 0.4786 -0.4312
vn -0.8511 0.4654 0.2430
vn 0.8544 0.4843 -0.1883
vn -0.2508 0.4932 0.8330
vn 0.3255 0.4863 -0.8109
vn -0.2881 0.4934 0.8207
vn 0.4639 0.4875 -0.7397
vn 0.2445 0.5098 0.8248
vn -0.5353 0.4313 -0.7262
vn 0.2073 0.5073 0.8365
vn -0.8700 0.4359 -0.2302
vn -0.9009 0.4056 0.1549
vn 0.3429 0.2446 -0.9070
vn -0.5058 0.4493 0.7364
vn 0.4190 0.2474 -0.8736
vn 0.2583 0.4446 0.8577
vn -0.3992 0.2630 -0.8783
vn 0.1694 0.4485 0.8776
vn -0.1575 0.2412 -0.9576
vn 0.8824 0.3534 0.3106
vn -0.8326 0.3557 -0.4246
vn 0.8542 0.3637 0.3717
vn -0.7680 0.3369 -0.5446
vn 0.9305 0.2957 -0.2162
vn -0.7752 0.4282 0.4644
vn 0.9413 0.2997 -0.1554
vn -0.2928 0.4500 0.8437
vn -0.6374 0.3763 0.6724
vn -0.2983 -0.0560 -0.9528
vn 0.0540 0.3608 0.9311
vn -0.2202 -0.0688 -0.9730
vn 0.7989 0.1977 0.5681
vn -0.8761 0.1219 -0.4665
vn 0.7310 0.2228 0.6450
vn -0.7279 0.0505 -0.6838
vn 0.9544 -0.0339 -0.2965
vn -0.9397 0.2960 0.1712
vn 0.9713 -0.0201 -0.2372
vn -0.9657 0.2591 0.0145
vn 0.6290 -0.1140 -0.7690
vn -0.3097 0.3846 0.8696
vn 0.6706 -0.1107 -0.7336
vn 0.3241 0.3201 0.8902
vn 0.7854 0.3115 0.5350
vn -0.1961 0.1816 -0.9636
vn 0.0358 0.3932 0.9187
vn -0.2827 0.1897 -0.9403
vn -0.6420 0.4038 0.6517
vn 0.3379 0.3648 0.8676
vn 0.6732 0.1542 -0.7232
vn -0.2860 0.4028 0.8695
vn 0.6261 0.1540 -0.7644
vn -0.9364 0.3509 -0.0010
vn 0.9503 0.2004 -0.2383
vn -0.9097 0.3760 0.1761
vn 0.9320 0.1904 -0.3085
vn -0.6933 0.2279 -0.6837
vn 0.7050 0.3272 0.6291
vn -0.8518 0.2716 -0.4480
vn -0.3827 -0.0000 0.9239
vn -0.9239 -0.0000 0.3827
vn -0.9239 -0.0000 -0.3827
vn -0.3827 -0.0000 -0.9239
vn 0.3827 -0.0000 -0.9239
vn 0.9239 -0.0000 -0.3827
vn 0.9239 -0.0000 0.3827
vn 0.3827 -0.0000 0.9239
vn 0.5289 0.6413 0.5559
vn -0.8060 0.5684 0.1653
vn 0.8052 0.5930 -0.0070
vn -0.8199 0.5641 0.0981
vn 0.5213 0.5399 -0.6609
vn -0.4347 0.6103 0.6623
vn 0.5811 0.5447 -0.6047
vn -0.6107 0.5882 0.5302
vn -0.2175 0.4889 -0.8448
vn 0.0820 0.6637 0.7435
vn -0.1645 0.4925 -0.8546
vn -0.0426 0.6566 0.7531
vn -0.6306 0.5009 -0.5929
vn 0.7220 0.6167 0.3137
vn -0.5986 0.4961 -0.6289
vn 0.7899 0.5679 -0.2312
vn 0.8942 0.4461 0.0372
vn -0.4650 0.5156 0.7197
vn 0.6483 0.4358 -0.6244
vn -0.5289 0.5190 0.6715
vn -0.0730 0.4698 -0.8798
vn 0.2019 0.4786 0.8545
vn 0.0029 0.4654 -0.8851
vn -0.0564 0.4843 0.8731
vn -0.7305 0.4932 -0.4723
vn 0.6886 0.4863 0.5379
vn -0.7084 0.4934 -0.5047
vn 0.5817 0.4875 0.6511
vn -0.8603 0.5098 0.0058
vn 0.8463 0.4313 -0.3125
vn -0.8612 0.5073 -0.0331
vn 0.4628 0.4359 -0.7719
vn 0.1014 0.4056 -0.9084
vn 0.7760 0.2446 0.5813
vn -0.5669 0.4493 -0.6904
vn 0.7229 0.2474 0.6452
vn -0.8956 0.4446 0.0099
vn 0.9546 0.2630 -0.1396
vn -0.8901 0.4485 -0.0810
vn 0.9637 0.2412 0.1147
vn -0.5434 0.3534 0.7614
vn 0.6391 0.3557 -0.6819
vn -0.5943 0.3637 0.7173
vn 0.7365 0.3369 -0.5866
vn -0.0508 0.2957 0.9539
vn -0.2308 0.4282 -0.8737
vn -0.1122 0.2997 0.9474
vn -0.7292 0.4500 -0.5156
vn -0.4690 0.3763 -0.7991
vn 0.9982 -0.0560 -0.0220
vn -0.9094 0.3608 -0.2067
vn 0.9959 -0.0688 0.0587
vn -0.7676 0.1977 0.6097
vn 0.6915 0.1219 -0.7120
vn -0.8226 0.2228 0.5231
vn 0.8590 0.0505 -0.5094
vn 0.0198 -0.0339 0.9992
vn 0.0965 0.2960 -0.9503
vn -0.0419 -0.0201 0.9989
vn 0.2543 0.2591 -0.9318
vn 0.5641 -0.1140 0.8178
vn -0.7493 0.3846 -0.5391
vn 0.5185 -0.1107 0.8479
vn -0.9452 0.3201 0.0641
vn -0.7320 0.3115 0.6059
vn 0.9802 0.1816 0.0792
vn -0.8925 0.3932 -0.2207
vn 0.9818 0.1897 -0.0104
vn -0.4478 0.4038 -0.7977
vn -0.9273 0.3648 0.0837
vn 0.5077 0.1542 0.8476
vn -0.7558 0.4028 -0.5162
vn 0.5604 0.1540 0.8138
vn 0.2610 0.3509 -0.8993
vn -0.0350 0.2004 0.9791
vn 0.0835 0.3760 -0.9228
vn 0.0375 0.1904 0.9810
vn 0.8493 0.2279 -0.4761
vn -0.8002 0.3272 0.5026
vn 0.6670 0.2716 -0.6938
vn -0.7812 -0.0000 -0.6242
vn -0.1110 -0.0000 -0.9938
vn 0.6242 -0.0000 -0.7812
vn 0.9938 -0.0000 -0.1110
vn 0.7812 -0.0000 0.6242
vn 0.1110 -0.0000 0.9938
vn -0.6242 -0.0000 0.7812
vn -0.9938 -0.0000 0.1110
vn -0.1759 0.6413 -0.7469
vn 0.7791 0.5684 0.2643
vn -0.6985 0.5930 -0.4005
vn 0.7572 0.5641 0.3293
vn -0.7837 0.5399 0.3072
vn 0.7096 0.6103 -0.3522
vn -0.8069 0.5447 0.2285
vn 0.7948 0.5882 -0.1492
vn -0.2389 0.4889 0.8390
vn 0.3047 0.6637 -0.6831
vn -0.2896 0.4925 0.8207
vn 0.4170 0.6566 -0.6285
vn 0.2449 0.5009 0.8301
vn -0.4648 0.6167 -0.6354
vn 0.1991 0.4961 0.8451
vn -0.7986 0.5679 -0.1994
vn -0.7531 0.4461 -0.4836
vn 0.7648 0.5156 -0.3863
vn -0.8748 0.4358 0.2115
vn 0.7956 0.5190 -0.3125
vn -0.3813 0.4698 0.7962
vn 0.2573 0.4786 -0.8395
vn -0.4495 0.4654 0.7625
vn 0.4896 0.4843 -0.7251
vn 0.3920 0.4932 0.7766
vn -0.3228 0.4863 -0.8120
vn 0.3566 0.4934 0.7933
vn -0.1733 0.4875 -0.8557
vn 0.7454 0.5098 0.4294
vn -0.8883 0.4313 -0.1576
vn 0.7266 0.5073 0.4635
vn -0.7892 0.4359 0.4325
vn -0.5463 0.4056 0.7329
vn -0.3763 0.2446 -0.8936
vn 0.1407 0.4493 0.8822
vn -0.2982 0.2474 -0.9219
vn 0.7781 0.4446 0.4437
vn -0.8945 0.2630 -0.3616
vn 0.7274 0.4485 0.5194
vn -0.7739 0.2412 -0.5856
vn 0.8536 0.3534 -0.3828
vn -0.8960 0.3557 0.2659
vn 0.8752 0.3637 -0.3191
vn -0.9319 0.3369 0.1344
vn 0.5255 0.2957 -0.7977
vn -0.2419 0.4282 0.8707
vn 0.5752 0.2997 -0.7611
vn 0.3690 0.4500 0.8132
vn 0.0013 0.3763 0.9265
vn -0.8727 -0.0560 -0.4851
vn 0.6806 0.3608 0.6377
vn -0.8300 -0.0688 -0.5536
vn 0.9704 0.1977 -0.1386
vn -0.9564 0.1219 0.2654
vn 0.9742 0.2228 -0.0361
vn -0.9987 0.0505 0.0059
vn 0.4875 -0.0338 -0.8725
vn -0.5631 0.2960 0.7715
vn 0.5406 -0.0201 -0.8410
vn -0.6900 0.2591 0.6758
vn -0.0739 -0.1140 -0.9907
vn 0.3746 0.3846 0.8437
vn -0.0193 -0.1107 -0.9937
vn 0.8482 0.3201 0.4220
vn 0.9378 0.3115 -0.1533
vn -0.8060 0.1816 -0.5633
vn 0.6589 0.3932 0.6412
vn -0.8527 0.1897 -0.4868
vn -0.0163 0.4038 0.9147
vn 0.8426 0.3648 0.3961
vn -0.0102 0.1542 -0.9880
vn 0.3917 0.4028 0.8272
vn -0.0728 0.1540 -0.9854
vn -0.6794 0.3509 0.6444
vn 0.5246 0.2004 -0.8274
vn -0.5381 0.3760 0.7544
vn 0.4630 0.1904 -0.8657
vn -0.9735 0.2279 -0.0179
vn 0.9445 0.3273 -0.0297
vn -0.9260 0.2716 0.2621
vn 0.3591 -0.0000 0.9333
vn -0.4060 -0.0000 0.9139
vn -0.9333 -0.0000 0.3591
vn -0.9139 -0.0000 -0.4060
vn -0.3591 -0.0000 -0.9333
vn 0.4060 -0.0000 -0.9139
vn 0.9333 -0.0000 -0.3591
vn 0.9139 -0.0000 0.4060
vn 0.7663 0.6413 0.0385
vn -0.4703 0.5684 0.6751
vn 0.5788 0.5930 -0.5598
vn -0.5266 0.5641 0.6360
vn -0.0775 0.5399 -0.8382
vn 0.1412 0.6103 0.7795
vn 0.0046 0.5447 -0.8386
vn -0.0774 0.5882 0.8050
vn -0.7397 0.4889 -0.4625
vn 0.5716 0.6637 0.4824
vn -0.7080 0.4925 -0.5061
vn 0.4880 0.6566 0.5752
vn -0.8655 0.5009 0.0047
vn 0.7394 0.6167 -0.2700
vn -0.8672 0.4961 -0.0434
vn 0.4133 0.5679 -0.7118
vn 0.6738 0.4461 -0.5891
vn 0.1587 0.5156 0.8420
vn 0.0397 0.4358 -0.8992
vn 0.0792 0.5190 0.8511
vn -0.6590 0.4698 -0.5874
vn 0.7350 0.4786 0.4803
vn -0.6076 0.4654 -0.6435
vn 0.5606 0.4843 0.6717
vn -0.8549 0.4932 0.1609
vn 0.8697 0.4863 -0.0846
vn -0.8612 0.4934 0.1222
vn 0.8702 0.4875 0.0712
vn -0.6196 0.5098 0.5968
vn 0.3981 0.4313 -0.8096
vn -0.6470 0.5073 0.5693
vn -0.1963 0.4359 -0.8783
vn -0.5523 0.4056 -0.7283
vn 0.9630 0.2446 -0.1133
vn -0.8866 0.4493 -0.1099
vn 0.9684 0.2474 -0.0304
vn -0.6424 0.4447 0.6242
vn 0.5958 0.2630 -0.7589
vn -0.7010 0.4485 0.5545
vn 0.7775 0.2412 -0.5808
vn 0.1307 0.3534 0.9263
vn -0.0066 0.3557 -0.9346
vn 0.0634 0.3637 0.9294
vn 0.1297 0.3369 -0.9326
vn 0.6204 0.2957 0.7264
vn -0.7692 0.4282 -0.4742
vn 0.5714 0.2997 0.7640
vn -0.8837 0.4500 0.1287
vn -0.8904 0.3763 -0.2561
vn 0.7084 -0.0560 -0.7036
vn -0.8016 0.3608 0.4767
vn 0.7623 -0.0688 -0.6435
vn -0.1364 0.1977 0.9707
vn 0.0107 0.1219 -0.9925
vn -0.2358 0.2228 0.9459
vn 0.2717 0.0505 -0.9611
vn 0.7027 -0.0338 0.7106
vn -0.5848 0.2960 -0.7552
vn 0.6578 -0.0201 0.7529
vn -0.4576 0.2592 -0.8506
vn 0.9723 -0.1140 0.2042
vn -0.9145 0.3846 0.1255
vn 0.9599 -0.1107 0.2574
vn -0.6410 0.3201 0.6976
vn -0.1132 0.3115 0.9435
vn 0.7650 0.1816 -0.6179
vn -0.7990 0.3932 0.4549
vn 0.7044 0.1897 -0.6839
vn -0.8742 0.4038 -0.2697
vn -0.6145 0.3648 0.6995
vn 0.9520 0.1542 0.2646
vn -0.9035 0.4028 0.1465
vn 0.9668 0.1540 0.2038
vn -0.4304 0.3509 -0.8317
vn 0.6491 0.2004 0.7338
vn -0.5753 0.3760 -0.7264
vn 0.7030 0.1904 0.6852
vn 0.2876 0.2279 -0.9302
vn -0.2338 0.3273 0.9156
vn 0.0054 0.2716 -0.9624
vn -0.9963 -0.0000 0.0858
vn -0.7652 -0.0000 -0.6438
vn -0.0858 -0.0000 -0.9963
vn 0.6439 -0.0000 -0.7651
vn 0.9963 -0.0000 -0.0858
vn 0.7652 -0.0000 0.6438
vn 0.0858 -0.0000 0.9963
vn -0.6438 -0.0000 0.7652
vn 0.6404 0.6413 -0.4227
vn 0.0207 0.5684 0.8225
vn 0.1350 0.5930 -0.7938
vn -0.0479 0.5641 0.8243
vn -0.5586 0.5399 -0.6296
vn 0.5753 0.6103 0.5446
vn -0.4928 0.5447 -0.6786
vn 0.4142 0.5882 0.6946
vn -0.8699 0.4889 0.0652
vn 0.7463 0.6637 0.0504
vn -0.8702 0.4925 0.0112
vn 0.7338 0.6566 0.1747
vn -0.6947 0.5009 0.5162
vn 0.4361 0.6167 -0.6554
vn -0.7246 0.4961 0.4784
vn -0.0883 0.5679 -0.8183
vn 0.1942 0.4461 -0.8737
vn 0.6264 0.5156 0.5846
vn -0.5003 0.4358 -0.7482
vn 0.5677 0.5190 0.6390
vn -0.8788 0.4698 -0.0833
vn 0.8767 0.4786 -0.0481
vn -0.8707 0.4654 -0.1589
vn 0.8495 0.4843 0.2095
vn -0.5937 0.4932 0.6358
vn 0.6509 0.4863 -0.5830
vn -0.6217 0.4934 0.6084
vn 0.7434 0.4875 -0.4578
vn -0.1460 0.5098 0.8478
vn -0.1584 0.4313 -0.8882
vn -0.1844 0.5073 0.8418
vn -0.6782 0.4359 -0.5916
vn -0.8763 0.4056 -0.2600
vn 0.7090 0.2446 -0.6614
vn -0.7796 0.4493 0.4363
vn 0.7625 0.2474 -0.5979
vn -0.1482 0.4447 0.8834
vn 0.0309 0.2630 -0.9643
vn -0.2367 0.4485 0.8619
vn 0.2828 0.2412 -0.9284
vn 0.6537 0.3534 0.6692
vn -0.5586 0.3557 -0.7493
vn 0.6013 0.3637 0.7114
vn -0.4475 0.3369 -0.8284
vn 0.9300 0.2957 0.2181
vn -0.9007 0.4282 0.0732
vn 0.9128 0.2997 0.2774
vn -0.6360 0.4500 0.6269
vn -0.8692 0.3763 0.3208
vn 0.1543 -0.0560 -0.9864
vn -0.3638 0.3608 0.8588
vn 0.2334 -0.0688 -0.9700
vn 0.4648 0.1977 0.8631
vn -0.5790 0.1219 -0.8062
vn 0.3699 0.2228 0.9019
vn -0.3500 0.0505 -0.9354
vn 0.9871 -0.0338 0.1567
vn -0.9184 0.2960 -0.2625
vn 0.9759 -0.0201 0.2173
vn -0.8723 0.2591 -0.4146
vn 0.9044 -0.1140 -0.4111
vn -0.6627 0.3846 0.6426
vn 0.9260 -0.1107 -0.3608
vn -0.1035 0.3201 0.9417
vn 0.4673 0.3115 0.8274
vn 0.2508 0.1816 -0.9509
vn -0.3746 0.3932 0.8397
vn 0.1628 0.1897 -0.9682
vn -0.8642 0.4038 0.3002
vn -0.0811 0.3648 0.9275
vn 0.9238 0.1542 -0.3504
vn -0.6414 0.4028 0.6530
vn 0.8998 0.1540 -0.4082
vn -0.8392 0.3509 -0.4155
vn 0.9576 0.2004 0.2071
vn -0.8937 0.3760 -0.2449
vn 0.9722 0.1904 0.1361
vn -0.3190 0.2279 -0.9200
vn 0.3536 0.3272 0.8763
vn -0.5654 0.2716 -0.7788
vn -0.7522 -0.0000 0.6590
vn -0.9978 -0.0000 -0.0659
vn -0.6590 -0.0000 -0.7522
vn 0.0659 -0.0000 -0.9978
vn 0.7522 -0.0000 -0.6590
vn 0.9978 -0.0000 0.0659
vn 0.6590 -0.0000 0.7522
vn -0.0659 -0.0000 0.9978
vn 0.2282 0.6413 0.7326
vn -0.7959 0.5684 -0.2086
vn 0.7251 0.5930 0.3502
vn -0.7786 0.5641 -0.2750
vn 0.7600 0.5399 -0.3618
vn -0.6830 0.6103 0.4014
vn 0.7887 0.5447 -0.2849
vn -0.7823 0.5882 0.2050
vn 0.1790 0.4889 -0.8538
vn -0.2557 0.6637 0.7029
vn 0.2309 0.4925 -0.8391
vn -0.3716 0.6566 0.6564
vn -0.3029 0.5009 -0.8108
vn 0.5085 0.6167 0.6009
vn -0.2584 0.4961 -0.8289
vn 0.8107 0.5679 0.1424
vn 0.7853 0.4461 0.4292
vn -0.7356 0.5156 0.4394
vn 0.8577 0.4358 -0.2728
vn -0.7716 0.5190 0.3679
vn 0.3241 0.4698 -0.8211
vn -0.1973 0.4786 0.8556
vn 0.3945 0.4654 -0.7923
vn -0.4372 0.4843 0.7579
vn -0.4459 0.4932 -0.7469
vn 0.3793 0.4863 0.7872
vn -0.4118 0.4934 -0.7662
vn 0.2333 0.4875 0.8413
vn -0.7739 0.5098 -0.3757
vn 0.8972 0.4313 0.0945
vn -0.7575 0.5073 -0.4110
vn 0.7567 0.4359 -0.4872
vn 0.4931 0.4056 -0.7696
vn 0.4385 0.2446 0.8648
vn -0.2027 0.4493 -0.8701
vn 0.3626 0.2474 0.8985
vn -0.8075 0.4447 -0.3877
vn 0.9178 0.2630 0.2975
vn -0.7622 0.4485 -0.4667
vn 0.8133 0.2412 0.5295
vn -0.8244 0.3534 0.4421
vn 0.8750 0.3557 -0.3285
vn -0.8505 0.3637 0.3801
vn 0.9201 0.3369 -0.1999
vn -0.4679 0.2957 0.8329
vn 0.1798 0.4282 -0.8856
vn -0.5200 0.2997 0.7998
vn -0.4256 0.4500 -0.7851
vn -0.0667 0.3763 -0.9241
vn 0.9048 -0.0560 0.4222
vn -0.7239 0.3608 -0.5880
vn 0.8670 -0.0688 0.4936
vn -0.9582 0.1977 0.2068
vn 0.9353 0.1219 -0.3323
vn -0.9692 0.2228 0.1049
vn 0.9958 0.0505 -0.0764
vn -0.4247 -0.0339 0.9047
vn 0.5072 0.2960 -0.8094
vn -0.4798 -0.0201 0.8771
vn 0.6406 0.2591 -0.7229
vn 0.1437 -0.1140 0.9830
vn -0.4332 0.3846 -0.8151
vn 0.0895 -0.1107 0.9898
vn -0.8759 0.3201 -0.3610
vn -0.9246 0.3115 0.2192
vn 0.8438 0.1816 0.5050
vn -0.7026 0.3932 -0.5931
vn 0.8849 0.1897 0.4253
vn -0.0483 0.4038 -0.9136
vn -0.8685 0.3648 -0.3355
vn 0.0800 0.1542 0.9848
vn -0.4492 0.4028 -0.7975
vn 0.1422 0.1540 0.9778
vn 0.6322 0.3509 -0.6908
vn -0.4649 0.2004 0.8624
vn 0.4834 0.3760 -0.7905
vn -0.4007 0.1904 0.8962
vn 0.9724 0.2279 -0.0509
vn -0.9400 0.3272 0.0963
vn 0.9052 0.2716 -0.3268
vn -0.4241 -0.0000 -0.9056
vn 0.3404 -0.0000 -0.9403
vn 0.9056 -0.0000 -0.4242
vn 0.9403 -0.0000 0.3404
vn 0.4241 -0.0000 0.9056
vn -0.3404 -0.0000 0.9403
vn -0.9056 -0.0000 0.4241
vn -0.9403 -0.0000 -0.3404
vn 0.1730 0.6413 -0.7475
vn 0.5816 0.5684 0.5819
vn -0.4490 0.5930 -0.6684
vn 0.5332 0.5641 0.6305
vn -0.8387 0.5399 -0.0715
vn 0.7922 0.6103 -0.0016
vn -0.8247 0.5447 -0.1523
vn 0.7787 0.5882 0.2181
vn -0.5857 0.4889 0.6465
vn 0.5756 0.6637 -0.4776
vn -0.6230 0.4925 0.6077
vn 0.6522 0.6566 -0.3789
vn -0.1480 0.5009 0.8528
vn -0.1354 0.6167 -0.7755
vn -0.1956 0.4961 0.8459
vn -0.6278 0.5679 -0.5323
vn -0.4611 0.4461 -0.7671
vn 0.8568 0.5156 -0.0078
vn -0.8781 0.4358 -0.1976
vn 0.8518 0.5190 0.0721
vn -0.6944 0.4698 0.5451
vn 0.6023 0.4786 -0.6388
vn -0.7406 0.4654 0.4847
vn 0.7600 0.4843 -0.4334
vn 0.0077 0.4932 0.8699
vn 0.0701 0.4863 -0.8710
vn -0.0315 0.4934 0.8692
vn 0.2234 0.4875 -0.8440
vn 0.4783 0.5098 0.7151
vn -0.7267 0.4313 -0.5346
vn 0.4463 0.5073 0.7372
vn -0.8992 0.4359 0.0384
vn -0.8143 0.4056 0.4153
vn 0.0582 0.2446 -0.9679
vn -0.2644 0.4493 0.8533
vn 0.1408 0.2474 -0.9586
vn 0.5012 0.4446 0.7424
vn -0.6419 0.2630 -0.7202
vn 0.4222 0.4485 0.7878
vn -0.4346 0.2412 -0.8677
vn 0.9348 0.3534 0.0347
vn -0.9211 0.3557 -0.1583
vn 0.9260 0.3637 0.1014
vn -0.8951 0.3369 -0.2921
vn 0.8244 0.2957 -0.4826
vn -0.6024 0.4282 0.6736
vn 0.8528 0.2997 -0.4278
vn -0.0291 0.4500 0.8925
vn -0.4091 0.3763 0.8313
vn -0.5677 -0.0560 -0.8213
vn 0.3279 0.3608 0.8731
vn -0.4991 -0.0688 -0.8638
vn 0.9315 0.1977 0.3053
vn -0.9751 0.1219 -0.1855
vn 0.8895 0.2228 0.3989
vn -0.8981 0.0505 -0.4369
vn 0.8234 -0.0339 -0.5665
vn -0.8465 0.2960 0.4425
vn 0.8571 -0.0201 -0.5148
vn -0.9179 0.2592 0.3005
vn 0.3724 -0.1140 -0.9211
vn -0.0377 0.3846 0.9223
vn 0.4226 -0.1107 -0.8995
vn 0.5737 0.3201 0.7539
vn 0.9088 0.3115 0.2777
vn -0.4733 0.1816 -0.8620
vn 0.3069 0.3932 0.8667
vn -0.5490 0.1897 -0.8140
vn -0.4196 0.4038 0.8129
vn 0.5802 0.3648 0.7282
vn 0.4282 0.1542 -0.8904
vn -0.0150 0.4028 0.9152
vn 0.3710 0.1540 -0.9158
vn -0.8945 0.3509 0.2770
vn 0.8367 0.2004 -0.5096
vn -0.8165 0.3760 0.4382
vn 0.7984 0.1904 -0.5712
vn -0.8650 0.2279 -0.4471
vn 0.8600 0.3272 0.3915
vn -0.9464 0.2716 -0.1750
vn -0.0912 -0.0000 0.9958
vn -0.7687 -0.0000 0.6397
vn -0.9958 -0.0000 -0.0912
vn -0.6397 -0.0000 -0.7687
vn 0.0912 -0.0000 -0.9958
vn 0.7687 -0.0000 -0.6397
vn 0.9958 -0.0000 0.0912
vn 0.6397 -0.0000 0.7687
vn 0.6701 0.6413 0.3738
vn -0.7206 0.5684 0.3971
vn 0.7668 0.5930 -0.2457
vn -0.7538 0.5641 0.3371
vn 0.3016 0.5399 -0.7858
vn -0.2185 0.6103 0.7615
vn 0.3754 0.5447 -0.7499
vn -0.4258 0.5882 0.6875
vn -0.4584 0.4889 -0.7422
vn 0.2990 0.6637 0.6857
vn -0.4107 0.4925 -0.7673
vn 0.1829 0.6566 0.7318
vn -0.7781 0.5009 -0.3790
vn 0.7826 0.6167 0.0853
vn -0.7583 0.4961 -0.4228
vn 0.6857 0.5679 -0.4552
vn 0.8649 0.4461 -0.2299
vn -0.2305 0.5156 0.8253
vn 0.4337 0.4358 -0.7886
vn -0.3058 0.5190 0.7982
vn -0.3308 0.4698 -0.8185
vn 0.4464 0.4786 0.7561
vn -0.2599 0.4654 -0.8461
vn 0.2053 0.4843 0.8505
vn -0.8378 0.4932 -0.2342
vn 0.8173 0.4863 0.3092
vn -0.8263 0.4934 -0.2717
vn 0.7488 0.4875 0.4491
vn -0.8198 0.5098 0.2608
vn 0.7154 0.4313 -0.5497
vn -0.8322 0.5073 0.2240
vn 0.2128 0.4359 -0.8745
vn -0.1728 0.4056 -0.8976
vn 0.9136 0.2446 0.3248
vn -0.7463 0.4493 -0.4910
vn 0.8818 0.2474 0.4015
vn -0.8523 0.4447 0.2753
vn 0.8702 0.2630 -0.4167
vn -0.8740 0.4485 0.1868
vn 0.9543 0.2412 -0.1765
vn -0.2929 0.3534 0.8884
vn 0.4079 0.3557 -0.8409
vn -0.3546 0.3637 0.8614
vn 0.5292 0.3369 -0.7787
vn 0.2347 0.2957 0.9260
vn -0.4798 0.4282 -0.7658
vn 0.1741 0.2997 0.9380
vn -0.8493 0.4500 -0.2759
vn -0.6850 0.3763 -0.6239
vn 0.9467 -0.0560 -0.3173
vn -0.9298 0.3608 0.0725
vn 0.9684 -0.0688 -0.2396
vn -0.5520 0.1977 0.8100
vn 0.4490 0.1219 -0.8852
vn -0.6303 0.2228 0.7437
vn 0.6691 0.0505 -0.7414
vn 0.3155 -0.0338 0.9483
vn -0.1899 0.2960 -0.9361
vn 0.2565 -0.0201 0.9663
vn -0.0337 0.2592 -0.9652
vn 0.7814 -0.1140 0.6135
vn -0.8756 0.3846 -0.2923
vn 0.7468 -0.1107 0.6558
vn -0.8836 0.3201 0.3418
vn -0.5192 0.3115 0.7959
vn 0.9595 0.1816 -0.2153
vn -0.9178 0.3932 0.0542
vn 0.9344 0.1897 -0.3014
vn -0.6644 0.4038 -0.6289
vn -0.8607 0.3648 0.3551
vn 0.7364 0.1542 0.6587
vn -0.8750 0.4028 -0.2686
vn 0.7767 0.1540 0.6108
vn -0.0177 0.3509 -0.9362
vn 0.2572 0.2004 0.9454
vn -0.1942 0.3760 -0.9060
vn 0.3270 0.1904 0.9257
vn 0.6697 0.2279 -0.7068
vn -0.6150 0.3272 0.7174
vn 0.4310 0.2716 -0.8605
vn -0.9313 -0.0000 -0.3642
vn -0.4010 -0.0000 -0.9161
vn 0.3642 -0.0000 -0.9313
vn 0.9161 -0.0000 -0.4010
vn 0.9313 -0.0000 0.3642
vn 0.4010 -0.0000 0.9161
vn -0.3642 -0.0000 0.9313
vn -0.9161 -0.0000 0.4010
vn -0.7356 0.6413 0.2184
vn 0.2191 0.5684 -0.7930
vn -0.3598 0.5930 0.7204
vn 0.2853 0.5641 -0.7749
vn 0.3517 0.5399 0.7647
vn -0.3923 0.6103 -0.6882
vn 0.2745 0.5447 0.7924
vn -0.1946 0.5882 -0.7849
vn 0.8513 0.4889 0.1903
vn -0.6995 0.6637 -0.2650
vn 0.8360 0.4925 0.2420
vn -0.6514 0.6566 -0.3803
vn 0.8147 0.5009 -0.2921
vn -0.6076 0.6167 0.5005
vn 0.8323 0.4961 -0.2473
vn -0.1532 0.5679 0.8087
vn -0.4396 0.4461 0.7796
vn -0.4296 0.5156 -0.7414
vn 0.2614 0.4358 0.8612
vn -0.3576 0.5190 -0.7764
vn 0.8168 0.4698 0.3349
vn -0.8529 0.4786 -0.2086
vn 0.7870 0.4654 0.4049
vn -0.7520 0.4843 -0.4472
vn 0.7528 0.4932 -0.4360
vn -0.7921 0.4863 0.3689
vn 0.7716 0.4934 -0.4016
vn -0.8444 0.4875 0.2222
vn 0.3859 0.5098 -0.7689
vn -0.1064 0.4313 0.8959
vn 0.4210 0.5073 -0.7520
vn 0.4771 0.4359 0.7631
vn 0.7630 0.4056 0.5033
vn -0.8706 0.2446 0.4270
vn 0.8727 0.4493 -0.1911
vn -0.9033 0.2474 0.3506
vn 0.3983 0.4446 -0.8023
vn -0.3096 0.2630 0.9138
vn 0.4768 0.4485 -0.7560
vn -0.5402 0.2412 0.8062
vn -0.4311 0.3534 -0.8302
vn 0.3169 0.3557 0.8792
vn -0.3688 0.3637 -0.8554
vn 0.1876 0.3369 0.9227
vn -0.8266 0.2957 -0.4789
vn 0.8831 0.4282 0.1916
vn -0.7929 0.2997 -0.5306
vn 0.7907 0.4500 -0.4151
vn 0.9249 0.3763 -0.0545
vn -0.4342 -0.0560 0.8991
vn 0.5975 0.3608 -0.7161
vn -0.5050 -0.0688 0.8604
vn -0.1941 0.1977 -0.9609
vn 0.3199 0.1219 0.9396
vn -0.0920 0.2228 -0.9705
vn 0.0632 0.0505 0.9967
vn -0.8990 -0.0339 -0.4366
vn 0.8026 0.2960 0.5179
vn -0.8707 -0.0201 -0.4914
vn 0.7143 0.2592 0.6501
vn -0.9849 -0.1140 0.1306
vn 0.8208 0.3846 -0.4224
vn -0.9909 -0.1107 0.0764
vn 0.3726 0.3201 -0.8710
vn -0.2069 0.3115 -0.9275
vn -0.5161 0.1816 0.8370
vn 0.6023 0.3932 -0.6947
vn -0.4370 0.1897 0.8792
vn 0.9141 0.4038 -0.0362
vn 0.3470 0.3648 -0.8640
vn -0.9858 0.1542 0.0669
vn 0.8034 0.4028 -0.4385
vn -0.9796 0.1540 0.1292
vn 0.6824 0.3509 0.6413
vn -0.8562 0.2004 -0.4763
vn 0.7840 0.3760 0.4939
vn -0.8908 0.1904 -0.4126
vn 0.0380 0.2279 0.9729
vn -0.0839 0.3273 -0.9412
vn 0.3148 0.2716 0.9095
vn 0.9111 -0.0000 -0.4121
vn 0.9357 -0.0000 0.3529
vn 0.4121 -0.0000 0.9111
vn -0.3529 -0.0000 0.9357
vn -0.9111 -0.0000 0.4121
vn -0.9357 -0.0000 -0.3529
vn -0.4121 -0.0000 -0.9111
vn 0.3529 -0.0000 -0.9357
vn -0.0056 0.6413 -0.7673
vn 0.7010 0.5684 0.4308
vn -0.5921 0.5930 -0.5457
vn 0.6652 0.5641 0.4893
vn -0.8323 0.5399 0.1254
vn 0.7701 0.6103 -0.1857
vn -0.8375 0.5447 0.0436
vn 0.8081 0.5882 0.0311
vn -0.4193 0.4889 0.7650
vn 0.4488 0.6637 -0.5984
vn -0.4647 0.4925 0.7359
vn 0.5462 0.6566 -0.5202
vn 0.0544 0.5009 0.8638
vn -0.3120 0.6167 -0.7227
vn 0.0064 0.4961 0.8682
vn -0.7343 0.5679 -0.3718
vn -0.6268 0.4461 -0.6388
vn 0.8315 0.5156 -0.2068
vn -0.9000 0.4358 0.0119
vn 0.8452 0.5190 -0.1279
vn -0.5486 0.4698 0.6916
vn 0.4373 0.4786 -0.7614
vn -0.6076 0.4654 0.6436
vn 0.6384 0.4843 -0.5982
vn 0.2097 0.4932 0.8442
vn -0.1343 0.4863 -0.8634
vn 0.1715 0.4934 0.8527
vn 0.0211 0.4875 -0.8729
vn 0.6314 0.5098 0.5843
vn -0.8311 0.4313 -0.3510
vn 0.6055 0.5073 0.6133
vn -0.8656 0.4359 0.2464
vn -0.6954 0.4056 0.5932
vn -0.1684 0.2446 -0.9549
vn -0.0588 0.4493 0.8914
vn -0.0860 0.2474 -0.9651
vn 0.6601 0.4447 0.6055
vn -0.7918 0.2630 -0.5512
vn 0.5938 0.4485 0.6680
vn -0.6244 0.2412 -0.7429
vn 0.9173 0.3534 -0.1836
vn -0.9326 0.3557 0.0602
vn 0.9242 0.3637 -0.1167
vn -0.9385 0.3369 -0.0760
vn 0.6896 0.2957 -0.6611
vn -0.4293 0.4282 0.7952
vn 0.7299 0.2997 -0.6143
vn 0.1792 0.4500 0.8749
vn -0.2046 0.3763 0.9036
vn -0.7431 -0.0560 -0.6668
vn 0.5219 0.3608 0.7729
vn -0.6863 -0.0688 -0.7241
vn 0.9770 0.1977 0.0804
vn -0.9915 0.1219 0.0463
vn 0.9579 0.2228 0.1812
vn -0.9751 0.0505 -0.2161
vn 0.6691 -0.0338 -0.7424
vn -0.7204 0.2960 0.6272
vn 0.7139 -0.0201 -0.6999
vn -0.8229 0.2591 0.5056
vn 0.1480 -0.1140 -0.9824
vn 0.1778 0.3846 0.9058
vn 0.2019 -0.1107 -0.9731
vn 0.7333 0.3201 0.5999
vn 0.9484 0.3115 0.0588
vn -0.6608 0.1816 -0.7283
vn 0.5000 0.3932 0.7716
vn -0.7232 0.1897 -0.6640
vn -0.2191 0.4038 0.8882
vn 0.7336 0.3648 0.5733
vn 0.2095 0.1542 -0.9656
vn 0.1982 0.4028 0.8936
vn 0.1479 0.1540 -0.9769
vn -0.8056 0.3509 0.4774
vn 0.6953 0.2004 -0.6902
vn -0.6922 0.3760 0.6160
vn 0.6437 0.1904 -0.7412
vn -0.9452 0.2279 -0.2337
vn 0.9275 0.3273 0.1808
vn -0.9611 0.2716 0.0498
vn 0.1428 -0.0000 0.9897
vn -0.5989 -0.0000 0.8009
vn -0.9897 -0.0000 0.1428
vn -0.8009 -0.0000 -0.5989
vn -0.1428 -0.0000 -0.9897
vn 0.5989 -0.0000 -0.8008
vn 0.9897 -0.0000 -0.1428
vn 0.8009 -0.0000 0.5989
vn -0.3827 0.6413 0.6651
vn -0.3875 0.5684 -0.7258
vn 0.2355 0.5930 0.7700
vn -0.3271 0.5641 -0.7582
vn 0.7818 0.5399 0.3120
vn -0.7585 0.6103 -0.2286
vn 0.7449 0.5447 0.3853
vn -0.6818 0.5882 -0.4349
vn 0.7482 0.4889 -0.4486
vn -0.6896 0.6637 0.2898
vn 0.7727 0.4925 -0.4005
vn -0.7341 0.6566 0.1731
vn 0.3893 0.5009 -0.7730
vn -0.0956 0.6167 0.7814
vn 0.4329 0.4961 -0.7527
vn 0.4461 0.5679 0.6917
vn 0.2184 0.4461 0.8679
vn -0.8221 0.5156 -0.2414
vn 0.7828 0.4358 0.4441
vn -0.7941 0.5190 -0.3164
vn 0.8228 0.4698 -0.3199
vn -0.7619 0.4786 0.4363
vn 0.8494 0.4654 -0.2487
vn -0.8531 0.4843 0.1940
vn 0.2453 0.4932 -0.8346
vn -0.3200 0.4863 0.8131
vn 0.2826 0.4934 -0.8226
vn -0.4590 0.4875 0.7427
vn -0.2500 0.5098 -0.8232
vn 0.5401 0.4313 0.7227
vn -0.2129 0.5073 -0.8351
vn 0.8716 0.4359 0.2244
vn 0.8998 0.4056 -0.1608
vn -0.3369 0.2446 0.9092
vn 0.5009 0.4493 -0.7397
vn -0.4132 0.2474 0.8764
vn -0.2640 0.4447 -0.8559
vn 0.4051 0.2630 0.8756
vn -0.1752 0.4485 -0.8764
vn 0.1638 0.2412 0.9565
vn -0.8844 0.3534 -0.3047
vn 0.8354 0.3557 0.4190
vn -0.8566 0.3637 -0.3660
vn 0.7717 0.3369 0.5395
vn -0.9290 0.2957 0.2224
vn 0.7721 0.4282 -0.4696
vn -0.9402 0.2997 0.1616
vn 0.2871 0.4500 -0.8456
vn 0.6329 0.3763 -0.6767
vn 0.3047 -0.0560 0.9508
vn -0.0602 0.3608 -0.9307
vn 0.2267 -0.0688 0.9715
vn -0.8026 0.1977 -0.5628
vn 0.8792 0.1219 0.4606
vn -0.7353 0.2228 -0.6400
vn 0.7325 0.0505 0.6789
vn -0.9524 -0.0338 0.3029
vn 0.9385 0.2960 -0.1775
vn -0.9697 -0.0201 0.2436
vn 0.9656 0.2592 -0.0209
vn -0.6238 -0.1140 0.7732
vn 0.3039 0.3846 -0.8716
vn -0.6657 -0.1107 0.7380
vn -0.3300 0.3201 -0.8880
vn -0.7889 0.3115 -0.5297
vn 0.2025 0.1816 0.9623
vn -0.0420 0.3932 -0.9185
vn 0.2889 0.1897 0.9384
vn 0.6376 0.4038 -0.6560
vn -0.3437 0.3648 -0.8653
vn -0.6684 0.1542 0.7276
vn 0.2802 0.4028 -0.8713
vn -0.6210 0.1540 0.7685
vn 0.9364 0.3509 -0.0053
vn -0.9487 0.2004 0.2446
vn 0.9085 0.3760 -0.1822
vn -0.9299 0.1904 0.3146
vn 0.6978 0.2279 0.6790
vn -0.7092 0.3273 -0.6244
vn 0.8547 0.2716 0.4423
vn 0.3765 -0.0000 -0.9264
vn 0.9213 -0.0000 -0.3888
vn 0.9264 -0.0000 0.3765
vn 0.3888 -0.0000 0.9213
vn -0.3765 -0.0000 0.9264
vn -0.9213 -0.0000 0.3888
vn -0.9264 -0.0000 -0.3765
vn -0.3888 -0.0000 -0.9213
vn -0.5326 0.6413 -0.5523
vn 0.8048 0.5684 -0.1707
vn -0.8051 0.5930 0.0124
vn 0.8192 0.5641 -0.1036
vn -0.5169 0.5399 0.6643
vn 0.4302 0.6103 -0.6652
vn -0.5770 0.5447 0.6085
vn 0.6071 0.5882 -0.5342
vn 0.2231 0.4889 0.8433
vn -0.0869 0.6637 -0.7429
vn 0.1702 0.4925 0.8535
vn 0.0376 0.6566 -0.7533
vn 0.6345 0.5009 0.5886
vn -0.7241 0.6167 -0.3089
vn 0.6028 0.4961 0.6249
vn -0.7884 0.5679 0.2364
vn -0.8944 0.4461 -0.0312
vn 0.4602 0.5156 -0.7228
vn -0.6441 0.4358 0.6287
vn 0.5245 0.5190 -0.6750
vn 0.0788 0.4698 0.8793
vn -0.2076 0.4786 -0.8531
vn 0.0030 0.4654 0.8851
vn 0.0506 0.4843 -0.8735
vn 0.7337 0.4932 0.4674
vn -0.6922 0.4863 -0.5333
vn 0.7118 0.4934 0.4999
vn -0.5861 0.4875 -0.6472
vn 0.8602 0.5098 -0.0115
vn -0.8442 0.4313 0.3182
vn 0.8614 0.5073 0.0274
vn -0.4576 0.4359 0.7749
vn -0.0954 0.4056 0.9091
vn -0.7799 0.2446 -0.5761
vn 0.5715 0.4493 0.6866
vn -0.7272 0.2474 -0.6403
vn 0.8956 0.4447 -0.0159
vn -0.9537 0.2630 0.1460
vn 0.8906 0.4485 0.0751
vn -0.9644 0.2412 -0.1083
vn 0.5383 0.3534 -0.7650
vn -0.6345 0.3557 0.6862
vn 0.5895 0.3637 -0.7213
vn -0.7326 0.3369 0.5915
vn 0.0444 0.2957 -0.9542
vn 0.2367 0.4282 0.8721
vn 0.1059 0.2997 -0.9481
vn 0.7326 0.4500 0.5107
vn 0.4743 0.3763 0.7959
vn -0.9980 -0.0560 0.0286
vn 0.9108 0.3608 0.2007
vn -0.9963 -0.0688 -0.0520
vn 0.7635 0.1977 -0.6148
vn -0.6867 0.1219 0.7167
vn 0.8191 0.2228 -0.5286
vn -0.8556 0.0505 0.5151
vn -0.0264 -0.0339 -0.9991
vn -0.0902 0.2960 0.9509
vn 0.0353 -0.0201 -0.9992
vn -0.2481 0.2592 0.9334
vn -0.5695 -0.1140 -0.8141
vn 0.7529 0.3846 0.5340
vn -0.5241 -0.1107 -0.8444
vn 0.9448 0.3201 -0.0704
vn 0.7280 0.3115 -0.6107
vn -0.9807 0.1816 -0.0727
vn 0.8940 0.3932 0.2148
vn -0.9817 0.1897 0.0169
vn 0.4531 0.4038 0.7947
vn 0.9267 0.3648 -0.0899
vn -0.5134 0.1542 -0.8442
vn 0.7592 0.4028 0.5112
vn -0.5658 0.1540 -0.8100
vn -0.2550 0.3509 0.9010
vn 0.0285 0.2004 -0.9793
vn -0.0773 0.3760 0.9234
vn -0.0440 0.1904 -0.9807
vn -0.8461 0.2279 0.4818
vn 0.7968 0.3273 -0.5079
vn -0.6623 0.2716 0.6983
vn 0.7854 -0.0000 0.6190
vn 0.1177 -0.0000 0.9931
vn -0.6190 -0.0000 0.7854
vn -0.9931 -0.0000 0.1177
vn -0.7854 -0.0000 -0.6190
vn -0.1176 -0.0000 -0.9931
vn 0.6190 -0.0000 -0.7854
vn 0.9931 -0.0000 -0.1177
vn -0.7562 0.6413 -0.1298
vn 0.5476 0.5684 -0.6140
vn -0.6415 0.5930 0.4866
vn 0.5989 0.5641 -0.5685
vn -0.0233 0.5399 0.8414
vn -0.0471 0.6103 -0.7908
vn -0.1048 0.5447 0.8321
vn 0.1730 0.5882 -0.7900
vn 0.6791 0.4889 0.5476
vn -0.5099 0.6637 -0.5473
vn 0.6424 0.4925 0.5871
vn -0.4157 0.6566 -0.6294
vn 0.8598 0.5009 0.0988
vn -0.7664 0.6167 0.1797
vn 0.8558 0.4961 0.1467
vn -0.4954 0.5679 0.6573
vn -0.7393 0.4461 0.5044
vn -0.0570 0.5156 -0.8550
vn -0.1469 0.4358 0.8880
vn 0.0230 0.5190 -0.8545
vn 0.5841 0.4698 0.6619
vn -0.6724 0.4786 -0.5647
vn 0.5264 0.4654 0.7115
vn -0.4763 0.4843 -0.7339
vn 0.8680 0.4932 -0.0576
vn -0.8736 0.4863 -0.0200
vn 0.8696 0.4934 -0.0185
vn -0.8555 0.4875 -0.1746
vn 0.6865 0.5098 -0.5185
vn -0.4920 0.4313 0.7562
vn 0.7104 0.5073 -0.4879
vn 0.0900 0.4359 0.8955
vn 0.4613 0.4056 0.7891
vn -0.9696 0.2446 -0.0026
vn 0.8671 0.4493 0.2150
vn -0.9651 0.2474 -0.0855
vn 0.7124 0.4447 -0.5430
vn -0.6822 0.2630 0.6822
vn 0.7622 0.4485 -0.4668
vn -0.8413 0.2412 0.4837
vn -0.0190 0.3534 -0.9353
vn -0.1052 0.3557 0.9287
vn 0.0481 0.3637 -0.9303
vn -0.2402 0.3369 0.9104
vn -0.5291 0.2957 -0.7953
vn 0.7071 0.4282 0.5628
vn -0.4760 0.2997 -0.8268
vn 0.8927 0.4500 -0.0222
vn 0.8534 0.3763 0.3607
vn -0.7874 -0.0560 0.6139
vn 0.8528 0.3608 -0.3775
vn -0.8337 -0.0688 0.5479
vn 0.2514 0.1977 -0.9475
vn -0.1292 0.1219 0.9841
vn 0.3472 0.2228 -0.9109
vn -0.3846 0.0505 0.9217
vn -0.6128 -0.0339 -0.7895
vn 0.4903 0.2960 0.8197
vn -0.5631 -0.0201 -0.8261
vn 0.3527 0.2592 0.8991
vn -0.9409 -0.1140 -0.3189
vn 0.9230 0.3846 -0.0154
vn -0.9223 -0.1107 -0.3702
vn 0.7197 0.3201 -0.6160
vn 0.2251 0.3115 -0.9232
vn -0.8334 0.1816 0.5220
vn 0.8476 0.3932 -0.3562
vn -0.7811 0.1897 0.5949
vn 0.8357 0.4038 0.3722
vn 0.6937 0.3648 -0.6211
vn -0.9135 0.1542 -0.3764
vn 0.9145 0.4028 -0.0375
vn -0.9355 0.1540 -0.3178
vn 0.3279 0.3509 0.8771
vn -0.5568 0.2004 -0.8061
vn 0.4843 0.3760 0.7899
vn -0.6161 0.1904 -0.7643
vn -0.3967 0.2279 0.8892
vn 0.3415 0.3273 -0.8811
vn -0.1204 0.2716 0.9548
vn 0.9994 -0.0000 0.0339
vn 0.6827 -0.0000 0.7307
vn -0.0339 -0.0000 0.9994
vn -0.7307 -0.0000 0.6827
vn -0.9994 -0.0000 -0.0339
vn -0.6827 -0.0000 -0.7307
vn 0.0339 -0.0000 -0.9994
vn 0.7307 -0.0000 -0.6827
vn 0.3347 0.6413 -0.6904
vn 0.4378 0.5684 0.6966
vn -0.2893 0.5930 -0.7514
vn 0.3798 0.5641 0.7332
vn -0.8018 0.5399 -0.2560
vn 0.7728 0.6103 0.1744
vn -0.7702 0.5447 -0.3317
vn 0.7108 0.5882 0.3856
vn -0.7147 0.4889 0.5003
vn 0.6674 0.6637 -0.3378
vn -0.7424 0.4925 0.4541
vn 0.7201 0.6566 -0.2246
vn -0.3337 0.5009 0.7986
vn 0.0402 0.6167 -0.7862
vn -0.3786 0.4961 0.7814
vn -0.4939 0.5679 -0.6585
vn -0.2792 0.4461 -0.8503
vn 0.8371 0.5156 0.1827
vn -0.8122 0.4358 -0.3877
vn 0.8145 0.5190 0.2595
vn -0.7981 0.4698 0.3773
vn 0.7292 0.4786 -0.4891
vn -0.8297 0.4654 0.3081
vn 0.8373 0.4843 -0.2537
vn -0.1857 0.4932 0.8499
vn 0.2618 0.4863 -0.8337
vn -0.2238 0.4934 0.8405
vn 0.4053 0.4875 -0.7733
vn 0.3075 0.5098 0.8035
vn -0.5898 0.4313 -0.6827
vn 0.2714 0.5073 0.8180
vn -0.8852 0.4359 -0.1623
vn -0.8862 0.4056 0.2240
vn 0.2718 0.2446 -0.9308
vn -0.4474 0.4493 0.7733
vn 0.3502 0.2474 -0.9034
vn 0.3238 0.4447 0.8351
vn -0.4659 0.2630 -0.8448
vn 0.2367 0.4485 0.8619
vn -0.2310 0.2412 -0.9426
vn 0.9038 0.3534 0.2415
vn -0.8629 0.3557 -0.3589
vn 0.8803 0.3637 0.3045
vn -0.8078 0.3369 -0.4836
vn 0.9110 0.2957 -0.2874
vn -0.7370 0.4282 0.5229
vn 0.9265 0.2997 -0.2276
vn -0.2267 0.4500 0.8638
vn -0.5835 0.3763 0.7197
vn -0.3711 -0.0560 -0.9269
vn 0.1258 0.3608 0.9241
vn -0.2947 -0.0688 -0.9531
vn 0.8404 0.1977 0.5046
vn -0.9095 0.1219 -0.3974
vn 0.7787 0.2228 0.5865
vn -0.7786 0.0505 -0.6255
vn 0.9286 -0.0338 -0.3694
vn -0.9236 0.2960 0.2434
vn 0.9500 -0.0201 -0.3116
vn -0.9617 0.2592 0.0891
vn 0.5677 -0.1140 -0.8153
vn -0.2416 0.3846 0.8909
vn 0.6118 -0.1107 -0.7832
vn 0.3919 0.3201 0.8625
vn 0.8244 0.3115 0.4727
vn -0.2700 0.1816 -0.9456
vn 0.1067 0.3932 0.9132
vn -0.3545 0.1897 -0.9156
vn -0.5897 0.4038 0.6994
vn 0.4040 0.3648 0.8389
vn 0.6153 0.1542 -0.7730
vn -0.2179 0.4028 0.8890
vn 0.5652 0.1540 -0.8105
vn -0.9337 0.3509 0.0714
vn 0.9290 0.2004 -0.3110
vn -0.8934 0.3760 0.2459
vn 0.9054 0.1904 -0.3796
vn -0.7441 0.2279 -0.6280
vn 0.7516 0.3273 0.5728
vn -0.8838 0.2716 -0.3808
vn -0.3101 -0.0000 0.9507
vn -0.8915 -0.0000 0.4529
vn -0.9507 -0.0000 -0.3101
vn -0.4529 -0.0000 -0.8915
vn 0.3101 -0.0000 -0.9507
vn 0.8915 -0.0000 -0.4529
vn 0.9507 -0.0000 0.3101
vn 0.4529 -0.0000 0.8915
vn -0.6376 0.6413 0.4269
vn -0.0261 0.5684 -0.8223
vn -0.1297 0.5930 0.7947
vn 0.0424 0.5641 -0.8246
vn 0.5628 0.5399 0.6259
vn -0.5789 0.6103 -0.5408
vn 0.4973 0.5447 0.6753
vn -0.4188 0.5882 -0.6918
vn 0.8695 0.4889 -0.0709
vn -0.7466 0.6637 -0.0454
vn 0.8701 0.4925 -0.0170
vn -0.7349 0.6566 -0.1698
vn 0.6913 0.5009 -0.5208
vn -0.4317 0.6167 0.6583
vn 0.7214 0.4961 -0.4832
vn 0.0938 0.5679 0.8177
vn -0.1884 0.4461 0.8749
vn -0.6303 0.5156 -0.5804
vn 0.5053 0.4358 0.7448
vn -0.5720 0.5190 -0.6352
vn 0.8794 0.4698 0.0774
vn -0.8764 0.4786 0.0539
vn 0.8717 0.4654 0.1531
vn -0.8509 0.4843 -0.2038
vn 0.5894 0.4932 -0.6398
vn -0.6470 0.4863 0.5874
vn 0.6176 0.4934 -0.6125
vn -0.7404 0.4875 0.4628
vn 0.1403 0.5098 -0.8488
vn 0.1644 0.4313 0.8871
vn 0.1788 0.5073 -0.8430
vn 0.6821 0.4359 0.5871
vn 0.8780 0.4056 0.2542
vn -0.7046 0.2446 0.6661
vn 0.7766 0.4493 -0.4415
vn -0.7585 0.2474 0.6029
vn 0.1423 0.4446 -0.8843
vn -0.0245 0.2630 0.9645
vn 0.2309 0.4485 -0.8634
vn -0.2766 0.2412 0.9302
vn -0.6581 0.3534 -0.6648
vn 0.5636 0.3557 0.7456
vn -0.6061 0.3637 -0.7074
vn 0.4531 0.3369 0.8254
vn -0.9315 0.2957 -0.2119
vn 0.9002 0.4282 -0.0792
vn -0.9146 0.2997 -0.2714
vn 0.6318 0.4500 -0.6311
vn 0.8671 0.3763 -0.3265
vn -0.1478 -0.0560 0.9874
vn 0.3580 0.3608 -0.8612
vn -0.2269 -0.0688 0.9715
vn -0.4706 0.1977 -0.8599
vn 0.5843 0.1219 0.8023
vn -0.3759 0.2228 -0.8995
vn 0.3562 0.0505 0.9330
vn -0.9881 -0.0339 -0.1501
vn 0.9201 0.2960 0.2564
vn -0.9773 -0.0201 -0.2109
vn 0.8751 0.2591 0.4088
vn -0.9017 -0.1140 0.4171
vn 0.6584 0.3846 -0.6470
vn -0.9236 -0.1107 0.3670
vn 0.0973 0.3201 -0.9424
vn -0.4729 0.3115 -0.8242
vn -0.2444 0.1816 0.9525
vn 0.3690 0.3932 -0.8421
vn -0.1564 0.1897 0.9693
vn 0.8622 0.4038 -0.3059
vn 0.0749 0.3648 -0.9281
vn -0.9215 0.1542 0.3565
vn 0.6370 0.4028 -0.6572
vn -0.8971 0.1540 0.4141
vn 0.8419 0.3509 0.4099
vn -0.9589 0.2004 -0.2007
vn 0.8953 0.3760 0.2389
vn -0.9731 0.1904 -0.1296
vn 0.3251 0.2279 0.9178
vn -0.3595 0.3273 -0.8739
vn 0.5706 0.2716 0.7750
vn 0.7478 -0.0000 -0.6640
vn 0.9982 -0.0000 0.0592
vn 0.6640 -0.0000 0.7478
vn -0.0592 -0.0000 0.9982
vn -0.7478 -0.0000 0.6640
vn -0.9982 -0.0000 -0.0593
vn -0.6640 -0.0000 -0.7478
vn 0.0593 -0.0000 -0.9982
vn -0.2331 0.6413 -0.7311
vn 0.7972 0.5684 0.2033
vn -0.7274 0.5930 -0.3453
vn 0.7804 0.5641 0.2698
vn -0.7576 0.5399 0.3668
vn 0.6803 0.6103 -0.4060
vn -0.7868 0.5447 0.2902
vn 0.7809 0.5882 -0.2102
vn -0.1733 0.4889 0.8550
vn 0.2510 0.6637 -0.7046
vn -0.2253 0.4925 0.8406
vn 0.3672 0.6566 -0.6589
vn 0.3083 0.5009 0.8087
vn -0.5125 0.6167 -0.5975
vn 0.2639 0.4961 0.8272
vn -0.8116 0.5679 -0.1370
vn -0.7882 0.4461 -0.4240
vn 0.7327 0.5156 -0.4443
vn -0.8558 0.4358 0.2785
vn 0.7691 0.5190 -0.3730
vn -0.3186 0.4698 0.8233
vn 0.1916 0.4786 -0.8569
vn -0.3892 0.4654 0.7949
vn 0.4321 0.4843 -0.7608
vn 0.4509 0.4932 0.7439
vn -0.3846 0.4863 -0.7846
vn 0.4169 0.4934 0.7634
vn -0.2389 0.4875 -0.8398
vn 0.7764 0.5098 0.3705
vn -0.8978 0.4313 -0.0885
vn 0.7602 0.5073 0.4059
vn -0.7534 0.4359 0.4923
vn -0.4880 0.4056 0.7729
vn -0.4442 0.2446 -0.8619
vn 0.2085 0.4493 0.8687
vn -0.3685 0.2474 -0.8961
vn 0.8100 0.4447 0.3823
vn -0.9197 0.2630 -0.2914
vn 0.7653 0.4485 0.4616
vn -0.8168 0.2412 -0.5241
vn 0.8214 0.3534 -0.4476
vn -0.8727 0.3557 0.3343
vn 0.8479 0.3637 -0.3857
vn -0.9187 0.3369 0.2060
vn 0.4623 0.2957 -0.8360
vn -0.1739 0.4282 0.8868
vn 0.5147 0.2997 -0.8033
vn 0.4308 0.4500 0.7822
vn 0.0729 0.3763 0.9236
vn -0.9075 -0.0560 -0.4162
vn 0.7279 0.3608 0.5831
vn -0.8703 -0.0688 -0.4878
vn 0.9568 0.1977 -0.2132
vn -0.9330 0.1219 0.3385
vn 0.9685 0.2228 -0.1113
vn -0.9953 0.0505 0.0831
vn 0.4186 -0.0338 -0.9075
vn -0.5018 0.2960 0.8127
vn 0.4740 -0.0201 -0.8803
vn -0.6357 0.2592 0.7271
vn -0.1502 -0.1140 -0.9821
vn 0.4386 0.3846 0.8122
vn -0.0961 -0.1107 -0.9892
vn 0.8783 0.3201 0.3552
vn 0.9231 0.3115 -0.2253
vn -0.8472 0.1816 -0.4993
vn 0.7065 0.3932 0.5884
vn -0.8877 0.1897 -0.4194
vn 0.0544 0.4038 0.9132
vn 0.8707 0.3648 0.3298
vn -0.0866 0.1542 -0.9842
vn 0.4545 0.4028 0.7945
vn -0.1487 0.1540 -0.9768
vn -0.6276 0.3509 0.6950
vn 0.4591 0.2004 -0.8655
vn -0.4782 0.3760 0.7937
vn 0.3947 0.1904 -0.8988
vn -0.9720 0.2279 0.0574
vn 0.9393 0.3273 -0.1026
vn -0.9030 0.2716 0.3329
vn 0.4302 -0.0000 0.9027
vn -0.3342 -0.0000 0.9425
vn -0.9028 -0.0000 0.4302
vn -0.9425 -0.0000 -0.3342
vn -0.4302 -0.0000 -0.9027
vn 0.3342 -0.0000 -0.9425
vn 0.9027 -0.0000 -0.4302
vn 0.9425 -0.0000 0.3342
vn -0.4205 0.6413 0.6418
vn -0.3448 0.5684 -0.7470
vn 0.1905 0.5930 0.7823
vn -0.2826 0.5641 -0.7759
vn 0.7624 0.5399 0.3568
vn -0.7440 0.6103 -0.2721
vn 0.7213 0.5447 0.4278
vn -0.6555 0.5882 -0.4736
vn 0.7729 0.4889 -0.4045
vn -0.7052 0.6637 0.2494
vn 0.7946 0.4925 -0.3551
vn -0.7429 0.6566 0.1303
vn 0.4334 0.5009 -0.7492
vn -0.1407 0.6167 0.7745
vn 0.4757 0.4961 -0.7263
vn 0.4053 0.5679 0.7164
vn 0.1678 0.4461 0.8791
vn -0.8068 0.5156 -0.2886
vn 0.7558 0.4358 0.4887
vn -0.7744 0.5190 -0.3618
vn 0.8399 0.4698 -0.2717
vn -0.7859 0.4786 0.3915
vn 0.8624 0.4654 -0.1991
vn -0.8630 0.4843 0.1442
vn 0.2932 0.4932 -0.8190
vn -0.3666 0.4863 0.7932
vn 0.3298 0.4934 -0.8049
vn -0.5012 0.4875 0.7149
vn -0.2018 0.5098 -0.8363
vn 0.4973 0.4313 0.7527
vn -0.1642 0.5073 -0.8460
vn 0.8571 0.4359 0.2745
vn 0.9076 0.4056 -0.1085
vn -0.3890 0.2446 0.8882
vn 0.5429 0.4493 -0.7095
vn -0.4632 0.2474 0.8510
vn -0.2139 0.4447 -0.8698
vn 0.3537 0.2630 0.8976
vn -0.1241 0.4485 -0.8851
vn 0.1082 0.2412 0.9644
vn -0.8653 0.3534 -0.3554
vn 0.8097 0.3557 0.4667
vn -0.8340 0.3637 -0.4150
vn 0.7391 0.3369 0.5833
vn -0.9404 0.2957 0.1682
vn 0.7980 0.4282 -0.4241
vn -0.9480 0.2997 0.1069
vn 0.3356 0.4500 -0.8276
vn 0.6710 0.3763 -0.6389
vn 0.2491 -0.0560 0.9669
vn -0.0062 0.3608 -0.9326
vn 0.1700 -0.0688 0.9830
vn -0.7687 0.1977 -0.6083
vn 0.8510 0.1219 0.5108
vn -0.6970 0.2228 -0.6816
vn 0.6919 0.0505 0.7202
vn -0.9684 -0.0338 0.2472
vn 0.9472 0.2960 -0.1228
vn -0.9821 -0.0201 0.1871
vn 0.9652 0.2591 0.0351
vn -0.6676 -0.1140 0.7357
vn 0.3539 0.3846 -0.8525
vn -0.7073 -0.1107 0.6982
vn -0.2780 0.3201 -0.9057
vn -0.7569 0.3115 -0.5745
vn 0.1465 0.1816 0.9724
vn 0.0113 0.3932 -0.9194
vn 0.2341 0.1897 0.9535
vn 0.6746 0.4038 -0.6180
vn -0.2930 0.3648 -0.8838
vn -0.7094 0.1542 0.6877
vn 0.3302 0.4028 -0.8536
vn -0.6645 0.1540 0.7312
vn 0.9351 0.3509 0.0490
vn -0.9613 0.2004 0.1893
vn 0.9176 0.3760 -0.1292
vn -0.9466 0.1904 0.2603
vn 0.6573 0.2279 0.7183
vn -0.6719 0.3273 -0.6645
vn 0.8277 0.2716 0.4911
vn 0.4296 -0.0000 -0.9030
vn 0.9423 -0.0000 -0.3348
vn 0.9030 -0.0000 0.4296
vn 0.3348 -0.0000 0.9423
vn -0.4295 -0.0000 0.9030
vn -0.9423 -0.0000 0.3348
vn -0.9030 -0.0000 -0.4296
vn -0.3348 -0.0000 -0.9423
vn -0.6612 0.6413 0.3893
vn 0.0215 0.5684 -0.8225
vn -0.1755 0.5930 0.7858
vn 0.0901 0.5641 -0.8208
vn 0.5256 0.5399 0.6574
vn -0.5466 0.6103 -0.5734
vn 0.4573 0.5447 0.7029
vn -0.3780 0.5882 -0.7149
vn 0.8721 0.4889 -0.0205
vn -0.7427 0.6637 -0.0886
vn 0.8697 0.4925 0.0334
vn -0.7239 0.6566 -0.2121
vn 0.7203 0.5009 -0.4799
vn -0.4691 0.6167 0.6322
vn 0.7481 0.4961 -0.4406
vn 0.0462 0.5679 0.8218
vn -0.2388 0.4461 0.8625
vn -0.5956 0.5156 -0.6160
vn 0.4613 0.4358 0.7728
vn -0.5342 0.5190 -0.6673
vn 0.8734 0.4698 0.1282
vn -0.8780 0.4786 0.0031
vn 0.8614 0.4654 0.2033
vn -0.8376 0.4843 -0.2527
vn 0.6255 0.4932 -0.6045
vn -0.6799 0.4863 0.5489
vn 0.6520 0.4934 -0.5757
vn -0.7659 0.4875 0.4191
vn 0.1893 0.5098 -0.8392
vn 0.1127 0.4313 0.8951
vn 0.2273 0.5073 -0.8313
vn 0.6470 0.4359 0.6256
vn 0.8618 0.4056 0.3046
vn -0.7420 0.2446 0.6242
vn 0.8009 0.4493 -0.3958
vn -0.7921 0.2474 0.5580
vn 0.1932 0.4446 -0.8746
vn -0.0803 0.2630 0.9614
vn 0.2806 0.4485 -0.8486
vn -0.3300 0.2412 0.9126
vn -0.6185 0.3534 -0.7018
vn 0.5194 0.3557 0.7770
vn -0.5641 0.3637 -0.7413
vn 0.4045 0.3369 0.8502
vn -0.9176 0.2957 -0.2655
vn 0.9033 0.4282 -0.0269
vn -0.8974 0.2997 -0.3239
vn 0.6673 0.4500 -0.5934
vn 0.8845 0.3763 -0.2758
vn -0.2047 -0.0560 0.9772
vn 0.4073 0.3608 -0.8390
vn -0.2828 -0.0688 0.9567
vn -0.4200 0.1977 -0.8858
vn 0.5369 0.1219 0.8348
vn -0.3232 0.2228 -0.9197
vn 0.3016 0.0505 0.9521
vn -0.9777 -0.0338 -0.2071
vn 0.9037 0.2960 0.3092
vn -0.9635 -0.0201 -0.2671
vn 0.8499 0.2591 0.4588
vn -0.9243 -0.1140 0.3641
vn 0.6948 0.3846 -0.6077
vn -0.9433 -0.1107 0.3129
vn 0.1517 0.3201 -0.9352
vn -0.4243 0.3115 -0.8503
vn -0.2992 0.1816 0.9368
vn 0.4172 0.3932 -0.8193
vn -0.2123 0.1897 0.9586
vn 0.8784 0.4038 -0.2554
vn 0.1286 0.3648 -0.9222
vn -0.9406 0.1542 0.3025
vn 0.6740 0.4028 -0.6192
vn -0.9196 0.1540 0.3615
vn 0.8168 0.3509 0.4579
vn -0.9457 0.2004 -0.2559
vn 0.8799 0.3760 0.2904
vn -0.9640 0.1904 -0.1857
vn 0.2714 0.2279 0.9351
vn -0.3082 0.3272 -0.8933
vn 0.5247 0.2716 0.8068
vn 0.7850 -0.0000 -0.6195
vn 0.9931 -0.0000 0.1170
vn 0.6195 -0.0000 0.7850
vn -0.1170 -0.0000 0.9931
vn -0.7850 -0.0000 0.6195
vn -0.9931 -0.0000 -0.1170
vn -0.6195 -0.0000 -0.7850
vn 0.1170 -0.0000 -0.9931
vn 0.7486 0.6413 0.1684
vn -0.5783 0.5684 0.5852
vn 0.6656 0.5930 -0.4531
vn -0.6272 0.5641 0.5370
vn 0.0664 0.5399 -0.8391
vn 0.0065 0.6103 0.7922
vn 0.1473 0.5447 -0.8256
vn -0.2133 0.5882 0.7801
vn -0.6501 0.4889 -0.5817
vn 0.4812 0.6637 0.5727
vn -0.6115 0.4925 -0.6193
vn 0.3829 0.6566 0.6499
vn -0.8536 0.5009 -0.1427
vn 0.7746 0.6167 -0.1402
vn -0.8471 0.4961 -0.1904
vn 0.5284 0.5679 -0.6310
vn 0.7642 0.4461 -0.4658
vn 0.0131 0.5156 0.8568
vn 0.1922 0.4358 -0.8793
vn -0.0668 0.5190 0.8522
vn -0.5494 0.4698 -0.6910
vn 0.6425 0.4786 0.5984
vn -0.4892 0.4654 -0.7376
vn 0.4381 0.4843 0.7574
vn -0.8698 0.4932 0.0130
vn 0.8714 0.4863 0.0647
vn -0.8694 0.4934 -0.0261
vn 0.8454 0.4875 0.2183
vn -0.7121 0.5098 0.4827
vn 0.5301 0.4313 -0.7300
vn -0.7345 0.5073 0.4508
vn -0.0440 0.4359 -0.8989
vn -0.4203 0.4056 -0.8117
vn 0.9682 0.2446 0.0523
vn -0.8550 0.4493 -0.2592
vn 0.9595 0.2474 0.1349
vn -0.7393 0.4446 0.5057
vn 0.7163 0.2630 -0.6464
vn -0.7852 0.4485 0.4271
vn 0.8650 0.2412 -0.4399
vn -0.0289 0.3534 0.9350
vn 0.1526 0.3557 -0.9220
vn -0.0957 0.3637 0.9266
vn 0.2866 0.3369 -0.8969
vn 0.4877 0.2957 0.8214
vn -0.6773 0.4282 -0.5983
vn 0.4330 0.2997 0.8501
vn -0.8927 0.4500 -0.0237
vn -0.8338 0.3763 -0.4039
vn 0.8178 -0.0560 -0.5727
vn -0.8710 0.3608 0.3333
vn 0.8607 -0.0688 -0.5044
vn -0.2996 0.1977 0.9334
vn 0.1795 0.1219 -0.9762
vn -0.3934 0.2228 0.8919
vn 0.4314 0.0505 -0.9008
vn 0.5715 -0.0339 0.8199
vn -0.4477 0.2960 -0.8438
vn 0.5200 -0.0201 0.8539
vn -0.3061 0.2592 -0.9161
vn 0.9233 -0.1140 0.3667
vn -0.9225 0.3846 -0.0320
vn 0.9021 -0.1107 0.4171
vn -0.7504 0.3201 0.5783
vn -0.2722 0.3115 0.9104
vn 0.8590 0.1816 -0.4786
vn -0.8648 0.3932 0.3123
vn 0.8106 0.1897 -0.5540
vn -0.8155 0.4038 -0.4146
vn -0.7246 0.3648 0.5847
vn 0.8930 0.1542 0.4228
vn -0.9152 0.4028 -0.0094
vn 0.9180 0.1540 0.3654
vn -0.2825 0.3509 -0.8928
vn 0.5148 0.2004 0.8336
vn -0.4432 0.3760 -0.8137
vn 0.5761 0.1904 0.7949
vn 0.4417 0.2279 -0.8677
vn -0.3862 0.3272 0.8624
vn 0.1692 0.2716 -0.9474
vn -0.9964 -0.0000 -0.0851
vn -0.6444 -0.0000 -0.7647
vn 0.0851 -0.0000 -0.9964
vn 0.7647 -0.0000 -0.6444
vn 0.9964 -0.0000 0.0851
vn 0.6444 -0.0000 0.7647
vn -0.0851 -0.0000 0.9964
vn -0.7647 -0.0000 0.6444
vn 0.3766 0.6413 -0.6685
vn 0.3940 0.5684 0.7222
vn -0.2425 0.5930 -0.7678
vn 0.3339 0.5641 0.7552
vn -0.7845 0.5399 -0.3050
vn 0.7605 0.6103 0.2217
vn -0.7483 0.5447 -0.3786
vn 0.6857 0.5882 0.4287
vn -0.7441 0.4889 0.4553
vn 0.6869 0.6637 -0.2960
vn -0.7690 0.4925 0.4075
vn 0.7325 0.6566 -0.1798
vn -0.3823 0.5009 0.7765
vn 0.0886 0.6167 -0.7822
vn -0.4261 0.4961 0.7565
vn -0.4523 0.5679 -0.6877
vn -0.2262 0.4461 -0.8659
vn 0.8243 0.5156 0.2340
vn -0.7868 0.4358 -0.4371
vn 0.7969 0.5190 0.3092
vn -0.8199 0.4698 0.3273
vn 0.7580 0.4786 -0.4432
vn -0.8472 0.4654 0.2563
vn 0.8514 0.4843 -0.2016
vn -0.2378 0.4932 0.8368
vn 0.3127 0.4863 -0.8159
vn -0.2752 0.4934 0.8251
vn 0.4523 0.4875 -0.7469
vn 0.2574 0.5098 0.8209
vn -0.5466 0.4313 -0.7178
vn 0.2204 0.5073 0.8331
vn -0.8735 0.4359 -0.2165
vn -0.8983 0.4056 0.1690
vn 0.3286 0.2446 -0.9122
vn -0.4942 0.4493 0.7442
vn 0.4052 0.2474 -0.8801
vn 0.2717 0.4447 0.8535
vn -0.4130 0.2630 -0.8720
vn 0.1831 0.4485 0.8748
vn -0.1725 0.2412 -0.9550
vn 0.8872 0.3534 0.2967
vn -0.8391 0.3557 -0.4114
vn 0.8599 0.3637 0.3582
vn -0.7765 0.3369 -0.5325
vn 0.9270 0.2957 -0.2307
vn -0.7678 0.4282 0.4765
vn 0.9387 0.2997 -0.1701
vn -0.2795 0.4500 0.8482
vn -0.6268 0.3763 0.6823
vn -0.3132 -0.0560 -0.9480
vn 0.0686 0.3608 0.9301
vn -0.2354 -0.0688 -0.9695
vn 0.8077 0.1977 0.5555
vn -0.8833 0.1219 -0.4527
vn 0.7410 0.2228 0.6334
vn -0.7386 0.0505 -0.6723
vn 0.9497 -0.0338 -0.3115
vn -0.9369 0.2960 0.1860
vn 0.9674 -0.0201 -0.2523
vn -0.9654 0.2591 0.0296
vn 0.6169 -0.1140 -0.7788
vn -0.2961 0.3846 0.8743
vn 0.6590 -0.1107 -0.7440
vn 0.3380 0.3201 0.8850
vn 0.7936 0.3115 0.5226
vn -0.2112 0.1816 -0.9604
vn 0.0503 0.3932 0.9181
vn -0.2974 0.1897 -0.9357
vn -0.6317 0.4038 0.6617
vn 0.3515 0.3648 0.8622
vn 0.6618 0.1542 -0.7336
vn -0.2723 0.4028 0.8738
vn 0.6141 0.1540 -0.7741
vn -0.9363 0.3509 0.0137
vn 0.9464 0.2004 -0.2532
vn -0.9068 0.3760 0.1904
vn 0.9270 0.1904 -0.3230
vn -0.7039 0.2279 -0.6727
vn 0.7148 0.3273 0.6180
vn -0.8587 0.2716 -0.4346
vn -0.3681 -0.0000 0.9298
vn -0.9178 -0.0000 0.3971
vn -0.9298 -0.0000 -0.3681
vn -0.3971 -0.0000 -0.9178
vn 0.3682 -0.0000 -0.9298
vn 0.9178 -0.0000 -0.3971
vn 0.9298 -0.0000 0.3682
vn 0.3971 -0.0000 0.9178
vn -0.6627 0.6413 0.3868
vn 0.0246 0.5684 -0.8224
vn -0.1785 0.5930 0.7852
vn 0.0932 0.5641 -0.8204
vn 0.5232 0.5399 0.6594
vn -0.5445 0.6103 -0.5754
vn 0.4547 0.5447 0.7046
vn -0.3754 0.5882 -0.7163
vn 0.8722 0.4889 -0.0172
vn -0.7424 0.6637 -0.0913
vn 0.8695 0.4925 0.0366
vn -0.7231 0.6566 -0.2148
vn 0.7221 0.5009 -0.4772
vn -0.4715 0.6167 0.6304
vn 0.7498 0.4961 -0.4378
vn 0.0432 0.5679 0.8219
vn -0.2420 0.4461 0.8616
vn -0.5933 0.5156 -0.6182
vn 0.4584 0.4358 0.7745
vn -0.5317 0.5190 -0.6693
vn 0.8729 0.4698 0.1315
vn -0.8780 0.4786 -0.0002
vn 0.8607 0.4654 0.2065
vn -0.8367 0.4843 -0.2559
vn 0.6278 0.4932 -0.6022
vn -0.6819 0.4863 0.5464
vn 0.6542 0.4934 -0.5733
vn -0.7675 0.4875 0.4163
vn 0.1924 0.5098 -0.8385
vn 0.1094 0.4313 0.8955
vn 0.2304 0.5073 -0.8304
vn 0.6447 0.4359 0.6280
vn 0.8607 0.4056 0.3078
vn -0.7443 0.2446 0.6214
vn 0.8024 0.4493 -0.3928
vn -0.7942 0.2474 0.5550
vn 0.1965 0.4446 -0.8739
vn -0.0839 0.2630 0.9611
vn 0.2837 0.4485 -0.8476
vn -0.3334 0.2412 0.9114
vn -0.6159 0.3534 -0.7041
vn 0.5165 0.3557 0.7789
vn -0.5613 0.3637 -0.7434
vn 0.4013 0.3369 0.8517
vn -0.9166 0.2957 -0.2690
vn 0.9034 0.4282 -0.0236
vn -0.8962 0.2997 -0.3272
vn 0.6695 0.4500 -0.5909
vn 0.8855 0.3763 -0.2725
vn -0.2083 -0.0560 0.9765
vn 0.4105 0.3608 -0.8375
vn -0.2863 -0.0688 0.9557
vn -0.4166 0.1977 -0.8873
vn 0.5338 0.1219 0.8368
vn -0.3198 0.2228 -0.9209
vn 0.2980 0.0505 0.9532
vn -0.9770 -0.0338 -0.2107
vn 0.9026 0.2960 0.3126
vn -0.9625 -0.0201 -0.2707
vn 0.8482 0.2592 0.4619
vn -0.9257 -0.1140 0.3607
vn 0.6971 0.3846 -0.6052
vn -0.9445 -0.1107 0.3094
vn 0.1552 0.3201 -0.9346
vn -0.4211 0.3115 -0.8518
vn -0.3027 0.1816 0.9356
vn 0.4202 0.3932 -0.8178
vn -0.2158 0.1897 0.9578
vn 0.8794 0.4038 -0.2522
vn 0.1320 0.3648 -0.9217
vn -0.9417 0.1542 0.2990
vn 0.6763 0.4028 -0.6167
vn -0.9209 0.1540 0.3581
vn 0.8151 0.3509 0.4610
vn -0.9448 0.2004 -0.2594
vn 0.8789 0.3760 0.2936
vn -0.9633 0.1904 -0.1893
vn 0.2679 0.2279 0.9361
vn -0.3049 0.3273 -0.8944
vn 0.5217 0.2716 0.8087
vn 0.7873 -0.0000 -0.6166
vn 0.9927 -0.0000 0.1207
vn 0.6166 -0.0000 0.7873
vn -0.1207 -0.0000 0.9927
vn -0.7873 -0.0000 0.6166
vn -0.9927 -0.0000 -0.1207
vn -0.6166 -0.0000 -0.7873
vn 0.1207 -0.0000 -0.9927
vn -0.1875 0.6413 -0.7440
vn 0.7832 0.5684 0.2520
vn -0.7047 0.5930 -0.3895
vn 0.7623 0.5641 0.3174
vn -0.7788 0.5399 0.3194
vn 0.7040 0.6103 -0.3632
vn -0.8032 0.5447 0.2411
vn 0.7924 0.5882 -0.1617
vn -0.2257 0.4889 0.8427
vn 0.2939 0.6637 -0.6878
vn -0.2767 0.4925 0.8251
vn 0.4071 0.6566 -0.6350
vn 0.2579 0.5009 0.8262
vn -0.4747 0.6167 -0.6280
vn 0.2124 0.4961 0.8419
vn -0.8016 0.5679 -0.1868
vn -0.7605 0.4461 -0.4718
vn 0.7587 0.5156 -0.3983
vn -0.8714 0.4358 0.2252
vn 0.7906 0.5190 -0.3249
vn -0.3687 0.4698 0.8021
vn 0.2441 0.4786 -0.8434
vn -0.4375 0.4654 0.7694
vn 0.4782 0.4843 -0.7327
vn 0.4042 0.4932 0.7703
vn -0.3355 0.4863 -0.8068
vn 0.3690 0.4934 0.7877
vn -0.1867 0.4875 -0.8529
vn 0.7521 0.5098 0.4177
vn -0.8907 0.4313 -0.1437
vn 0.7337 0.5073 0.4520
vn -0.7823 0.4359 0.4449
vn -0.5347 0.4056 0.7413
vn -0.3903 0.2446 -0.8876
vn 0.1545 0.4493 0.8799
vn -0.3126 0.2474 -0.9171
vn 0.7849 0.4446 0.4315
vn -0.9000 0.2630 -0.3475
vn 0.7354 0.4485 0.5080
vn -0.7829 0.2412 -0.5734
vn 0.8474 0.3534 -0.3961
vn -0.8917 0.3557 0.2799
vn 0.8701 0.3637 -0.3327
vn -0.9297 0.3369 0.1490
vn 0.5130 0.2957 -0.8059
vn -0.2283 0.4282 0.8744
vn 0.5632 0.2997 -0.7700
vn 0.3817 0.4500 0.8073
vn 0.0158 0.3763 0.9264
vn -0.8802 -0.0560 -0.4713
vn 0.6905 0.3608 0.6269
vn -0.8385 -0.0688 -0.5405
vn 0.9681 0.1977 -0.1538
vn -0.9521 0.1219 0.2804
vn 0.9735 0.2228 -0.0514
vn -0.9985 0.0505 0.0215
vn 0.4738 -0.0339 -0.8800
vn -0.5510 0.2960 0.7802
vn 0.5274 -0.0201 -0.8494
vn -0.6793 0.2592 0.6865
vn -0.0894 -0.1140 -0.9894
vn 0.3877 0.3846 0.8377
vn -0.0349 -0.1107 -0.9932
vn 0.8547 0.3201 0.4086
vn 0.9353 0.3115 -0.1680
vn -0.8148 0.1816 -0.5506
vn 0.6689 0.3932 0.6308
vn -0.8602 0.1897 -0.4733
vn -0.0020 0.4038 0.9148
vn 0.8488 0.3648 0.3828
vn -0.0257 0.1542 -0.9877
vn 0.4046 0.4028 0.8210
vn -0.0882 0.1540 -0.9841
vn -0.6692 0.3509 0.6550
vn 0.5116 0.2004 -0.8355
vn -0.5262 0.3760 0.7627
vn 0.4494 0.1904 -0.8728
vn -0.9737 0.2279 -0.0026
vn 0.9439 0.3273 -0.0445
vn -0.9218 0.2716 0.2766
vn 0.3737 -0.0000 0.9276
vn -0.3916 -0.0000 0.9201
vn -0.9276 -0.0000 0.3737
vn -0.9201 -0.0000 -0.3916
vn -0.3737 -0.0000 -0.9276
vn 0.3916 -0.0000 -0.9201
vn 0.9276 -0.0000 -0.3737
vn 0.9201 -0.0000 0.3916
vn -0.5916 0.6413 -0.4886
vn 0.7804 0.5684 -0.2605
vn -0.7986 0.5930 0.1033
vn 0.8022 0.5641 -0.1955
vn -0.4385 0.5399 0.7185
vn 0.3523 0.6103 -0.7095
vn -0.5046 0.5447 0.6699
vn 0.5429 0.5882 -0.5994
vn 0.3170 0.4889 0.8127
vn -0.1703 0.6637 -0.7283
vn 0.2655 0.4925 0.8288
vn -0.0478 0.6566 -0.7528
vn 0.6969 0.5009 0.5132
vn -0.7543 0.6167 -0.2251
vn 0.6696 0.4961 0.5527
vn -0.7566 0.5679 0.3240
vn -0.8922 0.4461 0.0701
vn 0.3756 0.5156 -0.7701
vn -0.5689 0.4358 0.6974
vn 0.4448 0.5190 -0.7299
vn 0.1777 0.4698 0.8647
vn -0.3026 0.4786 -0.8242
vn 0.1030 0.4654 0.8791
vn -0.0484 0.4843 -0.8736
vn 0.7818 0.4932 0.3815
vn -0.7480 0.4863 -0.4516
vn 0.7637 0.4934 0.4163
vn -0.6554 0.4875 -0.5768
vn 0.8534 0.5098 -0.1086
vn -0.8029 0.4313 0.4115
vn 0.8589 0.5073 -0.0701
vn -0.3671 0.4359 0.8217
vn 0.0079 0.4056 0.9140
vn -0.8400 0.2446 -0.4843
vn 0.6455 0.4493 0.6177
vn -0.7949 0.2474 -0.5540
vn 0.8880 0.4446 -0.1170
vn -0.9311 0.2630 0.2528
vn 0.8934 0.4485 -0.0260
vn -0.9705 0.2412 0.0014
vn 0.4485 0.3534 -0.8210
vn -0.5529 0.3557 0.7535
vn 0.5042 0.3637 -0.7833
vn -0.6611 0.3369 0.6705
vn -0.0637 0.2957 -0.9532
vn 0.3337 0.4282 0.8398
vn -0.0020 0.2997 -0.9540
vn 0.7856 0.4500 0.4246
vn 0.5612 0.3763 0.7372
vn -0.9884 -0.0560 0.1412
vn 0.9276 0.3608 0.0964
vn -0.9958 -0.0688 0.0608
vn 0.6892 0.1977 -0.6971
vn -0.6013 0.1219 0.7897
vn 0.7541 0.2228 -0.6178
vn -0.7919 0.0505 0.6085
vn -0.1392 -0.0338 -0.9897
vn 0.0179 0.2961 0.9550
vn -0.0779 -0.0201 -0.9968
vn -0.1410 0.2592 0.9555
vn -0.6578 -0.1140 -0.7445
vn 0.8084 0.3846 0.4456
vn -0.6162 -0.1107 -0.7798
vn 0.9307 0.3201 -0.1767
vn 0.6543 0.3115 -0.6891
vn -0.9826 0.1816 0.0386
vn 0.9125 0.3932 0.1124
vn -0.9735 0.1897 0.1278
vn 0.5400 0.4038 0.7385
vn 0.9107 0.3648 -0.1940
vn -0.6055 0.1542 -0.7808
vn 0.8121 0.4028 0.4221
vn -0.6537 0.1540 -0.7409
vn -0.1516 0.3509 0.9241
vn -0.0824 0.2004 -0.9763
vn 0.0275 0.3760 0.9262
vn -0.1545 0.1904 -0.9695
vn -0.7863 0.2279 0.5743
vn 0.7343 0.3273 -0.5947
vn -0.5792 0.2716 0.7686
vn 0.8503 -0.0000 0.5263
vn 0.2291 -0.0000 0.9734
vn -0.5263 -0.0000 0.8503
vn -0.9734 -0.0000 0.2291
vn -0.8503 -0.0000 -0.5263
vn -0.2291 -0.0000 -0.9734
vn 0.5263 -0.0000 -0.8503
vn 0.9734 -0.0000 -0.2291
vn 0.6337 0.6413 -0.4327
vn 0.0336 0.5684 0.8220
vn 0.1226 0.5930 -0.7958
vn -0.0350 0.5641 0.8250
vn -0.5684 0.5399 -0.6208
vn 0.5838 0.6103 0.5355
vn -0.5034 0.5447 -0.6708
vn 0.4250 0.5882 0.6880
vn -0.8688 0.4889 0.0788
vn 0.7470 0.6637 0.0387
vn -0.8699 0.4925 0.0249
vn 0.7364 0.6566 0.1631
vn -0.6865 0.5009 0.5270
vn 0.4257 0.6167 -0.6622
vn -0.7170 0.4961 0.4897
vn -0.1011 0.5679 -0.8168
vn 0.1805 0.4461 -0.8766
vn 0.6355 0.5156 0.5747
vn -0.5120 0.4358 -0.7402
vn 0.5777 0.5190 0.6301
vn -0.8800 0.4698 -0.0695
vn 0.8758 0.4786 -0.0618
vn -0.8731 0.4654 -0.1452
vn 0.8527 0.4843 0.1961
vn -0.5837 0.4932 0.6450
vn 0.6416 0.4863 -0.5932
vn -0.6120 0.4934 0.6180
vn 0.7362 0.4875 -0.4694
vn -0.1327 0.5098 0.8500
vn -0.1723 0.4313 -0.8856
vn -0.1712 0.5073 0.8446
vn -0.6874 0.4359 -0.5809
vn -0.8803 0.4056 -0.2462
vn 0.6986 0.2446 -0.6725
vn -0.7726 0.4493 0.4485
vn 0.7530 0.2474 -0.6097
vn -0.1343 0.4446 0.8856
vn 0.0158 0.2630 -0.9647
vn -0.2231 0.4485 0.8655
vn 0.2682 0.2412 -0.9327
vn 0.6641 0.3534 0.6588
vn -0.5703 0.3557 -0.7404
vn 0.6124 0.3637 0.7019
vn -0.4605 0.3369 -0.8213
vn 0.9333 0.2957 0.2035
vn -0.8994 0.4282 0.0873
vn 0.9170 0.2997 0.2631
vn -0.6261 0.4500 0.6368
vn -0.8641 0.3763 0.3343
vn 0.1388 -0.0560 -0.9887
vn -0.3503 0.3608 0.8644
vn 0.2181 -0.0688 -0.9735
vn 0.4783 0.1977 0.8557
vn -0.5916 0.1219 -0.7970
vn 0.3840 0.2228 0.8960
vn -0.3646 0.0505 -0.9298
vn 0.9894 -0.0338 0.1412
vn -0.9224 0.2960 -0.2480
vn 0.9792 -0.0201 0.2020
vn -0.8787 0.2591 -0.4009
vn 0.8979 -0.1140 -0.4252
vn -0.6526 0.3846 0.6529
vn 0.9203 -0.1107 -0.3754
vn -0.0888 0.3201 0.9432
vn 0.4803 0.3115 0.8200
vn 0.2358 0.1816 -0.9547
vn -0.3614 0.3932 0.8454
vn 0.1476 0.1897 -0.9707
vn -0.8594 0.4038 0.3137
vn -0.0666 0.3648 0.9287
vn 0.9182 0.1542 -0.3648
vn -0.6311 0.4028 0.6630
vn 0.8933 0.1540 -0.4222
vn -0.8456 0.3509 -0.4023
vn 0.9607 0.2004 0.1920
vn -0.8974 0.3760 -0.2308
vn 0.9742 0.1904 0.1208
vn -0.3333 0.2279 -0.9148
vn 0.3673 0.3273 0.8706
vn -0.5775 0.2716 -0.7699
vn -0.7417 -0.0000 0.6707
vn -0.9987 -0.0000 -0.0502
vn -0.6707 -0.0000 -0.7417
vn 0.0503 -0.0000 -0.9987
vn 0.7417 -0.0000 -0.6707
vn 0.9987 -0.0000 0.0502
vn 0.6707 -0.0000 0.7417
vn -0.0502 -0.0000 0.9987
vn -0.7654 0.6413 0.0534
vn 0.3862 0.5684 -0.7265
vn -0.5077 0.5930 0.6250
vn 0.4468 0.5641 -0.6944
vn 0.1772 0.5399 0.8229
vn -0.2335 0.6103 -0.7570
vn 0.0958 0.5447 0.8331
vn -0.0194 0.5882 -0.8085
vn 0.7897 0.4889 0.3707
vn -0.6252 0.6637 -0.4106
vn 0.7635 0.4925 0.4178
vn -0.5533 0.6566 -0.5127
vn 0.8587 0.5009 -0.1082
vn -0.7018 0.6167 0.3565
vn 0.8661 0.4961 -0.0606
vn -0.3252 0.5679 0.7561
vn -0.5985 0.4461 0.6655
vn -0.2583 0.5156 -0.8170
vn 0.0681 0.4358 0.8974
vn -0.1805 0.5190 -0.8355
vn 0.7245 0.4698 0.5044
vn -0.7872 0.4786 -0.3889
vn 0.6803 0.4654 0.5662
vn -0.6369 0.4843 -0.5998
vn 0.8295 0.4932 -0.2620
vn -0.8534 0.4863 0.1880
vn 0.8404 0.4934 -0.2244
vn -0.8725 0.4875 0.0334
vn 0.5437 0.5098 -0.6667
vn -0.2984 0.4313 0.8514
vn 0.5743 0.5073 -0.6426
vn 0.3000 0.4359 0.8485
vn 0.6355 0.4056 0.6570
vn -0.9425 0.2446 0.2277
vn 0.8934 0.4493 0.0030
vn -0.9579 0.2474 0.1460
vn 0.5631 0.4447 -0.6966
vn -0.5007 0.2630 0.8247
vn 0.6296 0.4485 -0.6344
vn -0.7025 0.2412 0.6696
vn -0.2405 0.3534 -0.9040
vn 0.1183 0.3557 0.9271
vn -0.1742 0.3637 -0.9151
vn -0.0173 0.3369 0.9414
vn -0.7028 0.2957 -0.6470
vn 0.8204 0.4282 0.3788
vn -0.6587 0.2997 -0.6902
vn 0.8620 0.4500 -0.2335
vn 0.9147 0.3763 0.1477
vn -0.6191 -0.0560 0.7833
vn 0.7388 0.3608 -0.5692
vn -0.6799 -0.0688 0.7301
vn 0.0192 0.1977 -0.9801
vn 0.1081 0.1218 0.9866
vn 0.1210 0.2228 -0.9673
vn -0.1548 0.0505 0.9867
vn -0.7827 -0.0338 -0.6215
vn 0.6709 0.2961 0.6799
vn -0.7431 -0.0201 -0.6688
vn 0.5560 0.2592 0.7897
vn -0.9897 -0.1140 -0.0864
vn 0.8929 0.3846 -0.2340
vn -0.9838 -0.1107 -0.1407
vn 0.5529 0.3201 -0.7693
vn -0.0005 0.3115 -0.9502
vn -0.6856 0.1816 0.7049
vn 0.7389 0.3932 -0.5472
vn -0.6176 0.1897 0.7633
vn 0.9001 0.4038 0.1632
vn 0.5264 0.3648 -0.7680
vn -0.9768 0.1542 -0.1488
vn 0.8795 0.4028 -0.2536
vn -0.9843 0.1540 -0.0867
vn 0.5268 0.3509 0.7742
vn -0.7323 0.2004 -0.6509
vn 0.6580 0.3760 0.6524
vn -0.7799 0.1904 -0.5962
vn -0.1742 0.2279 0.9580
vn 0.1226 0.3273 -0.9370
vn 0.1097 0.2716 0.9561
vn 0.9789 -0.0000 -0.2043
vn 0.8367 -0.0000 0.5477
vn 0.2043 -0.0000 0.9789
vn -0.5477 -0.0000 0.8367
vn -0.9789 -0.0000 0.2043
vn -0.8367 -0.0000 -0.5477
vn -0.2043 -0.0000 -0.9789
vn 0.5477 -0.0000 -0.8367
vn 0.1612 0.6413 -0.7502
vn 0.5907 0.5684 0.5727
vn -0.4594 0.5930 -0.6613
vn 0.5430 0.5641 0.6221
vn -0.8397 0.5399 -0.0584
vn 0.7921 0.6103 -0.0140
vn -0.8270 0.5447 -0.1394
vn 0.7821 0.5882 0.2059
vn -0.5755 0.4889 0.6556
vn 0.5681 0.6637 -0.4866
vn -0.6134 0.4925 0.6174
vn 0.6462 0.6566 -0.3891
vn -0.1346 0.5009 0.8550
vn -0.1476 0.6167 -0.7733
vn -0.1823 0.4961 0.8489
vn -0.6361 0.5679 -0.5224
vn -0.4731 0.4461 -0.7597
vn 0.8566 0.5156 -0.0212
vn -0.8811 0.4358 -0.1838
vn 0.8528 0.5190 0.0587
vn -0.6857 0.4698 0.5559
vn 0.5922 0.4786 -0.6482
vn -0.7329 0.4654 0.4962
vn 0.7531 0.4843 -0.4453
vn 0.0213 0.4932 0.8696
vn 0.0564 0.4863 -0.8720
vn -0.0178 0.4934 0.8696
vn 0.2102 0.4875 -0.8474
vn 0.4894 0.5098 0.7075
vn -0.7350 0.4313 -0.5232
vn 0.4578 0.5073 0.7302
vn -0.8984 0.4359 0.0525
vn -0.8077 0.4056 0.4280
vn 0.0431 0.2446 -0.9687
vn -0.2510 0.4493 0.8574
vn 0.1257 0.2474 -0.9607
vn 0.5128 0.4446 0.7344
vn -0.6532 0.2630 -0.7101
vn 0.4345 0.4485 0.7811
vn -0.4482 0.2412 -0.8608
vn 0.9352 0.3534 0.0200
vn -0.9235 0.3557 -0.1438
vn 0.9275 0.3637 0.0869
vn -0.8996 0.3369 -0.2780
vn 0.8167 0.2957 -0.4955
vn -0.5918 0.4282 0.6829
vn 0.8459 0.2997 -0.4411
vn -0.0151 0.4500 0.8929
vn -0.3960 0.3763 0.8376
vn -0.5805 -0.0560 -0.8123
vn 0.3416 0.3608 0.8678
vn -0.5126 -0.0688 -0.8559
vn 0.9362 0.1977 0.2907
vn -0.9779 0.1219 -0.1701
vn 0.8956 0.2228 0.3849
vn -0.9048 0.0505 -0.4227
vn 0.8144 -0.0338 -0.5793
vn -0.8395 0.2960 0.4557
vn 0.8489 -0.0201 -0.5282
vn -0.9131 0.2592 0.3148
vn 0.3579 -0.1140 -0.9268
vn -0.0232 0.3846 0.9228
vn 0.4084 -0.1107 -0.9061
vn 0.5855 0.3201 0.7448
vn 0.9130 0.3115 0.2635
vn -0.4868 0.1816 -0.8544
vn 0.3205 0.3932 0.8618
vn -0.5617 0.1897 -0.8053
vn -0.4068 0.4038 0.8194
vn 0.5916 0.3648 0.7190
vn 0.4142 0.1542 -0.8970
vn -0.0007 0.4028 0.9153
vn 0.3566 0.1540 -0.9215
vn -0.8900 0.3509 0.2910
vn 0.8286 0.2004 -0.5227
vn -0.8095 0.3760 0.4509
vn 0.7894 0.1904 -0.5836
vn -0.8719 0.2279 -0.4335
vn 0.8660 0.3273 0.3780
vn -0.9490 0.2716 -0.1601
vn -0.0756 -0.0000 0.9971
vn -0.7585 -0.0000 0.6516
vn -0.9971 -0.0000 -0.0756
vn -0.6516 -0.0000 -0.7585
vn 0.0756 -0.0000 -0.9971
vn 0.7585 -0.0000 -0.6516
vn 0.9971 -0.0000 0.0756
vn 0.6516 -0.0000 0.7585
vn 0.4242 0.6413 0.6394
vn -0.8224 0.5684 0.0226
vn 0.7941 0.5930 0.1331
vn -0.8244 0.5641 -0.0459
vn 0.6283 0.5399 -0.5602
vn -0.5432 0.6103 0.5766
vn 0.6774 0.5447 -0.4944
vn -0.6936 0.5882 0.4159
vn -0.0672 0.4889 -0.8698
vn -0.0486 0.6637 0.7464
vn -0.0133 0.4925 -0.8702
vn -0.1729 0.6566 0.7342
vn -0.5178 0.5009 -0.6935
vn 0.6564 0.6167 0.4345
vn -0.4802 0.4961 -0.7234
vn 0.8181 0.5679 -0.0903
vn 0.8741 0.4461 0.1921
vn -0.5831 0.5156 0.6278
vn 0.7470 0.4358 -0.5021
vn -0.6377 0.5190 0.5693
vn 0.0811 0.4698 -0.8790
vn 0.0502 0.4786 0.8766
vn 0.1568 0.4654 -0.8711
vn -0.2074 0.4843 0.8500
vn -0.6373 0.4932 -0.5922
vn 0.5846 0.4863 0.6494
vn -0.6099 0.4934 -0.6202
vn 0.4596 0.4875 0.7423
vn -0.8482 0.5098 -0.1439
vn 0.8878 0.4313 -0.1606
vn -0.8423 0.5073 -0.1824
vn 0.5900 0.4359 -0.6796
vn 0.2579 0.4056 -0.8769
vn 0.6631 0.2446 0.7074
vn -0.4382 0.4493 -0.7785
vn 0.5997 0.2474 0.7610
vn -0.8837 0.4446 -0.1460
vn 0.9644 0.2630 0.0286
vn -0.8625 0.4485 -0.2346
vn 0.9290 0.2412 0.2805
vn -0.6676 0.3534 0.6553
vn 0.7479 0.3557 -0.5604
vn -0.7100 0.3637 0.6031
vn 0.8273 0.3369 -0.4495
vn -0.2159 0.2957 0.9306
vn -0.0754 0.4282 -0.9005
vn -0.2752 0.2997 0.9135
vn -0.6284 0.4500 -0.6345
vn -0.3228 0.3763 -0.8684
vn 0.9868 -0.0560 0.1519
vn -0.8596 0.3608 -0.3617
vn 0.9705 -0.0688 0.2310
vn -0.8619 0.1977 0.4669
vn 0.8048 0.1219 -0.5809
vn -0.9010 0.2228 0.3721
vn 0.9345 0.0505 -0.3522
vn -0.1543 -0.0339 0.9874
vn 0.2603 0.2960 -0.9190
vn -0.2150 -0.0201 0.9764
vn 0.4125 0.2591 -0.8733
vn 0.4133 -0.1140 0.9035
vn -0.6442 0.3846 -0.6612
vn 0.3631 -0.1107 0.9252
vn -0.9419 0.3201 -0.1013
vn -0.8262 0.3115 0.4693
vn 0.9515 0.1816 0.2485
vn -0.8406 0.3932 -0.3726
vn 0.9686 0.1897 0.1605
vn -0.3022 0.4038 -0.8635
vn -0.9277 0.3648 -0.0789
vn 0.3526 0.1542 0.9230
vn -0.6545 0.4028 -0.6398
vn 0.4103 0.1540 0.8988
vn 0.4134 0.3509 -0.8402
vn -0.2048 0.2004 0.9581
vn 0.2427 0.3760 -0.8943
vn -0.1337 0.1904 0.9726
vn 0.9192 0.2279 -0.3212
vn -0.8754 0.3272 0.3557
vn 0.7775 0.2716 -0.5673
vn -0.6608 -0.0000 -0.7506
vn 0.0635 -0.0000 -0.9980
vn 0.7506 -0.0000 -0.6608
vn 0.9980 -0.0000 0.0635
vn 0.6608 -0.0000 0.7506
vn -0.0635 -0.0000 0.9980
vn -0.7506 -0.0000 0.6608
vn -0.9980 -0.0000 -0.0635
vn -0.7320 0.6413 0.2299
vn 0.2067 0.5684 -0.7964
vn -0.3484 0.5930 0.7259
vn 0.2731 0.5641 -0.7793
vn 0.3636 0.5399 0.7591
vn -0.4031 0.6103 -0.6820
vn 0.2868 0.5447 0.7880
vn -0.2069 0.5882 -0.7818
vn 0.8542 0.4889 0.1770
vn -0.7036 0.6637 -0.2540
vn 0.8397 0.4925 0.2289
vn -0.6573 0.6566 -0.3700
vn 0.8100 0.5009 -0.3049
vn -0.5997 0.6167 0.5100
vn 0.8283 0.4961 -0.2604
vn -0.1405 0.5679 0.8110
vn -0.4273 0.4461 0.7864
vn -0.4412 0.5156 -0.7345
vn 0.2749 0.4358 0.8570
vn -0.3698 0.5190 -0.7707
vn 0.8219 0.4698 0.3221
vn -0.8560 0.4786 -0.1952
vn 0.7933 0.4654 0.3926
vn -0.7589 0.4843 -0.4353
vn 0.7459 0.4932 -0.4477
vn -0.7863 0.4863 0.3812
vn 0.7652 0.4934 -0.4136
vn -0.8408 0.4875 0.2354
vn 0.3738 0.5098 -0.7748
vn -0.0923 0.4313 0.8975
vn 0.4091 0.5073 -0.7585
vn 0.4890 0.4359 0.7555
vn 0.7708 0.4056 0.4913
vn -0.8638 0.2446 0.4406
vn 0.8696 0.4493 -0.2048
vn -0.8977 0.2474 0.3647
vn 0.3857 0.4446 -0.8084
vn -0.2953 0.2630 0.9185
vn 0.4649 0.4485 -0.7634
vn -0.5275 0.2412 0.8146
vn -0.4441 0.3534 -0.8233
vn 0.3306 0.3557 0.8742
vn -0.3821 0.3637 -0.8495
vn 0.2021 0.3369 0.9196
vn -0.8340 0.2957 -0.4659
vn 0.8860 0.4282 0.1777
vn -0.8011 0.2997 -0.5181
vn 0.7841 0.4500 -0.4275
vn 0.9239 0.3763 -0.0689
vn -0.4200 -0.0560 0.9058
vn 0.5862 0.3608 -0.7254
vn -0.4915 -0.0688 0.8682
vn -0.2091 0.1977 -0.9577
vn 0.3346 0.1219 0.9345
vn -0.1072 0.2228 -0.9689
vn 0.0788 0.0505 0.9956
vn -0.9057 -0.0338 -0.4225
vn 0.8106 0.2960 0.5053
vn -0.8783 -0.0201 -0.4777
vn 0.7244 0.2592 0.6388
vn -0.9827 -0.1140 0.1461
vn 0.8141 0.3846 -0.4352
vn -0.9896 -0.1107 0.0919
vn 0.3589 0.3201 -0.8768
vn -0.2214 0.3115 -0.9241
vn -0.5029 0.1816 0.8450
vn 0.5914 0.3932 -0.7040
vn -0.4232 0.1897 0.8860
vn 0.9134 0.4038 -0.0505
vn 0.3334 0.3648 -0.8693
vn -0.9846 0.1542 0.0824
vn 0.7964 0.4028 -0.4511
vn -0.9774 0.1540 0.1446
vn 0.6923 0.3509 0.6305
vn -0.8635 0.2004 -0.4628
vn 0.7917 0.3760 0.4815
vn -0.8972 0.1904 -0.3986
vn 0.0533 0.2279 0.9722
vn -0.0986 0.3272 -0.9398
vn 0.3290 0.2716 0.9044
vn 0.9046 -0.0000 -0.4263
vn 0.9411 -0.0000 0.3382
vn 0.4263 -0.0000 0.9046
vn -0.3382 -0.0000 0.9411
vn -0.9046 -0.0000 0.4263
vn -0.9411 -0.0000 -0.3382
vn -0.4263 -0.0000 -0.9046
vn 0.3382 -0.0000 -0.9411
vn 0.7480 0.6413 0.1712
vn -0.5805 0.5684 0.5830
vn 0.6673 0.5930 -0.4506
vn -0.6292 0.5641 0.5347
vn 0.0695 0.5399 -0.8389
vn 0.0035 0.6103 0.7922
vn 0.1504 0.5447 -0.8250
vn -0.2162 0.5882 0.7793
vn -0.6479 0.4889 -0.5841
vn 0.4790 0.6637 0.5745
vn -0.6092 0.4925 -0.6216
vn 0.3805 0.6566 0.6513
vn -0.8531 0.5009 -0.1459
vn 0.7751 0.6167 -0.1373
vn -0.8464 0.4961 -0.1935
vn 0.5308 0.5679 -0.6291
vn 0.7659 0.4461 -0.4630
vn 0.0099 0.5156 0.8568
vn 0.1955 0.4358 -0.8785
vn -0.0700 0.5190 0.8519
vn -0.5468 0.4698 -0.6931
vn 0.6403 0.4786 0.6008
vn -0.4865 0.4654 -0.7394
vn 0.4352 0.4843 0.7590
vn -0.8699 0.4932 0.0098
vn 0.8712 0.4863 0.0680
vn -0.8693 0.4934 -0.0294
vn 0.8446 0.4875 0.2214
vn -0.7139 0.5098 0.4800
vn 0.5329 0.4313 -0.7280
vn -0.7362 0.5073 0.4481
vn -0.0406 0.4359 -0.8991
vn -0.4172 0.4056 -0.8133
vn 0.9680 0.2446 0.0559
vn -0.8540 0.4493 -0.2624
vn 0.9590 0.2474 0.1385
vn -0.7411 0.4447 0.5030
vn 0.7187 0.2630 -0.6437
vn -0.7868 0.4485 0.4241
vn 0.8667 0.2412 -0.4367
vn -0.0324 0.3534 0.9349
vn 0.1561 0.3557 -0.9215
vn -0.0991 0.3637 0.9262
vn 0.2899 0.3369 -0.8958
vn 0.4846 0.2957 0.8232
vn -0.6750 0.4282 -0.6008
vn 0.4298 0.2997 0.8517
vn -0.8926 0.4500 -0.0270
vn -0.8323 0.3763 -0.4070
vn 0.8199 -0.0560 -0.5697
vn -0.8723 0.3608 0.3300
vn 0.8626 -0.0688 -0.5012
vn -0.3031 0.1977 0.9322
vn 0.1831 0.1219 -0.9755
vn -0.3968 0.2228 0.8905
vn 0.4347 0.0505 -0.8992
vn 0.5684 -0.0338 0.8220
vn -0.4445 0.2960 -0.8454
vn 0.5169 -0.0201 0.8558
vn -0.3027 0.2592 -0.9172
vn 0.9219 -0.1140 0.3702
vn -0.9224 0.3846 -0.0354
vn 0.9006 -0.1107 0.4204
vn -0.7525 0.3201 0.5755
vn -0.2755 0.3115 0.9094
vn 0.8608 0.1816 -0.4754
vn -0.8659 0.3932 0.3090
vn 0.8127 0.1897 -0.5510
vn -0.8139 0.4038 -0.4176
vn -0.7268 0.3648 0.5820
vn 0.8914 0.1542 0.4261
vn -0.9152 0.4028 -0.0128
vn 0.9167 0.1540 0.3688
vn -0.2792 0.3509 -0.8938
vn 0.5116 0.2004 0.8355
vn -0.4402 0.3760 -0.8154
vn 0.5731 0.1904 0.7970
vn 0.4450 0.2279 -0.8661
vn -0.3894 0.3272 0.8610
vn 0.1727 0.2716 -0.9468
vn -0.9960 -0.0000 -0.0888
vn -0.6415 -0.0000 -0.7671
vn 0.0888 -0.0000 -0.9960
vn 0.7671 -0.0000 -0.6415
vn 0.9960 -0.0000 0.0888
vn 0.6415 -0.0000 0.7671
vn -0.0888 -0.0000 0.9960
vn -0.7671 -0.0000 0.6415
vn 0.5949 0.6413 0.4846
vn -0.7786 0.5684 0.2657
vn 0.7979 0.5930 -0.1086
vn -0.8009 0.5641 0.2009
vn 0.4337 0.5399 -0.7214
vn -0.3476 0.6103 0.7119
vn 0.5001 0.5447 -0.6732
vn -0.5389 0.5882 0.6030
vn -0.3224 0.4889 -0.8106
vn 0.1752 0.6637 0.7272
vn -0.2710 0.4925 -0.8270
vn 0.0528 0.6566 0.7524
vn -0.7004 0.5009 -0.5085
vn 0.7558 0.6167 0.2201
vn -0.6732 0.4961 -0.5483
vn 0.7544 0.5679 -0.3290
vn 0.8917 0.4461 -0.0760
vn -0.3705 0.5156 0.7726
vn 0.5643 0.4358 -0.7012
vn -0.4399 0.5190 0.7329
vn -0.1834 0.4698 -0.8635
vn 0.3081 0.4786 0.8222
vn -0.1088 0.4654 -0.8784
vn 0.0542 0.4843 0.8732
vn -0.7843 0.4932 -0.3763
vn 0.7510 0.4863 0.4466
vn -0.7665 0.4934 -0.4112
vn 0.6593 0.4875 0.5724
vn -0.8527 0.5098 0.1143
vn 0.8001 0.4313 -0.4169
vn -0.8585 0.5073 0.0758
vn 0.3616 0.4359 -0.8241
vn -0.0140 0.4056 -0.9140
vn 0.8432 0.2446 0.4787
vn -0.6496 0.4493 -0.6133
vn 0.7986 0.2474 0.5487
vn -0.8872 0.4446 0.1229
vn 0.9294 0.2630 -0.2590
vn -0.8932 0.4485 0.0320
vn 0.9704 0.2412 -0.0079
vn -0.4430 0.3534 0.8239
vn 0.5479 0.3557 -0.7571
vn -0.4990 0.3637 0.7866
vn 0.6566 0.3369 -0.6748
vn 0.0701 0.2957 0.9527
vn -0.3393 0.4282 -0.8376
vn 0.0083 0.2997 0.9540
vn -0.7884 0.4500 -0.4194
vn -0.5661 0.3763 -0.7335
vn 0.9874 -0.0560 -0.1478
vn -0.9283 0.3608 -0.0902
vn 0.9953 -0.0688 -0.0675
vn -0.6845 0.1977 0.7017
vn 0.5961 0.1218 -0.7936
vn -0.7500 0.2228 0.6228
vn 0.7879 0.0505 -0.6138
vn 0.1458 -0.0339 0.9887
vn -0.0243 0.2960 -0.9549
vn 0.0845 -0.0201 0.9962
vn 0.1347 0.2591 -0.9564
vn 0.6628 -0.1140 0.7401
vn -0.8114 0.3846 -0.4402
vn 0.6214 -0.1107 0.7757
vn -0.9296 0.3201 0.1829
vn -0.6497 0.3115 0.6934
vn 0.9823 0.1816 -0.0452
vn -0.9133 0.3932 -0.1063
vn 0.9726 0.1897 -0.1343
vn -0.5449 0.4038 -0.7348
vn -0.9093 0.3648 0.2000
vn 0.6107 0.1542 0.7767
vn -0.8149 0.4028 -0.4167
vn 0.6586 0.1540 0.7365
vn 0.1454 0.3509 -0.9251
vn 0.0889 0.2004 0.9757
vn -0.0337 0.3760 -0.9260
vn 0.1610 0.1904 0.9684
vn 0.7824 0.2279 -0.5795
vn -0.7304 0.3273 0.5996
vn 0.5740 0.2716 -0.7725
vn -0.8538 -0.0000 -0.5206
vn -0.2356 -0.0000 -0.9719
vn 0.5206 -0.0000 -0.8538
vn 0.9718 -0.0000 -0.2356
vn 0.8538 -0.0000 0.5206
vn 0.2356 -0.0000 0.9719
vn -0.5206 -0.0000 0.8538
vn -0.9719 -0.0000 0.2356
vn -0.6308 0.6413 0.4369
vn -0.0390 0.5684 -0.8218
vn -0.1172 0.5930 0.7966
vn 0.0295 0.5641 -0.8252
vn 0.5726 0.5399 0.6170
vn -0.5873 0.6103 -0.5316
vn 0.5078 0.5447 0.6674
vn -0.4296 0.5882 -0.6851
vn 0.8683 0.4889 -0.0846
vn -0.7472 0.6637 -0.0337
vn 0.8698 0.4925 -0.0307
vn -0.7375 0.6566 -0.1582
vn 0.6830 0.5009 -0.5316
vn -0.4213 0.6167 0.6650
vn 0.7137 0.4961 -0.4945
vn 0.1066 0.5679 0.8162
vn -0.1747 0.4461 0.8778
vn -0.6393 0.5156 -0.5705
vn 0.5169 0.4358 0.7368
vn -0.5819 0.5190 -0.6262
vn 0.8805 0.4698 0.0636
vn -0.8754 0.4786 0.0676
vn 0.8740 0.4654 0.1394
vn -0.8539 0.4843 -0.1904
vn 0.5793 0.4932 -0.6489
vn -0.6377 0.4863 0.5974
vn 0.6079 0.4934 -0.6221
vn -0.7330 0.4875 0.4743
vn 0.1270 0.5098 -0.8509
vn 0.1782 0.4313 0.8844
vn 0.1656 0.5073 -0.8457
vn 0.6913 0.4359 0.5763
vn 0.8819 0.4056 0.2404
vn -0.6941 0.2446 0.6771
vn 0.7696 0.4493 -0.4537
vn -0.7489 0.2474 0.6147
vn 0.1284 0.4447 -0.8865
vn -0.0093 0.2630 0.9647
vn 0.2174 0.4485 -0.8670
vn -0.2620 0.2412 0.9344
vn -0.6685 0.3534 -0.6544
vn 0.5752 0.3557 0.7366
vn -0.6171 0.3637 -0.6978
vn 0.4659 0.3369 0.8182
vn -0.9347 0.2957 -0.1973
vn 0.8988 0.4282 -0.0933
vn -0.9188 0.2997 -0.2570
vn 0.6219 0.4500 -0.6409
vn 0.8618 0.3763 -0.3401
vn -0.1323 -0.0560 0.9896
vn 0.3445 0.3608 -0.8667
vn -0.2116 -0.0688 0.9749
vn -0.4840 0.1977 -0.8525
vn 0.5969 0.1219 0.7930
vn -0.3900 0.2228 -0.8935
vn 0.3708 0.0505 0.9273
vn -0.9903 -0.0338 -0.1346
vn 0.9240 0.2960 0.2419
vn -0.9805 -0.0201 -0.1955
vn 0.8814 0.2592 0.3950
vn -0.8950 -0.1140 0.4312
vn 0.6482 0.3846 -0.6572
vn -0.9177 -0.1107 0.3815
vn 0.0825 0.3201 -0.9438
vn -0.4857 0.3115 -0.8167
vn -0.2295 0.1816 0.9562
vn 0.3558 0.3932 -0.8478
vn -0.1411 0.1897 0.9716
vn 0.8573 0.4038 -0.3194
vn 0.0604 0.3648 -0.9291
vn -0.9158 0.1542 0.3709
vn 0.6266 0.4028 -0.6672
vn -0.8905 0.1540 0.4282
vn 0.8483 0.3509 0.3966
vn -0.9620 0.2004 -0.1856
vn 0.8989 0.3760 0.2248
vn -0.9750 0.1904 -0.1143
vn 0.3394 0.2279 0.9126
vn -0.3731 0.3273 -0.8681
vn 0.5826 0.2716 0.7660
vn 0.7373 -0.0000 -0.6756
vn 0.9990 -0.0000 0.0436
vn 0.6756 -0.0000 0.7373
vn -0.0436 -0.0000 0.9990
vn -0.7373 -0.0000 0.6756
vn -0.9990 -0.0000 -0.0436
vn -0.6756 -0.0000 -0.7373
vn 0.0436 -0.0000 -0.9990
vn 0.0302 0.0557 0.9980
vn 0.0225 -0.6666 0.7450
vn 0.0017 -0.9984 0.0556
vn -0.0201 -0.7454 -0.6663
vn -0.0302 -0.0557 -0.9980
vn -0.0225 0.6666 -0.7450
vn 0.9995 -0.0000 -0.0302
vn -0.0017 0.9984 -0.0556
vn 0.0201 0.7454 0.6663
vn -0.9995 -0.0000 0.0302
vn 0.1357 0.0557 -0.9892
vn 0.1013 -0.6666 -0.7385
vn 0.0076 -0.9984 -0.0552
vn -0.0906 -0.7454 0.6605
vn -0.1357 -0.0557 0.9892
vn -0.1013 0.6666 0.7385
vn -0.9907 -0.0000 -0.1360
vn -0.0076 0.9984 0.0552
vn 0.0906 0.7454 -0.6605
vn 0.9907 -0.0000 0.1360
vn 0.9388 0.0557 -0.3399
vn 0.7009 -0.6666 -0.2537
vn 0.0523 -0.9984 -0.0189
vn -0.6268 -0.7454 0.2269
vn -0.9388 -0.0557 0.3399
vn -0.7009 0.6666 0.2537
vn -0.3404 -0.0000 -0.9403
vn -0.0523 0.9984 0.0189
vn 0.6268 0.7454 -0.2269
vn 0.3404 -0.0000 0.9403
vn -0.9860 0.0557 -0.1573
vn -0.7361 -0.6666 -0.1174
vn -0.0550 -0.9984 -0.0088
vn 0.6583 -0.7454 0.1050
vn 0.9860 -0.0557 0.1573
vn 0.7361 0.6666 0.1174
vn -0.1575 -0.0000 0.9875
vn 0.0550 0.9984 0.0088
vn -0.6583 0.7454 -0.1050
vn 0.1575 -0.0000 -0.9875
vn 0.6864 0.1165 0.7178
vn 0.1104 -0.3385 0.9345
vn -0.5303 -0.5952 0.6037
vn -0.8604 -0.5033 -0.0807
vn -0.6864 -0.1165 -0.7178
vn -0.1104 0.3385 -0.9345
vn 0.4976 -0.7951 -0.3468
vn 0.5303 0.5952 -0.6037
vn 0.8604 0.5033 0.0807
vn -0.4976 0.7951 0.3468
vn 0.0242 0.4151 0.9095
vn -0.1325 0.9237 0.3594
vn -0.2115 0.8912 -0.4012
vn -0.1667 0.3367 -0.9267
vn -0.0242 -0.4151 -0.9095
vn 0.1325 -0.9237 -0.3594
vn -0.9771 -0.1827 0.1094
vn 0.2116 -0.8912 0.4012
vn 0.1667 -0.3367 0.9267
vn 0.9771 0.1827 -0.1094
vn 0.9213 0.3441 0.1808
vn 0.4896 0.8488 -0.1995
vn -0.2290 0.8563 -0.4630
vn -0.8134 0.3621 -0.4552
vn -0.9213 -0.3442 -0.1808
vn -0.4896 -0.8488 0.1995
vn -0.3142 0.3852 0.8677
vn 0.2290 -0.8563 0.4630
vn 0.8134 -0.3621 0.4552
vn 0.3142 -0.3852 -0.8677
vn 0.7680 0.6395 0.0358
vn 0.2477 0.7758 0.5803
vn -0.4176 0.4577 0.7849
vn -0.8384 -0.1285 0.5297
vn -0.7680 -0.6395 -0.0358
vn -0.2477 -0.7758 -0.5803
vn 0.4855 -0.6177 0.6186
vn 0.4176 -0.4577 -0.7849
vn 0.8384 0.1285 -0.5297
vn -0.4855 0.6177 -0.6186
vn 0.5174 0.6849 0.5131
vn -0.2333 0.8335 0.5008
vn -0.8473 0.4939 0.1951
vn -0.9650 -0.1350 -0.2249
vn -0.5174 -0.6849 -0.5131
vn 0.2333 -0.8335 -0.5008
vn -0.1198 -0.5357 0.8359
vn 0.8473 -0.4940 -0.1951
vn 0.9650 0.1350 0.2249
vn 0.1198 0.5357 -0.8359
vn -0.7972 0.4601 0.3909
vn -0.6738 0.6568 -0.3384
vn -0.1558 0.4687 -0.8695
vn 0.4535 0.0061 -0.8912
vn 0.7972 -0.4601 -0.3909
vn 0.6738 -0.6568 0.3384
vn -0.5833 -0.7540 -0.3020
vn 0.1558 -0.4687 0.8695
vn -0.4535 -0.0061 0.8912
vn 0.5833 0.7540 0.3020
vt 0.000000 0.000000
vt 1.000000 0.000000
vt 1.000000 1.000000
vt 0.000000 1.000000
vt 1.000000 0.500000
vt 0.875000 1.000000
vt 0.875000 0.500000
vt 0.750000 1.000000
vt 0.750000 0.500000
vt 0.625000 1.000000
vt 0.625000 0.500000
vt 0.500000 1.000000
vt 0.500000 0.500000
vt 0.375000 1.000000
vt 0.375000 0.500000
vt 0.250000 1.000000
vt 0.250000 0.500000
vt 0.419706 0.419706
vt 0.250000 0.490000
vt 0.080294 0.419706
vt 0.010000 0.250000
vt 0.080294 0.080294
vt 0.250000 0.010000
vt 0.419706 0.080294
vt 0.490000 0.250000
vt 0.125000 1.000000
vt 0.125000 0.500000
vt 0.000000 0.500000
vt 0.750000 0.490000
vt 0.919706 0.419706
vt 0.990000 0.250000
vt 0.919706 0.080294
vt 0.750000 0.010000
vt 0.580294 0.080294
vt 0.510000 0.250000
vt 0.580294 0.419706
s 0
usemtl Green
f 1/1/1 3/4/1 4/3/1 2/2/1
f 5/1/2 21/1/2 20/1/2
f 14/1/3 21/1/3 13/1/3
f 7/1/4 21/1/4 6/1/4
f 15/1/5 21/1/5 14/1/5
f 8/1/6 21/1/6 7/1/6
f 16/1/7 21/1/7 15/1/7
f 9/1/8 21/1/8 8/1/8
f 17/1/9 21/1/9 16/1/9
f 10/1/10 21/1/10 9/1/10
f 18/1/11 21/1/11 17/1/11
f 11/1/12 21/1/12 10/1/12
f 19/1/13 21/1/13 18/1/13
f 12/1/14 21/1/14 11/1/14
f 20/1/15 21/1/15 19/1/15
f 13/1/16 21/1/16 12/1/16
f 6/1/17 21/1/17 5/1/17
f 36/1/18 38/1/18 37/1/18
f 27/1/19 38/1/19 28/1/19
f 34/1/20 38/1/20 35/1/20
f 26/1/21 38/1/21 27/1/21
f 33/1/22 38/1/22 34/1/22
f 25/1/23 38/1/23 26/1/23
f 32/1/24 38/1/24 33/1/24
f 24/1/25 38/1/25 25/1/25
f 31/1/26 38/1/26 32/1/26
f 23/1/27 38/1/27 24/1/27
f 30/1/28 38/1/28 31/1/28
f 22/1/29 38/1/29 23/1/29
f 29/1/30 38/1/30 30/1/30
f 37/1/31 38/1/31 22/1/31
f 28/1/32 38/1/32 29/1/32
f 35/1/33 38/1/33 36/1/33
f 53/1/34 55/1/34 54/1/34
f 44/1/35 55/1/35 45/1/35
f 51/1/36 55/1/36 52/1/36
f 43/1/37 55/1/37 44/1/37
f 50/1/38 55/1/38 51/1/38
f 42/1/39 55/1/39 43/1/39
f 49/1/40 55/1/40 50/1/40
f 41/1/41 55/1/41 42/1/41
f 48/1/42 55/1/42 49/1/42
f 40/1/43 55/1/43 41/1/43
f 47/1/44 55/1/44 48/1/44
f 39/1/45 55/1/45 40/1/45
f 46/1/46 55/1/46 47/1/46
f 54/1/47 55/1/47 39/1/47
f 45/1/48 55/1/48 46/1/48
f 52/1/49 55/1/49 53/1/49
f 70/1/50 72/1/50 71/1/50
f 61/1/51 72/1/51 62/1/51
f 68/1/52 72/1/52 69/1/52
f 60/1/53 72/1/53 61/1/53
f 67/1/54 72/1/54 68/1/54
f 59/1/55 72/1/55 60/1/55
f 66/1/56 72/1/56 67/1/56
f 58/1/57 72/1/57 59/1/57
f 65/1/58 72/1/58 66/1/58
f 57/1/59 72/1/59 58/1/59
f 64/1/60 72/1/60 65/1/60
f 56/1/61 72/1/61 57/1/61
f 63/1/62 72/1/62 64/1/62
f 71/1/63 72/1/63 56/1/63
f 62/1/64 72/1/64 63/1/64
f 69/1/65 72/1/65 70/1/65
f 68/1/66 85/1/66 84/1/66 67/1/66
f 61/1/67 78/1/67 77/1/67 60/1/67
f 69/1/68 86/1/68 85/1/68 68/1/68
f 62/1/69 79/1/69 78/1/69 61/1/69
f 71/1/70 88/1/70 87/1/70 70/1/70
f 70/1/71 87/1/71 86/1/71 69/1/71
f 63/1/72 80/1/72 79/1/72 62/1/72
f 56/1/73 73/1/73 88/1/73 71/1/73
f 64/1/74 81/1/74 80/1/74 63/1/74
f 57/1/75 74/1/75 73/1/75 56/1/75
f 65/1/76 82/1/76 81/1/76 64/1/76
f 58/1/77 75/1/77 74/1/77 57/1/77
f 66/1/78 83/1/78 82/1/78 65/1/78
f 59/1/79 76/1/79 75/1/79 58/1/79
f 67/1/80 84/1/80 83/1/80 66/1/80
f 60/1/81 77/1/81 76/1/81 59/1/81
f 105/1/91 121/1/91 120/1/91
f 114/1/92 121/1/92 113/1/92
f 107/1/93 121/1/93 106/1/93
f 115/1/94 121/1/94 114/1/94
f 108/1/95 121/1/95 107/1/95
f 116/1/96 121/1/96 115/1/96
f 109/1/97 121/1/97 108/1/97
f 117/1/98 121/1/98 116/1/98
f 110/1/99 121/1/99 109/1/99
f 118/1/100 121/1/100 117/1/100
f 111/1/101 121/1/101 110/1/101
f 119/1/102 121/1/102 118/1/102
f 112/1/103 121/1/103 111/1/103
f 120/1/104 121/1/104 119/1/104
f 113/1/105 121/1/105 112/1/105
f 106/1/106 121/1/106 105/1/106
f 136/1/107 138/1/107 137/1/107
f 127/1/108 138/1/108 128/1/108
f 134/1/109 138/1/109 135/1/109
f 126/1/110 138/1/110 127/1/110
f 133/1/111 138/1/111 134/1/111
f 125/1/112 138/1/112 126/1/112
f 132/1/113 138/1/113 133/1/113
f 124/1/114 138/1/114 125/1/114
f 131/1/115 138/1/115 132/1/115
f 123/1/116 138/1/116 124/1/116
f 130/1/117 138/1/117 131/1/117
f 122/1/118 138/1/118 123/1/118
f 129/1/119 138/1/119 130/1/119
f 137/1/120 138/1/120 122/1/120
f 128/1/121 138/1/121 129/1/121
f 135/1/122 138/1/122 136/1/122
f 153/1/123 155/1/123 154/1/123
f 144/1/124 155/1/124 145/1/124
f 151/1/125 155/1/125 152/1/125
f 143/1/126 155/1/126 144/1/126
f 150/1/127 155/1/127 151/1/127
f 142/1/128 155/1/128 143/1/128
f 149/1/129 155/1/129 150/1/129
f 141/1/130 155/1/130 142/1/130
f 148/1/131 155/1/131 149/1/131
f 140/1/132 155/1/132 141/1/132
f 147/1/133 155/1/133 148/1/133
f 139/1/134 155/1/134 140/1/134
f 146/1/135 155/1/135 147/1/135
f 154/1/136 155/1/136 139/1/136
f 145/1/137 155/1/137 146/1/137
f 152/1/138 155/1/138 153/1/138
f 170/1/139 172/1/139 171/1/139
f 161/1/140 172/1/140 162/1/140
f 168/1/141 172/1/141 169/1/141
f 160/1/142 172/1/142 161/1/142
f 167/1/143 172/1/143 168/1/143
f 159/1/144 172/1/144 160/1/144
f 166/1/145 172/1/145 167/1/145
f 158/1/146 172/1/146 159/1/146
f 165/1/147 172/1/147 166/1/147
f 157/1/148 172/1/148 158/1/148
f 164/1/149 172/1/149 165/1/149
f 156/1/150 172/1/150 157/1/150
f 163/1/151 172/1/151 164/1/151
f 171/1/152 172/1/152 156/1/152
f 162/1/153 172/1/153 163/1/153
f 169/1/154 172/1/154 170/1/154
f 168/1/155 185/1/155 184/1/155 167/1/155
f 161/1/156 178/1/156 177/1/156 160/1/156
f 169/1/157 186/1/157 185/1/157 168/1/157
f 162/1/158 179/1/158 178/1/158 161/1/158
f 171/1/159 188/1/159 187/1/159 170/1/159
f 170/1/160 187/1/160 186/1/160 169/1/160
f 163/1/161 180/1/161 179/1/161 162/1/161
f 156/1/162 173/1/162 188/1/162 171/1/162
f 164/1/163 181/1/163 180/1/163 163/1/163
f 157/1/164 174/1/164 173/1/164 156/1/164
f 165/1/165 182/1/165 181/1/165 164/1/165
f 158/1/166 175/1/166 174/1/166 157/1/166
f 166/1/167 183/1/167 182/1/167 165/1/167
f 159/1/168 176/1/168 175/1/168 158/1/168
f 167/1/169 184/1/169 183/1/169 166/1/169
f 160/1/170 177/1/170 176/1/170 159/1/170
f 205/1/179 221/1/179 220/1/179
f 214/1/180 221/1/180 213/1/180
f 207/1/181 221/1/181 206/1/181
f 215/1/182 221/1/182 214/1/182
f 208/1/183 221/1/183 207/1/183
f 216/1/184 221/1/184 215/1/184
f 209/1/185 221/1/185 208/1/185
f 217/1/186 221/1/186 216/1/186
f 210/1/187 221/1/187 209/1/187
f 218/1/188 221/1/188 217/1/188
f 211/1/189 221/1/189 210/1/189
f 219/1/190 221/1/190 218/1/190
f 212/1/191 221/1/191 211/1/191
f 220/1/192 221/1/192 219/1/192
f 213/1/193 221/1/193 212/1/193
f 206/1/194 221/1/194 205/1/194
f 236/1/195 238/1/195 237/1/195
f 227/1/196 238/1/196 228/1/196
f 234/1/197 238/1/197 235/1/197
f 226/1/198 238/1/198 227/1/198
f 233/1/199 238/1/199 234/1/199
f 225/1/200 238/1/200 226/1/200
f 232/1/201 238/1/201 233/1/201
f 224/1/202 238/1/202 225/1/202
f 231/1/203 238/1/203 232/1/203
f 223/1/204 238/1/204 224/1/204
f 230/1/205 238/1/205 231/1/205
f 222/1/206 238/1/206 223/1/206
f 229/1/207 238/1/207 230/1/207
f 237/1/208 238/1/208 222/1/208
f 228/1/209 238/1/209 229/1/209
f 235/1/210 238/1/210 236/1/210
f 253/1/211 255/1/211 254/1/211
f 244/1/212 255/1/212 245/1/212
f 251/1/213 255/1/213 252/1/213
f 243/1/214 255/1/214 244/1/214
f 250/1/215 255/1/215 251/1/215
f 242/1/216 255/1/216 243/1/216
f 249/1/217 255/1/217 250/1/217
f 241/1/218 255/1/218 242/1/218
f 248/1/219 255/1/219 249/1/219
f 240/1/220 255/1/220 241/1/220
f 247/1/221 255/1/221 248/1/221
f 239/1/222 255/1/222 240/1/222
f 246/1/223 255/1/223 247/1/223
f 254/1/224 255/1/224 239/1/224
f 245/1/225 255/1/225 246/1/225
f 252/1/226 255/1/226 253/1/226
f 270/1/227 272/1/227 271/1/227
f 261/1/228 272/1/228 262/1/228
f 268/1/229 272/1/229 269/1/229
f 260/1/230 272/1/230 261/1/230
f 267/1/231 272/1/231 268/1/231
f 259/1/232 272/1/232 260/1/232
f 266/1/233 272/1/233 267/1/233
f 258/1/234 272/1/234 259/1/234
f 265/1/235 272/1/235 266/1/235
f 257/1/236 272/1/236 258/1/236
f 264/1/237 272/1/237 265/1/237
f 256/1/238 272/1/238 257/1/238
f 263/1/239 272/1/239 264/1/239
f 271/1/240 272/1/240 256/1/240
f 262/1/241 272/1/241 263/1/241
f 269/1/242 272/1/242 270/1/242
f 268/1/243 285/1/243 284/1/243 267/1/243
f 261/1/244 278/1/244 277/1/244 260/1/244
f 269/1/245 286/1/245 285/1/245 268/1/245
f 262/1/246 279/1/246 278/1/246 261/1/246
f 271/1/247 288/1/247 287/1/247 270/1/247
f 270/1/248 287/1/248 286/1/248 269/1/248
f 263/1/249 280/1/249 279/1/249 262/1/249
f 256/1/250 273/1/250 288/1/250 271/1/250
f 264/1/251 281/1/251 280/1/251 263/1/251
f 257/1/252 274/1/252 273/1/252 256/1/252
f 265/1/253 282/1/253 281/1/253 264/1/253
f 258/1/254 275/1/254 274/1/254 257/1/254
f 266/1/255 283/1/255 282/1/255 265/1/255
f 259/1/256 276/1/256 275/1/256 258/1/256
f 267/1/257 284/1/257 283/1/257 266/1/257
f 260/1/258 277/1/258 276/1/258 259/1/258
f 305/1/267 321/1/267 320/1/267
f 314/1/268 321/1/268 313/1/268
f 307/1/269 321/1/269 306/1/269
f 315/1/270 321/1/270 314/1/270
f 308/1/271 321/1/271 307/1/271
f 316/1/272 321/1/272 315/1/272
f 309/1/273 321/1/273 308/1/273
f 317/1/274 321/1/274 316/1/274
f 310/1/275 321/1/275 309/1/275
f 318/1/276 321/1/276 317/1/276
f 311/1/277 321/1/277 310/1/277
f 319/1/278 321/1/278 318/1/278
f 312/1/279 321/1/279 311/1/279
f 320/1/280 321/1/280 319/1/280
f 313/1/281 321/1/281 312/1/281
f 306/1/282 321/1/282 305/1/282
f 336/1/283 338/1/283 337/1/283
f 327/1/284 338/1/284 328/1/284
f 334/1/285 338/1/285 335/1/285
f 326/1/286 338/1/286 327/1/286
f 333/1/287 338/1/287 334/1/287
f 325/1/288 338/1/288 326/1/288
f 332/1/289 338/1/289 333/1/289
f 324/1/290 338/1/290 325/1/290
f 331/1/291 338/1/291 332/1/291
f 323/1/292 338/1/292 324/1/292
f 330/1/293 338/1/293 331/1/293
f 322/1/294 338/1/294 323/1/294
f 329/1/295 338/1/295 330/1/295
f 337/1/296 338/1/296 322/1/296
f 328/1/297 338/1/297 329/1/297
f 335/1/298 338/1/298 336/1/298
f 353/1/299 355/1/299 354/1/299
f 344/1/300 355/1/300 345/1/300
f 351/1/301 355/1/301 352/1/301
f 343/1/302 355/1/302 344/1/302
f 350/1/303 355/1/303 351/1/303
f 342/1/304 355/1/304 343/1/304
f 349/1/305 355/1/305 350/1/305
f 341/1/306 355/1/306 342/1/306
f 348/1/307 355/1/307 349/1/307
f 340/1/308 355/1/308 341/1/308
f 347/1/309 355/1/309 348/1/309
f 339/1/310 355/1/310 340/1/310
f 346/1/311 355/1/311 347/1/311
f 354/1/312 355/1/312 339/1/312
f 345/1/313 355/1/313 346/1/313
f 352/1/314 355/1/314 353/1/314
f 370/1/315 372/1/315 371/1/315
f 361/1/316 372/1/316 362/1/316
f 368/1/317 372/1/317 369/1/317
f 360/1/318 372/1/318 361/1/318
f 367/1/319 372/1/319 368/1/319
f 359/1/320 372/1/320 360/1/320
f 366/1/321 372/1/321 367/1/321
f 358/1/322 372/1/322 359/1/322
f 365/1/323 372/1/323 366/1/323
f 357/1/324 372/1/324 358/1/324
f 364/1/325 372/1/325 365/1/325
f 356/1/326 372/1/326 357/1/326
f 363/1/327 372/1/327 364/1/327
f 371/1/328 372/1/328 356/1/328
f 362/1/329 372/1/329 363/1/329
f 369/1/330 372/1/330 370/1/330
f 368/1/331 385/1/331 384/1/331 367/1/331
f 361/1/332 378/1/332 377/1/332 360/1/332
f 369/1/333 386/1/333 385/1/333 368/1/333
f 362/1/334 379/1/334 378/1/334 361/1/334
f 371/1/335 388/1/335 387/1/335 370/1/335
f 370/1/336 387/1/336 386/1/336 369/1/336
f 363/1/337 380/1/337 379/1/337 362/1/337
f 356/1/338 373/1/338 388/1/338 371/1/338
f 364/1/339 381/1/339 380/1/339 363/1/339
f 357/1/340 374/1/340 373/1/340 356/1/340
f 365/1/341 382/1/341 381/1/341 364/1/341
f 358/1/342 375/1/342 374/1/342 357/1/342
f 366/1/343 383/1/343 382/1/343 365/1/343
f 359/1/344 376/1/344 375/1/344 358/1/344
f 367/1/345 384/1/345 383/1/345 366/1/345
f 360/1/346 377/1/346 376/1/346 359/1/346
f 405/1/355 421/1/355 420/1/355
f 414/1/356 421/1/356 413/1/356
f 407/1/357 421/1/357 406/1/357
f 415/1/358 421/1/358 414/1/358
f 408/1/359 421/1/359 407/1/359
f 416/1/360 421/1/360 415/1/360
f 409/1/361 421/1/361 408/1/361
f 417/1/362 421/1/362 416/1/362
f 410/1/363 421/1/363 409/1/363
f 418/1/364 421/1/364 417/1/364
f 411/1/365 421/1/365 410/1/365
f 419/1/366 421/1/366 418/1/366
f 412/1/367 421/1/367 411/1/367
f 420/1/368 421/1/368 419/1/368
f 413/1/369 421/1/369 412/1/369
f 406/1/370 421/1/370 405/1/370
f 436/1/371 438/1/371 437/1/371
f 427/1/372 438/1/372 428/1/372
f 434/1/373 438/1/373 435/1/373
f 426/1/374 438/1/374 427/1/374
f 433/1/375 438/1/375 434/1/375
f 425/1/376 438/1/376 426/1/376
f 432/1/377 438/1/377 433/1/377
f 424/1/378 438/1/378 425/1/378
f 431/1/379 438/1/379 432/1/379
f 423/1/380 438/1/380 424/1/380
f 430/1/381 438/1/381 431/1/381
f 422/1/382 438/1/382 423/1/382
f 429/1/383 438/1/383 430/1/383
f 437/1/384 438/1/384 422/1/384
f 428/1/385 438/1/385 429/1/385
f 435/1/386 438/1/386 436/1/386
f 453/1/387 455/1/387 454/1/387
f 444/1/388 455/1/388 445/1/388
f 451/1/389 455/1/389 452/1/389
f 443/1/390 455/1/390 444/1/390
f 450/1/391 455/1/391 451/1/391
f 442/1/392 455/1/392 443/1/392
f 449/1/393 455/1/393 450/1/393
f 441/1/394 455/1/394 442/1/394
f 448/1/395 455/1/395 449/1/395
f 440/1/396 455/1/396 441/1/396
f 447/1/397 455/1/397 448/1/397
f 439/1/398 455/1/398 440/1/398
f 446/1/399 455/1/399 447/1/399
f 454/1/400 455/1/400 439/1/400
f 445/1/401 455/1/401 446/1/401
f 452/1/402 455/1/402 453/1/402
f 470/1/403 472/1/403 471/1/403
f 461/1/404 472/1/404 462/1/404
f 468/1/405 472/1/405 469/1/405
f 460/1/406 472/1/406 461/1/406
f 467/1/407 472/1/407 468/1/407
f 459/1/408 472/1/408 460/1/408
f 466/1/409 472/1/409 467/1/409
f 458/1/410 472/1/410 459/1/410
f 465/1/411 472/1/411 466/1/411
f 457/1/412 472/1/412 458/1/412
f 464/1/413 472/1/413 465/1/413
f 456/1/414 472/1/414 457/1/414
f 463/1/415 472/1/415 464/1/415
f 471/1/416 472/1/416 456/1/416
f 462/1/417 472/1/417 463/1/417
f 469/1/418 472/1/418 470/1/418
f 468/1/419 485/1/419 484/1/419 467/1/419
f 461/1/420 478/1/420 477/1/420 460/1/420
f 469/1/421 486/1/421 485/1/421 468/1/421
f 462/1/422 479/1/422 478/1/422 461/1/422
f 471/1/423 488/1/423 487/1/423 470/1/423
f 470/1/424 487/1/424 486/1/424 469/1/424
f 463/1/425 480/1/425 479/1/425 462/1/425
f 456/1/426 473/1/426 488/1/426 471/1/426
f 464/1/427 481/1/427 480/1/427 463/1/427
f 457/1/428 474/1/428 473/1/428 456/1/428
f 465/1/429 482/1/429 481/1/429 464/1/429
f 458/1/430 475/1/430 474/1/430 457/1/430
f 466/1/431 483/1/431 482/1/431 465/1/431
f 459/1/432 476/1/432 475/1/432 458/1/432
f 467/1/433 484/1/433 483/1/433 466/1/433
f 460/1/434 477/1/434 476/1/434 459/1/434
f 505/1/443 521/1/443 520/1/443
f 514/1/444 521/1/444 513/1/444
f 507/1/445 521/1/445 506/1/445
f 515/1/446 521/1/446 514/1/446
f 508/1/447 521/1/447 507/1/447
f 516/1/448 521/1/448 515/1/448
f 509/1/449 521/1/449 508/1/449
f 517/1/450 521/1/450 516/1/450
f 510/1/451 521/1/451 509/1/451
f 518/1/452 521/1/452 517/1/452
f 511/1/453 521/1/453 510/1/453
f 519/1/454 521/1/454 518/1/454
f 512/1/455 521/1/455 511/1/455
f 520/1/456 521/1/456 519/1/456
f 513/1/457 521/1/457 512/1/457
f 506/1/458 521/1/458 505/1/458
f 536/1/459 538/1/459 537/1/459
f 527/1/460 538/1/460 528/1/460
f 534/1/461 538/1/461 535/1/461
f 526/1/462 538/1/462 527/1/462
f 533/1/463 538/1/463 534/1/463
f 525/1/464 538/1/464 526/1/464
f 532/1/465 538/1/465 533/1/465
f 524/1/466 538/1/466 525/1/466
f 531/1/467 538/1/467 532/1/467
f 523/1/468 538/1/468 524/1/468
f 530/1/469 538/1/469 531/1/469
f 522/1/470 538/1/470 523/1/470
f 529/1/471 538/1/471 530/1/471
f 537/1/472 538/1/472 522/1/472
f 528/1/473 538/1/473 529/1/473
f 535/1/474 538/1/474 536/1/474
f 553/1/475 555/1/475 554/1/475
f 544/1/476 555/1/476 545/1/476
f 551/1/477 555/1/477 552/1/477
f 543/1/478 555/1/478 544/1/478
f 550/1/479 555/1/479 551/1/479
f 542/1/480 555/1/480 543/1/480
f 549/1/481 555/1/481 550/1/481
f 541/1/482 555/1/482 542/1/482
f 548/1/483 555/1/483 549/1/483
f 540/1/484 555/1/484 541/1/484
f 547/1/485 555/1/485 548/1/485
f 539/1/486 555/1/486 540/1/486
f 546/1/487 555/1/487 547/1/487
f 554/1/488 555/1/488 539/1/488
f 545/1/489 555/1/489 546/1/489
f 552/1/490 555/1/490 553/1/490
f 570/1/491 572/1/491 571/1/491
f 561/1/492 572/1/492 562/1/492
f 568/1/493 572/1/493 569/1/493
f 560/1/494 572/1/494 561/1/494
f 567/1/495 572/1/495 568/1/495
f 559/1/496 572/1/496 560/1/496
f 566/1/497 572/1/497 567/1/497
f 558/1/498 572/1/498 559/1/498
f 565/1/499 572/1/499 566/1/499
f 557/1/500 572/1/500 558/1/500
f 564/1/501 572/1/501 565/1/501
f 556/1/502 572/1/502 557/1/502
f 563/1/503 572/1/503 564/1/503
f 571/1/504 572/1/504 556/1/504
f 562/1/505 572/1/505 563/1/505
f 569/1/506 572/1/506 570/1/506
f 568/1/507 585/1/507 584/1/507 567/1/507
f 561/1/508 578/1/508 577/1/508 560/1/508
f 569/1/509 586/1/509 585/1/509 568/1/509
f 562/1/510 579/1/510 578/1/510 561/1/510
f 571/1/511 588/1/511 587/1/511 570/1/511
f 570/1/512 587/1/512 586/1/512 569/1/512
f 563/1/513 580/1/513 579/1/513 562/1/513
f 556/1/514 573/1/514 588/1/514 571/1/514
f 564/1/515 581/1/515 580/1/515 563/1/515
f 557/1/516 574/1/516 573/1/516 556/1/516
f 565/1/517 582/1/517 581/1/517 564/1/517
f 558/1/518 575/1/518 574/1/518 557/1/518
f 566/1/519 583/1/519 582/1/519 565/1/519
f 559/1/520 576/1/520 575/1/520 558/1/520
f 567/1/521 584/1/521 583/1/521 566/1/521
f 560/1/522 577/1/522 576/1/522 559/1/522
f 605/1/531 621/1/531 620/1/531
f 614/1/532 621/1/532 613/1/532
f 607/1/533 621/1/533 606/1/533
f 615/1/534 621/1/534 614/1/534
f 608/1/535 621/1/535 607/1/535
f 616/1/536 621/1/536 615/1/536
f 609/1/537 621/1/537 608/1/537
f 617/1/538 621/1/538 616/1/538
f 610/1/539 621/1/539 609/1/539
f 618/1/540 621/1/540 617/1/540
f 611/1/541 621/1/541 610/1/541
f 619/1/542 621/1/542 618/1/542
f 612/1/543 621/1/543 611/1/543
f 620/1/544 621/1/544 619/1/544
f 613/1/545 621/1/545 612/1/545
f 606/1/546 621/1/546 605/1/546
f 636/1/547 638/1/547 637/1/547
f 627/1/548 638/1/548 628/1/548
f 634/1/549 638/1/549 635/1/549
f 626/1/550 638/1/550 627/1/550
f 633/1/551 638/1/551 634/1/551
f 625/1/552 638/1/552 626/1/552
f 632/1/553 638/1/553 633/1/553
f 624/1/554 638/1/554 625/1/554
f 631/1/555 638/1/555 632/1/555
f 623/1/556 638/1/556 624/1/556
f 630/1/557 638/1/557 631/1/557
f 622/1/558 638/1/558 623/1/558
f 629/1/559 638/1/559 630/1/559
f 637/1/560 638/1/560 622/1/560
f 628/1/561 638/1/561 629/1/561
f 635/1/562 638/1/562 636/1/562
f 653/1/563 655/1/563 654/1/563
f 644/1/564 655/1/564 645/1/564
f 651/1/565 655/1/565 652/1/565
f 643/1/566 655/1/566 644/1/566
f 650/1/567 655/1/567 651/1/567
f 642/1/568 655/1/568 643/1/568
f 649/1/569 655/1/569 650/1/569
f 641/1/570 655/1/570 642/1/570
f 648/1/571 655/1/571 649/1/571
f 640/1/572 655/1/572 641/1/572
f 647/1/573 655/1/573 648/1/573
f 639/1/574 655/1/574 640/1/574
f 646/1/575 655/1/575 647/1/575
f 654/1/576 655/1/576 639/1/576
f 645/1/577 655/1/577 646/1/577
f 652/1/578 655/1/578 653/1/578
f 670/1/579 672/1/579 671/1/579
f 661/1/580 672/1/580 662/1/580
f 668/1/581 672/1/581 669/1/581
f 660/1/582 672/1/582 661/1/582
f 667/1/583 672/1/583 668/1/583
f 659/1/584 672/1/584 660/1/584
f 666/1/585 672/1/585 667/1/585
f 658/1/586 672/1/586 659/1/586
f 665/1/587 672/1/587 666/1/587
f 657/1/588 672/1/588 658/1/588
f 664/1/589 672/1/589 665/1/589
f 656/1/590 672/1/590 657/1/590
f 663/1/591 672/1/591 664/1/591
f 671/1/592 672/1/592 656/1/592
f 662/1/593 672/1/593 663/1/593
f 669/1/594 672/1/594 670/1/594
f 668/1/595 685/1/595 684/1/595 667/1/595
f 661/1/596 678/1/596 677/1/596 660/1/596
f 669/1/597 686/1/597 685/1/597 668/1/597
f 662/1/598 679/1/598 678/1/598 661/1/598
f 671/1/599 688/1/599 687/1/599 670/1/599
f 670/1/600 687/1/600 686/1/600 669/1/600
f 663/1/601 680/1/601 679/1/601 662/1/601
f 656/1/602 673/1/602 688/1/602 671/1/602
f 664/1/603 681/1/603 680/1/603 663/1/603
f 657/1/604 674/1/604 673/1/604 656/1/604
f 665/1/605 682/1/605 681/1/605 664/1/605
f 658/1/606 675/1/606 674/1/606 657/1/606
f 666/1/607 683/1/607 682/1/607 665/1/607
f 659/1/608 676/1/608 675/1/608 658/1/608
f 667/1/609 684/1/609 683/1/609 666/1/609
f 660/1/610 677/1/610 676/1/610 659/1/610
f 705/1/619 721/1/619 720/1/619
f 714/1/620 721/1/620 713/1/620
f 707/1/621 721/1/621 706/1/621
f 715/1/622 721/1/622 714/1/622
f 708/1/623 721/1/623 707/1/623
f 716/1/624 721/1/624 715/1/624
f 709/1/625 721/1/625 708/1/625
f 717/1/626 721/1/626 716/1/626
f 710/1/627 721/1/627 709/1/627
f 718/1/628 721/1/628 717/1/628
f 711/1/629 721/1/629 710/1/629
f 719/1/630 721/1/630 718/1/630
f 712/1/631 721/1/631 711/1/631
f 720/1/632 721/1/632 719/1/632
f 713/1/633 721/1/633 712/1/633
f 706/1/634 721/1/634 705/1/634
f 736/1/635 738/1/635 737/1/635
f 727/1/636 738/1/636 728/1/636
f 734/1/637 738/1/637 735/1/637
f 726/1/638 738/1/638 727/1/638
f 733/1/639 738/1/639 734/1/639
f 725/1/640 738/1/640 726/1/640
f 732/1/641 738/1/641 733/1/641
f 724/1/642 738/1/642 725/1/642
f 731/1/643 738/1/643 732/1/643
f 723/1/644 738/1/644 724/1/644
f 730/1/645 738/1/645 731/1/645
f 722/1/646 738/1/646 723/1/646
f 729/1/647 738/1/647 730/1/647
f 737/1/648 738/1/648 722/1/648
f 728/1/649 738/1/649 729/1/649
f 735/1/650 738/1/650 736/1/650
f 753/1/651 755/1/651 754/1/651
f 744/1/652 755/1/652 745/1/652
f 751/1/653 755/1/653 752/1/653
f 743/1/654 755/1/654 744/1/654
f 750/1/655 755/1/655 751/1/655
f 742/1/656 755/1/656 743/1/656
f 749/1/657 755/1/657 750/1/657
f 741/1/658 755/1/658 742/1/658
f 748/1/659 755/1/659 749/1/659
f 740/1/660 755/1/660 741/1/660
f 747/1/661 755/1/661 748/1/661
f 739/1/662 755/1/662 740/1/662
f 746/1/663 755/1/663 747/1/663
f 754/1/664 755/1/664 739/1/664
f 745/1/665 755/1/665 746/1/665
f 752/1/666 755/1/666 753/1/666
f 770/1/667 772/1/667 771/1/667
f 761/1/668 772/1/668 762/1/668
f 768/1/669 772/1/669 769/1/669
f 760/1/670 772/1/670 761/1/670
f 767/1/671 772/1/671 768/1/671
f 759/1/672 772/1/672 760/1/672
f 766/1/673 772/1/673 767/1/673
f 758/1/674 772/1/674 759/1/674
f 765/1/675 772/1/675 766/1/675
f 757/1/676 772/1/676 758/1/676
f 764/1/677 772/1/677 765/1/677
f 756/1/678 772/1/678 757/1/678
f 763/1/679 772/1/679 764/1/679
f 771/1/680 772/1/680 756/1/680
f 762/1/681 772/1/681 763/1/681
f 769/1/682 772/1/682 770/1/682
f 768/1/683 785/1/683 784/1/683 767/1/683
f 761/1/684 778/1/684 777/1/684 760/1/684
f 769/1/685 786/1/685 785/1/685 768/1/685
f 762/1/686 779/1/686 778/1/686 761/1/686
f 771/1/687 788/1/687 787/1/687 770/1/687
f 770/1/688 787/1/688 786/1/688 769/1/688
f 763/1/689 780/1/689 779/1/689 762/1/689
f 756/1/690 773/1/690 788/1/690 771/1/690
f 764/1/691 781/1/691 780/1/691 763/1/691
f 757/1/692 774/1/692 773/1/692 756/1/692
f 765/1/693 782/1/693 781/1/693 764/1/693
f 758/1/694 775/1/694 774/1/694 757/1/694
f 766/1/695 783/1/695 782/1/695 765/1/695
f 759/1/696 776/1/696 775/1/696 758/1/696
f 767/1/697 784/1/697 783/1/697 766/1/697
f 760/1/698 777/1/698 776/1/698 759/1/698
f 805/1/707 821/1/707 820/1/707
f 814/1/708 821/1/708 813/1/708
f 807/1/709 821/1/709 806/1/709
f 815/1/710 821/1/710 814/1/710
f 808/1/711 821/1/711 807/1/711
f 816/1/712 821/1/712 815/1/712
f 809/1/713 821/1/713 808/1/713
f 817/1/714 821/1/714 816/1/714
f 810/1/715 821/1/715 809/1/715
f 818/1/716 821/1/716 817/1/716
f 811/1/717 821/1/717 810/1/717
f 819/1/718 821/1/718 818/1/718
f 812/1/719 821/1/719 811/1/719
f 820/1/720 821/1/720 819/1/720
f 813/1/721 821/1/721 812/1/721
f 806/1/722 821/1/722 805/1/722
f 836/1/723 838/1/723 837/1/723
f 827/1/724 838/1/724 828/1/724
f 834/1/725 838/1/725 835/1/725
f 826/1/726 838/1/726 827/1/726
f 833/1/727 838/1/727 834/1/727
f 825/1/728 838/1/728 826/1/728
f 832/1/729 838/1/729 833/1/729
f 824/1/730 838/1/730 825/1/730
f 831/1/731 838/1/731 832/1/731
f 823/1/732 838/1/732 824/1/732
f 830/1/733 838/1/733 831/1/733
f 822/1/734 838/1/734 823/1/734
f 829/1/735 838/1/735 830/1/735
f 837/1/736 838/1/736 822/1/736
f 828/1/737 838/1/737 829/1/737
f 835/1/738 838/1/738 836/1/738
f 853/1/739 855/1/739 854/1/739
f 844/1/740 855/1/740 845/1/740
f 851/1/741 855/1/741 852/1/741
f 843/1/742 855/1/742 844/1/742
f 850/1/743 855/1/743 851/1/743
f 842/1/744 855/1/744 843/1/744
f 849/1/745 855/1/745 850/1/745
f 841/1/746 855/1/746 842/1/746
f 848/1/747 855/1/747 849/1/747
f 840/1/748 855/1/748 841/1/748
f 847/1/749 855/1/749 848/1/749
f 839/1/750 855/1/750 840/1/750
f 846/1/751 855/1/751 847/1/751
f 854/1/752 855/1/752 839/1/752
f 845/1/753 855/1/753 846/1/753
f 852/1/754 855/1/754 853/1/754
f 870/1/755 872/1/755 871/1/755
f 861/1/756 872/1/756 862/1/756
f 868/1/757 872/1/757 869/1/757
f 860/1/758 872/1/758 861/1/758
f 867/1/759 872/1/759 868/1/759
f 859/1/760 872/1/760 860/1/760
f 866/1/761 872/1/761 867/1/761
f 858/1/762 872/1/762 859/1/762
f 865/1/763 872/1/763 866/1/763
f 857/1/764 872/1/764 858/1/764
f 864/1/765 872/1/765 865/1/765
f 856/1/766 872/1/766 857/1/766
f 863/1/767 872/1/767 864/1/767
f 871/1/768 872/1/768 856/1/768
f 862/1/769 872/1/769 863/1/769
f 869/1/770 872/1/770 870/1/770
f 868/1/771 885/1/771 884/1/771 867/1/771
f 861/1/772 878/1/772 877/1/772 860/1/772
f 869/1/773 886/1/773 885/1/773 868/1/773
f 862/1/774 879/1/774 878/1/774 861/1/774
f 871/1/775 888/1/775 887/1/775 870/1/775
f 870/1/776 887/1/776 886/1/776 869/1/776
f 863/1/777 880/1/777 879/1/777 862/1/777
f 856/1/778 873/1/778 888/1/778 871/1/778
f 864/1/779 881/1/779 880/1/779 863/1/779
f 857/1/780 874/1/780 873/1/780 856/1/780
f 865/1/781 882/1/781 881/1/781 864/1/781
f 858/1/782 875/1/782 874/1/782 857/1/782
f 866/1/783 883/1/783 882/1/783 865/1/783
f 859/1/784 876/1/784 875/1/784 858/1/784
f 867/1/785 884/1/785 883/1/785 866/1/785
f 860/1/786 877/1/786 876/1/786 859/1/786
f 905/1/795 921/1/795 920/1/795
f 914/1/796 921/1/796 913/1/796
f 907/1/797 921/1/797 906/1/797
f 915/1/798 921/1/798 914/1/798
f 908/1/799 921/1/799 907/1/799
f 916/1/800 921/1/800 915/1/800
f 909/1/801 921/1/801 908/1/801
f 917/1/802 921/1/802 916/1/802
f 910/1/803 921/1/803 909/1/803
f 918/1/804 921/1/804 917/1/804
f 911/1/805 921/1/805 910/1/805
f 919/1/806 921/1/806 918/1/806
f 912/1/807 921/1/807 911/1/807
f 920/1/808 921/1/808 919/1/808
f 913/1/809 921/1/809 912/1/809
f 906/1/810 921/1/810 905/1/810
f 936/1/811 938/1/811 937/1/811
f 927/1/812 938/1/812 928/1/812
f 934/1/813 938/1/813 935/1/813
f 926/1/814 938/1/814 927/1/814
f 933/1/815 938/1/815 934/1/815
f 925/1/816 938/1/816 926/1/816
f 932/1/817 938/1/817 933/1/817
f 924/1/818 938/1/818 925/1/818
f 931/1/819 938/1/819 932/1/819
f 923/1/820 938/1/820 924/1/820
f 930/1/821 938/1/821 931/1/821
f 922/1/822 938/1/822 923/1/822
f 929/1/823 938/1/823 930/1/823
f 937/1/824 938/1/824 922/1/824
f 928/1/825 938/1/825 929/1/825
f 935/1/826 938/1/826 936/1/826
f 953/1/827 955/1/827 954/1/827
f 944/1/828 955/1/828 945/1/828
f 951/1/829 955/1/829 952/1/829
f 943/1/830 955/1/830 944/1/830
f 950/1/831 955/1/831 951/1/831
f 942/1/832 955/1/832 943/1/832
f 949/1/833 955/1/833 950/1/833
f 941/1/834 955/1/834 942/1/834
f 948/1/835 955/1/835 949/1/835
f 940/1/836 955/1/836 941/1/836
f 947/1/837 955/1/837 948/1/837
f 939/1/838 955/1/838 940/1/838
f 946/1/839 955/1/839 947/1/839
f 954/1/840 955/1/840 939/1/840
f 945/1/841 955/1/841 946/1/841
f 952/1/842 955/1/842 953/1/842
f 970/1/843 972/1/843 971/1/843
f 961/1/844 972/1/844 962/1/844
f 968/1/845 972/1/845 969/1/845
f 960/1/846 972/1/846 961/1/846
f 967/1/847 972/1/847 968/1/847
f 959/1/848 972/1/848 960/1/848
f 966/1/849 972/1/849 967/1/849
f 958/1/850 972/1/850 959/1/850
f 965/1/851 972/1/851 966/1/851
f 957/1/852 972/1/852 958/1/852
f 964/1/853 972/1/853 965/1/853
f 956/1/854 972/1/854 957/1/854
f 963/1/855 972/1/855 964/1/855
f 971/1/856 972/1/856 956/1/856
f 962/1/857 972/1/857 963/1/857
f 969/1/858 972/1/858 970/1/858
f 968/1/859 985/1/859 984/1/859 967/1/859
f 961/1/860 978/1/860 977/1/860 960/1/860
f 969/1/861 986/1/861 985/1/861 968/1/861
f 962/1/862 979/1/862 978/1/862 961/1/862
f 971/1/863 988/1/863 987/1/863 970/1/863
f 970/1/864 987/1/864 986/1/864 969/1/864
f 963/1/865 980/1/865 979/1/865 962/1/865
f 956/1/866 973/1/866 988/1/866 971/1/866
f 964/1/867 981/1/867 980/1/867 963/1/867
f 957/1/868 974/1/868 973/1/868 956/1/868
f 965/1/869 982/1/869 981/1/869 964/1/869
f 958/1/870 975/1/870 974/1/870 957/1/870
f 966/1/871 983/1/871 982/1/871 965/1/871
f 959/1/872 976/1/872 975/1/872 958/1/872
f 967/1/873 984/1/873 983/1/873 966/1/873
f 960/1/874 977/1/874 976/1/874 959/1/874
f 1005/1/883 1021/1/883 1020/1/883
f 1014/1/884 1021/1/884 1013/1/884
f 1007/1/885 1021/1/885 1006/1/885
f 1015/1/886 1021/1/886 1014/1/886
f 1008/1/887 1021/1/887 1007/1/887
f 1016/1/888 1021/1/888 1015/1/888
f 1009/1/889 1021/1/889 1008/1/889
f 1017/1/890 1021/1/890 1016/1/890
f 1010/1/891 1021/1/891 1009/1/891
f 1018/1/892 1021/1/892 1017/1/892
f 1011/1/893 1021/1/893 1010/1/893
f 1019/1/894 1021/1/894 1018/1/894
f 1012/1/895 1021/1/895 1011/1/895
f 1020/1/896 1021/1/896 1019/1/896
f 1013/1/897 1021/1/897 1012/1/897
f 1006/1/898 1021/1/898 1005/1/898
f 1036/1/899 1038/1/899 1037/1/899
f 1027/1/900 1038/1/900 1028/1/900
f 1034/1/901 1038/1/901 1035/1/901
f 1026/1/902 1038/1/902 1027/1/902
f 1033/1/903 1038/1/903 1034/1/903
f 1025/1/904 1038/1/904 1026/1/904
f 1032/1/905 1038/1/905 1033/1/905
f 1024/1/906 1038/1/906 1025/1/906
f 1031/1/907 1038/1/907 1032/1/907
f 1023/1/908 1038/1/908 1024/1/908
f 1030/1/909 1038/1/909 1031/1/909
f 1022/1/910 1038/1/910 1023/1/910
f 1029/1/911 1038/1/911 1030/1/911
f 1037/1/912 1038/1/912 1022/1/912
f 1028/1/913 1038/1/913 1029/1/913
f 1035/1/914 1038/1/914 1036/1/914
f 1053/1/915 1055/1/915 1054/1/915
f 1044/1/916 1055/1/916 1045/1/916
f 1051/1/917 1055/1/917 1052/1/917
f 1043/1/918 1055/1/918 1044/1/918
f 1050/1/919 1055/1/919 1051/1/919
f 1042/1/920 1055/1/920 1043/1/920
f 1049/1/921 1055/1/921 1050/1/921
f 1041/1/922 1055/1/922 1042/1/922
f 1048/1/923 1055/1/923 1049/1/923
f 1040/1/924 1055/1/924 1041/1/924
f 1047/1/925 1055/1/925 1048/1/925
f 1039/1/926 1055/1/926 1040/1/926
f 1046/1/927 1055/1/927 1047/1/927
f 1054/1/928 1055/1/928 1039/1/928
f 1045/1/929 1055/1/929 1046/1/929
f 1052/1/930 1055/1/930 1053/1/930
f 1070/1/931 1072/1/931 1071/1/931
f 1061/1/932 1072/1/932 1062/1/932
f 1068/1/933 1072/1/933 1069/1/933
f 1060/1/934 1072/1/934 1061/1/934
f 1067/1/935 1072/1/935 1068/1/935
f 1059/1/936 1072/1/936 1060/1/936
f 1066/1/937 1072/1/937 1067/1/937
f 1058/1/938 1072/1/938 1059/1/938
f 1065/1/939 1072/1/939 1066/1/939
f 1057/1/940 1072/1/940 1058/1/940
f 1064/1/941 1072/1/941 1065/1/941
f 1056/1/942 1072/1/942 1057/1/942
f 1063/1/943 1072/1/943 1064/1/943
f 1071/1/944 1072/1/944 1056/1/944
f 1062/1/945 1072/1/945 1063/1/945
f 1069/1/946 1072/1/946 1070/1/946
f 1068/1/947 1085/1/947 1084/1/947 1067/1/947
f 1061/1/948 1078/1/948 1077/1/948 1060/1/948
f 1069/1/949 1086/1/949 1085/1/949 1068/1/949
f 1062/1/950 1079/1/950 1078/1/950 1061/1/950
f 1071/1/951 1088/1/951 1087/1/951 1070/1/951
f 1070/1/952 1087/1/952 1086/1/952 1069/1/952
f 1063/1/953 1080/1/953 1079/1/953 1062/1/953
f 1056/1/954 1073/1/954 1088/1/954 1071/1/954
f 1064/1/955 1081/1/955 1080/1/955 1063/1/955
f 1057/1/956 1074/1/956 1073/1/956 1056/1/956
f 1065/1/957 1082/1/957 1081/1/957 1064/1/957
f 1058/1/958 1075/1/958 1074/1/958 1057/1/958
f 1066/1/959 1083/1/959 1082/1/959 1065/1/959
f 1059/1/960 1076/1/960 1075/1/960 1058/1/960
f 1067/1/961 1084/1/961 1083/1/961 1066/1/961
f 1060/1/962 1077/1/962 1076/1/962 1059/1/962
f 1105/1/971 1121/1/971 1120/1/971
f 1114/1/972 1121/1/972 1113/1/972
f 1107/1/973 1121/1/973 1106/1/973
f 1115/1/974 1121/1/974 1114/1/974
f 1108/1/975 1121/1/975 1107/1/975
f 1116/1/976 1121/1/976 1115/1/976
f 1109/1/977 1121/1/977 1108/1/977
f 1117/1/978 1121/1/978 1116/1/978
f 1110/1/979 1121/1/979 1109/1/979
f 1118/1/980 1121/1/980 1117/1/980
f 1111/1/981 1121/1/981 1110/1/981
f 1119/1/982 1121/1/982 1118/1/982
f 1112/1/983 1121/1/983 1111/1/983
f 1120/1/984 1121/1/984 1119/1/984
f 1113/1/985 1121/1/985 1112/1/985
f 1106/1/986 1121/1/986 1105/1/986
f 1136/1/987 1138/1/987 1137/1/987
f 1127/1/988 1138/1/988 1128/1/988
f 1134/1/989 1138/1/989 1135/1/989
f 1126/1/990 1138/1/990 1127/1/990
f 1133/1/991 1138/1/991 1134/1/991
f 1125/1/992 1138/1/992 1126/1/992
f 1132/1/993 1138/1/993 1133/1/993
f 1124/1/994 1138/1/994 1125/1/994
f 1131/1/995 1138/1/995 1132/1/995
f 1123/1/996 1138/1/996 1124/1/996
f 1130/1/997 1138/1/997 1131/1/997
f 1122/1/998 1138/1/998 1123/1/998
f 1129/1/999 1138/1/999 1130/1/999
f 1137/1/1000 1138/1/1000 1122/1/1000
f 1128/1/1001 1138/1/1001 1129/1/1001
f 1135/1/1002 1138/1/1002 1136/1/1002
f 1153/1/1003 1155/1/1003 1154/1/1003
f 1144/1/1004 1155/1/1004 1145/1/1004
f 1151/1/1005 1155/1/1005 1152/1/1005
f 1143/1/1006 1155/1/1006 1144/1/1006
f 1150/1/1007 1155/1/1007 1151/1/1007
f 1142/1/1008 1155/1/1008 1143/1/1008
f 1149/1/1009 1155/1/1009 1150/1/1009
f 1141/1/1010 1155/1/1010 1142/1/1010
f 1148/1/1011 1155/1/1011 1149/1/1011
f 1140/1/1012 1155/1/1012 1141/1/1012
f 1147/1/1013 1155/1/1013 1148/1/1013
f 1139/1/1014 1155/1/1014 1140/1/1014
f 1146/1/1015 1155/1/1015 1147/1/1015
f 1154/1/1016 1155/1/1016 1139/1/1016
f 1145/1/1017 1155/1/1017 1146/1/1017
f 1152/1/1018 1155/1/1018 1153/1/1018
f 1170/1/1019 1172/1/1019 1171/1/1019
f 1161/1/1020 1172/1/1020 1162/1/1020
f 1168/1/1021 1172/1/1021 1169/1/1021
f 1160/1/1022 1172/1/1022 1161/1/1022
f 1167/1/1023 1172/1/1023 1168/1/1023
f 1159/1/1024 1172/1/1024 1160/1/1024
f 1166/1/1025 1172/1/1025 1167/1/1025
f 1158/1/1026 1172/1/1026 1159/1/1026
f 1165/1/1027 1172/1/1027 1166/1/1027
f 1157/1/1028 1172/1/1028 1158/1/1028
f 1164/1/1029 1172/1/1029 1165/1/1029
f 1156/1/1030 1172/1/1030 1157/1/1030
f 1163/1/1031 1172/1/1031 1164/1/1031
f 1171/1/1032 1172/1/1032 1156/1/1032
f 1162/1/1033 1172/1/1033 1163/1/1033
f 1169/1/1034 1172/1/1034 1170/1/1034
f 1168/1/1035 1185/1/1035 1184/1/1035 1167/1/1035
f 1161/1/1036 1178/1/1036 1177/1/1036 1160/1/1036
f 1169/1/1037 1186/1/1037 1185/1/1037 1168/1/1037
f 1162/1/1038 1179/1/1038 1178/1/1038 1161/1/1038
f 1171/1/1039 1188/1/1039 1187/1/1039 1170/1/1039
f 1170/1/1040 1187/1/1040 1186/1/1040 1169/1/1040
f 1163/1/1041 1180/1/1041 1179/1/1041 1162/1/1041
f 1156/1/1042 1173/1/1042 1188/1/1042 1171/1/1042
f 1164/1/1043 1181/1/1043 1180/1/1043 1163/1/1043
f 1157/1/1044 1174/1/1044 1173/1/1044 1156/1/1044
f 1165/1/1045 1182/1/1045 1181/1/1045 1164/1/1045
f 1158/1/1046 1175/1/1046 1174/1/1046 1157/1/1046
f 1166/1/1047 1183/1/1047 1182/1/1047 1165/1/1047
f 1159/1/1048 1176/1/1048 1175/1/1048 1158/1/1048
f 1167/1/1049 1184/1/1049 1183/1/1049 1166/1/1049
f 1160/1/1050 1177/1/1050 1176/1/1050 1159/1/1050
f 1205/1/1059 1221/1/1059 1220/1/1059
f 1214/1/1060 1221/1/1060 1213/1/1060
f 1207/1/1061 1221/1/1061 1206/1/1061
f 1215/1/1062 1221/1/1062 1214/1/1062
f 1208/1/1063 1221/1/1063 1207/1/1063
f 1216/1/1064 1221/1/1064 1215/1/1064
f 1209/1/1065 1221/1/1065 1208/1/1065
f 1217/1/1066 1221/1/1066 1216/1/1066
f 1210/1/1067 1221/1/1067 1209/1/1067
f 1218/1/1068 1221/1/1068 1217/1/1068
f 1211/1/1069 1221/1/1069 1210/1/1069
f 1219/1/1070 1221/1/1070 1218/1/1070
f 1212/1/1071 1221/1/1071 1211/1/1071
f 1220/1/1072 1221/1/1072 1219/1/1072
f 1213/1/1073 1221/1/1073 1212/1/1073
f 1206/1/1074 1221/1/1074 1205/1/1074
f 1236/1/1075 1238/1/1075 1237/1/1075
f 1227/1/1076 1238/1/1076 1228/1/1076
f 1234/1/1077 1238/1/1077 1235/1/1077
f 1226/1/1078 1238/1/1078 1227/1/1078
f 1233/1/1079 1238/1/1079 1234/1/1079
f 1225/1/1080 1238/1/1080 1226/1/1080
f 1232/1/1081 1238/1/1081 1233/1/1081
f 1224/1/1082 1238/1/1082 1225/1/1082
f 1231/1/1083 1238/1/1083 1232/1/1083
f 1223/1/1084 1238/1/1084 1224/1/1084
f 1230/1/1085 1238/1/1085 1231/1/1085
f 1222/1/1086 1238/1/1086 1223/1/1086
f 1229/1/1087 1238/1/1087 1230/1/1087
f 1237/1/1088 1238/1/1088 1222/1/1088
f 1228/1/1089 1238/1/1089 1229/1/1089
f 1235/1/1090 1238/1/1090 1236/1/1090
f 1253/1/1091 1255/1/1091 1254/1/1091
f 1244/1/1092 1255/1/1092 1245/1/1092
f 1251/1/1093 1255/1/1093 1252/1/1093
f 1243/1/1094 1255/1/1094 1244/1/1094
f 1250/1/1095 1255/1/1095 1251/1/1095
f 1242/1/1096 1255/1/1096 1243/1/1096
f 1249/1/1097 1255/1/1097 1250/1/1097
f 1241/1/1098 1255/1/1098 1242/1/1098
f 1248/1/1099 1255/1/1099 1249/1/1099
f 1240/1/1100 1255/1/1100 1241/1/1100
f 1247/1/1101 1255/1/1101 1248/1/1101
f 1239/1/1102 1255/1/1102 1240/1/1102
f 1246/1/1103 1255/1/1103 1247/1/1103
f 1254/1/1104 1255/1/1104 1239/1/1104
f 1245/1/1105 1255/1/1105 1246/1/1105
f 1252/1/1106 1255/1/1106 1253/1/1106
f 1270/1/1107 1272/1/1107 1271/1/1107
f 1261/1/1108 1272/1/1108 1262/1/1108
f 1268/1/1109 1272/1/1109 1269/1/1109
f 1260/1/1110 1272/1/1110 1261/1/1110
f 1267/1/1111 1272/1/1111 1268/1/1111
f 1259/1/1112 1272/1/1112 1260/1/1112
f 1266/1/1113 1272/1/1113 1267/1/1113
f 1258/1/1114 1272/1/1114 1259/1/1114
f 1265/1/1115 1272/1/1115 1266/1/1115
f 1257/1/1116 1272/1/1116 1258/1/1116
f 1264/1/1117 1272/1/1117 1265/1/1117
f 1256/1/1118 1272/1/1118 1257/1/1118
f 1263/1/1119 1272/1/1119 1264/1/1119
f 1271/1/1120 1272/1/1120 1256/1/1120
f 1262/1/1121 1272/1/1121 1263/1/1121
f 1269/1/1122 1272/1/1122 1270/1/1122
f 1268/1/1123 1285/1/1123 1284/1/1123 1267/1/1123
f 1261/1/1124 1278/1/1124 1277/1/1124 1260/1/1124
f 1269/1/1125 1286/1/1125 1285/1/1125 1268/1/1125
f 1262/1/1126 1279/1/1126 1278/1/1126 1261/1/1126
f 1271/1/1127 1288/1/1127 1287/1/1127 1270/1/1127
f 1270/1/1128 1287/1/1128 1286/1/1128 1269/1/1128
f 1263/1/1129 1280/1/1129 1279/1/1129 1262/1/1129
f 1256/1/1130 1273/1/1130 1288/1/1130 1271/1/1130
f 1264/1/1131 1281/1/1131 1280/1/1131 1263/1/1131
f 1257/1/1132 1274/1/1132 1273/1/1132 1256/1/1132
f 1265/1/1133 1282/1/1133 1281/1/1133 1264/1/1133
f 1258/1/1134 1275/1/1134 1274/1/1134 1257/1/1134
f 1266/1/1135 1283/1/1135 1282/1/1135 1265/1/1135
f 1259/1/1136 1276/1/1136 1275/1/1136 1258/1/1136
f 1267/1/1137 1284/1/1137 1283/1/1137 1266/1/1137
f 1260/1/1138 1277/1/1138 1276/1/1138 1259/1/1138
f 1305/1/1147 1321/1/1147 1320/1/1147
f 1314/1/1148 1321/1/1148 1313/1/1148
f 1307/1/1149 1321/1/1149 1306/1/1149
f 1315/1/1150 1321/1/1150 1314/1/1150
f 1308/1/1151 1321/1/1151 1307/1/1151
f 1316/1/1152 1321/1/1152 1315/1/1152
f 1309/1/1153 1321/1/1153 1308/1/1153
f 1317/1/1154 1321/1/1154 1316/1/1154
f 1310/1/1155 1321/1/1155 1309/1/1155
f 1318/1/1156 1321/1/1156 1317/1/1156
f 1311/1/1157 1321/1/1157 1310/1/1157
f 1319/1/1158 1321/1/1158 1318/1/1158
f 1312/1/1159 1321/1/1159 1311/1/1159
f 1320/1/1160 1321/1/1160 1319/1/1160
f 1313/1/1161 1321/1/1161 1312/1/1161
f 1306/1/1162 1321/1/1162 1305/1/1162
f 1336/1/1163 1338/1/1163 1337/1/1163
f 1327/1/1164 1338/1/1164 1328/1/1164
f 1334/1/1165 1338/1/1165 1335/1/1165
f 1326/1/1166 1338/1/1166 1327/1/1166
f 1333/1/1167 1338/1/1167 1334/1/1167
f 1325/1/1168 1338/1/1168 1326/1/1168
f 1332/1/1169 1338/1/1169 1333/1/1169
f 1324/1/1170 1338/1/1170 1325/1/1170
f 1331/1/1171 1338/1/1171 1332/1/1171
f 1323/1/1172 1338/1/1172 1324/1/1172
f 1330/1/1173 1338/1/1173 1331/1/1173
f 1322/1/1174 1338/1/1174 1323/1/1174
f 1329/1/1175 1338/1/1175 1330/1/1175
f 1337/1/1176 1338/1/1176 1322/1/1176
f 1328/1/1177 1338/1/1177 1329/1/1177
f 1335/1/1178 1338/1/1178 1336/1/1178
f 1353/1/1179 1355/1/1179 1354/1/1179
f 1344/1/1180 1355/1/1180 1345/1/1180
f 1351/1/1181 1355/1/1181 1352/1/1181
f 1343/1/1182 1355/1/1182 1344/1/1182
f 1350/1/1183 1355/1/1183 1351/1/1183
f 1342/1/1184 1355/1/1184 1343/1/1184
f 1349/1/1185 1355/1/1185 1350/1/1185
f 1341/1/1186 1355/1/1186 1342/1/1186
f 1348/1/1187 1355/1/1187 1349/1/1187
f 1340/1/1188 1355/1/1188 1341/1/1188
f 1347/1/1189 1355/1/1189 1348/1/1189
f 1339/1/1190 1355/1/1190 1340/1/1190
f 1346/1/1191 1355/1/1191 1347/1/1191
f 1354/1/1192 1355/1/1192 1339/1/1192
f 1345/1/1193 1355/1/1193 1346/1/1193
f 1352/1/1194 1355/1/1194 1353/1/1194
f 1370/1/1195 1372/1/1195 1371/1/1195
f 1361/1/1196 1372/1/1196 1362/1/1196
f 1368/1/1197 1372/1/1197 1369/1/1197
f 1360/1/1198 1372/1/1198 1361/1/1198
f 1367/1/1199 1372/1/1199 1368/1/1199
f 1359/1/1200 1372/1/1200 1360/1/1200
f 1366/1/1201 1372/1/1201 1367/1/1201
f 1358/1/1202 1372/1/1202 1359/1/1202
f 1365/1/1203 1372/1/1203 1366/1/1203
f 1357/1/1204 1372/1/1204 1358/1/1204
f 1364/1/1205 1372/1/1205 1365/1/1205
f 1356/1/1206 1372/1/1206 1357/1/1206
f 1363/1/1207 1372/1/1207 1364/1/1207
f 1371/1/1208 1372/1/1208 1356/1/1208
f 1362/1/1209 1372/1/1209 1363/1/1209
f 1369/1/1210 1372/1/1210 1370/1/1210
f 1368/1/1211 1385/1/1211 1384/1/1211 1367/1/1211
f 1361/1/1212 1378/1/1212 1377/1/1212 1360/1/1212
f 1369/1/1213 1386/1/1213 1385/1/1213 1368/1/1213
f 1362/1/1214 1379/1/1214 1378/1/1214 1361/1/1214
f 1371/1/1215 1388/1/1215 1387/1/1215 1370/1/1215
f 1370/1/1216 1387/1/1216 1386/1/1216 1369/1/1216
f 1363/1/1217 1380/1/1217 1379/1/1217 1362/1/1217
f 1356/1/1218 1373/1/1218 1388/1/1218 1371/1/1218
f 1364/1/1219 1381/1/1219 1380/1/1219 1363/1/1219
f 1357/1/1220 1374/1/1220 1373/1/1220 1356/1/1220
f 1365/1/1221 1382/1/1221 1381/1/1221 1364/1/1221
f 1358/1/1222 1375/1/1222 1374/1/1222 1357/1/1222
f 1366/1/1223 1383/1/1223 1382/1/1223 1365/1/1223
f 1359/1/1224 1376/1/1224 1375/1/1224 1358/1/1224
f 1367/1/1225 1384/1/1225 1383/1/1225 1366/1/1225
f 1360/1/1226 1377/1/1226 1376/1/1226 1359/1/1226
f 1405/1/1235 1421/1/1235 1420/1/1235
f 1414/1/1236 1421/1/1236 1413/1/1236
f 1407/1/1237 1421/1/1237 1406/1/1237
f 1415/1/1238 1421/1/1238 1414/1/1238
f 1408/1/1239 1421/1/1239 1407/1/1239
f 1416/1/1240 1421/1/1240 1415/1/1240
f 1409/1/1241 1421/1/1241 1408/1/1241
f 1417/1/1242 1421/1/1242 1416/1/1242
f 1410/1/1243 1421/1/1243 1409/1/1243
f 1418/1/1244 1421/1/1244 1417/1/1244
f 1411/1/1245 1421/1/1245 1410/1/1245
f 1419/1/1246 1421/1/1246 1418/1/1246
f 1412/1/1247 1421/1/1247 1411/1/1247
f 1420/1/1248 1421/1/1248 1419/1/1248
f 1413/1/1249 1421/1/1249 1412/1/1249
f 1406/1/1250 1421/1/1250 1405/1/1250
f 1436/1/1251 1438/1/1251 1437/1/1251
f 1427/1/1252 1438/1/1252 1428/1/1252
f 1434/1/1253 1438/1/1253 1435/1/1253
f 1426/1/1254 1438/1/1254 1427/1/1254
f 1433/1/1255 1438/1/1255 1434/1/1255
f 1425/1/1256 1438/1/1256 1426/1/1256
f 1432/1/1257 1438/1/1257 1433/1/1257
f 1424/1/1258 1438/1/1258 1425/1/1258
f 1431/1/1259 1438/1/1259 1432/1/1259
f 1423/1/1260 1438/1/1260 1424/1/1260
f 1430/1/1261 1438/1/1261 1431/1/1261
f 1422/1/1262 1438/1/1262 1423/1/1262
f 1429/1/1263 1438/1/1263 1430/1/1263
f 1437/1/1264 1438/1/1264 1422/1/1264
f 1428/1/1265 1438/1/1265 1429/1/1265
f 1435/1/1266 1438/1/1266 1436/1/1266
f 1453/1/1267 1455/1/1267 1454/1/1267
f 1444/1/1268 1455/1/1268 1445/1/1268
f 1451/1/1269 1455/1/1269 1452/1/1269
f 1443/1/1270 1455/1/1270 1444/1/1270
f 1450/1/1271 1455/1/1271 1451/1/1271
f 1442/1/1272 1455/1/1272 1443/1/1272
f 1449/1/1273 1455/1/1273 1450/1/1273
f 1441/1/1274 1455/1/1274 1442/1/1274
f 1448/1/1275 1455/1/1275 1449/1/1275
f 1440/1/1276 1455/1/1276 1441/1/1276
f 1447/1/1277 1455/1/1277 1448/1/1277
f 1439/1/1278 1455/1/1278 1440/1/1278
f 1446/1/1279 1455/1/1279 1447/1/1279
f 1454/1/1280 1455/1/1280 1439/1/1280
f 1445/1/1281 1455/1/1281 1446/1/1281
f 1452/1/1282 1455/1/1282 1453/1/1282
f 1470/1/1283 1472/1/1283 1471/1/1283
f 1461/1/1284 1472/1/1284 1462/1/1284
f 1468/1/1285 1472/1/1285 1469/1/1285
f 1460/1/1286 1472/1/1286 1461/1/1286
f 1467/1/1287 1472/1/1287 1468/1/1287
f 1459/1/1288 1472/1/1288 1460/1/1288
f 1466/1/1289 1472/1/1289 1467/1/1289
f 1458/1/1290 1472/1/1290 1459/1/1290
f 1465/1/1291 1472/1/1291 1466/1/1291
f 1457/1/1292 1472/1/1292 1458/1/1292
f 1464/1/1293 1472/1/1293 1465/1/1293
f 1456/1/1294 1472/1/1294 1457/1/1294
f 1463/1/1295 1472/1/1295 1464/1/1295
f 1471/1/1296 1472/1/1296 1456/1/1296
f 1462/1/1297 1472/1/1297 1463/1/1297
f 1469/1/1298 1472/1/1298 1470/1/1298
f 1468/1/1299 1485/1/1299 1484/1/1299 1467/1/1299
f 1461/1/1300 1478/1/1300 1477/1/1300 1460/1/1300
f 1469/1/1301 1486/1/1301 1485/1/1301 1468/1/1301
f 1462/1/1302 1479/1/1302 1478/1/1302 1461/1/1302
f 1471/1/1303 1488/1/1303 1487/1/1303 1470/1/1303
f 1470/1/1304 1487/1/1304 1486/1/1304 1469/1/1304
f 1463/1/1305 1480/1/1305 1479/1/1305 1462/1/1305
f 1456/1/1306 1473/1/1306 1488/1/1306 1471/1/1306
f 1464/1/1307 1481/1/1307 1480/1/1307 1463/1/1307
f 1457/1/1308 1474/1/1308 1473/1/1308 1456/1/1308
f 1465/1/1309 1482/1/1309 1481/1/1309 1464/1/1309
f 1458/1/1310 1475/1/1310 1474/1/1310 1457/1/1310
f 1466/1/1311 1483/1/1311 1482/1/1311 1465/1/1311
f 1459/1/1312 1476/1/1312 1475/1/1312 1458/1/1312
f 1467/1/1313 1484/1/1313 1483/1/1313 1466/1/1313
f 1460/1/1314 1477/1/1314 1476/1/1314 1459/1/1314
f 1505/1/1323 1521/1/1323 1520/1/1323
f 1514/1/1324 1521/1/1324 1513/1/1324
f 1507/1/1325 1521/1/1325 1506/1/1325
f 1515/1/1326 1521/1/1326 1514/1/1326
f 1508/1/1327 1521/1/1327 1507/1/1327
f 1516/1/1328 1521/1/1328 1515/1/1328
f 1509/1/1329 1521/1/1329 1508/1/1329
f 1517/1/1330 1521/1/1330 1516/1/1330
f 1510/1/1331 1521/1/1331 1509/1/1331
f 1518/1/1332 1521/1/1332 1517/1/1332
f 1511/1/1333 1521/1/1333 1510/1/1333
f 1519/1/1334 1521/1/1334 1518/1/1334
f 1512/1/1335 1521/1/1335 1511/1/1335
f 1520/1/1336 1521/1/1336 1519/1/1336
f 1513/1/1337 1521/1/1337 1512/1/1337
f 1506/1/1338 1521/1/1338 1505/1/1338
f 1536/1/1339 1538/1/1339 1537/1/1339
f 1527/1/1340 1538/1/1340 1528/1/1340
f 1534/1/1341 1538/1/1341 1535/1/1341
f 1526/1/1342 1538/1/1342 1527/1/1342
f 1533/1/1343 1538/1/1343 1534/1/1343
f 1525/1/1344 1538/1/1344 1526/1/1344
f 1532/1/1345 1538/1/1345 1533/1/1345
f 1524/1/1346 1538/1/1346 1525/1/1346
f 1531/1/1347 1538/1/1347 1532/1/1347
f 1523/1/1348 1538/1/1348 1524/1/1348
f 1530/1/1349 1538/1/1349 1531/1/1349
f 1522/1/1350 1538/1/1350 1523/1/1350
f 1529/1/1351 1538/1/1351 1530/1/1351
f 1537/1/1352 1538/1/1352 1522/1/1352
f 1528/1/1353 1538/1/1353 1529/1/1353
f 1535/1/1354 1538/1/1354 1536/1/1354
f 1553/1/1355 1555/1/1355 1554/1/1355
f 1544/1/1356 1555/1/1356 1545/1/1356
f 1551/1/1357 1555/1/1357 1552/1/1357
f 1543/1/1358 1555/1/1358 1544/1/1358
f 1550/1/1359 1555/1/1359 1551/1/1359
f 1542/1/1360 1555/1/1360 1543/1/1360
f 1549/1/1361 1555/1/1361 1550/1/1361
f 1541/1/1362 1555/1/1362 1542/1/1362
f 1548/1/1363 1555/1/1363 1549/1/1363
f 1540/1/1364 1555/1/1364 1541/1/1364
f 1547/1/1365 1555/1/1365 1548/1/1365
f 1539/1/1366 1555/1/1366 1540/1/1366
f 1546/1/1367 1555/1/1367 1547/1/1367
f 1554/1/1368 1555/1/1368 1539/1/1368
f 1545/1/1369 1555/1/1369 1546/1/1369
f 1552/1/1370 1555/1/1370 1553/1/1370
f 1570/1/1371 1572/1/1371 1571/1/1371
f 1561/1/1372 1572/1/1372 1562/1/1372
f 1568/1/1373 1572/1/1373 1569/1/1373
f 1560/1/1374 1572/1/1374 1561/1/1374
f 1567/1/1375 1572/1/1375 1568/1/1375
f 1559/1/1376 1572/1/1376 1560/1/1376
f 1566/1/1377 1572/1/1377 1567/1/1377
f 1558/1/1378 1572/1/1378 1559/1/1378
f 1565/1/1379 1572/1/1379 1566/1/1379
f 1557/1/1380 1572/1/1380 1558/1/1380
f 1564/1/1381 1572/1/1381 1565/1/1381
f 1556/1/1382 1572/1/1382 1557/1/1382
f 1563/1/1383 1572/1/1383 1564/1/1383
f 1571/1/1384 1572/1/1384 1556/1/1384
f 1562/1/1385 1572/1/1385 1563/1/1385
f 1569/1/1386 1572/1/1386 1570/1/1386
f 1568/1/1387 1585/1/1387 1584/1/1387 1567/1/1387
f 1561/1/1388 1578/1/1388 1577/1/1388 1560/1/1388
f 1569/1/1389 1586/1/1389 1585/1/1389 1568/1/1389
f 1562/1/1390 1579/1/1390 1578/1/1390 1561/1/1390
f 1571/1/1391 1588/1/1391 1587/1/1391 1570/1/1391
f 1570/1/1392 1587/1/1392 1586/1/1392 1569/1/1392
f 1563/1/1393 1580/1/1393 1579/1/1393 1562/1/1393
f 1556/1/1394 1573/1/1394 1588/1/1394 1571/1/1394
f 1564/1/1395 1581/1/1395 1580/1/1395 1563/1/1395
f 1557/1/1396 1574/1/1396 1573/1/1396 1556/1/1396
f 1565/1/1397 1582/1/1397 1581/1/1397 1564/1/1397
f 1558/1/1398 1575/1/1398 1574/1/1398 1557/1/1398
f 1566/1/1399 1583/1/1399 1582/1/1399 1565/1/1399
f 1559/1/1400 1576/1/1400 1575/1/1400 1558/1/1400
f 1567/1/1401 1584/1/1401 1583/1/1401 1566/1/1401
f 1560/1/1402 1577/1/1402 1576/1/1402 1559/1/1402
f 1605/1/1411 1621/1/1411 1620/1/1411
f 1614/1/1412 1621/1/1412 1613/1/1412
f 1607/1/1413 1621/1/1413 1606/1/1413
f 1615/1/1414 1621/1/1414 1614/1/1414
f 1608/1/1415 1621/1/1415 1607/1/1415
f 1616/1/1416 1621/1/1416 1615/1/1416
f 1609/1/1417 1621/1/1417 1608/1/1417
f 1617/1/1418 1621/1/1418 1616/1/1418
f 1610/1/1419 1621/1/1419 1609/1/1419
f 1618/1/1420 1621/1/1420 1617/1/1420
f 1611/1/1421 1621/1/1421 1610/1/1421
f 1619/1/1422 1621/1/1422 1618/1/1422
f 1612/1/1423 1621/1/1423 1611/1/1423
f 1620/1/1424 1621/1/1424 1619/1/1424
f 1613/1/1425 1621/1/1425 1612/1/1425
f 1606/1/1426 1621/1/1426 1605/1/1426
f 1636/1/1427 1638/1/1427 1637/1/1427
f 1627/1/1428 1638/1/1428 1628/1/1428
f 1634/1/1429 1638/1/1429 1635/1/1429
f 1626/1/1430 1638/1/1430 1627/1/1430
f 1633/1/1431 1638/1/1431 1634/1/1431
f 1625/1/1432 1638/1/1432 1626/1/1432
f 1632/1/1433 1638/1/1433 1633/1/1433
f 1624/1/1434 1638/1/1434 1625/1/1434
f 1631/1/1435 1638/1/1435 1632/1/1435
f 1623/1/1436 1638/1/1436 1624/1/1436
f 1630/1/1437 1638/1/1437 1631/1/1437
f 1622/1/1438 1638/1/1438 1623/1/1438
f 1629/1/1439 1638/1/1439 1630/1/1439
f 1637/1/1440 1638/1/1440 1622/1/1440
f 1628/1/1441 1638/1/1441 1629/1/1441
f 1635/1/1442 1638/1/1442 1636/1/1442
f 1653/1/1443 1655/1/1443 1654/1/1443
f 1644/1/1444 1655/1/1444 1645/1/1444
f 1651/1/1445 1655/1/1445 1652/1/1445
f 1643/1/1446 1655/1/1446 1644/1/1446
f 1650/1/1447 1655/1/1447 1651/1/1447
f 1642/1/1448 1655/1/1448 1643/1/1448
f 1649/1/1449 1655/1/1449 1650/1/1449
f 1641/1/1450 1655/1/1450 1642/1/1450
f 1648/1/1451 1655/1/1451 1649/1/1451
f 1640/1/1452 1655/1/1452 1641/1/1452
f 1647/1/1453 1655/1/1453 1648/1/1453
f 1639/1/1454 1655/1/1454 1640/1/1454
f 1646/1/1455 1655/1/1455 1647/1/1455
f 1654/1/1456 1655/1/1456 1639/1/1456
f 1645/1/1457 1655/1/1457 1646/1/1457
f 1652/1/1458 1655/1/1458 1653/1/1458
f 1670/1/1459 1672/1/1459 1671/1/1459
f 1661/1/1460 1672/1/1460 1662/1/1460
f 1668/1/1461 1672/1/1461 1669/1/1461
f 1660/1/1462 1672/1/1462 1661/1/1462
f 1667/1/1463 1672/1/1463 1668/1/1463
f 1659/1/1464 1672/1/1464 1660/1/1464
f 1666/1/1465 1672/1/1465 1667/1/1465
f 1658/1/1466 1672/1/1466 1659/1/1466
f 1665/1/1467 1672/1/1467 1666/1/1467
f 1657/1/1468 1672/1/1468 1658/1/1468
f 1664/1/1469 1672/1/1469 1665/1/1469
f 1656/1/1470 1672/1/1470 1657/1/1470
f 1663/1/1471 1672/1/1471 1664/1/1471
f 1671/1/1472 1672/1/1472 1656/1/1472
f 1662/1/1473 1672/1/1473 1663/1/1473
f 1669/1/1474 1672/1/1474 1670/1/1474
f 1668/1/1475 1685/1/1475 1684/1/1475 1667/1/1475
f 1661/1/1476 1678/1/1476 1677/1/1476 1660/1/1476
f 1669/1/1477 1686/1/1477 1685/1/1477 1668/1/1477
f 1662/1/1478 1679/1/1478 1678/1/1478 1661/1/1478
f 1671/1/1479 1688/1/1479 1687/1/1479 1670/1/1479
f 1670/1/1480 1687/1/1480 1686/1/1480 1669/1/1480
f 1663/1/1481 1680/1/1481 1679/1/1481 1662/1/1481
f 1656/1/1482 1673/1/1482 1688/1/1482 1671/1/1482
f 1664/1/1483 1681/1/1483 1680/1/1483 1663/1/1483
f 1657/1/1484 1674/1/1484 1673/1/1484 1656/1/1484
f 1665/1/1485 1682/1/1485 1681/1/1485 1664/1/1485
f 1658/1/1486 1675/1/1486 1674/1/1486 1657/1/1486
f 1666/1/1487 1683/1/1487 1682/1/1487 1665/1/1487
f 1659/1/1488 1676/1/1488 1675/1/1488 1658/1/1488
f 1667/1/1489 1684/1/1489 1683/1/1489 1666/1/1489
f 1660/1/1490 1677/1/1490 1676/1/1490 1659/1/1490
f 1705/1/355 1721/1/355 1720/1/355
f 1714/1/356 1721/1/356 1713/1/356
f 1707/1/357 1721/1/357 1706/1/357
f 1715/1/358 1721/1/358 1714/1/358
f 1708/1/359 1721/1/359 1707/1/359
f 1716/1/360 1721/1/360 1715/1/360
f 1709/1/361 1721/1/361 1708/1/361
f 1717/1/362 1721/1/362 1716/1/362
f 1710/1/363 1721/1/363 1709/1/363
f 1718/1/364 1721/1/364 1717/1/364
f 1711/1/365 1721/1/365 1710/1/365
f 1719/1/366 1721/1/366 1718/1/366
f 1712/1/367 1721/1/367 1711/1/367
f 1720/1/368 1721/1/368 1719/1/368
f 1713/1/369 1721/1/369 1712/1/369
f 1706/1/370 1721/1/370 1705/1/370
f 1736/1/371 1738/1/371 1737/1/371
f 1727/1/372 1738/1/372 1728/1/372
f 1734/1/373 1738/1/373 1735/1/373
f 1726/1/374 1738/1/374 1727/1/374
f 1733/1/1499 1738/1/1499 1734/1/1499
f 1725/1/376 1738/1/376 1726/1/376
f 1732/1/377 1738/1/377 1733/1/377
f 1724/1/378 1738/1/378 1725/1/378
f 1731/1/379 1738/1/379 1732/1/379
f 1723/1/380 1738/1/380 1724/1/380
f 1730/1/381 1738/1/381 1731/1/381
f 1722/1/382 1738/1/382 1723/1/382
f 1729/1/383 1738/1/383 1730/1/383
f 1737/1/1500 1738/1/1500 1722/1/1500
f 1728/1/385 1738/1/385 1729/1/385
f 1735/1/386 1738/1/386 1736/1/386
f 1753/1/387 1755/1/387 1754/1/387
f 1744/1/1501 1755/1/1501 1745/1/1501
f 1751/1/389 1755/1/389 1752/1/389
f 1743/1/390 1755/1/390 1744/1/390
f 1750/1/391 1755/1/391 1751/1/391
f 1742/1/392 1755/1/392 1743/1/392
f 1749/1/393 1755/1/393 1750/1/393
f 1741/1/394 1755/1/394 1742/1/394
f 1748/1/395 1755/1/395 1749/1/395
f 1740/1/396 1755/1/396 1741/1/396
f 1747/1/397 1755/1/397 1748/1/397
f 1739/1/398 1755/1/398 1740/1/398
f 1746/1/399 1755/1/399 1747/1/399
f 1754/1/400 1755/1/400 1739/1/400
f 1745/1/401 1755/1/401 1746/1/401
f 1752/1/402 1755/1/402 1753/1/402
f 1770/1/403 1772/1/403 1771/1/403
f 1761/1/404 1772/1/404 1762/1/404
f 1768/1/405 1772/1/405 1769/1/405
f 1760/1/406 1772/1/406 1761/1/406
f 1767/1/407 1772/1/407 1768/1/407
f 1759/1/1502 1772/1/1502 1760/1/1502
f 1766/1/409 1772/1/409 1767/1/409
f 1758/1/1503 1772/1/1503 1759/1/1503
f 1765/1/1504 1772/1/1504 1766/1/1504
f 1757/1/1505 1772/1/1505 1758/1/1505
f 1764/1/1506 1772/1/1506 1765/1/1506
f 1756/1/1507 1772/1/1507 1757/1/1507
f 1763/1/1508 1772/1/1508 1764/1/1508
f 1771/1/1509 1772/1/1509 1756/1/1509
f 1762/1/417 1772/1/417 1763/1/417
f 1769/1/418 1772/1/418 1770/1/418
f 1768/1/419 1785/1/419 1784/1/419 1767/1/419
f 1761/1/420 1778/1/420 1777/1/420 1760/1/420
f 1769/1/421 1786/1/421 1785/1/421 1768/1/421
f 1762/1/422 1779/1/422 1778/1/422 1761/1/422
f 1771/1/423 1788/1/423 1787/1/423 1770/1/423
f 1770/1/424 1787/1/424 1786/1/424 1769/1/424
f 1763/1/425 1780/1/425 1779/1/425 1762/1/425
f 1756/1/426 1773/1/426 1788/1/426 1771/1/426
f 1764/1/427 1781/1/427 1780/1/427 1763/1/427
f 1757/1/428 1774/1/428 1773/1/428 1756/1/428
f 1765/1/429 1782/1/429 1781/1/429 1764/1/429
f 1758/1/430 1775/1/430 1774/1/430 1757/1/430
f 1766/1/431 1783/1/431 1782/1/431 1765/1/431
f 1759/1/432 1776/1/432 1775/1/432 1758/1/432
f 1767/1/433 1784/1/433 1783/1/433 1766/1/433
f 1760/1/434 1777/1/434 1776/1/434 1759/1/434
f 1805/1/1510 1821/1/1510 1820/1/1510
f 1814/1/1511 1821/1/1511 1813/1/1511
f 1807/1/1512 1821/1/1512 1806/1/1512
f 1815/1/1513 1821/1/1513 1814/1/1513
f 1808/1/1514 1821/1/1514 1807/1/1514
f 1816/1/1515 1821/1/1515 1815/1/1515
f 1809/1/1516 1821/1/1516 1808/1/1516
f 1817/1/1517 1821/1/1517 1816/1/1517
f 1810/1/1518 1821/1/1518 1809/1/1518
f 1818/1/1519 1821/1/1519 1817/1/1519
f 1811/1/1520 1821/1/1520 1810/1/1520
f 1819/1/1521 1821/1/1521 1818/1/1521
f 1812/1/1522 1821/1/1522 1811/1/1522
f 1820/1/1523 1821/1/1523 1819/1/1523
f 1813/1/1524 1821/1/1524 1812/1/1524
f 1806/1/1525 1821/1/1525 1805/1/1525
f 1836/1/1526 1838/1/1526 1837/1/1526
f 1827/1/1527 1838/1/1527 1828/1/1527
f 1834/1/1528 1838/1/1528 1835/1/1528
f 1826/1/1529 1838/1/1529 1827/1/1529
f 1833/1/1530 1838/1/1530 1834/1/1530
f 1825/1/1531 1838/1/1531 1826/1/1531
f 1832/1/1532 1838/1/1532 1833/1/1532
f 1824/1/1533 1838/1/1533 1825/1/1533
f 1831/1/1534 1838/1/1534 1832/1/1534
f 1823/1/1535 1838/1/1535 1824/1/1535
f 1830/1/1536 1838/1/1536 1831/1/1536
f 1822/1/1537 1838/1/1537 1823/1/1537
f 1829/1/1538 1838/1/1538 1830/1/1538
f 1837/1/1539 1838/1/1539 1822/1/1539
f 1828/1/1540 1838/1/1540 1829/1/1540
f 1835/1/1541 1838/1/1541 1836/1/1541
f 1853/1/1542 1855/1/1542 1854/1/1542
f 1844/1/1543 1855/1/1543 1845/1/1543
f 1851/1/1544 1855/1/1544 1852/1/1544
f 1843/1/1545 1855/1/1545 1844/1/1545
f 1850/1/1546 1855/1/1546 1851/1/1546
f 1842/1/1547 1855/1/1547 1843/1/1547
f 1849/1/1548 1855/1/1548 1850/1/1548
f 1841/1/1549 1855/1/1549 1842/1/1549
f 1848/1/1550 1855/1/1550 1849/1/1550
f 1840/1/1551 1855/1/1551 1841/1/1551
f 1847/1/1552 1855/1/1552 1848/1/1552
f 1839/1/1553 1855/1/1553 1840/1/1553
f 1846/1/1554 1855/1/1554 1847/1/1554
f 1854/1/1555 1855/1/1555 1839/1/1555
f 1845/1/1556 1855/1/1556 1846/1/1556
f 1852/1/1557 1855/1/1557 1853/1/1557
f 1870/1/1558 1872/1/1558 1871/1/1558
f 1861/1/1559 1872/1/1559 1862/1/1559
f 1868/1/1560 1872/1/1560 1869/1/1560
f 1860/1/1561 1872/1/1561 1861/1/1561
f 1867/1/1562 1872/1/1562 1868/1/1562
f 1859/1/1563 1872/1/1563 1860/1/1563
f 1866/1/1564 1872/1/1564 1867/1/1564
f 1858/1/1565 1872/1/1565 1859/1/1565
f 1865/1/1566 1872/1/1566 1866/1/1566
f 1857/1/1567 1872/1/1567 1858/1/1567
f 1864/1/1568 1872/1/1568 1865/1/1568
f 1856/1/1569 1872/1/1569 1857/1/1569
f 1863/1/1570 1872/1/1570 1864/1/1570
f 1871/1/1571 1872/1/1571 1856/1/1571
f 1862/1/1572 1872/1/1572 1863/1/1572
f 1869/1/1573 1872/1/1573 1870/1/1573
f 1868/1/1574 1885/1/1574 1884/1/1574 1867/1/1574
f 1861/1/1575 1878/1/1575 1877/1/1575 1860/1/1575
f 1869/1/1576 1886/1/1576 1885/1/1576 1868/1/1576
f 1862/1/1577 1879/1/1577 1878/1/1577 1861/1/1577
f 1871/1/1578 1888/1/1578 1887/1/1578 1870/1/1578
f 1870/1/1579 1887/1/1579 1886/1/1579 1869/1/1579
f 1863/1/1580 1880/1/1580 1879/1/1580 1862/1/1580
f 1856/1/1581 1873/1/1581 1888/1/1581 1871/1/1581
f 1864/1/1582 1881/1/1582 1880/1/1582 1863/1/1582
f 1857/1/1583 1874/1/1583 1873/1/1583 1856/1/1583
f 1865/1/1584 1882/1/1584 1881/1/1584 1864/1/1584
f 1858/1/1585 1875/1/1585 1874/1/1585 1857/1/1585
f 1866/1/1586 1883/1/1586 1882/1/1586 1865/1/1586
f 1859/1/1587 1876/1/1587 1875/1/1587 1858/1/1587
f 1867/1/1588 1884/1/1588 1883/1/1588 1866/1/1588
f 1860/1/1589 1877/1/1589 1876/1/1589 1859/1/1589
f 1905/1/1598 1921/1/1598 1920/1/1598
f 1914/1/1599 1921/1/1599 1913/1/1599
f 1907/1/1600 1921/1/1600 1906/1/1600
f 1915/1/1601 1921/1/1601 1914/1/1601
f 1908/1/1602 1921/1/1602 1907/1/1602
f 1916/1/1603 1921/1/1603 1915/1/1603
f 1909/1/1604 1921/1/1604 1908/1/1604
f 1917/1/1605 1921/1/1605 1916/1/1605
f 1910/1/1606 1921/1/1606 1909/1/1606
f 1918/1/1607 1921/1/1607 1917/1/1607
f 1911/1/1608 1921/1/1608 1910/1/1608
f 1919/1/1609 1921/1/1609 1918/1/1609
f 1912/1/1610 1921/1/1610 1911/1/1610
f 1920/1/1611 1921/1/1611 1919/1/1611
f 1913/1/1612 1921/1/1612 1912/1/1612
f 1906/1/1613 1921/1/1613 1905/1/1613
f 1936/1/1614 1938/1/1614 1937/1/1614
f 1927/1/1615 1938/1/1615 1928/1/1615
f 1934/1/1616 1938/1/1616 1935/1/1616
f 1926/1/1617 1938/1/1617 1927/1/1617
f 1933/1/1618 1938/1/1618 1934/1/1618
f 1925/1/1619 1938/1/1619 1926/1/1619
f 1932/1/1620 1938/1/1620 1933/1/1620
f 1924/1/1621 1938/1/1621 1925/1/1621
f 1931/1/1622 1938/1/1622 1932/1/1622
f 1923/1/1623 1938/1/1623 1924/1/1623
f 1930/1/1624 1938/1/1624 1931/1/1624
f 1922/1/1625 1938/1/1625 1923/1/1625
f 1929/1/1626 1938/1/1626 1930/1/1626
f 1937/1/1627 1938/1/1627 1922/1/1627
f 1928/1/1628 1938/1/1628 1929/1/1628
f 1935/1/1629 1938/1/1629 1936/1/1629
f 1953/1/1630 1955/1/1630 1954/1/1630
f 1944/1/1631 1955/1/1631 1945/1/1631
f 1951/1/1632 1955/1/1632 1952/1/1632
f 1943/1/1633 1955/1/1633 1944/1/1633
f 1950/1/1634 1955/1/1634 1951/1/1634
f 1942/1/1635 1955/1/1635 1943/1/1635
f 1949/1/1636 1955/1/1636 1950/1/1636
f 1941/1/1637 1955/1/1637 1942/1/1637
f 1948/1/1638 1955/1/1638 1949/1/1638
f 1940/1/1639 1955/1/1639 1941/1/1639
f 1947/1/1640 1955/1/1640 1948/1/1640
f 1939/1/1641 1955/1/1641 1940/1/1641
f 1946/1/1642 1955/1/1642 1947/1/1642
f 1954/1/1643 1955/1/1643 1939/1/1643
f 1945/1/1644 1955/1/1644 1946/1/1644
f 1952/1/1645 1955/1/1645 1953/1/1645
f 1970/1/1646 1972/1/1646 1971/1/1646
f 1961/1/1647 1972/1/1647 1962/1/1647
f 1968/1/1648 1972/1/1648 1969/1/1648
f 1960/1/1649 1972/1/1649 1961/1/1649
f 1967/1/1650 1972/1/1650 1968/1/1650
f 1959/1/1651 1972/1/1651 1960/1/1651
f 1966/1/1652 1972/1/1652 1967/1/1652
f 1958/1/1653 1972/1/1653 1959/1/1653
f 1965/1/1654 1972/1/1654 1966/1/1654
f 1957/1/1655 1972/1/1655 1958/1/1655
f 1964/1/1656 1972/1/1656 1965/1/1656
f 1956/1/1657 1972/1/1657 1957/1/1657
f 1963/1/1658 1972/1/1658 1964/1/1658
f 1971/1/1659 1972/1/1659 1956/1/1659
f 1962/1/1660 1972/1/1660 1963/1/1660
f 1969/1/1661 1972/1/1661 1970/1/1661
f 1968/1/1662 1985/1/1662 1984/1/1662 1967/1/1662
f 1961/1/1663 1978/1/1663 1977/1/1663 1960/1/1663
f 1969/1/1664 1986/1/1664 1985/1/1664 1968/1/1664
f 1962/1/1665 1979/1/1665 1978/1/1665 1961/1/1665
f 1971/1/1666 1988/1/1666 1987/1/1666 1970/1/1666
f 1970/1/1667 1987/1/1667 1986/1/1667 1969/1/1667
f 1963/1/1668 1980/1/1668 1979/1/1668 1962/1/1668
f 1956/1/1669 1973/1/1669 1988/1/1669 1971/1/1669
f 1964/1/1670 1981/1/1670 1980/1/1670 1963/1/1670
f 1957/1/1671 1974/1/1671 1973/1/1671 1956/1/1671
f 1965/1/1672 1982/1/1672 1981/1/1672 1964/1/1672
f 1958/1/1673 1975/1/1673 1974/1/1673 1957/1/1673
f 1966/1/1674 1983/1/1674 1982/1/1674 1965/1/1674
f 1959/1/1675 1976/1/1675 1975/1/1675 1958/1/1675
f 1967/1/1676 1984/1/1676 1983/1/1676 1966/1/1676
f 1960/1/1677 1977/1/1677 1976/1/1677 1959/1/1677
f 2005/1/1686 2021/1/1686 2020/1/1686
f 2014/1/1687 2021/1/1687 2013/1/1687
f 2007/1/1688 2021/1/1688 2006/1/1688
f 2015/1/1689 2021/1/1689 2014/1/1689
f 2008/1/1690 2021/1/1690 2007/1/1690
f 2016/1/1691 2021/1/1691 2015/1/1691
f 2009/1/1692 2021/1/1692 2008/1/1692
f 2017/1/1693 2021/1/1693 2016/1/1693
f 2010/1/1694 2021/1/1694 2009/1/1694
f 2018/1/1695 2021/1/1695 2017/1/1695
f 2011/1/1696 2021/1/1696 2010/1/1696
f 2019/1/1697 2021/1/1697 2018/1/1697
f 2012/1/1698 2021/1/1698 2011/1/1698
f 2020/1/1699 2021/1/1699 2019/1/1699
f 2013/1/1700 2021/1/1700 2012/1/1700
f 2006/1/1701 2021/1/1701 2005/1/1701
f 2036/1/1702 2038/1/1702 2037/1/1702
f 2027/1/1703 2038/1/1703 2028/1/1703
f 2034/1/1704 2038/1/1704 2035/1/1704
f 2026/1/1705 2038/1/1705 2027/1/1705
f 2033/1/1706 2038/1/1706 2034/1/1706
f 2025/1/1707 2038/1/1707 2026/1/1707
f 2032/1/1708 2038/1/1708 2033/1/1708
f 2024/1/1709 2038/1/1709 2025/1/1709
f 2031/1/1710 2038/1/1710 2032/1/1710
f 2023/1/1711 2038/1/1711 2024/1/1711
f 2030/1/1712 2038/1/1712 2031/1/1712
f 2022/1/1713 2038/1/1713 2023/1/1713
f 2029/1/1714 2038/1/1714 2030/1/1714
f 2037/1/1715 2038/1/1715 2022/1/1715
f 2028/1/1716 2038/1/1716 2029/1/1716
f 2035/1/1717 2038/1/1717 2036/1/1717
f 2053/1/1718 2055/1/1718 2054/1/1718
f 2044/1/1719 2055/1/1719 2045/1/1719
f 2051/1/1720 2055/1/1720 2052/1/1720
f 2043/1/1721 2055/1/1721 2044/1/1721
f 2050/1/1722 2055/1/1722 2051/1/1722
f 2042/1/1723 2055/1/1723 2043/1/1723
f 2049/1/1724 2055/1/1724 2050/1/1724
f 2041/1/1725 2055/1/1725 2042/1/1725
f 2048/1/1726 2055/1/1726 2049/1/1726
f 2040/1/1727 2055/1/1727 2041/1/1727
f 2047/1/1728 2055/1/1728 2048/1/1728
f 2039/1/1729 2055/1/1729 2040/1/1729
f 2046/1/1730 2055/1/1730 2047/1/1730
f 2054/1/1731 2055/1/1731 2039/1/1731
f 2045/1/1732 2055/1/1732 2046/1/1732
f 2052/1/1733 2055/1/1733 2053/1/1733
f 2070/1/1734 2072/1/1734 2071/1/1734
f 2061/1/1735 2072/1/1735 2062/1/1735
f 2068/1/1736 2072/1/1736 2069/1/1736
f 2060/1/1737 2072/1/1737 2061/1/1737
f 2067/1/1738 2072/1/1738 2068/1/1738
f 2059/1/1739 2072/1/1739 2060/1/1739
f 2066/1/1740 2072/1/1740 2067/1/1740
f 2058/1/1741 2072/1/1741 2059/1/1741
f 2065/1/1742 2072/1/1742 2066/1/1742
f 2057/1/1743 2072/1/1743 2058/1/1743
f 2064/1/1744 2072/1/1744 2065/1/1744
f 2056/1/1745 2072/1/1745 2057/1/1745
f 2063/1/1746 2072/1/1746 2064/1/1746
f 2071/1/1747 2072/1/1747 2056/1/1747
f 2062/1/1748 2072/1/1748 2063/1/1748
f 2069/1/1749 2072/1/1749 2070/1/1749
f 2068/1/1750 2085/1/1750 2084/1/1750 2067/1/1750
f 2061/1/1751 2078/1/1751 2077/1/1751 2060/1/1751
f 2069/1/1752 2086/1/1752 2085/1/1752 2068/1/1752
f 2062/1/1753 2079/1/1753 2078/1/1753 2061/1/1753
f 2071/1/1754 2088/1/1754 2087/1/1754 2070/1/1754
f 2070/1/1755 2087/1/1755 2086/1/1755 2069/1/1755
f 2063/1/1756 2080/1/1756 2079/1/1756 2062/1/1756
f 2056/1/1757 2073/1/1757 2088/1/1757 2071/1/1757
f 2064/1/1758 2081/1/1758 2080/1/1758 2063/1/1758
f 2057/1/1759 2074/1/1759 2073/1/1759 2056/1/1759
f 2065/1/1760 2082/1/1760 2081/1/1760 2064/1/1760
f 2058/1/1761 2075/1/1761 2074/1/1761 2057/1/1761
f 2066/1/1762 2083/1/1762 2082/1/1762 2065/1/1762
f 2059/1/1763 2076/1/1763 2075/1/1763 2058/1/1763
f 2067/1/1764 2084/1/1764 2083/1/1764 2066/1/1764
f 2060/1/1765 2077/1/1765 2076/1/1765 2059/1/1765
f 2105/1/1774 2121/1/1774 2120/1/1774
f 2114/1/1775 2121/1/1775 2113/1/1775
f 2107/1/1776 2121/1/1776 2106/1/1776
f 2115/1/1777 2121/1/1777 2114/1/1777
f 2108/1/1778 2121/1/1778 2107/1/1778
f 2116/1/1779 2121/1/1779 2115/1/1779
f 2109/1/1780 2121/1/1780 2108/1/1780
f 2117/1/1781 2121/1/1781 2116/1/1781
f 2110/1/1782 2121/1/1782 2109/1/1782
f 2118/1/1783 2121/1/1783 2117/1/1783
f 2111/1/1784 2121/1/1784 2110/1/1784
f 2119/1/1785 2121/1/1785 2118/1/1785
f 2112/1/1786 2121/1/1786 2111/1/1786
f 2120/1/1787 2121/1/1787 2119/1/1787
f 2113/1/1788 2121/1/1788 2112/1/1788
f 2106/1/1789 2121/1/1789 2105/1/1789
f 2136/1/1790 2138/1/1790 2137/1/1790
f 2127/1/1791 2138/1/1791 2128/1/1791
f 2134/1/1792 2138/1/1792 2135/1/1792
f 2126/1/1793 2138/1/1793 2127/1/1793
f 2133/1/1794 2138/1/1794 2134/1/1794
f 2125/1/1795 2138/1/1795 2126/1/1795
f 2132/1/1796 2138/1/1796 2133/1/1796
f 2124/1/1797 2138/1/1797 2125/1/1797
f 2131/1/1798 2138/1/1798 2132/1/1798
f 2123/1/1799 2138/1/1799 2124/1/1799
f 2130/1/1800 2138/1/1800 2131/1/1800
f 2122/1/1801 2138/1/1801 2123/1/1801
f 2129/1/1802 2138/1/1802 2130/1/1802
f 2137/1/1803 2138/1/1803 2122/1/1803
f 2128/1/1804 2138/1/1804 2129/1/1804
f 2135/1/1805 2138/1/1805 2136/1/1805
f 2153/1/1806 2155/1/1806 2154/1/1806
f 2144/1/1807 2155/1/1807 2145/1/1807
f 2151/1/1808 2155/1/1808 2152/1/1808
f 2143/1/1809 2155/1/1809 2144/1/1809
f 2150/1/1810 2155/1/1810 2151/1/1810
f 2142/1/1811 2155/1/1811 2143/1/1811
f 2149/1/1812 2155/1/1812 2150/1/1812
f 2141/1/1813 2155/1/1813 2142/1/1813
f 2148/1/1814 2155/1/1814 2149/1/1814
f 2140/1/1815 2155/1/1815 2141/1/1815
f 2147/1/1816 2155/1/1816 2148/1/1816
f 2139/1/1817 2155/1/1817 2140/1/1817
f 2146/1/1818 2155/1/1818 2147/1/1818
f 2154/1/1819 2155/1/1819 2139/1/1819
f 2145/1/1820 2155/1/1820 2146/1/1820
f 2152/1/1821 2155/1/1821 2153/1/1821
f 2170/1/1822 2172/1/1822 2171/1/1822
f 2161/1/1823 2172/1/1823 2162/1/1823
f 2168/1/1824 2172/1/1824 2169/1/1824
f 2160/1/1825 2172/1/1825 2161/1/1825
f 2167/1/1826 2172/1/1826 2168/1/1826
f 2159/1/1827 2172/1/1827 2160/1/1827
f 2166/1/1828 2172/1/1828 2167/1/1828
f 2158/1/1829 2172/1/1829 2159/1/1829
f 2165/1/1830 2172/1/1830 2166/1/1830
f 2157/1/1831 2172/1/1831 2158/1/1831
f 2164/1/1832 2172/1/1832 2165/1/1832
f 2156/1/1833 2172/1/1833 2157/1/1833
f 2163/1/1834 2172/1/1834 2164/1/1834
f 2171/1/1835 2172/1/1835 2156/1/1835
f 2162/1/1836 2172/1/1836 2163/1/1836
f 2169/1/1837 2172/1/1837 2170/1/1837
f 2168/1/1838 2185/1/1838 2184/1/1838 2167/1/1838
f 2161/1/1839 2178/1/1839 2177/1/1839 2160/1/1839
f 2169/1/1840 2186/1/1840 2185/1/1840 2168/1/1840
f 2162/1/1841 2179/1/1841 2178/1/1841 2161/1/1841
f 2171/1/1842 2188/1/1842 2187/1/1842 2170/1/1842
f 2170/1/1843 2187/1/1843 2186/1/1843 2169/1/1843
f 2163/1/1844 2180/1/1844 2179/1/1844 2162/1/1844
f 2156/1/1845 2173/1/1845 2188/1/1845 2171/1/1845
f 2164/1/1846 2181/1/1846 2180/1/1846 2163/1/1846
f 2157/1/1847 2174/1/1847 2173/1/1847 2156/1/1847
f 2165/1/1848 2182/1/1848 2181/1/1848 2164/1/1848
f 2158/1/1849 2175/1/1849 2174/1/1849 2157/1/1849
f 2166/1/1850 2183/1/1850 2182/1/1850 2165/1/1850
f 2159/1/1851 2176/1/1851 2175/1/1851 2158/1/1851
f 2167/1/1852 2184/1/1852 2183/1/1852 2166/1/1852
f 2160/1/1853 2177/1/1853 2176/1/1853 2159/1/1853
f 2205/1/1862 2221/1/1862 2220/1/1862
f 2214/1/1863 2221/1/1863 2213/1/1863
f 2207/1/1864 2221/1/1864 2206/1/1864
f 2215/1/1865 2221/1/1865 2214/1/1865
f 2208/1/1866 2221/1/1866 2207/1/1866
f 2216/1/1867 2221/1/1867 2215/1/1867
f 2209/1/1868 2221/1/1868 2208/1/1868
f 2217/1/1869 2221/1/1869 2216/1/1869
f 2210/1/1870 2221/1/1870 2209/1/1870
f 2218/1/1871 2221/1/1871 2217/1/1871
f 2211/1/1872 2221/1/1872 2210/1/1872
f 2219/1/1873 2221/1/1873 2218/1/1873
f 2212/1/1874 2221/1/1874 2211/1/1874
f 2220/1/1875 2221/1/1875 2219/1/1875
f 2213/1/1876 2221/1/1876 2212/1/1876
f 2206/1/1877 2221/1/1877 2205/1/1877
f 2236/1/1878 2238/1/1878 2237/1/1878
f 2227/1/1879 2238/1/1879 2228/1/1879
f 2234/1/1880 2238/1/1880 2235/1/1880
f 2226/1/1881 2238/1/1881 2227/1/1881
f 2233/1/1882 2238/1/1882 2234/1/1882
f 2225/1/1883 2238/1/1883 2226/1/1883
f 2232/1/1884 2238/1/1884 2233/1/1884
f 2224/1/1885 2238/1/1885 2225/1/1885
f 2231/1/1886 2238/1/1886 2232/1/1886
f 2223/1/1887 2238/1/1887 2224/1/1887
f 2230/1/1888 2238/1/1888 2231/1/1888
f 2222/1/1889 2238/1/1889 2223/1/1889
f 2229/1/1890 2238/1/1890 2230/1/1890
f 2237/1/1891 2238/1/1891 2222/1/1891
f 2228/1/1892 2238/1/1892 2229/1/1892
f 2235/1/1893 2238/1/1893 2236/1/1893
f 2253/1/1894 2255/1/1894 2254/1/1894
f 2244/1/1895 2255/1/1895 2245/1/1895
f 2251/1/1896 2255/1/1896 2252/1/1896
f 2243/1/1897 2255/1/1897 2244/1/1897
f 2250/1/1898 2255/1/1898 2251/1/1898
f 2242/1/1899 2255/1/1899 2243/1/1899
f 2249/1/1900 2255/1/1900 2250/1/1900
f 2241/1/1901 2255/1/1901 2242/1/1901
f 2248/1/1902 2255/1/1902 2249/1/1902
f 2240/1/1903 2255/1/1903 2241/1/1903
f 2247/1/1904 2255/1/1904 2248/1/1904
f 2239/1/1905 2255/1/1905 2240/1/1905
f 2246/1/1906 2255/1/1906 2247/1/1906
f 2254/1/1907 2255/1/1907 2239/1/1907
f 2245/1/1908 2255/1/1908 2246/1/1908
f 2252/1/1909 2255/1/1909 2253/1/1909
f 2270/1/1910 2272/1/1910 2271/1/1910
f 2261/1/1911 2272/1/1911 2262/1/1911
f 2268/1/1912 2272/1/1912 2269/1/1912
f 2260/1/1913 2272/1/1913 2261/1/1913
f 2267/1/1914 2272/1/1914 2268/1/1914
f 2259/1/1915 2272/1/1915 2260/1/1915
f 2266/1/1916 2272/1/1916 2267/1/1916
f 2258/1/1917 2272/1/1917 2259/1/1917
f 2265/1/1918 2272/1/1918 2266/1/1918
f 2257/1/1919 2272/1/1919 2258/1/1919
f 2264/1/1920 2272/1/1920 2265/1/1920
f 2256/1/1921 2272/1/1921 2257/1/1921
f 2263/1/1922 2272/1/1922 2264/1/1922
f 2271/1/1923 2272/1/1923 2256/1/1923
f 2262/1/1924 2272/1/1924 2263/1/1924
f 2269/1/1925 2272/1/1925 2270/1/1925
f 2268/1/1926 2285/1/1926 2284/1/1926 2267/1/1926
f 2261/1/1927 2278/1/1927 2277/1/1927 2260/1/1927
f 2269/1/1928 2286/1/1928 2285/1/1928 2268/1/1928
f 2262/1/1929 2279/1/1929 2278/1/1929 2261/1/1929
f 2271/1/1930 2288/1/1930 2287/1/1930 2270/1/1930
f 2270/1/1931 2287/1/1931 2286/1/1931 2269/1/1931
f 2263/1/1932 2280/1/1932 2279/1/1932 2262/1/1932
f 2256/1/1933 2273/1/1933 2288/1/1933 2271/1/1933
f 2264/1/1934 2281/1/1934 2280/1/1934 2263/1/1934
f 2257/1/1935 2274/1/1935 2273/1/1935 2256/1/1935
f 2265/1/1936 2282/1/1936 2281/1/1936 2264/1/1936
f 2258/1/1937 2275/1/1937 2274/1/1937 2257/1/1937
f 2266/1/1938 2283/1/1938 2282/1/1938 2265/1/1938
f 2259/1/1939 2276/1/1939 2275/1/1939 2258/1/1939
f 2267/1/1940 2284/1/1940 2283/1/1940 2266/1/1940
f 2260/1/1941 2277/1/1941 2276/1/1941 2259/1/1941
f 2305/1/1950 2321/1/1950 2320/1/1950
f 2314/1/1951 2321/1/1951 2313/1/1951
f 2307/1/1952 2321/1/1952 2306/1/1952
f 2315/1/1953 2321/1/1953 2314/1/1953
f 2308/1/1954 2321/1/1954 2307/1/1954
f 2316/1/1955 2321/1/1955 2315/1/1955
f 2309/1/1956 2321/1/1956 2308/1/1956
f 2317/1/1957 2321/1/1957 2316/1/1957
f 2310/1/1958 2321/1/1958 2309/1/1958
f 2318/1/1959 2321/1/1959 2317/1/1959
f 2311/1/1960 2321/1/1960 2310/1/1960
f 2319/1/1961 2321/1/1961 2318/1/1961
f 2312/1/1962 2321/1/1962 2311/1/1962
f 2320/1/1963 2321/1/1963 2319/1/1963
f 2313/1/1964 2321/1/1964 2312/1/1964
f 2306/1/1965 2321/1/1965 2305/1/1965
f 2336/1/1966 2338/1/1966 2337/1/1966
f 2327/1/1967 2338/1/1967 2328/1/1967
f 2334/1/1968 2338/1/1968 2335/1/1968
f 2326/1/1969 2338/1/1969 2327/1/1969
f 2333/1/1970 2338/1/1970 2334/1/1970
f 2325/1/1971 2338/1/1971 2326/1/1971
f 2332/1/1972 2338/1/1972 2333/1/1972
f 2324/1/1973 2338/1/1973 2325/1/1973
f 2331/1/1974 2338/1/1974 2332/1/1974
f 2323/1/1975 2338/1/1975 2324/1/1975
f 2330/1/1976 2338/1/1976 2331/1/1976
f 2322/1/1977 2338/1/1977 2323/1/1977
f 2329/1/1978 2338/1/1978 2330/1/1978
f 2337/1/1979 2338/1/1979 2322/1/1979
f 2328/1/1980 2338/1/1980 2329/1/1980
f 2335/1/1981 2338/1/1981 2336/1/1981
f 2353/1/1982 2355/1/1982 2354/1/1982
f 2344/1/1983 2355/1/1983 2345/1/1983
f 2351/1/1984 2355/1/1984 2352/1/1984
f 2343/1/1985 2355/1/1985 2344/1/1985
f 2350/1/1986 2355/1/1986 2351/1/1986
f 2342/1/1987 2355/1/1987 2343/1/1987
f 2349/1/1988 2355/1/1988 2350/1/1988
f 2341/1/1989 2355/1/1989 2342/1/1989
f 2348/1/1990 2355/1/1990 2349/1/1990
f 2340/1/1991 2355/1/1991 2341/1/1991
f 2347/1/1992 2355/1/1992 2348/1/1992
f 2339/1/1993 2355/1/1993 2340/1/1993
f 2346/1/1994 2355/1/1994 2347/1/1994
f 2354/1/1995 2355/1/1995 2339/1/1995
f 2345/1/1996 2355/1/1996 2346/1/1996
f 2352/1/1997 2355/1/1997 2353/1/1997
f 2370/1/1998 2372/1/1998 2371/1/1998
f 2361/1/1999 2372/1/1999 2362/1/1999
f 2368/1/2000 2372/1/2000 2369/1/2000
f 2360/1/2001 2372/1/2001 2361/1/2001
f 2367/1/2002 2372/1/2002 2368/1/2002
f 2359/1/2003 2372/1/2003 2360/1/2003
f 2366/1/2004 2372/1/2004 2367/1/2004
f 2358/1/2005 2372/1/2005 2359/1/2005
f 2365/1/2006 2372/1/2006 2366/1/2006
f 2357/1/2007 2372/1/2007 2358/1/2007
f 2364/1/2008 2372/1/2008 2365/1/2008
f 2356/1/2009 2372/1/2009 2357/1/2009
f 2363/1/2010 2372/1/2010 2364/1/2010
f 2371/1/2011 2372/1/2011 2356/1/2011
f 2362/1/2012 2372/1/2012 2363/1/2012
f 2369/1/2013 2372/1/2013 2370/1/2013
f 2368/1/2014 2385/1/2014 2384/1/2014 2367/1/2014
f 2361/1/2015 2378/1/2015 2377/1/2015 2360/1/2015
f 2369/1/2016 2386/1/2016 2385/1/2016 2368/1/2016
f 2362/1/2017 2379/1/2017 2378/1/2017 2361/1/2017
f 2371/1/2018 2388/1/2018 2387/1/2018 2370/1/2018
f 2370/1/2019 2387/1/2019 2386/1/2019 2369/1/2019
f 2363/1/2020 2380/1/2020 2379/1/2020 2362/1/2020
f 2356/1/2021 2373/1/2021 2388/1/2021 2371/1/2021
f 2364/1/2022 2381/1/2022 2380/1/2022 2363/1/2022
f 2357/1/2023 2374/1/2023 2373/1/2023 2356/1/2023
f 2365/1/2024 2382/1/2024 2381/1/2024 2364/1/2024
f 2358/1/2025 2375/1/2025 2374/1/2025 2357/1/2025
f 2366/1/2026 2383/1/2026 2382/1/2026 2365/1/2026
f 2359/1/2027 2376/1/2027 2375/1/2027 2358/1/2027
f 2367/1/2028 2384/1/2028 2383/1/2028 2366/1/2028
f 2360/1/2029 2377/1/2029 2376/1/2029 2359/1/2029
f 2405/1/2038 2421/1/2038 2420/1/2038
f 2414/1/2039 2421/1/2039 2413/1/2039
f 2407/1/2040 2421/1/2040 2406/1/2040
f 2415/1/2041 2421/1/2041 2414/1/2041
f 2408/1/2042 2421/1/2042 2407/1/2042
f 2416/1/2043 2421/1/2043 2415/1/2043
f 2409/1/2044 2421/1/2044 2408/1/2044
f 2417/1/2045 2421/1/2045 2416/1/2045
f 2410/1/2046 2421/1/2046 2409/1/2046
f 2418/1/2047 2421/1/2047 2417/1/2047
f 2411/1/2048 2421/1/2048 2410/1/2048
f 2419/1/2049 2421/1/2049 2418/1/2049
f 2412/1/2050 2421/1/2050 2411/1/2050
f 2420/1/2051 2421/1/2051 2419/1/2051
f 2413/1/2052 2421/1/2052 2412/1/2052
f 2406/1/2053 2421/1/2053 2405/1/2053
f 2436/1/2054 2438/1/2054 2437/1/2054
f 2427/1/2055 2438/1/2055 2428/1/2055
f 2434/1/2056 2438/1/2056 2435/1/2056
f 2426/1/2057 2438/1/2057 2427/1/2057
f 2433/1/2058 2438/1/2058 2434/1/2058
f 2425/1/2059 2438/1/2059 2426/1/2059
f 2432/1/2060 2438/1/2060 2433/1/2060
f 2424/1/2061 2438/1/2061 2425/1/2061
f 2431/1/2062 2438/1/2062 2432/1/2062
f 2423/1/2063 2438/1/2063 2424/1/2063
f 2430/1/2064 2438/1/2064 2431/1/2064
f 2422/1/2065 2438/1/2065 2423/1/2065
f 2429/1/2066 2438/1/2066 2430/1/2066
f 2437/1/2067 2438/1/2067 2422/1/2067
f 2428/1/2068 2438/1/2068 2429/1/2068
f 2435/1/2069 2438/1/2069 2436/1/2069
f 2453/1/2070 2455/1/2070 2454/1/2070
f 2444/1/2071 2455/1/2071 2445/1/2071
f 2451/1/2072 2455/1/2072 2452/1/2072
f 2443/1/2073 2455/1/2073 2444/1/2073
f 2450/1/2074 2455/1/2074 2451/1/2074
f 2442/1/2075 2455/1/2075 2443/1/2075
f 2449/1/2076 2455/1/2076 2450/1/2076
f 2441/1/2077 2455/1/2077 2442/1/2077
f 2448/1/2078 2455/1/2078 2449/1/2078
f 2440/1/2079 2455/1/2079 2441/1/2079
f 2447/1/2080 2455/1/2080 2448/1/2080
f 2439/1/2081 2455/1/2081 2440/1/2081
f 2446/1/2082 2455/1/2082 2447/1/2082
f 2454/1/2083 2455/1/2083 2439/1/2083
f 2445/1/2084 2455/1/2084 2446/1/2084
f 2452/1/2085 2455/1/2085 2453/1/2085
f 2470/1/2086 2472/1/2086 2471/1/2086
f 2461/1/2087 2472/1/2087 2462/1/2087
f 2468/1/2088 2472/1/2088 2469/1/2088
f 2460/1/2089 2472/1/2089 2461/1/2089
f 2467/1/2090 2472/1/2090 2468/1/2090
f 2459/1/2091 2472/1/2091 2460/1/2091
f 2466/1/2092 2472/1/2092 2467/1/2092
f 2458/1/2093 2472/1/2093 2459/1/2093
f 2465/1/2094 2472/1/2094 2466/1/2094
f 2457/1/2095 2472/1/2095 2458/1/2095
f 2464/1/2096 2472/1/2096 2465/1/2096
f 2456/1/2097 2472/1/2097 2457/1/2097
f 2463/1/2098 2472/1/2098 2464/1/2098
f 2471/1/2099 2472/1/2099 2456/1/2099
f 2462/1/2100 2472/1/2100 2463/1/2100
f 2469/1/2101 2472/1/2101 2470/1/2101
f 2468/1/2102 2485/1/2102 2484/1/2102 2467/1/2102
f 2461/1/2103 2478/1/2103 2477/1/2103 2460/1/2103
f 2469/1/2104 2486/1/2104 2485/1/2104 2468/1/2104
f 2462/1/2105 2479/1/2105 2478/1/2105 2461/1/2105
f 2471/1/2106 2488/1/2106 2487/1/2106 2470/1/2106
f 2470/1/2107 2487/1/2107 2486/1/2107 2469/1/2107
f 2463/1/2108 2480/1/2108 2479/1/2108 2462/1/2108
f 2456/1/2109 2473/1/2109 2488/1/2109 2471/1/2109
f 2464/1/2110 2481/1/2110 2480/1/2110 2463/1/2110
f 2457/1/2111 2474/1/2111 2473/1/2111 2456/1/2111
f 2465/1/2112 2482/1/2112 2481/1/2112 2464/1/2112
f 2458/1/2113 2475/1/2113 2474/1/2113 2457/1/2113
f 2466/1/2114 2483/1/2114 2482/1/2114 2465/1/2114
f 2459/1/2115 2476/1/2115 2475/1/2115 2458/1/2115
f 2467/1/2116 2484/1/2116 2483/1/2116 2466/1/2116
f 2460/1/2117 2477/1/2117 2476/1/2117 2459/1/2117
f 2505/1/2126 2521/1/2126 2520/1/2126
f 2514/1/2127 2521/1/2127 2513/1/2127
f 2507/1/2128 2521/1/2128 2506/1/2128
f 2515/1/2129 2521/1/2129 2514/1/2129
f 2508/1/2130 2521/1/2130 2507/1/2130
f 2516/1/2131 2521/1/2131 2515/1/2131
f 2509/1/2132 2521/1/2132 2508/1/2132
f 2517/1/2133 2521/1/2133 2516/1/2133
f 2510/1/2134 2521/1/2134 2509/1/2134
f 2518/1/2135 2521/1/2135 2517/1/2135
f 2511/1/2136 2521/1/2136 2510/1/2136
f 2519/1/2137 2521/1/2137 2518/1/2137
f 2512/1/2138 2521/1/2138 2511/1/2138
f 2520/1/2139 2521/1/2139 2519/1/2139
f 2513/1/2140 2521/1/2140 2512/1/2140
f 2506/1/2141 2521/1/2141 2505/1/2141
f 2536/1/2142 2538/1/2142 2537/1/2142
f 2527/1/2143 2538/1/2143 2528/1/2143
f 2534/1/2144 2538/1/2144 2535/1/2144
f 2526/1/2145 2538/1/2145 2527/1/2145
f 2533/1/2146 2538/1/2146 2534/1/2146
f 2525/1/2147 2538/1/2147 2526/1/2147
f 2532/1/2148 2538/1/2148 2533/1/2148
f 2524/1/2149 2538/1/2149 2525/1/2149
f 2531/1/2150 2538/1/2150 2532/1/2150
f 2523/1/2151 2538/1/2151 2524/1/2151
f 2530/1/2152 2538/1/2152 2531/1/2152
f 2522/1/2153 2538/1/2153 2523/1/2153
f 2529/1/2154 2538/1/2154 2530/1/2154
f 2537/1/2155 2538/1/2155 2522/1/2155
f 2528/1/2156 2538/1/2156 2529/1/2156
f 2535/1/2157 2538/1/2157 2536/1/2157
f 2553/1/2158 2555/1/2158 2554/1/2158
f 2544/1/2159 2555/1/2159 2545/1/2159
f 2551/1/2160 2555/1/2160 2552/1/2160
f 2543/1/2161 2555/1/2161 2544/1/2161
f 2550/1/2162 2555/1/2162 2551/1/2162
f 2542/1/2163 2555/1/2163 2543/1/2163
f 2549/1/2164 2555/1/2164 2550/1/2164
f 2541/1/2165 2555/1/2165 2542/1/2165
f 2548/1/2166 2555/1/2166 2549/1/2166
f 2540/1/2167 2555/1/2167 2541/1/2167
f 2547/1/2168 2555/1/2168 2548/1/2168
f 2539/1/2169 2555/1/2169 2540/1/2169
f 2546/1/2170 2555/1/2170 2547/1/2170
f 2554/1/2171 2555/1/2171 2539/1/2171
f 2545/1/2172 2555/1/2172 2546/1/2172
f 2552/1/2173 2555/1/2173 2553/1/2173
f 2570/1/2174 2572/1/2174 2571/1/2174
f 2561/1/2175 2572/1/2175 2562/1/2175
f 2568/1/2176 2572/1/2176 2569/1/2176
f 2560/1/2177 2572/1/2177 2561/1/2177
f 2567/1/2178 2572/1/2178 2568/1/2178
f 2559/1/2179 2572/1/2179 2560/1/2179
f 2566/1/2180 2572/1/2180 2567/1/2180
f 2558/1/2181 2572/1/2181 2559/1/2181
f 2565/1/2182 2572/1/2182 2566/1/2182
f 2557/1/2183 2572/1/2183 2558/1/2183
f 2564/1/2184 2572/1/2184 2565/1/2184
f 2556/1/2185 2572/1/2185 2557/1/2185
f 2563/1/2186 2572/1/2186 2564/1/2186
f 2571/1/2187 2572/1/2187 2556/1/2187
f 2562/1/2188 2572/1/2188 2563/1/2188
f 2569/1/2189 2572/1/2189 2570/1/2189
f 2568/1/2190 2585/1/2190 2584/1/2190 2567/1/2190
f 2561/1/2191 2578/1/2191 2577/1/2191 2560/1/2191
f 2569/1/2192 2586/1/2192 2585/1/2192 2568/1/2192
f 2562/1/2193 2579/1/2193 2578/1/2193 2561/1/2193
f 2571/1/2194 2588/1/2194 2587/1/2194 2570/1/2194
f 2570/1/2195 2587/1/2195 2586/1/2195 2569/1/2195
f 2563/1/2196 2580/1/2196 2579/1/2196 2562/1/2196
f 2556/1/2197 2573/1/2197 2588/1/2197 2571/1/2197
f 2564/1/2198 2581/1/2198 2580/1/2198 2563/1/2198
f 2557/1/2199 2574/1/2199 2573/1/2199 2556/1/2199
f 2565/1/2200 2582/1/2200 2581/1/2200 2564/1/2200
f 2558/1/2201 2575/1/2201 2574/1/2201 2557/1/2201
f 2566/1/2202 2583/1/2202 2582/1/2202 2565/1/2202
f 2559/1/2203 2576/1/2203 2575/1/2203 2558/1/2203
f 2567/1/2204 2584/1/2204 2583/1/2204 2566/1/2204
f 2560/1/2205 2577/1/2205 2576/1/2205 2559/1/2205
f 2605/1/2214 2621/1/2214 2620/1/2214
f 2614/1/2215 2621/1/2215 2613/1/2215
f 2607/1/2216 2621/1/2216 2606/1/2216
f 2615/1/2217 2621/1/2217 2614/1/2217
f 2608/1/2218 2621/1/2218 2607/1/2218
f 2616/1/2219 2621/1/2219 2615/1/2219
f 2609/1/2220 2621/1/2220 2608/1/2220
f 2617/1/2221 2621/1/2221 2616/1/2221
f 2610/1/2222 2621/1/2222 2609/1/2222
f 2618/1/2223 2621/1/2223 2617/1/2223
f 2611/1/2224 2621/1/2224 2610/1/2224
f 2619/1/2225 2621/1/2225 2618/1/2225
f 2612/1/2226 2621/1/2226 2611/1/2226
f 2620/1/2227 2621/1/2227 2619/1/2227
f 2613/1/2228 2621/1/2228 2612/1/2228
f 2606/1/2229 2621/1/2229 2605/1/2229
f 2636/1/2230 2638/1/2230 2637/1/2230
f 2627/1/2231 2638/1/2231 2628/1/2231
f 2634/1/2232 2638/1/2232 2635/1/2232
f 2626/1/2233 2638/1/2233 2627/1/2233
f 2633/1/2234 2638/1/2234 2634/1/2234
f 2625/1/2235 2638/1/2235 2626/1/2235
f 2632/1/2236 2638/1/2236 2633/1/2236
f 2624/1/2237 2638/1/2237 2625/1/2237
f 2631/1/2238 2638/1/2238 2632/1/2238
f 2623/1/2239 2638/1/2239 2624/1/2239
f 2630/1/2240 2638/1/2240 2631/1/2240
f 2622/1/2241 2638/1/2241 2623/1/2241
f 2629/1/2242 2638/1/2242 2630/1/2242
f 2637/1/2243 2638/1/2243 2622/1/2243
f 2628/1/2244 2638/1/2244 2629/1/2244
f 2635/1/2245 2638/1/2245 2636/1/2245
f 2653/1/2246 2655/1/2246 2654/1/2246
f 2644/1/2247 2655/1/2247 2645/1/2247
f 2651/1/2248 2655/1/2248 2652/1/2248
f 2643/1/2249 2655/1/2249 2644/1/2249
f 2650/1/2250 2655/1/2250 2651/1/2250
f 2642/1/2251 2655/1/2251 2643/1/2251
f 2649/1/2252 2655/1/2252 2650/1/2252
f 2641/1/2253 2655/1/2253 2642/1/2253
f 2648/1/2254 2655/1/2254 2649/1/2254
f 2640/1/2255 2655/1/2255 2641/1/2255
f 2647/1/2256 2655/1/2256 2648/1/2256
f 2639/1/2257 2655/1/2257 2640/1/2257
f 2646/1/2258 2655/1/2258 2647/1/2258
f 2654/1/2259 2655/1/2259 2639/1/2259
f 2645/1/2260 2655/1/2260 2646/1/2260
f 2652/1/2261 2655/1/2261 2653/1/2261
f 2670/1/2262 2672/1/2262 2671/1/2262
f 2661/1/2263 2672/1/2263 2662/1/2263
f 2668/1/2264 2672/1/2264 2669/1/2264
f 2660/1/2265 2672/1/2265 2661/1/2265
f 2667/1/2266 2672/1/2266 2668/1/2266
f 2659/1/2267 2672/1/2267 2660/1/2267
f 2666/1/2268 2672/1/2268 2667/1/2268
f 2658/1/2269 2672/1/2269 2659/1/2269
f 2665/1/2270 2672/1/2270 2666/1/2270
f 2657/1/2271 2672/1/2271 2658/1/2271
f 2664/1/2272 2672/1/2272 2665/1/2272
f 2656/1/2273 2672/1/2273 2657/1/2273
f 2663/1/2274 2672/1/2274 2664/1/2274
f 2671/1/2275 2672/1/2275 2656/1/2275
f 2662/1/2276 2672/1/2276 2663/1/2276
f 2669/1/2277 2672/1/2277 2670/1/2277
f 2668/1/2278 2685/1/2278 2684/1/2278 2667/1/2278
f 2661/1/2279 2678/1/2279 2677/1/2279 2660/1/2279
f 2669/1/2280 2686/1/2280 2685/1/2280 2668/1/2280
f 2662/1/2281 2679/1/2281 2678/1/2281 2661/1/2281
f 2671/1/2282 2688/1/2282 2687/1/2282 2670/1/2282
f 2670/1/2283 2687/1/2283 2686/1/2283 2669/1/2283
f 2663/1/2284 2680/1/2284 2679/1/2284 2662/1/2284
f 2656/1/2285 2673/1/2285 2688/1/2285 2671/1/2285
f 2664/1/2286 2681/1/2286 2680/1/2286 2663/1/2286
f 2657/1/2287 2674/1/2287 2673/1/2287 2656/1/2287
f 2665/1/2288 2682/1/2288 2681/1/2288 2664/1/2288
f 2658/1/2289 2675/1/2289 2674/1/2289 2657/1/2289
f 2666/1/2290 2683/1/2290 2682/1/2290 2665/1/2290
f 2659/1/2291 2676/1/2291 2675/1/2291 2658/1/2291
f 2667/1/2292 2684/1/2292 2683/1/2292 2666/1/2292
f 2660/1/2293 2677/1/2293 2676/1/2293 2659/1/2293
f 2705/1/2302 2721/1/2302 2720/1/2302
f 2714/1/2303 2721/1/2303 2713/1/2303
f 2707/1/2304 2721/1/2304 2706/1/2304
f 2715/1/2305 2721/1/2305 2714/1/2305
f 2708/1/2306 2721/1/2306 2707/1/2306
f 2716/1/2307 2721/1/2307 2715/1/2307
f 2709/1/2308 2721/1/2308 2708/1/2308
f 2717/1/2309 2721/1/2309 2716/1/2309
f 2710/1/2310 2721/1/2310 2709/1/2310
f 2718/1/2311 2721/1/2311 2717/1/2311
f 2711/1/2312 2721/1/2312 2710/1/2312
f 2719/1/2313 2721/1/2313 2718/1/2313
f 2712/1/2314 2721/1/2314 2711/1/2314
f 2720/1/2315 2721/1/2315 2719/1/2315
f 2713/1/2316 2721/1/2316 2712/1/2316
f 2706/1/2317 2721/1/2317 2705/1/2317
f 2736/1/2318 2738/1/2318 2737/1/2318
f 2727/1/2319 2738/1/2319 2728/1/2319
f 2734/1/2320 2738/1/2320 2735/1/2320
f 2726/1/2321 2738/1/2321 2727/1/2321
f 2733/1/2322 2738/1/2322 2734/1/2322
f 2725/1/2323 2738/1/2323 2726/1/2323
f 2732/1/2324 2738/1/2324 2733/1/2324
f 2724/1/2325 2738/1/2325 2725/1/2325
f 2731/1/2326 2738/1/2326 2732/1/2326
f 2723/1/2327 2738/1/2327 2724/1/2327
f 2730/1/2328 2738/1/2328 2731/1/2328
f 2722/1/2329 2738/1/2329 2723/1/2329
f 2729/1/2330 2738/1/2330 2730/1/2330
f 2737/1/2331 2738/1/2331 2722/1/2331
f 2728/1/2332 2738/1/2332 2729/1/2332
f 2735/1/2333 2738/1/2333 2736/1/2333
f 2753/1/2334 2755/1/2334 2754/1/2334
f 2744/1/2335 2755/1/2335 2745/1/2335
f 2751/1/2336 2755/1/2336 2752/1/2336
f 2743/1/2337 2755/1/2337 2744/1/2337
f 2750/1/2338 2755/1/2338 2751/1/2338
f 2742/1/2339 2755/1/2339 2743/1/2339
f 2749/1/2340 2755/1/2340 2750/1/2340
f 2741/1/2341 2755/1/2341 2742/1/2341
f 2748/1/2342 2755/1/2342 2749/1/2342
f 2740/1/2343 2755/1/2343 2741/1/2343
f 2747/1/2344 2755/1/2344 2748/1/2344
f 2739/1/2345 2755/1/2345 2740/1/2345
f 2746/1/2346 2755/1/2346 2747/1/2346
f 2754/1/2347 2755/1/2347 2739/1/2347
f 2745/1/2348 2755/1/2348 2746/1/2348
f 2752/1/2349 2755/1/2349 2753/1/2349
f 2770/1/2350 2772/1/2350 2771/1/2350
f 2761/1/2351 2772/1/2351 2762/1/2351
f 2768/1/2352 2772/1/2352 2769/1/2352
f 2760/1/2353 2772/1/2353 2761/1/2353
f 2767/1/2354 2772/1/2354 2768/1/2354
f 2759/1/2355 2772/1/2355 2760/1/2355
f 2766/1/2356 2772/1/2356 2767/1/2356
f 2758/1/2357 2772/1/2357 2759/1/2357
f 2765/1/2358 2772/1/2358 2766/1/2358
f 2757/1/2359 2772/1/2359 2758/1/2359
f 2764/1/2360 2772/1/2360 2765/1/2360
f 2756/1/2361 2772/1/2361 2757/1/2361
f 2763/1/2362 2772/1/2362 2764/1/2362
f 2771/1/2363 2772/1/2363 2756/1/2363
f 2762/1/2364 2772/1/2364 2763/1/2364
f 2769/1/2365 2772/1/2365 2770/1/2365
f 2768/1/2366 2785/1/2366 2784/1/2366 2767/1/2366
f 2761/1/2367 2778/1/2367 2777/1/2367 2760/1/2367
f 2769/1/2368 2786/1/2368 2785/1/2368 2768/1/2368
f 2762/1/2369 2779/1/2369 2778/1/2369 2761/1/2369
f 2771/1/2370 2788/1/2370 2787/1/2370 2770/1/2370
f 2770/1/2371 2787/1/2371 2786/1/2371 2769/1/2371
f 2763/1/2372 2780/1/2372 2779/1/2372 2762/1/2372
f 2756/1/2373 2773/1/2373 2788/1/2373 2771/1/2373
f 2764/1/2374 2781/1/2374 2780/1/2374 2763/1/2374
f 2757/1/2375 2774/1/2375 2773/1/2375 2756/1/2375
f 2765/1/2376 2782/1/2376 2781/1/2376 2764/1/2376
f 2758/1/2377 2775/1/2377 2774/1/2377 2757/1/2377
f 2766/1/2378 2783/1/2378 2782/1/2378 2765/1/2378
f 2759/1/2379 2776/1/2379 2775/1/2379 2758/1/2379
f 2767/1/2380 2784/1/2380 2783/1/2380 2766/1/2380
f 2760/1/2381 2777/1/2381 2776/1/2381 2759/1/2381
f 2805/1/2390 2821/1/2390 2820/1/2390
f 2814/1/2391 2821/1/2391 2813/1/2391
f 2807/1/2392 2821/1/2392 2806/1/2392
f 2815/1/2393 2821/1/2393 2814/1/2393
f 2808/1/2394 2821/1/2394 2807/1/2394
f 2816/1/2395 2821/1/2395 2815/1/2395
f 2809/1/2396 2821/1/2396 2808/1/2396
f 2817/1/2397 2821/1/2397 2816/1/2397
f 2810/1/2398 2821/1/2398 2809/1/2398
f 2818/1/2399 2821/1/2399 2817/1/2399
f 2811/1/2400 2821/1/2400 2810/1/2400
f 2819/1/2401 2821/1/2401 2818/1/2401
f 2812/1/2402 2821/1/2402 2811/1/2402
f 2820/1/2403 2821/1/2403 2819/1/2403
f 2813/1/2404 2821/1/2404 2812/1/2404
f 2806/1/2405 2821/1/2405 2805/1/2405
f 2836/1/2406 2838/1/2406 2837/1/2406
f 2827/1/2407 2838/1/2407 2828/1/2407
f 2834/1/2408 2838/1/2408 2835/1/2408
f 2826/1/2409 2838/1/2409 2827/1/2409
f 2833/1/2410 2838/1/2410 2834/1/2410
f 2825/1/2411 2838/1/2411 2826/1/2411
f 2832/1/2412 2838/1/2412 2833/1/2412
f 2824/1/2413 2838/1/2413 2825/1/2413
f 2831/1/2414 2838/1/2414 2832/1/2414
f 2823/1/2415 2838/1/2415 2824/1/2415
f 2830/1/2416 2838/1/2416 2831/1/2416
f 2822/1/2417 2838/1/2417 2823/1/2417
f 2829/1/2418 2838/1/2418 2830/1/2418
f 2837/1/2419 2838/1/2419 2822/1/2419
f 2828/1/2420 2838/1/2420 2829/1/2420
f 2835/1/2421 2838/1/2421 2836/1/2421
f 2853/1/2422 2855/1/2422 2854/1/2422
f 2844/1/2423 2855/1/2423 2845/1/2423
f 2851/1/2424 2855/1/2424 2852/1/2424
f 2843/1/2425 2855/1/2425 2844/1/2425
f 2850/1/2426 2855/1/2426 2851/1/2426
f 2842/1/2427 2855/1/2427 2843/1/2427
f 2849/1/2428 2855/1/2428 2850/1/2428
f 2841/1/2429 2855/1/2429 2842/1/2429
f 2848/1/2430 2855/1/2430 2849/1/2430
f 2840/1/2431 2855/1/2431 2841/1/2431
f 2847/1/2432 2855/1/2432 2848/1/2432
f 2839/1/2433 2855/1/2433 2840/1/2433
f 2846/1/2434 2855/1/2434 2847/1/2434
f 2854/1/2435 2855/1/2435 2839/1/2435
f 2845/1/2436 2855/1/2436 2846/1/2436
f 2852/1/2437 2855/1/2437 2853/1/2437
f 2870/1/2438 2872/1/2438 2871/1/2438
f 2861/1/2439 2872/1/2439 2862/1/2439
f 2868/1/2440 2872/1/2440 2869/1/2440
f 2860/1/2441 2872/1/2441 2861/1/2441
f 2867/1/2442 2872/1/2442 2868/1/2442
f 2859/1/2443 2872/1/2443 2860/1/2443
f 2866/1/2444 2872/1/2444 2867/1/2444
f 2858/1/2445 2872/1/2445 2859/1/2445
f 2865/1/2446 2872/1/2446 2866/1/2446
f 2857/1/2447 2872/1/2447 2858/1/2447
f 2864/1/2448 2872/1/2448 2865/1/2448
f 2856/1/2449 2872/1/2449 2857/1/2449
f 2863/1/2450 2872/1/2450 2864/1/2450
f 2871/1/2451 2872/1/2451 2856/1/2451
f 2862/1/2452 2872/1/2452 2863/1/2452
f 2869/1/2453 2872/1/2453 2870/1/2453
f 2868/1/2454 2885/1/2454 2884/1/2454 2867/1/2454
f 2861/1/2455 2878/1/2455 2877/1/2455 2860/1/2455
f 2869/1/2456 2886/1/2456 2885/1/2456 2868/1/2456
f 2862/1/2457 2879/1/2457 2878/1/2457 2861/1/2457
f 2871/1/2458 2888/1/2458 2887/1/2458 2870/1/2458
f 2870/1/2459 2887/1/2459 2886/1/2459 2869/1/2459
f 2863/1/2460 2880/1/2460 2879/1/2460 2862/1/2460
f 2856/1/2461 2873/1/2461 2888/1/2461 2871/1/2461
f 2864/1/2462 2881/1/2462 2880/1/2462 2863/1/2462
f 2857/1/2463 2874/1/2463 2873/1/2463 2856/1/2463
f 2865/1/2464 2882/1/2464 2881/1/2464 2864/1/2464
f 2858/1/2465 2875/1/2465 2874/1/2465 2857/1/2465
f 2866/1/2466 2883/1/2466 2882/1/2466 2865/1/2466
f 2859/1/2467 2876/1/2467 2875/1/2467 2858/1/2467
f 2867/1/2468 2884/1/2468 2883/1/2468 2866/1/2468
f 2860/1/2469 2877/1/2469 2876/1/2469 2859/1/2469
f 2905/1/2478 2921/1/2478 2920/1/2478
f 2914/1/2479 2921/1/2479 2913/1/2479
f 2907/1/2480 2921/1/2480 2906/1/2480
f 2915/1/2481 2921/1/2481 2914/1/2481
f 2908/1/2482 2921/1/2482 2907/1/2482
f 2916/1/2483 2921/1/2483 2915/1/2483
f 2909/1/2484 2921/1/2484 2908/1/2484
f 2917/1/2485 2921/1/2485 2916/1/2485
f 2910/1/2486 2921/1/2486 2909/1/2486
f 2918/1/2487 2921/1/2487 2917/1/2487
f 2911/1/2488 2921/1/2488 2910/1/2488
f 2919/1/2489 2921/1/2489 2918/1/2489
f 2912/1/2490 2921/1/2490 2911/1/2490
f 2920/1/2491 2921/1/2491 2919/1/2491
f 2913/1/2492 2921/1/2492 2912/1/2492
f 2906/1/2493 2921/1/2493 2905/1/2493
f 2936/1/2494 2938/1/2494 2937/1/2494
f 2927/1/2495 2938/1/2495 2928/1/2495
f 2934/1/2496 2938/1/2496 2935/1/2496
f 2926/1/2497 2938/1/2497 2927/1/2497
f 2933/1/2498 2938/1/2498 2934/1/2498
f 2925/1/2499 2938/1/2499 2926/1/2499
f 2932/1/2500 2938/1/2500 2933/1/2500
f 2924/1/2501 2938/1/2501 2925/1/2501
f 2931/1/2502 2938/1/2502 2932/1/2502
f 2923/1/2503 2938/1/2503 2924/1/2503
f 2930/1/2504 2938/1/2504 2931/1/2504
f 2922/1/2505 2938/1/2505 2923/1/2505
f 2929/1/2506 2938/1/2506 2930/1/2506
f 2937/1/2507 2938/1/2507 2922/1/2507
f 2928/1/2508 2938/1/2508 2929/1/2508
f 2935/1/2509 2938/1/2509 2936/1/2509
f 2953/1/2510 2955/1/2510 2954/1/2510
f 2944/1/2511 2955/1/2511 2945/1/2511
f 2951/1/2512 2955/1/2512 2952/1/2512
f 2943/1/2513 2955/1/2513 2944/1/2513
f 2950/1/2514 2955/1/2514 2951/1/2514
f 2942/1/2515 2955/1/2515 2943/1/2515
f 2949/1/2516 2955/1/2516 2950/1/2516
f 2941/1/2517 2955/1/2517 2942/1/2517
f 2948/1/2518 2955/1/2518 2949/1/2518
f 2940/1/2519 2955/1/2519 2941/1/2519
f 2947/1/2520 2955/1/2520 2948/1/2520
f 2939/1/2521 2955/1/2521 2940/1/2521
f 2946/1/2522 2955/1/2522 2947/1/2522
f 2954/1/2523 2955/1/2523 2939/1/2523
f 2945/1/2524 2955/1/2524 2946/1/2524
f 2952/1/2525 2955/1/2525 2953/1/2525
f 2970/1/2526 2972/1/2526 2971/1/2526
f 2961/1/2527 2972/1/2527 2962/1/2527
f 2968/1/2528 2972/1/2528 2969/1/2528
f 2960/1/2529 2972/1/2529 2961/1/2529
f 2967/1/2530 2972/1/2530 2968/1/2530
f 2959/1/2531 2972/1/2531 2960/1/2531
f 2966/1/2532 2972/1/2532 2967/1/2532
f 2958/1/2533 2972/1/2533 2959/1/2533
f 2965/1/2534 2972/1/2534 2966/1/2534
f 2957/1/2535 2972/1/2535 2958/1/2535
f 2964/1/2536 2972/1/2536 2965/1/2536
f 2956/1/2537 2972/1/2537 2957/1/2537
f 2963/1/2538 2972/1/2538 2964/1/2538
f 2971/1/2539 2972/1/2539 2956/1/2539
f 2962/1/2540 2972/1/2540 2963/1/2540
f 2969/1/2541 2972/1/2541 2970/1/2541
f 2968/1/2542 2985/1/2542 2984/1/2542 2967/1/2542
f 2961/1/2543 2978/1/2543 2977/1/2543 2960/1/2543
f 2969/1/2544 2986/1/2544 2985/1/2544 2968/1/2544
f 2962/1/2545 2979/1/2545 2978/1/2545 2961/1/2545
f 2971/1/2546 2988/1/2546 2987/1/2546 2970/1/2546
f 2970/1/2547 2987/1/2547 2986/1/2547 2969/1/2547
f 2963/1/2548 2980/1/2548 2979/1/2548 2962/1/2548
f 2956/1/2549 2973/1/2549 2988/1/2549 2971/1/2549
f 2964/1/2550 2981/1/2550 2980/1/2550 2963/1/2550
f 2957/1/2551 2974/1/2551 2973/1/2551 2956/1/2551
f 2965/1/2552 2982/1/2552 2981/1/2552 2964/1/2552
f 2958/1/2553 2975/1/2553 2974/1/2553 2957/1/2553
f 2966/1/2554 2983/1/2554 2982/1/2554 2965/1/2554
f 2959/1/2555 2976/1/2555 2975/1/2555 2958/1/2555
f 2967/1/2556 2984/1/2556 2983/1/2556 2966/1/2556
f 2960/1/2557 2977/1/2557 2976/1/2557 2959/1/2557
f 3005/1/2566 3021/1/2566 3020/1/2566
f 3014/1/2567 3021/1/2567 3013/1/2567
f 3007/1/2568 3021/1/2568 3006/1/2568
f 3015/1/2569 3021/1/2569 3014/1/2569
f 3008/1/2570 3021/1/2570 3007/1/2570
f 3016/1/2571 3021/1/2571 3015/1/2571
f 3009/1/2572 3021/1/2572 3008/1/2572
f 3017/1/2573 3021/1/2573 3016/1/2573
f 3010/1/2574 3021/1/2574 3009/1/2574
f 3018/1/2575 3021/1/2575 3017/1/2575
f 3011/1/2576 3021/1/2576 3010/1/2576
f 3019/1/2577 3021/1/2577 3018/1/2577
f 3012/1/2578 3021/1/2578 3011/1/2578
f 3020/1/2579 3021/1/2579 3019/1/2579
f 3013/1/2580 3021/1/2580 3012/1/2580
f 3006/1/2581 3021/1/2581 3005/1/2581
f 3036/1/2582 3038/1/2582 3037/1/2582
f 3027/1/2583 3038/1/2583 3028/1/2583
f 3034/1/2584 3038/1/2584 3035/1/2584
f 3026/1/2585 3038/1/2585 3027/1/2585
f 3033/1/2586 3038/1/2586 3034/1/2586
f 3025/1/2587 3038/1/2587 3026/1/2587
f 3032/1/2588 3038/1/2588 3033/1/2588
f 3024/1/2589 3038/1/2589 3025/1/2589
f 3031/1/2590 3038/1/2590 3032/1/2590
f 3023/1/2591 3038/1/2591 3024/1/2591
f 3030/1/2592 3038/1/2592 3031/1/2592
f 3022/1/2593 3038/1/2593 3023/1/2593
f 3029/1/2594 3038/1/2594 3030/1/2594
f 3037/1/2595 3038/1/2595 3022/1/2595
f 3028/1/2596 3038/1/2596 3029/1/2596
f 3035/1/2597 3038/1/2597 3036/1/2597
f 3053/1/2598 3055/1/2598 3054/1/2598
f 3044/1/2599 3055/1/2599 3045/1/2599
f 3051/1/2600 3055/1/2600 3052/1/2600
f 3043/1/2601 3055/1/2601 3044/1/2601
f 3050/1/2602 3055/1/2602 3051/1/2602
f 3042/1/2603 3055/1/2603 3043/1/2603
f 3049/1/2604 3055/1/2604 3050/1/2604
f 3041/1/2605 3055/1/2605 3042/1/2605
f 3048/1/2606 3055/1/2606 3049/1/2606
f 3040/1/2607 3055/1/2607 3041/1/2607
f 3047/1/2608 3055/1/2608 3048/1/2608
f 3039/1/2609 3055/1/2609 3040/1/2609
f 3046/1/2610 3055/1/2610 3047/1/2610
f 3054/1/2611 3055/1/2611 3039/1/2611
f 3045/1/2612 3055/1/2612 3046/1/2612
f 3052/1/2613 3055/1/2613 3053/1/2613
f 3070/1/2614 3072/1/2614 3071/1/2614
f 3061/1/2615 3072/1/2615 3062/1/2615
f 3068/1/2616 3072/1/2616 3069/1/2616
f 3060/1/2617 3072/1/2617 3061/1/2617
f 3067/1/2618 3072/1/2618 3068/1/2618
f 3059/1/2619 3072/1/2619 3060/1/2619
f 3066/1/2620 3072/1/2620 3067/1/2620
f 3058/1/2621 3072/1/2621 3059/1/2621
f 3065/1/2622 3072/1/2622 3066/1/2622
f 3057/1/2623 3072/1/2623 3058/1/2623
f 3064/1/2624 3072/1/2624 3065/1/2624
f 3056/1/2625 3072/1/2625 3057/1/2625
f 3063/1/2626 3072/1/2626 3064/1/2626
f 3071/1/2627 3072/1/2627 3056/1/2627
f 3062/1/2628 3072/1/2628 3063/1/2628
f 3069/1/2629 3072/1/2629 3070/1/2629
f 3068/1/2630 3085/1/2630 3084/1/2630 3067/1/2630
f 3061/1/2631 3078/1/2631 3077/1/2631 3060/1/2631
f 3069/1/2632 3086/1/2632 3085/1/2632 3068/1/2632
f 3062/1/2633 3079/1/2633 3078/1/2633 3061/1/2633
f 3071/1/2634 3088/1/2634 3087/1/2634 3070/1/2634
f 3070/1/2635 3087/1/2635 3086/1/2635 3069/1/2635
f 3063/1/2636 3080/1/2636 3079/1/2636 3062/1/2636
f 3056/1/2637 3073/1/2637 3088/1/2637 3071/1/2637
f 3064/1/2638 3081/1/2638 3080/1/2638 3063/1/2638
f 3057/1/2639 3074/1/2639 3073/1/2639 3056/1/2639
f 3065/1/2640 3082/1/2640 3081/1/2640 3064/1/2640
f 3058/1/2641 3075/1/2641 3074/1/2641 3057/1/2641
f 3066/1/2642 3083/1/2642 3082/1/2642 3065/1/2642
f 3059/1/2643 3076/1/2643 3075/1/2643 3058/1/2643
f 3067/1/2644 3084/1/2644 3083/1/2644 3066/1/2644
f 3060/1/2645 3077/1/2645 3076/1/2645 3059/1/2645
f 3105/1/2654 3121/1/2654 3120/1/2654
f 3114/1/2655 3121/1/2655 3113/1/2655
f 3107/1/2656 3121/1/2656 3106/1/2656
f 3115/1/2657 3121/1/2657 3114/1/2657
f 3108/1/2658 3121/1/2658 3107/1/2658
f 3116/1/2659 3121/1/2659 3115/1/2659
f 3109/1/2660 3121/1/2660 3108/1/2660
f 3117/1/2661 3121/1/2661 3116/1/2661
f 3110/1/2662 3121/1/2662 3109/1/2662
f 3118/1/2663 3121/1/2663 3117/1/2663
f 3111/1/2664 3121/1/2664 3110/1/2664
f 3119/1/2665 3121/1/2665 3118/1/2665
f 3112/1/2666 3121/1/2666 3111/1/2666
f 3120/1/2667 3121/1/2667 3119/1/2667
f 3113/1/2668 3121/1/2668 3112/1/2668
f 3106/1/2669 3121/1/2669 3105/1/2669
f 3136/1/2670 3138/1/2670 3137/1/2670
f 3127/1/2671 3138/1/2671 3128/1/2671
f 3134/1/2672 3138/1/2672 3135/1/2672
f 3126/1/2673 3138/1/2673 3127/1/2673
f 3133/1/2674 3138/1/2674 3134/1/2674
f 3125/1/2675 3138/1/2675 3126/1/2675
f 3132/1/2676 3138/1/2676 3133/1/2676
f 3124/1/2677 3138/1/2677 3125/1/2677
f 3131/1/2678 3138/1/2678 3132/1/2678
f 3123/1/2679 3138/1/2679 3124/1/2679
f 3130/1/2680 3138/1/2680 3131/1/2680
f 3122/1/2681 3138/1/2681 3123/1/2681
f 3129/1/2682 3138/1/2682 3130/1/2682
f 3137/1/2683 3138/1/2683 3122/1/2683
f 3128/1/2684 3138/1/2684 3129/1/2684
f 3135/1/2685 3138/1/2685 3136/1/2685
f 3153/1/2686 3155/1/2686 3154/1/2686
f 3144/1/2687 3155/1/2687 3145/1/2687
f 3151/1/2688 3155/1/2688 3152/1/2688
f 3143/1/2689 3155/1/2689 3144/1/2689
f 3150/1/2690 3155/1/2690 3151/1/2690
f 3142/1/2691 3155/1/2691 3143/1/2691
f 3149/1/2692 3155/1/2692 3150/1/2692
f 3141/1/2693 3155/1/2693 3142/1/2693
f 3148/1/2694 3155/1/2694 3149/1/2694
f 3140/1/2695 3155/1/2695 3141/1/2695
f 3147/1/2696 3155/1/2696 3148/1/2696
f 3139/1/2697 3155/1/2697 3140/1/2697
f 3146/1/2698 3155/1/2698 3147/1/2698
f 3154/1/2699 3155/1/2699 3139/1/2699
f 3145/1/2700 3155/1/2700 3146/1/2700
f 3152/1/2701 3155/1/2701 3153/1/2701
f 3170/1/2702 3172/1/2702 3171/1/2702
f 3161/1/2703 3172/1/2703 3162/1/2703
f 3168/1/2704 3172/1/2704 3169/1/2704
f 3160/1/2705 3172/1/2705 3161/1/2705
f 3167/1/2706 3172/1/2706 3168/1/2706
f 3159/1/2707 3172/1/2707 3160/1/2707
f 3166/1/2708 3172/1/2708 3167/1/2708
f 3158/1/2709 3172/1/2709 3159/1/2709
f 3165/1/2710 3172/1/2710 3166/1/2710
f 3157/1/2711 3172/1/2711 3158/1/2711
f 3164/1/2712 3172/1/2712 3165/1/2712
f 3156/1/2713 3172/1/2713 3157/1/2713
f 3163/1/2714 3172/1/2714 3164/1/2714
f 3171/1/2715 3172/1/2715 3156/1/2715
f 3162/1/2716 3172/1/2716 3163/1/2716
f 3169/1/2717 3172/1/2717 3170/1/2717
f 3168/1/2718 3185/1/2718 3184/1/2718 3167/1/2718
f 3161/1/2719 3178/1/2719 3177/1/2719 3160/1/2719
f 3169/1/2720 3186/1/2720 3185/1/2720 3168/1/2720
f 3162/1/2721 3179/1/2721 3178/1/2721 3161/1/2721
f 3171/1/2722 3188/1/2722 3187/1/2722 3170/1/2722
f 3170/1/2723 3187/1/2723 3186/1/2723 3169/1/2723
f 3163/1/2724 3180/1/2724 3179/1/2724 3162/1/2724
f 3156/1/2725 3173/1/2725 3188/1/2725 3171/1/2725
f 3164/1/2726 3181/1/2726 3180/1/2726 3163/1/2726
f 3157/1/2727 3174/1/2727 3173/1/2727 3156/1/2727
f 3165/1/2728 3182/1/2728 3181/1/2728 3164/1/2728
f 3158/1/2729 3175/1/2729 3174/1/2729 3157/1/2729
f 3166/1/2730 3183/1/2730 3182/1/2730 3165/1/2730
f 3159/1/2731 3176/1/2731 3175/1/2731 3158/1/2731
f 3167/1/2732 3184/1/2732 3183/1/2732 3166/1/2732
f 3160/1/2733 3177/1/2733 3176/1/2733 3159/1/2733
f 3205/1/2742 3221/1/2742 3220/1/2742
f 3214/1/2743 3221/1/2743 3213/1/2743
f 3207/1/2744 3221/1/2744 3206/1/2744
f 3215/1/2745 3221/1/2745 3214/1/2745
f 3208/1/2746 3221/1/2746 3207/1/2746
f 3216/1/2747 3221/1/2747 3215/1/2747
f 3209/1/2748 3221/1/2748 3208/1/2748
f 3217/1/2749 3221/1/2749 3216/1/2749
f 3210/1/2750 3221/1/2750 3209/1/2750
f 3218/1/2751 3221/1/2751 3217/1/2751
f 3211/1/2752 3221/1/2752 3210/1/2752
f 3219/1/2753 3221/1/2753 3218/1/2753
f 3212/1/2754 3221/1/2754 3211/1/2754
f 3220/1/2755 3221/1/2755 3219/1/2755
f 3213/1/2756 3221/1/2756 3212/1/2756
f 3206/1/2757 3221/1/2757 3205/1/2757
f 3236/1/2758 3238/1/2758 3237/1/2758
f 3227/1/2759 3238/1/2759 3228/1/2759
f 3234/1/2760 3238/1/2760 3235/1/2760
f 3226/1/2761 3238/1/2761 3227/1/2761
f 3233/1/2762 3238/1/2762 3234/1/2762
f 3225/1/2763 3238/1/2763 3226/1/2763
f 3232/1/2764 3238/1/2764 3233/1/2764
f 3224/1/2765 3238/1/2765 3225/1/2765
f 3231/1/2766 3238/1/2766 3232/1/2766
f 3223/1/2767 3238/1/2767 3224/1/2767
f 3230/1/2768 3238/1/2768 3231/1/2768
f 3222/1/2769 3238/1/2769 3223/1/2769
f 3229/1/2770 3238/1/2770 3230/1/2770
f 3237/1/2771 3238/1/2771 3222/1/2771
f 3228/1/2772 3238/1/2772 3229/1/2772
f 3235/1/2773 3238/1/2773 3236/1/2773
f 3253/1/2774 3255/1/2774 3254/1/2774
f 3244/1/2775 3255/1/2775 3245/1/2775
f 3251/1/2776 3255/1/2776 3252/1/2776
f 3243/1/2777 3255/1/2777 3244/1/2777
f 3250/1/2778 3255/1/2778 3251/1/2778
f 3242/1/2779 3255/1/2779 3243/1/2779
f 3249/1/2780 3255/1/2780 3250/1/2780
f 3241/1/2781 3255/1/2781 3242/1/2781
f 3248/1/2782 3255/1/2782 3249/1/2782
f 3240/1/2783 3255/1/2783 3241/1/2783
f 3247/1/2784 3255/1/2784 3248/1/2784
f 3239/1/2785 3255/1/2785 3240/1/2785
f 3246/1/2786 3255/1/2786 3247/1/2786
f 3254/1/2787 3255/1/2787 3239/1/2787
f 3245/1/2788 3255/1/2788 3246/1/2788
f 3252/1/2789 3255/1/2789 3253/1/2789
f 3270/1/2790 3272/1/2790 3271/1/2790
f 3261/1/2791 3272/1/2791 3262/1/2791
f 3268/1/2792 3272/1/2792 3269/1/2792
f 3260/1/2793 3272/1/2793 3261/1/2793
f 3267/1/2794 3272/1/2794 3268/1/2794
f 3259/1/2795 3272/1/2795 3260/1/2795
f 3266/1/2796 3272/1/2796 3267/1/2796
f 3258/1/2797 3272/1/2797 3259/1/2797
f 3265/1/2798 3272/1/2798 3266/1/2798
f 3257/1/2799 3272/1/2799 3258/1/2799
f 3264/1/2800 3272/1/2800 3265/1/2800
f 3256/1/2801 3272/1/2801 3257/1/2801
f 3263/1/2802 3272/1/2802 3264/1/2802
f 3271/1/2803 3272/1/2803 3256/1/2803
f 3262/1/2804 3272/1/2804 3263/1/2804
f 3269/1/2805 3272/1/2805 3270/1/2805
f 3268/1/2806 3285/1/2806 3284/1/2806 3267/1/2806
f 3261/1/2807 3278/1/2807 3277/1/2807 3260/1/2807
f 3269/1/2808 3286/1/2808 3285/1/2808 3268/1/2808
f 3262/1/2809 3279/1/2809 3278/1/2809 3261/1/2809
f 3271/1/2810 3288/1/2810 3287/1/2810 3270/1/2810
f 3270/1/2811 3287/1/2811 3286/1/2811 3269/1/2811
f 3263/1/2812 3280/1/2812 3279/1/2812 3262/1/2812
f 3256/1/2813 3273/1/2813 3288/1/2813 3271/1/2813
f 3264/1/2814 3281/1/2814 3280/1/2814 3263/1/2814
f 3257/1/2815 3274/1/2815 3273/1/2815 3256/1/2815
f 3265/1/2816 3282/1/2816 3281/1/2816 3264/1/2816
f 3258/1/2817 3275/1/2817 3274/1/2817 3257/1/2817
f 3266/1/2818 3283/1/2818 3282/1/2818 3265/1/2818
f 3259/1/2819 3276/1/2819 3275/1/2819 3258/1/2819
f 3267/1/2820 3284/1/2820 3283/1/2820 3266/1/2820
f 3260/1/2821 3277/1/2821 3276/1/2821 3259/1/2821
f 3305/1/2830 3321/1/2830 3320/1/2830
f 3314/1/2831 3321/1/2831 3313/1/2831
f 3307/1/2832 3321/1/2832 3306/1/2832
f 3315/1/2833 3321/1/2833 3314/1/2833
f 3308/1/2834 3321/1/2834 3307/1/2834
f 3316/1/2835 3321/1/2835 3315/1/2835
f 3309/1/2836 3321/1/2836 3308/1/2836
f 3317/1/2837 3321/1/2837 3316/1/2837
f 3310/1/2838 3321/1/2838 3309/1/2838
f 3318/1/2839 3321/1/2839 3317/1/2839
f 3311/1/2840 3321/1/2840 3310/1/2840
f 3319/1/2841 3321/1/2841 3318/1/2841
f 3312/1/2842 3321/1/2842 3311/1/2842
f 3320/1/2843 3321/1/2843 3319/1/2843
f 3313/1/2844 3321/1/2844 3312/1/2844
f 3306/1/2845 3321/1/2845 3305/1/2845
f 3336/1/2846 3338/1/2846 3337/1/2846
f 3327/1/2847 3338/1/2847 3328/1/2847
f 3334/1/2848 3338/1/2848 3335/1/2848
f 3326/1/2849 3338/1/2849 3327/1/2849
f 3333/1/2850 3338/1/2850 3334/1/2850
f 3325/1/2851 3338/1/2851 3326/1/2851
f 3332/1/2852 3338/1/2852 3333/1/2852
f 3324/1/2853 3338/1/2853 3325/1/2853
f 3331/1/2854 3338/1/2854 3332/1/2854
f 3323/1/2855 3338/1/2855 3324/1/2855
f 3330/1/2856 3338/1/2856 3331/1/2856
f 3322/1/2857 3338/1/2857 3323/1/2857
f 3329/1/2858 3338/1/2858 3330/1/2858
f 3337/1/2859 3338/1/2859 3322/1/2859
f 3328/1/2860 3338/1/2860 3329/1/2860
f 3335/1/2861 3338/1/2861 3336/1/2861
f 3353/1/2862 3355/1/2862 3354/1/2862
f 3344/1/2863 3355/1/2863 3345/1/2863
f 3351/1/2864 3355/1/2864 3352/1/2864
f 3343/1/2865 3355/1/2865 3344/1/2865
f 3350/1/2866 3355/1/2866 3351/1/2866
f 3342/1/2867 3355/1/2867 3343/1/2867
f 3349/1/2868 3355/1/2868 3350/1/2868
f 3341/1/2869 3355/1/2869 3342/1/2869
f 3348/1/2870 3355/1/2870 3349/1/2870
f 3340/1/2871 3355/1/2871 3341/1/2871
f 3347/1/2872 3355/1/2872 3348/1/2872
f 3339/1/2873 3355/1/2873 3340/1/2873
f 3346/1/2874 3355/1/2874 3347/1/2874
f 3354/1/2875 3355/1/2875 3339/1/2875
f 3345/1/2876 3355/1/2876 3346/1/2876
f 3352/1/2877 3355/1/2877 3353/1/2877
f 3370/1/2878 3372/1/2878 3371/1/2878
f 3361/1/2879 3372/1/2879 3362/1/2879
f 3368/1/2880 3372/1/2880 3369/1/2880
f 3360/1/2881 3372/1/2881 3361/1/2881
f 3367/1/2882 3372/1/2882 3368/1/2882
f 3359/1/2883 3372/1/2883 3360/1/2883
f 3366/1/2884 3372/1/2884 3367/1/2884
f 3358/1/2885 3372/1/2885 3359/1/2885
f 3365/1/2886 3372/1/2886 3366/1/2886
f 3357/1/2887 3372/1/2887 3358/1/2887
f 3364/1/2888 3372/1/2888 3365/1/2888
f 3356/1/2889 3372/1/2889 3357/1/2889
f 3363/1/2890 3372/1/2890 3364/1/2890
f 3371/1/2891 3372/1/2891 3356/1/2891
f 3362/1/2892 3372/1/2892 3363/1/2892
f 3369/1/2893 3372/1/2893 3370/1/2893
f 3368/1/2894 3385/1/2894 3384/1/2894 3367/1/2894
f 3361/1/2895 3378/1/2895 3377/1/2895 3360/1/2895
f 3369/1/2896 3386/1/2896 3385/1/2896 3368/1/2896
f 3362/1/2897 3379/1/2897 3378/1/2897 3361/1/2897
f 3371/1/2898 3388/1/2898 3387/1/2898 3370/1/2898
f 3370/1/2899 3387/1/2899 3386/1/2899 3369/1/2899
f 3363/1/2900 3380/1/2900 3379/1/2900 3362/1/2900
f 3356/1/2901 3373/1/2901 3388/1/2901 3371/1/2901
f 3364/1/2902 3381/1/2902 3380/1/2902 3363/1/2902
f 3357/1/2903 3374/1/2903 3373/1/2903 3356/1/2903
f 3365/1/2904 3382/1/2904 3381/1/2904 3364/1/2904
f 3358/1/2905 3375/1/2905 3374/1/2905 3357/1/2905
f 3366/1/2906 3383/1/2906 3382/1/2906 3365/1/2906
f 3359/1/2907 3376/1/2907 3375/1/2907 3358/1/2907
f 3367/1/2908 3384/1/2908 3383/1/2908 3366/1/2908
f 3360/1/2909 3377/1/2909 3376/1/2909 3359/1/2909
f 3405/1/2918 3421/1/2918 3420/1/2918
f 3414/1/2919 3421/1/2919 3413/1/2919
f 3407/1/2920 3421/1/2920 3406/1/2920
f 3415/1/2921 3421/1/2921 3414/1/2921
f 3408/1/2922 3421/1/2922 3407/1/2922
f 3416/1/2923 3421/1/2923 3415/1/2923
f 3409/1/2924 3421/1/2924 3408/1/2924
f 3417/1/2925 3421/1/2925 3416/1/2925
f 3410/1/2926 3421/1/2926 3409/1/2926
f 3418/1/2927 3421/1/2927 3417/1/2927
f 3411/1/2928 3421/1/2928 3410/1/2928
f 3419/1/2929 3421/1/2929 3418/1/2929
f 3412/1/2930 3421/1/2930 3411/1/2930
f 3420/1/2931 3421/1/2931 3419/1/2931
f 3413/1/2932 3421/1/2932 3412/1/2932
f 3406/1/2933 3421/1/2933 3405/1/2933
f 3436/1/2934 3438/1/2934 3437/1/2934
f 3427/1/2935 3438/1/2935 3428/1/2935
f 3434/1/2936 3438/1/2936 3435/1/2936
f 3426/1/2937 3438/1/2937 3427/1/2937
f 3433/1/2938 3438/1/2938 3434/1/2938
f 3425/1/2939 3438/1/2939 3426/1/2939
f 3432/1/2940 3438/1/2940 3433/1/2940
f 3424/1/2941 3438/1/2941 3425/1/2941
f 3431/1/2942 3438/1/2942 3432/1/2942
f 3423/1/2943 3438/1/2943 3424/1/2943
f 3430/1/2944 3438/1/2944 3431/1/2944
f 3422/1/2945 3438/1/2945 3423/1/2945
f 3429/1/2946 3438/1/2946 3430/1/2946
f 3437/1/2947 3438/1/2947 3422/1/2947
f 3428/1/2948 3438/1/2948 3429/1/2948
f 3435/1/2949 3438/1/2949 3436/1/2949
f 3453/1/2950 3455/1/2950 3454/1/2950
f 3444/1/2951 3455/1/2951 3445/1/2951
f 3451/1/2952 3455/1/2952 3452/1/2952
f 3443/1/2953 3455/1/2953 3444/1/2953
f 3450/1/2954 3455/1/2954 3451/1/2954
f 3442/1/2955 3455/1/2955 3443/1/2955
f 3449/1/2956 3455/1/2956 3450/1/2956
f 3441/1/2957 3455/1/2957 3442/1/2957
f 3448/1/2958 3455/1/2958 3449/1/2958
f 3440/1/2959 3455/1/2959 3441/1/2959
f 3447/1/2960 3455/1/2960 3448/1/2960
f 3439/1/2961 3455/1/2961 3440/1/2961
f 3446/1/2962 3455/1/2962 3447/1/2962
f 3454/1/2963 3455/1/2963 3439/1/2963
f 3445/1/2964 3455/1/2964 3446/1/2964
f 3452/1/2965 3455/1/2965 3453/1/2965
f 3470/1/2966 3472/1/2966 3471/1/2966
f 3461/1/2967 3472/1/2967 3462/1/2967
f 3468/1/2968 3472/1/2968 3469/1/2968
f 3460/1/2969 3472/1/2969 3461/1/2969
f 3467/1/2970 3472/1/2970 3468/1/2970
f 3459/1/2971 3472/1/2971 3460/1/2971
f 3466/1/2972 3472/1/2972 3467/1/2972
f 3458/1/2973 3472/1/2973 3459/1/2973
f 3465/1/2974 3472/1/2974 3466/1/2974
f 3457/1/2975 3472/1/2975 3458/1/2975
f 3464/1/2976 3472/1/2976 3465/1/2976
f 3456/1/2977 3472/1/2977 3457/1/2977
f 3463/1/2978 3472/1/2978 3464/1/2978
f 3471/1/2979 3472/1/2979 3456/1/2979
f 3462/1/2980 3472/1/2980 3463/1/2980
f 3469/1/2981 3472/1/2981 3470/1/2981
f 3468/1/2982 3485/1/2982 3484/1/2982 3467/1/2982
f 3461/1/2983 3478/1/2983 3477/1/2983 3460/1/2983
f 3469/1/2984 3486/1/2984 3485/1/2984 3468/1/2984
f 3462/1/2985 3479/1/2985 3478/1/2985 3461/1/2985
f 3471/1/2986 3488/1/2986 3487/1/2986 3470/1/2986
f 3470/1/2987 3487/1/2987 3486/1/2987 3469/1/2987
f 3463/1/2988 3480/1/2988 3479/1/2988 3462/1/2988
f 3456/1/2989 3473/1/2989 3488/1/2989 3471/1/2989
f 3464/1/2990 3481/1/2990 3480/1/2990 3463/1/2990
f 3457/1/2991 3474/1/2991 3473/1/2991 3456/1/2991
f 3465/1/2992 3482/1/2992 3481/1/2992 3464/1/2992
f 3458/1/2993 3475/1/2993 3474/1/2993 3457/1/2993
f 3466/1/2994 3483/1/2994 3482/1/2994 3465/1/2994
f 3459/1/2995 3476/1/2995 3475/1/2995 3458/1/2995
f 3467/1/2996 3484/1/2996 3483/1/2996 3466/1/2996
f 3460/1/2997 3477/1/2997 3476/1/2997 3459/1/2997
f 3505/1/3006 3521/1/3006 3520/1/3006
f 3514/1/3007 3521/1/3007 3513/1/3007
f 3507/1/3008 3521/1/3008 3506/1/3008
f 3515/1/3009 3521/1/3009 3514/1/3009
f 3508/1/3010 3521/1/3010 3507/1/3010
f 3516/1/3011 3521/1/3011 3515/1/3011
f 3509/1/3012 3521/1/3012 3508/1/3012
f 3517/1/3013 3521/1/3013 3516/1/3013
f 3510/1/3014 3521/1/3014 3509/1/3014
f 3518/1/3015 3521/1/3015 3517/1/3015
f 3511/1/3016 3521/1/3016 3510/1/3016
f 3519/1/3017 3521/1/3017 3518/1/3017
f 3512/1/3018 3521/1/3018 3511/1/3018
f 3520/1/3019 3521/1/3019 3519/1/3019
f 3513/1/3020 3521/1/3020 3512/1/3020
f 3506/1/3021 3521/1/3021 3505/1/3021
f 3536/1/3022 3538/1/3022 3537/1/3022
f 3527/1/3023 3538/1/3023 3528/1/3023
f 3534/1/3024 3538/1/3024 3535/1/3024
f 3526/1/3025 3538/1/3025 3527/1/3025
f 3533/1/3026 3538/1/3026 3534/1/3026
f 3525/1/3027 3538/1/3027 3526/1/3027
f 3532/1/3028 3538/1/3028 3533/1/3028
f 3524/1/3029 3538/1/3029 3525/1/3029
f 3531/1/3030 3538/1/3030 3532/1/3030
f 3523/1/3031 3538/1/3031 3524/1/3031
f 3530/1/3032 3538/1/3032 3531/1/3032
f 3522/1/3033 3538/1/3033 3523/1/3033
f 3529/1/3034 3538/1/3034 3530/1/3034
f 3537/1/3035 3538/1/3035 3522/1/3035
f 3528/1/3036 3538/1/3036 3529/1/3036
f 3535/1/3037 3538/1/3037 3536/1/3037
f 3553/1/3038 3555/1/3038 3554/1/3038
f 3544/1/3039 3555/1/3039 3545/1/3039
f 3551/1/3040 3555/1/3040 3552/1/3040
f 3543/1/3041 3555/1/3041 3544/1/3041
f 3550/1/3042 3555/1/3042 3551/1/3042
f 3542/1/3043 3555/1/3043 3543/1/3043
f 3549/1/3044 3555/1/3044 3550/1/3044
f 3541/1/3045 3555/1/3045 3542/1/3045
f 3548/1/3046 3555/1/3046 3549/1/3046
f 3540/1/3047 3555/1/3047 3541/1/3047
f 3547/1/3048 3555/1/3048 3548/1/3048
f 3539/1/3049 3555/1/3049 3540/1/3049
f 3546/1/3050 3555/1/3050 3547/1/3050
f 3554/1/3051 3555/1/3051 3539/1/3051
f 3545/1/3052 3555/1/3052 3546/1/3052
f 3552/1/3053 3555/1/3053 3553/1/3053
f 3570/1/3054 3572/1/3054 3571/1/3054
f 3561/1/3055 3572/1/3055 3562/1/3055
f 3568/1/3056 3572/1/3056 3569/1/3056
f 3560/1/3057 3572/1/3057 3561/1/3057
f 3567/1/3058 3572/1/3058 3568/1/3058
f 3559/1/3059 3572/1/3059 3560/1/3059
f 3566/1/3060 3572/1/3060 3567/1/3060
f 3558/1/3061 3572/1/3061 3559/1/3061
f 3565/1/3062 3572/1/3062 3566/1/3062
f 3557/1/3063 3572/1/3063 3558/1/3063
f 3564/1/3064 3572/1/3064 3565/1/3064
f 3556/1/3065 3572/1/3065 3557/1/3065
f 3563/1/3066 3572/1/3066 3564/1/3066
f 3571/1/3067 3572/1/3067 3556/1/3067
f 3562/1/3068 3572/1/3068 3563/1/3068
f 3569/1/3069 3572/1/3069 3570/1/3069
f 3568/1/3070 3585/1/3070 3584/1/3070 3567/1/3070
f 3561/1/3071 3578/1/3071 3577/1/3071 3560/1/3071
f 3569/1/3072 3586/1/3072 3585/1/3072 3568/1/3072
f 3562/1/3073 3579/1/3073 3578/1/3073 3561/1/3073
f 3571/1/3074 3588/1/3074 3587/1/3074 3570/1/3074
f 3570/1/3075 3587/1/3075 3586/1/3075 3569/1/3075
f 3563/1/3076 3580/1/3076 3579/1/3076 3562/1/3076
f 3556/1/3077 3573/1/3077 3588/1/3077 3571/1/3077
f 3564/1/3078 3581/1/3078 3580/1/3078 3563/1/3078
f 3557/1/3079 3574/1/3079 3573/1/3079 3556/1/3079
f 3565/1/3080 3582/1/3080 3581/1/3080 3564/1/3080
f 3558/1/3081 3575/1/3081 3574/1/3081 3557/1/3081
f 3566/1/3082 3583/1/3082 3582/1/3082 3565/1/3082
f 3559/1/3083 3576/1/3083 3575/1/3083 3558/1/3083
f 3567/1/3084 3584/1/3084 3583/1/3084 3566/1/3084
f 3560/1/3085 3577/1/3085 3576/1/3085 3559/1/3085
f 3605/1/3094 3621/1/3094 3620/1/3094
f 3614/1/3095 3621/1/3095 3613/1/3095
f 3607/1/3096 3621/1/3096 3606/1/3096
f 3615/1/3097 3621/1/3097 3614/1/3097
f 3608/1/3098 3621/1/3098 3607/1/3098
f 3616/1/3099 3621/1/3099 3615/1/3099
f 3609/1/3100 3621/1/3100 3608/1/3100
f 3617/1/3101 3621/1/3101 3616/1/3101
f 3610/1/3102 3621/1/3102 3609/1/3102
f 3618/1/3103 3621/1/3103 3617/1/3103
f 3611/1/3104 3621/1/3104 3610/1/3104
f 3619/1/3105 3621/1/3105 3618/1/3105
f 3612/1/3106 3621/1/3106 3611/1/3106
f 3620/1/3107 3621/1/3107 3619/1/3107
f 3613/1/3108 3621/1/3108 3612/1/3108
f 3606/1/3109 3621/1/3109 3605/1/3109
f 3636/1/3110 3638/1/3110 3637/1/3110
f 3627/1/3111 3638/1/3111 3628/1/3111
f 3634/1/3112 3638/1/3112 3635/1/3112
f 3626/1/3113 3638/1/3113 3627/1/3113
f 3633/1/3114 3638/1/3114 3634/1/3114
f 3625/1/3115 3638/1/3115 3626/1/3115
f 3632/1/3116 3638/1/3116 3633/1/3116
f 3624/1/3117 3638/1/3117 3625/1/3117
f 3631/1/3118 3638/1/3118 3632/1/3118
f 3623/1/3119 3638/1/3119 3624/1/3119
f 3630/1/3120 3638/1/3120 3631/1/3120
f 3622/1/3121 3638/1/3121 3623/1/3121
f 3629/1/3122 3638/1/3122 3630/1/3122
f 3637/1/3123 3638/1/3123 3622/1/3123
f 3628/1/3124 3638/1/3124 3629/1/3124
f 3635/1/3125 3638/1/3125 3636/1/3125
f 3653/1/3126 3655/1/3126 3654/1/3126
f 3644/1/3127 3655/1/3127 3645/1/3127
f 3651/1/3128 3655/1/3128 3652/1/3128
f 3643/1/3129 3655/1/3129 3644/1/3129
f 3650/1/3130 3655/1/3130 3651/1/3130
f 3642/1/3131 3655/1/3131 3643/1/3131
f 3649/1/3132 3655/1/3132 3650/1/3132
f 3641/1/3133 3655/1/3133 3642/1/3133
f 3648/1/3134 3655/1/3134 3649/1/3134
f 3640/1/3135 3655/1/3135 3641/1/3135
f 3647/1/3136 3655/1/3136 3648/1/3136
f 3639/1/3137 3655/1/3137 3640/1/3137
f 3646/1/3138 3655/1/3138 3647/1/3138
f 3654/1/3139 3655/1/3139 3639/1/3139
f 3645/1/3140 3655/1/3140 3646/1/3140
f 3652/1/3141 3655/1/3141 3653/1/3141
f 3670/1/3142 3672/1/3142 3671/1/3142
f 3661/1/3143 3672/1/3143 3662/1/3143
f 3668/1/3144 3672/1/3144 3669/1/3144
f 3660/1/3145 3672/1/3145 3661/1/3145
f 3667/1/3146 3672/1/3146 3668/1/3146
f 3659/1/3147 3672/1/3147 3660/1/3147
f 3666/1/3148 3672/1/3148 3667/1/3148
f 3658/1/3149 3672/1/3149 3659/1/3149
f 3665/1/3150 3672/1/3150 3666/1/3150
f 3657/1/3151 3672/1/3151 3658/1/3151
f 3664/1/3152 3672/1/3152 3665/1/3152
f 3656/1/3153 3672/1/3153 3657/1/3153
f 3663/1/3154 3672/1/3154 3664/1/3154
f 3671/1/3155 3672/1/3155 3656/1/3155
f 3662/1/3156 3672/1/3156 3663/1/3156
f 3669/1/3157 3672/1/3157 3670/1/3157
f 3668/1/3158 3685/1/3158 3684/1/3158 3667/1/3158
f 3661/1/3159 3678/1/3159 3677/1/3159 3660/1/3159
f 3669/1/3160 3686/1/3160 3685/1/3160 3668/1/3160
f 3662/1/3161 3679/1/3161 3678/1/3161 3661/1/3161
f 3671/1/3162 3688/1/3162 3687/1/3162 3670/1/3162
f 3670/1/3163 3687/1/3163 3686/1/3163 3669/1/3163
f 3663/1/3164 3680/1/3164 3679/1/3164 3662/1/3164
f 3656/1/3165 3673/1/3165 3688/1/3165 3671/1/3165
f 3664/1/3166 3681/1/3166 3680/1/3166 3663/1/3166
f 3657/1/3167 3674/1/3167 3673/1/3167 3656/1/3167
f 3665/1/3168 3682/1/3168 3681/1/3168 3664/1/3168
f 3658/1/3169 3675/1/3169 3674/1/3169 3657/1/3169
f 3666/1/3170 3683/1/3170 3682/1/3170 3665/1/3170
f 3659/1/3171 3676/1/3171 3675/1/3171 3658/1/3171
f 3667/1/3172 3684/1/3172 3683/1/3172 3666/1/3172
f 3660/1/3173 3677/1/3173 3676/1/3173 3659/1/3173
f 3705/1/3182 3721/1/3182 3720/1/3182
f 3714/1/3183 3721/1/3183 3713/1/3183
f 3707/1/3184 3721/1/3184 3706/1/3184
f 3715/1/3185 3721/1/3185 3714/1/3185
f 3708/1/3186 3721/1/3186 3707/1/3186
f 3716/1/3187 3721/1/3187 3715/1/3187
f 3709/1/3188 3721/1/3188 3708/1/3188
f 3717/1/3189 3721/1/3189 3716/1/3189
f 3710/1/3190 3721/1/3190 3709/1/3190
f 3718/1/3191 3721/1/3191 3717/1/3191
f 3711/1/3192 3721/1/3192 3710/1/3192
f 3719/1/3193 3721/1/3193 3718/1/3193
f 3712/1/3194 3721/1/3194 3711/1/3194
f 3720/1/3195 3721/1/3195 3719/1/3195
f 3713/1/3196 3721/1/3196 3712/1/3196
f 3706/1/3197 3721/1/3197 3705/1/3197
f 3736/1/3198 3738/1/3198 3737/1/3198
f 3727/1/3199 3738/1/3199 3728/1/3199
f 3734/1/3200 3738/1/3200 3735/1/3200
f 3726/1/3201 3738/1/3201 3727/1/3201
f 3733/1/3202 3738/1/3202 3734/1/3202
f 3725/1/3203 3738/1/3203 3726/1/3203
f 3732/1/3204 3738/1/3204 3733/1/3204
f 3724/1/3205 3738/1/3205 3725/1/3205
f 3731/1/3206 3738/1/3206 3732/1/3206
f 3723/1/3207 3738/1/3207 3724/1/3207
f 3730/1/3208 3738/1/3208 3731/1/3208
f 3722/1/3209 3738/1/3209 3723/1/3209
f 3729/1/3210 3738/1/3210 3730/1/3210
f 3737/1/3211 3738/1/3211 3722/1/3211
f 3728/1/3212 3738/1/3212 3729/1/3212
f 3735/1/3213 3738/1/3213 3736/1/3213
f 3753/1/3214 3755/1/3214 3754/1/3214
f 3744/1/3215 3755/1/3215 3745/1/3215
f 3751/1/3216 3755/1/3216 3752/1/3216
f 3743/1/3217 3755/1/3217 3744/1/3217
f 3750/1/3218 3755/1/3218 3751/1/3218
f 3742/1/3219 3755/1/3219 3743/1/3219
f 3749/1/3220 3755/1/3220 3750/1/3220
f 3741/1/3221 3755/1/3221 3742/1/3221
f 3748/1/3222 3755/1/3222 3749/1/3222
f 3740/1/3223 3755/1/3223 3741/1/3223
f 3747/1/3224 3755/1/3224 3748/1/3224
f 3739/1/3225 3755/1/3225 3740/1/3225
f 3746/1/3226 3755/1/3226 3747/1/3226
f 3754/1/3227 3755/1/3227 3739/1/3227
f 3745/1/3228 3755/1/3228 3746/1/3228
f 3752/1/3229 3755/1/3229 3753/1/3229
f 3770/1/3230 3772/1/3230 3771/1/3230
f 3761/1/3231 3772/1/3231 3762/1/3231
f 3768/1/3232 3772/1/3232 3769/1/3232
f 3760/1/3233 3772/1/3233 3761/1/3233
f 3767/1/3234 3772/1/3234 3768/1/3234
f 3759/1/3235 3772/1/3235 3760/1/3235
f 3766/1/3236 3772/1/3236 3767/1/3236
f 3758/1/3237 3772/1/3237 3759/1/3237
f 3765/1/3238 3772/1/3238 3766/1/3238
f 3757/1/3239 3772/1/3239 3758/1/3239
f 3764/1/3240 3772/1/3240 3765/1/3240
f 3756/1/3241 3772/1/3241 3757/1/3241
f 3763/1/3242 3772/1/3242 3764/1/3242
f 3771/1/3243 3772/1/3243 3756/1/3243
f 3762/1/3244 3772/1/3244 3763/1/3244
f 3769/1/3245 3772/1/3245 3770/1/3245
f 3768/1/3246 3785/1/3246 3784/1/3246 3767/1/3246
f 3761/1/3247 3778/1/3247 3777/1/3247 3760/1/3247
f 3769/1/3248 3786/1/3248 3785/1/3248 3768/1/3248
f 3762/1/3249 3779/1/3249 3778/1/3249 3761/1/3249
f 3771/1/3250 3788/1/3250 3787/1/3250 3770/1/3250
f 3770/1/3251 3787/1/3251 3786/1/3251 3769/1/3251
f 3763/1/3252 3780/1/3252 3779/1/3252 3762/1/3252
f 3756/1/3253 3773/1/3253 3788/1/3253 3771/1/3253
f 3764/1/3254 3781/1/3254 3780/1/3254 3763/1/3254
f 3757/1/3255 3774/1/3255 3773/1/3255 3756/1/3255
f 3765/1/3256 3782/1/3256 3781/1/3256 3764/1/3256
f 3758/1/3257 3775/1/3257 3774/1/3257 3757/1/3257
f 3766/1/3258 3783/1/3258 3782/1/3258 3765/1/3258
f 3759/1/3259 3776/1/3259 3775/1/3259 3758/1/3259
f 3767/1/3260 3784/1/3260 3783/1/3260 3766/1/3260
f 3760/1/3261 3777/1/3261 3776/1/3261 3759/1/3261
f 3805/1/3270 3821/1/3270 3820/1/3270
f 3814/1/3271 3821/1/3271 3813/1/3271
f 3807/1/3272 3821/1/3272 3806/1/3272
f 3815/1/3273 3821/1/3273 3814/1/3273
f 3808/1/3274 3821/1/3274 3807/1/3274
f 3816/1/3275 3821/1/3275 3815/1/3275
f 3809/1/3276 3821/1/3276 3808/1/3276
f 3817/1/3277 3821/1/3277 3816/1/3277
f 3810/1/3278 3821/1/3278 3809/1/3278
f 3818/1/3279 3821/1/3279 3817/1/3279
f 3811/1/3280 3821/1/3280 3810/1/3280
f 3819/1/3281 3821/1/3281 3818/1/3281
f 3812/1/3282 3821/1/3282 3811/1/3282
f 3820/1/3283 3821/1/3283 3819/1/3283
f 3813/1/3284 3821/1/3284 3812/1/3284
f 3806/1/3285 3821/1/3285 3805/1/3285
f 3836/1/3286 3838/1/3286 3837/1/3286
f 3827/1/3287 3838/1/3287 3828/1/3287
f 3834/1/3288 3838/1/3288 3835/1/3288
f 3826/1/3289 3838/1/3289 3827/1/3289
f 3833/1/3290 3838/1/3290 3834/1/3290
f 3825/1/3291 3838/1/3291 3826/1/3291
f 3832/1/3292 3838/1/3292 3833/1/3292
f 3824/1/3293 3838/1/3293 3825/1/3293
f 3831/1/3294 3838/1/3294 3832/1/3294
f 3823/1/3295 3838/1/3295 3824/1/3295
f 3830/1/3296 3838/1/3296 3831/1/3296
f 3822/1/3297 3838/1/3297 3823/1/3297
f 3829/1/3298 3838/1/3298 3830/1/3298
f 3837/1/3299 3838/1/3299 3822/1/3299
f 3828/1/3300 3838/1/3300 3829/1/3300
f 3835/1/3301 3838/1/3301 3836/1/3301
f 3853/1/3302 3855/1/3302 3854/1/3302
f 3844/1/3303 3855/1/3303 3845/1/3303
f 3851/1/3304 3855/1/3304 3852/1/3304
f 3843/1/3305 3855/1/3305 3844/1/3305
f 3850/1/3306 3855/1/3306 3851/1/3306
f 3842/1/3307 3855/1/3307 3843/1/3307
f 3849/1/3308 3855/1/3308 3850/1/3308
f 3841/1/3309 3855/1/3309 3842/1/3309
f 3848/1/3310 3855/1/3310 3849/1/3310
f 3840/1/3311 3855/1/3311 3841/1/3311
f 3847/1/3312 3855/1/3312 3848/1/3312
f 3839/1/3313 3855/1/3313 3840/1/3313
f 3846/1/3314 3855/1/3314 3847/1/3314
f 3854/1/3315 3855/1/3315 3839/1/3315
f 3845/1/3316 3855/1/3316 3846/1/3316
f 3852/1/3317 3855/1/3317 3853/1/3317
f 3870/1/3318 3872/1/3318 3871/1/3318
f 3861/1/3319 3872/1/3319 3862/1/3319
f 3868/1/3320 3872/1/3320 3869/1/3320
f 3860/1/3321 3872/1/3321 3861/1/3321
f 3867/1/3322 3872/1/3322 3868/1/3322
f 3859/1/3323 3872/1/3323 3860/1/3323
f 3866/1/3324 3872/1/3324 3867/1/3324
f 3858/1/3325 3872/1/3325 3859/1/3325
f 3865/1/3326 3872/1/3326 3866/1/3326
f 3857/1/3327 3872/1/3327 3858/1/3327
f 3864/1/3328 3872/1/3328 3865/1/3328
f 3856/1/3329 3872/1/3329 3857/1/3329
f 3863/1/3330 3872/1/3330 3864/1/3330
f 3871/1/3331 3872/1/3331 3856/1/3331
f 3862/1/3332 3872/1/3332 3863/1/3332
f 3869/1/3333 3872/1/3333 3870/1/3333
f 3868/1/3334 3885/1/3334 3884/1/3334 3867/1/3334
f 3861/1/3335 3878/1/3335 3877/1/3335 3860/1/3335
f 3869/1/3336 3886/1/3336 3885/1/3336 3868/1/3336
f 3862/1/3337 3879/1/3337 3878/1/3337 3861/1/3337
f 3871/1/3338 3888/1/3338 3887/1/3338 3870/1/3338
f 3870/1/3339 3887/1/3339 3886/1/3339 3869/1/3339
f 3863/1/3340 3880/1/3340 3879/1/3340 3862/1/3340
f 3856/1/3341 3873/1/3341 3888/1/3341 3871/1/3341
f 3864/1/3342 3881/1/3342 3880/1/3342 3863/1/3342
f 3857/1/3343 3874/1/3343 3873/1/3343 3856/1/3343
f 3865/1/3344 3882/1/3344 3881/1/3344 3864/1/3344
f 3858/1/3345 3875/1/3345 3874/1/3345 3857/1/3345
f 3866/1/3346 3883/1/3346 3882/1/3346 3865/1/3346
f 3859/1/3347 3876/1/3347 3875/1/3347 3858/1/3347
f 3867/1/3348 3884/1/3348 3883/1/3348 3866/1/3348
f 3860/1/3349 3877/1/3349 3876/1/3349 3859/1/3349
f 3905/1/3358 3921/1/3358 3920/1/3358
f 3914/1/3359 3921/1/3359 3913/1/3359
f 3907/1/3360 3921/1/3360 3906/1/3360
f 3915/1/3361 3921/1/3361 3914/1/3361
f 3908/1/3362 3921/1/3362 3907/1/3362
f 3916/1/3363 3921/1/3363 3915/1/3363
f 3909/1/3364 3921/1/3364 3908/1/3364
f 3917/1/3365 3921/1/3365 3916/1/3365
f 3910/1/3366 3921/1/3366 3909/1/3366
f 3918/1/3367 3921/1/3367 3917/1/3367
f 3911/1/3368 3921/1/3368 3910/1/3368
f 3919/1/3369 3921/1/3369 3918/1/3369
f 3912/1/3370 3921/1/3370 3911/1/3370
f 3920/1/3371 3921/1/3371 3919/1/3371
f 3913/1/3372 3921/1/3372 3912/1/3372
f 3906/1/3373 3921/1/3373 3905/1/3373
f 3936/1/3374 3938/1/3374 3937/1/3374
f 3927/1/3375 3938/1/3375 3928/1/3375
f 3934/1/3376 3938/1/3376 3935/1/3376
f 3926/1/3377 3938/1/3377 3927/1/3377
f 3933/1/3378 3938/1/3378 3934/1/3378
f 3925/1/3379 3938/1/3379 3926/1/3379
f 3932/1/3380 3938/1/3380 3933/1/3380
f 3924/1/3381 3938/1/3381 3925/1/3381
f 3931/1/3382 3938/1/3382 3932/1/3382
f 3923/1/3383 3938/1/3383 3924/1/3383
f 3930/1/3384 3938/1/3384 3931/1/3384
f 3922/1/3385 3938/1/3385 3923/1/3385
f 3929/1/3386 3938/1/3386 3930/1/3386
f 3937/1/3387 3938/1/3387 3922/1/3387
f 3928/1/3388 3938/1/3388 3929/1/3388
f 3935/1/3389 3938/1/3389 3936/1/3389
f 3953/1/3390 3955/1/3390 3954/1/3390
f 3944/1/3391 3955/1/3391 3945/1/3391
f 3951/1/3392 3955/1/3392 3952/1/3392
f 3943/1/3393 3955/1/3393 3944/1/3393
f 3950/1/3394 3955/1/3394 3951/1/3394
f 3942/1/3395 3955/1/3395 3943/1/3395
f 3949/1/3396 3955/1/3396 3950/1/3396
f 3941/1/3397 3955/1/3397 3942/1/3397
f 3948/1/3398 3955/1/3398 3949/1/3398
f 3940/1/3399 3955/1/3399 3941/1/3399
f 3947/1/3400 3955/1/3400 3948/1/3400
f 3939/1/3401 3955/1/3401 3940/1/3401
f 3946/1/3402 3955/1/3402 3947/1/3402
f 3954/1/3403 3955/1/3403 3939/1/3403
f 3945/1/3404 3955/1/3404 3946/1/3404
f 3952/1/3405 3955/1/3405 3953/1/3405
f 3970/1/3406 3972/1/3406 3971/1/3406
f 3961/1/3407 3972/1/3407 3962/1/3407
f 3968/1/3408 3972/1/3408 3969/1/3408
f 3960/1/3409 3972/1/3409 3961/1/3409
f 3967/1/3410 3972/1/3410 3968/1/3410
f 3959/1/3411 3972/1/3411 3960/1/3411
f 3966/1/3412 3972/1/3412 3967/1/3412
f 3958/1/3413 3972/1/3413 3959/1/3413
f 3965/1/3414 3972/1/3414 3966/1/3414
f 3957/1/3415 3972/1/3415 3958/1/3415
f 3964/1/3416 3972/1/3416 3965/1/3416
f 3956/1/3417 3972/1/3417 3957/1/3417
f 3963/1/3418 3972/1/3418 3964/1/3418
f 3971/1/3419 3972/1/3419 3956/1/3419
f 3962/1/3420 3972/1/3420 3963/1/3420
f 3969/1/3421 3972/1/3421 3970/1/3421
f 3968/1/3422 3985/1/3422 3984/1/3422 3967/1/3422
f 3961/1/3423 3978/1/3423 3977/1/3423 3960/1/3423
f 3969/1/3424 3986/1/3424 3985/1/3424 3968/1/3424
f 3962/1/3425 3979/1/3425 3978/1/3425 3961/1/3425
f 3971/1/3426 3988/1/3426 3987/1/3426 3970/1/3426
f 3970/1/3427 3987/1/3427 3986/1/3427 3969/1/3427
f 3963/1/3428 3980/1/3428 3979/1/3428 3962/1/3428
f 3956/1/3429 3973/1/3429 3988/1/3429 3971/1/3429
f 3964/1/3430 3981/1/3430 3980/1/3430 3963/1/3430
f 3957/1/3431 3974/1/3431 3973/1/3431 3956/1/3431
f 3965/1/3432 3982/1/3432 3981/1/3432 3964/1/3432
f 3958/1/3433 3975/1/3433 3974/1/3433 3957/1/3433
f 3966/1/3434 3983/1/3434 3982/1/3434 3965/1/3434
f 3959/1/3435 3976/1/3435 3975/1/3435 3958/1/3435
f 3967/1/3436 3984/1/3436 3983/1/3436 3966/1/3436
f 3960/1/3437 3977/1/3437 3976/1/3437 3959/1/3437
f 4005/1/3446 4021/1/3446 4020/1/3446
f 4014/1/3447 4021/1/3447 4013/1/3447
f 4007/1/3448 4021/1/3448 4006/1/3448
f 4015/1/3449 4021/1/3449 4014/1/3449
f 4008/1/3450 4021/1/3450 4007/1/3450
f 4016/1/3451 4021/1/3451 4015/1/3451
f 4009/1/3452 4021/1/3452 4008/1/3452
f 4017/1/3453 4021/1/3453 4016/1/3453
f 4010/1/3454 4021/1/3454 4009/1/3454
f 4018/1/3455 4021/1/3455 4017/1/3455
f 4011/1/3456 4021/1/3456 4010/1/3456
f 4019/1/3457 4021/1/3457 4018/1/3457
f 4012/1/3458 4021/1/3458 4011/1/3458
f 4020/1/3459 4021/1/3459 4019/1/3459
f 4013/1/3460 4021/1/3460 4012/1/3460
f 4006/1/3461 4021/1/3461 4005/1/3461
f 4036/1/3462 4038/1/3462 4037/1/3462
f 4027/1/3463 4038/1/3463 4028/1/3463
f 4034/1/3464 4038/1/3464 4035/1/3464
f 4026/1/3465 4038/1/3465 4027/1/3465
f 4033/1/3466 4038/1/3466 4034/1/3466
f 4025/1/3467 4038/1/3467 4026/1/3467
f 4032/1/3468 4038/1/3468 4033/1/3468
f 4024/1/3469 4038/1/3469 4025/1/3469
f 4031/1/3470 4038/1/3470 4032/1/3470
f 4023/1/3471 4038/1/3471 4024/1/3471
f 4030/1/3472 4038/1/3472 4031/1/3472
f 4022/1/3473 4038/1/3473 4023/1/3473
f 4029/1/3474 4038/1/3474 4030/1/3474
f 4037/1/3475 4038/1/3475 4022/1/3475
f 4028/1/3476 4038/1/3476 4029/1/3476
f 4035/1/3477 4038/1/3477 4036/1/3477
f 4053/1/3478 4055/1/3478 4054/1/3478
f 4044/1/3479 4055/1/3479 4045/1/3479
f 4051/1/3480 4055/1/3480 4052/1/3480
f 4043/1/3481 4055/1/3481 4044/1/3481
f 4050/1/3482 4055/1/3482 4051/1/3482
f 4042/1/3483 4055/1/3483 4043/1/3483
f 4049/1/3484 4055/1/3484 4050/1/3484
f 4041/1/3485 4055/1/3485 4042/1/3485
f 4048/1/3486 4055/1/3486 4049/1/3486
f 4040/1/3487 4055/1/3487 4041/1/3487
f 4047/1/3488 4055/1/3488 4048/1/3488
f 4039/1/3489 4055/1/3489 4040/1/3489
f 4046/1/3490 4055/1/3490 4047/1/3490
f 4054/1/3491 4055/1/3491 4039/1/3491
f 4045/1/3492 4055/1/3492 4046/1/3492
f 4052/1/3493 4055/1/3493 4053/1/3493
f 4070/1/3494 4072/1/3494 4071/1/3494
f 4061/1/3495 4072/1/3495 4062/1/3495
f 4068/1/3496 4072/1/3496 4069/1/3496
f 4060/1/3497 4072/1/3497 4061/1/3497
f 4067/1/3498 4072/1/3498 4068/1/3498
f 4059/1/3499 4072/1/3499 4060/1/3499
f 4066/1/3500 4072/1/3500 4067/1/3500
f 4058/1/3501 4072/1/3501 4059/1/3501
f 4065/1/3502 4072/1/3502 4066/1/3502
f 4057/1/3503 4072/1/3503 4058/1/3503
f 4064/1/3504 4072/1/3504 4065/1/3504
f 4056/1/3505 4072/1/3505 4057/1/3505
f 4063/1/3506 4072/1/3506 4064/1/3506
f 4071/1/3507 4072/1/3507 4056/1/3507
f 4062/1/3508 4072/1/3508 4063/1/3508
f 4069/1/3509 4072/1/3509 4070/1/3509
f 4068/1/3510 4085/1/3510 4084/1/3510 4067/1/3510
f 4061/1/3511 4078/1/3511 4077/1/3511 4060/1/3511
f 4069/1/3512 4086/1/3512 4085/1/3512 4068/1/3512
f 4062/1/3513 4079/1/3513 4078/1/3513 4061/1/3513
f 4071/1/3514 4088/1/3514 4087/1/3514 4070/1/3514
f 4070/1/3515 4087/1/3515 4086/1/3515 4069/1/3515
f 4063/1/3516 4080/1/3516 4079/1/3516 4062/1/3516
f 4056/1/3517 4073/1/3517 4088/1/3517 4071/1/3517
f 4064/1/3518 4081/1/3518 4080/1/3518 4063/1/3518
f 4057/1/3519 4074/1/3519 4073/1/3519 4056/1/3519
f 4065/1/3520 4082/1/3520 4081/1/3520 4064/1/3520
f 4058/1/3521 4075/1/3521 4074/1/3521 4057/1/3521
f 4066/1/3522 4083/1/3522 4082/1/3522 4065/1/3522
f 4059/1/3523 4076/1/3523 4075/1/3523 4058/1/3523
f 4067/1/3524 4084/1/3524 4083/1/3524 4066/1/3524
f 4060/1/3525 4077/1/3525 4076/1/3525 4059/1/3525
f 4105/1/3534 4121/1/3534 4120/1/3534
f 4114/1/3535 4121/1/3535 4113/1/3535
f 4107/1/3536 4121/1/3536 4106/1/3536
f 4115/1/3537 4121/1/3537 4114/1/3537
f 4108/1/3538 4121/1/3538 4107/1/3538
f 4116/1/3539 4121/1/3539 4115/1/3539
f 4109/1/3540 4121/1/3540 4108/1/3540
f 4117/1/3541 4121/1/3541 4116/1/3541
f 4110/1/3542 4121/1/3542 4109/1/3542
f 4118/1/3543 4121/1/3543 4117/1/3543
f 4111/1/3544 4121/1/3544 4110/1/3544
f 4119/1/3545 4121/1/3545 4118/1/3545
f 4112/1/3546 4121/1/3546 4111/1/3546
f 4120/1/3547 4121/1/3547 4119/1/3547
f 4113/1/3548 4121/1/3548 4112/1/3548
f 4106/1/3549 4121/1/3549 4105/1/3549
f 4136/1/3550 4138/1/3550 4137/1/3550
f 4127/1/3551 4138/1/3551 4128/1/3551
f 4134/1/3552 4138/1/3552 4135/1/3552
f 4126/1/3553 4138/1/3553 4127/1/3553
f 4133/1/3554 4138/1/3554 4134/1/3554
f 4125/1/3555 4138/1/3555 4126/1/3555
f 4132/1/3556 4138/1/3556 4133/1/3556
f 4124/1/3557 4138/1/3557 4125/1/3557
f 4131/1/3558 4138/1/3558 4132/1/3558
f 4123/1/3559 4138/1/3559 4124/1/3559
f 4130/1/3560 4138/1/3560 4131/1/3560
f 4122/1/3561 4138/1/3561 4123/1/3561
f 4129/1/3562 4138/1/3562 4130/1/3562
f 4137/1/3563 4138/1/3563 4122/1/3563
f 4128/1/3564 4138/1/3564 4129/1/3564
f 4135/1/3565 4138/1/3565 4136/1/3565
f 4153/1/3566 4155/1/3566 4154/1/3566
f 4144/1/3567 4155/1/3567 4145/1/3567
f 4151/1/3568 4155/1/3568 4152/1/3568
f 4143/1/3569 4155/1/3569 4144/1/3569
f 4150/1/3570 4155/1/3570 4151/1/3570
f 4142/1/3571 4155/1/3571 4143/1/3571
f 4149/1/3572 4155/1/3572 4150/1/3572
f 4141/1/3573 4155/1/3573 4142/1/3573
f 4148/1/3574 4155/1/3574 4149/1/3574
f 4140/1/3575 4155/1/3575 4141/1/3575
f 4147/1/3576 4155/1/3576 4148/1/3576
f 4139/1/3577 4155/1/3577 4140/1/3577
f 4146/1/3578 4155/1/3578 4147/1/3578
f 4154/1/3579 4155/1/3579 4139/1/3579
f 4145/1/3580 4155/1/3580 4146/1/3580
f 4152/1/3581 4155/1/3581 4153/1/3581
f 4170/1/3582 4172/1/3582 4171/1/3582
f 4161/1/3583 4172/1/3583 4162/1/3583
f 4168/1/3584 4172/1/3584 4169/1/3584
f 4160/1/3585 4172/1/3585 4161/1/3585
f 4167/1/3586 4172/1/3586 4168/1/3586
f 4159/1/3587 4172/1/3587 4160/1/3587
f 4166/1/3588 4172/1/3588 4167/1/3588
f 4158/1/3589 4172/1/3589 4159/1/3589
f 4165/1/3590 4172/1/3590 4166/1/3590
f 4157/1/3591 4172/1/3591 4158/1/3591
f 4164/1/3592 4172/1/3592 4165/1/3592
f 4156/1/3593 4172/1/3593 4157/1/3593
f 4163/1/3594 4172/1/3594 4164/1/3594
f 4171/1/3595 4172/1/3595 4156/1/3595
f 4162/1/3596 4172/1/3596 4163/1/3596
f 4169/1/3597 4172/1/3597 4170/1/3597
f 4168/1/3598 4185/1/3598 4184/1/3598 4167/1/3598
f 4161/1/3599 4178/1/3599 4177/1/3599 4160/1/3599
f 4169/1/3600 4186/1/3600 4185/1/3600 4168/1/3600
f 4162/1/3601 4179/1/3601 4178/1/3601 4161/1/3601
f 4171/1/3602 4188/1/3602 4187/1/3602 4170/1/3602
f 4170/1/3603 4187/1/3603 4186/1/3603 4169/1/3603
f 4163/1/3604 4180/1/3604 4179/1/3604 4162/1/3604
f 4156/1/3605 4173/1/3605 4188/1/3605 4171/1/3605
f 4164/1/3606 4181/1/3606 4180/1/3606 4163/1/3606
f 4157/1/3607 4174/1/3607 4173/1/3607 4156/1/3607
f 4165/1/3608 4182/1/3608 4181/1/3608 4164/1/3608
f 4158/1/3609 4175/1/3609 4174/1/3609 4157/1/3609
f 4166/1/3610 4183/1/3610 4182/1/3610 4165/1/3610
f 4159/1/3611 4176/1/3611 4175/1/3611 4158/1/3611
f 4167/1/3612 4184/1/3612 4183/1/3612 4166/1/3612
f 4160/1/3613 4177/1/3613 4176/1/3613 4159/1/3613
f 4205/1/3622 4221/1/3622 4220/1/3622
f 4214/1/3623 4221/1/3623 4213/1/3623
f 4207/1/3624 4221/1/3624 4206/1/3624
f 4215/1/3625 4221/1/3625 4214/1/3625
f 4208/1/3626 4221/1/3626 4207/1/3626
f 4216/1/3627 4221/1/3627 4215/1/3627
f 4209/1/3628 4221/1/3628 4208/1/3628
f 4217/1/3629 4221/1/3629 4216/1/3629
f 4210/1/3630 4221/1/3630 4209/1/3630
f 4218/1/3631 4221/1/3631 4217/1/3631
f 4211/1/3632 4221/1/3632 4210/1/3632
f 4219/1/3633 4221/1/3633 4218/1/3633
f 4212/1/3634 4221/1/3634 4211/1/3634
f 4220/1/3635 4221/1/3635 4219/1/3635
f 4213/1/3636 4221/1/3636 4212/1/3636
f 4206/1/3637 4221/1/3637 4205/1/3637
f 4236/1/3638 4238/1/3638 4237/1/3638
f 4227/1/3639 4238/1/3639 4228/1/3639
f 4234/1/3640 4238/1/3640 4235/1/3640
f 4226/1/3641 4238/1/3641 4227/1/3641
f 4233/1/3642 4238/1/3642 4234/1/3642
f 4225/1/3643 4238/1/3643 4226/1/3643
f 4232/1/3644 4238/1/3644 4233/1/3644
f 4224/1/3645 4238/1/3645 4225/1/3645
f 4231/1/3646 4238/1/3646 4232/1/3646
f 4223/1/3647 4238/1/3647 4224/1/3647
f 4230/1/3648 4238/1/3648 4231/1/3648
f 4222/1/3649 4238/1/3649 4223/1/3649
f 4229/1/3650 4238/1/3650 4230/1/3650
f 4237/1/3651 4238/1/3651 4222/1/3651
f 4228/1/3652 4238/1/3652 4229/1/3652
f 4235/1/3653 4238/1/3653 4236/1/3653
f 4253/1/3654 4255/1/3654 4254/1/3654
f 4244/1/3655 4255/1/3655 4245/1/3655
f 4251/1/3656 4255/1/3656 4252/1/3656
f 4243/1/3657 4255/1/3657 4244/1/3657
f 4250/1/3658 4255/1/3658 4251/1/3658
f 4242/1/3659 4255/1/3659 4243/1/3659
f 4249/1/3660 4255/1/3660 4250/1/3660
f 4241/1/3661 4255/1/3661 4242/1/3661
f 4248/1/3662 4255/1/3662 4249/1/3662
f 4240/1/3663 4255/1/3663 4241/1/3663
f 4247/1/3664 4255/1/3664 4248/1/3664
f 4239/1/3665 4255/1/3665 4240/1/3665
f 4246/1/3666 4255/1/3666 4247/1/3666
f 4254/1/3667 4255/1/3667 4239/1/3667
f 4245/1/3668 4255/1/3668 4246/1/3668
f 4252/1/3669 4255/1/3669 4253/1/3669
f 4270/1/3670 4272/1/3670 4271/1/3670
f 4261/1/3671 4272/1/3671 4262/1/3671
f 4268/1/3672 4272/1/3672 4269/1/3672
f 4260/1/3673 4272/1/3673 4261/1/3673
f 4267/1/3674 4272/1/3674 4268/1/3674
f 4259/1/3675 4272/1/3675 4260/1/3675
f 4266/1/3676 4272/1/3676 4267/1/3676
f 4258/1/3677 4272/1/3677 4259/1/3677
f 4265/1/3678 4272/1/3678 4266/1/3678
f 4257/1/3679 4272/1/3679 4258/1/3679
f 4264/1/3680 4272/1/3680 4265/1/3680
f 4256/1/3681 4272/1/3681 4257/1/3681
f 4263/1/3682 4272/1/3682 4264/1/3682
f 4271/1/3683 4272/1/3683 4256/1/3683
f 4262/1/3684 4272/1/3684 4263/1/3684
f 4269/1/3685 4272/1/3685 4270/1/3685
f 4268/1/3686 4285/1/3686 4284/1/3686 4267/1/3686
f 4261/1/3687 4278/1/3687 4277/1/3687 4260/1/3687
f 4269/1/3688 4286/1/3688 4285/1/3688 4268/1/3688
f 4262/1/3689 4279/1/3689 4278/1/3689 4261/1/3689
f 4271/1/3690 4288/1/3690 4287/1/3690 4270/1/3690
f 4270/1/3691 4287/1/3691 4286/1/3691 4269/1/3691
f 4263/1/3692 4280/1/3692 4279/1/3692 4262/1/3692
f 4256/1/3693 4273/1/3693 4288/1/3693 4271/1/3693
f 4264/1/3694 4281/1/3694 4280/1/3694 4263/1/3694
f 4257/1/3695 4274/1/3695 4273/1/3695 4256/1/3695
f 4265/1/3696 4282/1/3696 4281/1/3696 4264/1/3696
f 4258/1/3697 4275/1/3697 4274/1/3697 4257/1/3697
f 4266/1/3698 4283/1/3698 4282/1/3698 4265/1/3698
f 4259/1/3699 4276/1/3699 4275/1/3699 4258/1/3699
f 4267/1/3700 4284/1/3700 4283/1/3700 4266/1/3700
f 4260/1/3701 4277/1/3701 4276/1/3701 4259/1/3701
f 4305/1/3710 4321/1/3710 4320/1/3710
f 4314/1/3711 4321/1/3711 4313/1/3711
f 4307/1/3712 4321/1/3712 4306/1/3712
f 4315/1/3713 4321/1/3713 4314/1/3713
f 4308/1/3714 4321/1/3714 4307/1/3714
f 4316/1/3715 4321/1/3715 4315/1/3715
f 4309/1/3716 4321/1/3716 4308/1/3716
f 4317/1/3717 4321/1/3717 4316/1/3717
f 4310/1/3718 4321/1/3718 4309/1/3718
f 4318/1/3719 4321/1/3719 4317/1/3719
f 4311/1/3720 4321/1/3720 4310/1/3720
f 4319/1/3721 4321/1/3721 4318/1/3721
f 4312/1/3722 4321/1/3722 4311/1/3722
f 4320/1/3723 4321/1/3723 4319/1/3723
f 4313/1/3724 4321/1/3724 4312/1/3724
f 4306/1/3725 4321/1/3725 4305/1/3725
f 4336/1/3726 4338/1/3726 4337/1/3726
f 4327/1/3727 4338/1/3727 4328/1/3727
f 4334/1/3728 4338/1/3728 4335/1/3728
f 4326/1/3729 4338/1/3729 4327/1/3729
f 4333/1/3730 4338/1/3730 4334/1/3730
f 4325/1/3731 4338/1/3731 4326/1/3731
f 4332/1/3732 4338/1/3732 4333/1/3732
f 4324/1/3733 4338/1/3733 4325/1/3733
f 4331/1/3734 4338/1/3734 4332/1/3734
f 4323/1/3735 4338/1/3735 4324/1/3735
f 4330/1/3736 4338/1/3736 4331/1/3736
f 4322/1/3737 4338/1/3737 4323/1/3737
f 4329/1/3738 4338/1/3738 4330/1/3738
f 4337/1/3739 4338/1/3739 4322/1/3739
f 4328/1/3740 4338/1/3740 4329/1/3740
f 4335/1/3741 4338/1/3741 4336/1/3741
f 4353/1/3742 4355/1/3742 4354/1/3742
f 4344/1/3743 4355/1/3743 4345/1/3743
f 4351/1/3744 4355/1/3744 4352/1/3744
f 4343/1/3745 4355/1/3745 4344/1/3745
f 4350/1/3746 4355/1/3746 4351/1/3746
f 4342/1/3747 4355/1/3747 4343/1/3747
f 4349/1/3748 4355/1/3748 4350/1/3748
f 4341/1/3749 4355/1/3749 4342/1/3749
f 4348/1/3750 4355/1/3750 4349/1/3750
f 4340/1/3751 4355/1/3751 4341/1/3751
f 4347/1/3752 4355/1/3752 4348/1/3752
f 4339/1/3753 4355/1/3753 4340/1/3753
f 4346/1/3754 4355/1/3754 4347/1/3754
f 4354/1/3755 4355/1/3755 4339/1/3755
f 4345/1/3756 4355/1/3756 4346/1/3756
f 4352/1/3757 4355/1/3757 4353/1/3757
f 4370/1/3758 4372/1/3758 4371/1/3758
f 4361/1/3759 4372/1/3759 4362/1/3759
f 4368/1/3760 4372/1/3760 4369/1/3760
f 4360/1/3761 4372/1/3761 4361/1/3761
f 4367/1/3762 4372/1/3762 4368/1/3762
f 4359/1/3763 4372/1/3763 4360/1/3763
f 4366/1/3764 4372/1/3764 4367/1/3764
f 4358/1/3765 4372/1/3765 4359/1/3765
f 4365/1/3766 4372/1/3766 4366/1/3766
f 4357/1/3767 4372/1/3767 4358/1/3767
f 4364/1/3768 4372/1/3768 4365/1/3768
f 4356/1/3769 4372/1/3769 4357/1/3769
f 4363/1/3770 4372/1/3770 4364/1/3770
f 4371/1/3771 4372/1/3771 4356/1/3771
f 4362/1/3772 4372/1/3772 4363/1/3772
f 4369/1/3773 4372/1/3773 4370/1/3773
f 4368/1/3774 4385/1/3774 4384/1/3774 4367/1/3774
f 4361/1/3775 4378/1/3775 4377/1/3775 4360/1/3775
f 4369/1/3776 4386/1/3776 4385/1/3776 4368/1/3776
f 4362/1/3777 4379/1/3777 4378/1/3777 4361/1/3777
f 4371/1/3778 4388/1/3778 4387/1/3778 4370/1/3778
f 4370/1/3779 4387/1/3779 4386/1/3779 4369/1/3779
f 4363/1/3780 4380/1/3780 4379/1/3780 4362/1/3780
f 4356/1/3781 4373/1/3781 4388/1/3781 4371/1/3781
f 4364/1/3782 4381/1/3782 4380/1/3782 4363/1/3782
f 4357/1/3783 4374/1/3783 4373/1/3783 4356/1/3783
f 4365/1/3784 4382/1/3784 4381/1/3784 4364/1/3784
f 4358/1/3785 4375/1/3785 4374/1/3785 4357/1/3785
f 4366/1/3786 4383/1/3786 4382/1/3786 4365/1/3786
f 4359/1/3787 4376/1/3787 4375/1/3787 4358/1/3787
f 4367/1/3788 4384/1/3788 4383/1/3788 4366/1/3788
f 4360/1/3789 4377/1/3789 4376/1/3789 4359/1/3789
f 4405/1/3798 4421/1/3798 4420/1/3798
f 4414/1/3799 4421/1/3799 4413/1/3799
f 4407/1/3800 4421/1/3800 4406/1/3800
f 4415/1/3801 4421/1/3801 4414/1/3801
f 4408/1/3802 4421/1/3802 4407/1/3802
f 4416/1/3803 4421/1/3803 4415/1/3803
f 4409/1/3804 4421/1/3804 4408/1/3804
f 4417/1/3805 4421/1/3805 4416/1/3805
f 4410/1/3806 4421/1/3806 4409/1/3806
f 4418/1/3807 4421/1/3807 4417/1/3807
f 4411/1/3808 4421/1/3808 4410/1/3808
f 4419/1/3809 4421/1/3809 4418/1/3809
f 4412/1/3810 4421/1/3810 4411/1/3810
f 4420/1/3811 4421/1/3811 4419/1/3811
f 4413/1/3812 4421/1/3812 4412/1/3812
f 4406/1/3813 4421/1/3813 4405/1/3813
f 4436/1/3814 4438/1/3814 4437/1/3814
f 4427/1/3815 4438/1/3815 4428/1/3815
f 4434/1/3816 4438/1/3816 4435/1/3816
f 4426/1/3817 4438/1/3817 4427/1/3817
f 4433/1/3818 4438/1/3818 4434/1/3818
f 4425/1/3819 4438/1/3819 4426/1/3819
f 4432/1/3820 4438/1/3820 4433/1/3820
f 4424/1/3821 4438/1/3821 4425/1/3821
f 4431/1/3822 4438/1/3822 4432/1/3822
f 4423/1/3823 4438/1/3823 4424/1/3823
f 4430/1/3824 4438/1/3824 4431/1/3824
f 4422/1/3825 4438/1/3825 4423/1/3825
f 4429/1/3826 4438/1/3826 4430/1/3826
f 4437/1/3827 4438/1/3827 4422/1/3827
f 4428/1/3828 4438/1/3828 4429/1/3828
f 4435/1/3829 4438/1/3829 4436/1/3829
f 4453/1/3830 4455/1/3830 4454/1/3830
f 4444/1/3831 4455/1/3831 4445/1/3831
f 4451/1/3832 4455/1/3832 4452/1/3832
f 4443/1/3833 4455/1/3833 4444/1/3833
f 4450/1/3834 4455/1/3834 4451/1/3834
f 4442/1/3835 4455/1/3835 4443/1/3835
f 4449/1/3836 4455/1/3836 4450/1/3836
f 4441/1/3837 4455/1/3837 4442/1/3837
f 4448/1/3838 4455/1/3838 4449/1/3838
f 4440/1/3839 4455/1/3839 4441/1/3839
f 4447/1/3840 4455/1/3840 4448/1/3840
f 4439/1/3841 4455/1/3841 4440/1/3841
f 4446/1/3842 4455/1/3842 4447/1/3842
f 4454/1/3843 4455/1/3843 4439/1/3843
f 4445/1/3844 4455/1/3844 4446/1/3844
f 4452/1/3845 4455/1/3845 4453/1/3845
f 4470/1/3846 4472/1/3846 4471/1/3846
f 4461/1/3847 4472/1/3847 4462/1/3847
f 4468/1/3848 4472/1/3848 4469/1/3848
f 4460/1/3849 4472/1/3849 4461/1/3849
f 4467/1/3850 4472/1/3850 4468/1/3850
f 4459/1/3851 4472/1/3851 4460/1/3851
f 4466/1/3852 4472/1/3852 4467/1/3852
f 4458/1/3853 4472/1/3853 4459/1/3853
f 4465/1/3854 4472/1/3854 4466/1/3854
f 4457/1/3855 4472/1/3855 4458/1/3855
f 4464/1/3856 4472/1/3856 4465/1/3856
f 4456/1/3857 4472/1/3857 4457/1/3857
f 4463/1/3858 4472/1/3858 4464/1/3858
f 4471/1/3859 4472/1/3859 4456/1/3859
f 4462/1/3860 4472/1/3860 4463/1/3860
f 4469/1/3861 4472/1/3861 4470/1/3861
f 4468/1/3862 4485/1/3862 4484/1/3862 4467/1/3862
f 4461/1/3863 4478/1/3863 4477/1/3863 4460/1/3863
f 4469/1/3864 4486/1/3864 4485/1/3864 4468/1/3864
f 4462/1/3865 4479/1/3865 4478/1/3865 4461/1/3865
f 4471/1/3866 4488/1/3866 4487/1/3866 4470/1/3866
f 4470/1/3867 4487/1/3867 4486/1/3867 4469/1/3867
f 4463/1/3868 4480/1/3868 4479/1/3868 4462/1/3868
f 4456/1/3869 4473/1/3869 4488/1/3869 4471/1/3869
f 4464/1/3870 4481/1/3870 4480/1/3870 4463/1/3870
f 4457/1/3871 4474/1/3871 4473/1/3871 4456/1/3871
f 4465/1/3872 4482/1/3872 4481/1/3872 4464/1/3872
f 4458/1/3873 4475/1/3873 4474/1/3873 4457/1/3873
f 4466/1/3874 4483/1/3874 4482/1/3874 4465/1/3874
f 4459/1/3875 4476/1/3875 4475/1/3875 4458/1/3875
f 4467/1/3876 4484/1/3876 4483/1/3876 4466/1/3876
f 4460/1/3877 4477/1/3877 4476/1/3877 4459/1/3877
f 4505/1/3886 4521/1/3886 4520/1/3886
f 4514/1/3887 4521/1/3887 4513/1/3887
f 4507/1/3888 4521/1/3888 4506/1/3888
f 4515/1/3889 4521/1/3889 4514/1/3889
f 4508/1/3890 4521/1/3890 4507/1/3890
f 4516/1/3891 4521/1/3891 4515/1/3891
f 4509/1/3892 4521/1/3892 4508/1/3892
f 4517/1/3893 4521/1/3893 4516/1/3893
f 4510/1/3894 4521/1/3894 4509/1/3894
f 4518/1/3895 4521/1/3895 4517/1/3895
f 4511/1/3896 4521/1/3896 4510/1/3896
f 4519/1/3897 4521/1/3897 4518/1/3897
f 4512/1/3898 4521/1/3898 4511/1/3898
f 4520/1/3899 4521/1/3899 4519/1/3899
f 4513/1/3900 4521/1/3900 4512/1/3900
f 4506/1/3901 4521/1/3901 4505/1/3901
f 4536/1/3902 4538/1/3902 4537/1/3902
f 4527/1/3903 4538/1/3903 4528/1/3903
f 4534/1/3904 4538/1/3904 4535/1/3904
f 4526/1/3905 4538/1/3905 4527/1/3905
f 4533/1/3906 4538/1/3906 4534/1/3906
f 4525/1/3907 4538/1/3907 4526/1/3907
f 4532/1/3908 4538/1/3908 4533/1/3908
f 4524/1/3909 4538/1/3909 4525/1/3909
f 4531/1/3910 4538/1/3910 4532/1/3910
f 4523/1/3911 4538/1/3911 4524/1/3911
f 4530/1/3912 4538/1/3912 4531/1/3912
f 4522/1/3913 4538/1/3913 4523/1/3913
f 4529/1/3914 4538/1/3914 4530/1/3914
f 4537/1/3915 4538/1/3915 4522/1/3915
f 4528/1/3916 4538/1/3916 4529/1/3916
f 4535/1/3917 4538/1/3917 4536/1/3917
f 4553/1/3918 4555/1/3918 4554/1/3918
f 4544/1/3919 4555/1/3919 4545/1/3919
f 4551/1/3920 4555/1/3920 4552/1/3920
f 4543/1/3921 4555/1/3921 4544/1/3921
f 4550/1/3922 4555/1/3922 4551/1/3922
f 4542/1/3923 4555/1/3923 4543/1/3923
f 4549/1/3924 4555/1/3924 4550/1/3924
f 4541/1/3925 4555/1/3925 4542/1/3925
f 4548/1/3926 4555/1/3926 4549/1/3926
f 4540/1/3927 4555/1/3927 4541/1/3927
f 4547/1/3928 4555/1/3928 4548/1/3928
f 4539/1/3929 4555/1/3929 4540/1/3929
f 4546/1/3930 4555/1/3930 4547/1/3930
f 4554/1/3931 4555/1/3931 4539/1/3931
f 4545/1/3932 4555/1/3932 4546/1/3932
f 4552/1/3933 4555/1/3933 4553/1/3933
f 4570/1/3934 4572/1/3934 4571/1/3934
f 4561/1/3935 4572/1/3935 4562/1/3935
f 4568/1/3936 4572/1/3936 4569/1/3936
f 4560/1/3937 4572/1/3937 4561/1/3937
f 4567/1/3938 4572/1/3938 4568/1/3938
f 4559/1/3939 4572/1/3939 4560/1/3939
f 4566/1/3940 4572/1/3940 4567/1/3940
f 4558/1/3941 4572/1/3941 4559/1/3941
f 4565/1/3942 4572/1/3942 4566/1/3942
f 4557/1/3943 4572/1/3943 4558/1/3943
f 4564/1/3944 4572/1/3944 4565/1/3944
f 4556/1/3945 4572/1/3945 4557/1/3945
f 4563/1/3946 4572/1/3946 4564/1/3946
f 4571/1/3947 4572/1/3947 4556/1/3947
f 4562/1/3948 4572/1/3948 4563/1/3948
f 4569/1/3949 4572/1/3949 4570/1/3949
f 4568/1/3950 4585/1/3950 4584/1/3950 4567/1/3950
f 4561/1/3951 4578/1/3951 4577/1/3951 4560/1/3951
f 4569/1/3952 4586/1/3952 4585/1/3952 4568/1/3952
f 4562/1/3953 4579/1/3953 4578/1/3953 4561/1/3953
f 4571/1/3954 4588/1/3954 4587/1/3954 4570/1/3954
f 4570/1/3955 4587/1/3955 4586/1/3955 4569/1/3955
f 4563/1/3956 4580/1/3956 4579/1/3956 4562/1/3956
f 4556/1/3957 4573/1/3957 4588/1/3957 4571/1/3957
f 4564/1/3958 4581/1/3958 4580/1/3958 4563/1/3958
f 4557/1/3959 4574/1/3959 4573/1/3959 4556/1/3959
f 4565/1/3960 4582/1/3960 4581/1/3960 4564/1/3960
f 4558/1/3961 4575/1/3961 4574/1/3961 4557/1/3961
f 4566/1/3962 4583/1/3962 4582/1/3962 4565/1/3962
f 4559/1/3963 4576/1/3963 4575/1/3963 4558/1/3963
f 4567/1/3964 4584/1/3964 4583/1/3964 4566/1/3964
f 4560/1/3965 4577/1/3965 4576/1/3965 4559/1/3965
f 4605/1/3974 4621/1/3974 4620/1/3974
f 4614/1/3975 4621/1/3975 4613/1/3975
f 4607/1/3976 4621/1/3976 4606/1/3976
f 4615/1/3977 4621/1/3977 4614/1/3977
f 4608/1/3978 4621/1/3978 4607/1/3978
f 4616/1/3979 4621/1/3979 4615/1/3979
f 4609/1/3980 4621/1/3980 4608/1/3980
f 4617/1/3981 4621/1/3981 4616/1/3981
f 4610/1/3982 4621/1/3982 4609/1/3982
f 4618/1/3983 4621/1/3983 4617/1/3983
f 4611/1/3984 4621/1/3984 4610/1/3984
f 4619/1/3985 4621/1/3985 4618/1/3985
f 4612/1/3986 4621/1/3986 4611/1/3986
f 4620/1/3987 4621/1/3987 4619/1/3987
f 4613/1/3988 4621/1/3988 4612/1/3988
f 4606/1/3989 4621/1/3989 4605/1/3989
f 4636/1/3990 4638/1/3990 4637/1/3990
f 4627/1/3991 4638/1/3991 4628/1/3991
f 4634/1/3992 4638/1/3992 4635/1/3992
f 4626/1/3993 4638/1/3993 4627/1/3993
f 4633/1/3994 4638/1/3994 4634/1/3994
f 4625/1/3995 4638/1/3995 4626/1/3995
f 4632/1/3996 4638/1/3996 4633/1/3996
f 4624/1/3997 4638/1/3997 4625/1/3997
f 4631/1/3998 4638/1/3998 4632/1/3998
f 4623/1/3999 4638/1/3999 4624/1/3999
f 4630/1/4000 4638/1/4000 4631/1/4000
f 4622/1/4001 4638/1/4001 4623/1/4001
f 4629/1/4002 4638/1/4002 4630/1/4002
f 4637/1/4003 4638/1/4003 4622/1/4003
f 4628/1/4004 4638/1/4004 4629/1/4004
f 4635/1/4005 4638/1/4005 4636/1/4005
f 4653/1/4006 4655/1/4006 4654/1/4006
f 4644/1/4007 4655/1/4007 4645/1/4007
f 4651/1/4008 4655/1/4008 4652/1/4008
f 4643/1/4009 4655/1/4009 4644/1/4009
f 4650/1/4010 4655/1/4010 4651/1/4010
f 4642/1/4011 4655/1/4011 4643/1/4011
f 4649/1/4012 4655/1/4012 4650/1/4012
f 4641/1/4013 4655/1/4013 4642/1/4013
f 4648/1/4014 4655/1/4014 4649/1/4014
f 4640/1/4015 4655/1/4015 4641/1/4015
f 4647/1/4016 4655/1/4016 4648/1/4016
f 4639/1/4017 4655/1/4017 4640/1/4017
f 4646/1/4018 4655/1/4018 4647/1/4018
f 4654/1/4019 4655/1/4019 4639/1/4019
f 4645/1/4020 4655/1/4020 4646/1/4020
f 4652/1/4021 4655/1/4021 4653/1/4021
f 4670/1/4022 4672/1/4022 4671/1/4022
f 4661/1/4023 4672/1/4023 4662/1/4023
f 4668/1/4024 4672/1/4024 4669/1/4024
f 4660/1/4025 4672/1/4025 4661/1/4025
f 4667/1/4026 4672/1/4026 4668/1/4026
f 4659/1/4027 4672/1/4027 4660/1/4027
f 4666/1/4028 4672/1/4028 4667/1/4028
f 4658/1/4029 4672/1/4029 4659/1/4029
f 4665/1/4030 4672/1/4030 4666/1/4030
f 4657/1/4031 4672/1/4031 4658/1/4031
f 4664/1/4032 4672/1/4032 4665/1/4032
f 4656/1/4033 4672/1/4033 4657/1/4033
f 4663/1/4034 4672/1/4034 4664/1/4034
f 4671/1/4035 4672/1/4035 4656/1/4035
f 4662/1/4036 4672/1/4036 4663/1/4036
f 4669/1/4037 4672/1/4037 4670/1/4037
f 4668/1/4038 4685/1/4038 4684/1/4038 4667/1/4038
f 4661/1/4039 4678/1/4039 4677/1/4039 4660/1/4039
f 4669/1/4040 4686/1/4040 4685/1/4040 4668/1/4040
f 4662/1/4041 4679/1/4041 4678/1/4041 4661/1/4041
f 4671/1/4042 4688/1/4042 4687/1/4042 4670/1/4042
f 4670/1/4043 4687/1/4043 4686/1/4043 4669/1/4043
f 4663/1/4044 4680/1/4044 4679/1/4044 4662/1/4044
f 4656/1/4045 4673/1/4045 4688/1/4045 4671/1/4045
f 4664/1/4046 4681/1/4046 4680/1/4046 4663/1/4046
f 4657/1/4047 4674/1/4047 4673/1/4047 4656/1/4047
f 4665/1/4048 4682/1/4048 4681/1/4048 4664/1/4048
f 4658/1/4049 4675/1/4049 4674/1/4049 4657/1/4049
f 4666/1/4050 4683/1/4050 4682/1/4050 4665/1/4050
f 4659/1/4051 4676/1/4051 4675/1/4051 4658/1/4051
f 4667/1/4052 4684/1/4052 4683/1/4052 4666/1/4052
f 4660/1/4053 4677/1/4053 4676/1/4053 4659/1/4053
f 4705/1/4062 4721/1/4062 4720/1/4062
f 4714/1/4063 4721/1/4063 4713/1/4063
f 4707/1/4064 4721/1/4064 4706/1/4064
f 4715/1/4065 4721/1/4065 4714/1/4065
f 4708/1/4066 4721/1/4066 4707/1/4066
f 4716/1/4067 4721/1/4067 4715/1/4067
f 4709/1/4068 4721/1/4068 4708/1/4068
f 4717/1/4069 4721/1/4069 4716/1/4069
f 4710/1/4070 4721/1/4070 4709/1/4070
f 4718/1/4071 4721/1/4071 4717/1/4071
f 4711/1/4072 4721/1/4072 4710/1/4072
f 4719/1/4073 4721/1/4073 4718/1/4073
f 4712/1/4074 4721/1/4074 4711/1/4074
f 4720/1/4075 4721/1/4075 4719/1/4075
f 4713/1/4076 4721/1/4076 4712/1/4076
f 4706/1/4077 4721/1/4077 4705/1/4077
f 4736/1/4078 4738/1/4078 4737/1/4078
f 4727/1/4079 4738/1/4079 4728/1/4079
f 4734/1/4080 4738/1/4080 4735/1/4080
f 4726/1/4081 4738/1/4081 4727/1/4081
f 4733/1/4082 4738/1/4082 4734/1/4082
f 4725/1/4083 4738/1/4083 4726/1/4083
f 4732/1/4084 4738/1/4084 4733/1/4084
f 4724/1/4085 4738/1/4085 4725/1/4085
f 4731/1/4086 4738/1/4086 4732/1/4086
f 4723/1/4087 4738/1/4087 4724/1/4087
f 4730/1/4088 4738/1/4088 4731/1/4088
f 4722/1/4089 4738/1/4089 4723/1/4089
f 4729/1/4090 4738/1/4090 4730/1/4090
f 4737/1/4091 4738/1/4091 4722/1/4091
f 4728/1/4092 4738/1/4092 4729/1/4092
f 4735/1/4093 4738/1/4093 4736/1/4093
f 4753/1/4094 4755/1/4094 4754/1/4094
f 4744/1/4095 4755/1/4095 4745/1/4095
f 4751/1/4096 4755/1/4096 4752/1/4096
f 4743/1/4097 4755/1/4097 4744/1/4097
f 4750/1/4098 4755/1/4098 4751/1/4098
f 4742/1/4099 4755/1/4099 4743/1/4099
f 4749/1/4100 4755/1/4100 4750/1/4100
f 4741/1/4101 4755/1/4101 4742/1/4101
f 4748/1/4102 4755/1/4102 4749/1/4102
f 4740/1/4103 4755/1/4103 4741/1/4103
f 4747/1/4104 4755/1/4104 4748/1/4104
f 4739/1/4105 4755/1/4105 4740/1/4105
f 4746/1/4106 4755/1/4106 4747/1/4106
f 4754/1/4107 4755/1/4107 4739/1/4107
f 4745/1/4108 4755/1/4108 4746/1/4108
f 4752/1/4109 4755/1/4109 4753/1/4109
f 4770/1/4110 4772/1/4110 4771/1/4110
f 4761/1/4111 4772/1/4111 4762/1/4111
f 4768/1/4112 4772/1/4112 4769/1/4112
f 4760/1/4113 4772/1/4113 4761/1/4113
f 4767/1/4114 4772/1/4114 4768/1/4114
f 4759/1/4115 4772/1/4115 4760/1/4115
f 4766/1/4116 4772/1/4116 4767/1/4116
f 4758/1/4117 4772/1/4117 4759/1/4117
f 4765/1/4118 4772/1/4118 4766/1/4118
f 4757/1/4119 4772/1/4119 4758/1/4119
f 4764/1/4120 4772/1/4120 4765/1/4120
f 4756/1/4121 4772/1/4121 4757/1/4121
f 4763/1/4122 4772/1/4122 4764/1/4122
f 4771/1/4123 4772/1/4123 4756/1/4123
f 4762/1/4124 4772/1/4124 4763/1/4124
f 4769/1/4125 4772/1/4125 4770/1/4125
f 4768/1/4126 4785/1/4126 4784/1/4126 4767/1/4126
f 4761/1/4127 4778/1/4127 4777/1/4127 4760/1/4127
f 4769/1/4128 4786/1/4128 4785/1/4128 4768/1/4128
f 4762/1/4129 4779/1/4129 4778/1/4129 4761/1/4129
f 4771/1/4130 4788/1/4130 4787/1/4130 4770/1/4130
f 4770/1/4131 4787/1/4131 4786/1/4131 4769/1/4131
f 4763/1/4132 4780/1/4132 4779/1/4132 4762/1/4132
f 4756/1/4133 4773/1/4133 4788/1/4133 4771/1/4133
f 4764/1/4134 4781/1/4134 4780/1/4134 4763/1/4134
f 4757/1/4135 4774/1/4135 4773/1/4135 4756/1/4135
f 4765/1/4136 4782/1/4136 4781/1/4136 4764/1/4136
f 4758/1/4137 4775/1/4137 4774/1/4137 4757/1/4137
f 4766/1/4138 4783/1/4138 4782/1/4138 4765/1/4138
f 4759/1/4139 4776/1/4139 4775/1/4139 4758/1/4139
f 4767/1/4140 4784/1/4140 4783/1/4140 4766/1/4140
f 4760/1/4141 4777/1/4141 4776/1/4141 4759/1/4141
f 4805/1/4150 4821/1/4150 4820/1/4150
f 4814/1/4151 4821/1/4151 4813/1/4151
f 4807/1/4152 4821/1/4152 4806/1/4152
f 4815/1/4153 4821/1/4153 4814/1/4153
f 4808/1/4154 4821/1/4154 4807/1/4154
f 4816/1/4155 4821/1/4155 4815/1/4155
f 4809/1/4156 4821/1/4156 4808/1/4156
f 4817/1/4157 4821/1/4157 4816/1/4157
f 4810/1/4158 4821/1/4158 4809/1/4158
f 4818/1/4159 4821/1/4159 4817/1/4159
f 4811/1/4160 4821/1/4160 4810/1/4160
f 4819/1/4161 4821/1/4161 4818/1/4161
f 4812/1/4162 4821/1/4162 4811/1/4162
f 4820/1/4163 4821/1/4163 4819/1/4163
f 4813/1/4164 4821/1/4164 4812/1/4164
f 4806/1/4165 4821/1/4165 4805/1/4165
f 4836/1/4166 4838/1/4166 4837/1/4166
f 4827/1/4167 4838/1/4167 4828/1/4167
f 4834/1/4168 4838/1/4168 4835/1/4168
f 4826/1/4169 4838/1/4169 4827/1/4169
f 4833/1/4170 4838/1/4170 4834/1/4170
f 4825/1/4171 4838/1/4171 4826/1/4171
f 4832/1/4172 4838/1/4172 4833/1/4172
f 4824/1/4173 4838/1/4173 4825/1/4173
f 4831/1/4174 4838/1/4174 4832/1/4174
f 4823/1/4175 4838/1/4175 4824/1/4175
f 4830/1/4176 4838/1/4176 4831/1/4176
f 4822/1/4177 4838/1/4177 4823/1/4177
f 4829/1/4178 4838/1/4178 4830/1/4178
f 4837/1/4179 4838/1/4179 4822/1/4179
f 4828/1/4180 4838/1/4180 4829/1/4180
f 4835/1/4181 4838/1/4181 4836/1/4181
f 4853/1/4182 4855/1/4182 4854/1/4182
f 4844/1/4183 4855/1/4183 4845/1/4183
f 4851/1/4184 4855/1/4184 4852/1/4184
f 4843/1/4185 4855/1/4185 4844/1/4185
f 4850/1/4186 4855/1/4186 4851/1/4186
f 4842/1/4187 4855/1/4187 4843/1/4187
f 4849/1/4188 4855/1/4188 4850/1/4188
f 4841/1/4189 4855/1/4189 4842/1/4189
f 4848/1/4190 4855/1/4190 4849/1/4190
f 4840/1/4191 4855/1/4191 4841/1/4191
f 4847/1/4192 4855/1/4192 4848/1/4192
f 4839/1/4193 4855/1/4193 4840/1/4193
f 4846/1/4194 4855/1/4194 4847/1/4194
f 4854/1/4195 4855/1/4195 4839/1/4195
f 4845/1/4196 4855/1/4196 4846/1/4196
f 4852/1/4197 4855/1/4197 4853/1/4197
f 4870/1/4198 4872/1/4198 4871/1/4198
f 4861/1/4199 4872/1/4199 4862/1/4199
f 4868/1/4200 4872/1/4200 4869/1/4200
f 4860/1/4201 4872/1/4201 4861/1/4201
f 4867/1/4202 4872/1/4202 4868/1/4202
f 4859/1/4203 4872/1/4203 4860/1/4203
f 4866/1/4204 4872/1/4204 4867/1/4204
f 4858/1/4205 4872/1/4205 4859/1/4205
f 4865/1/4206 4872/1/4206 4866/1/4206
f 4857/1/4207 4872/1/4207 4858/1/4207
f 4864/1/4208 4872/1/4208 4865/1/4208
f 4856/1/4209 4872/1/4209 4857/1/4209
f 4863/1/4210 4872/1/4210 4864/1/4210
f 4871/1/4211 4872/1/4211 4856/1/4211
f 4862/1/4212 4872/1/4212 4863/1/4212
f 4869/1/4213 4872/1/4213 4870/1/4213
f 4868/1/4214 4885/1/4214 4884/1/4214 4867/1/4214
f 4861/1/4215 4878/1/4215 4877/1/4215 4860/1/4215
f 4869/1/4216 4886/1/4216 4885/1/4216 4868/1/4216
f 4862/1/4217 4879/1/4217 4878/1/4217 4861/1/4217
f 4871/1/4218 4888/1/4218 4887/1/4218 4870/1/4218
f 4870/1/4219 4887/1/4219 4886/1/4219 4869/1/4219
f 4863/1/4220 4880/1/4220 4879/1/4220 4862/1/4220
f 4856/1/4221 4873/1/4221 4888/1/4221 4871/1/4221
f 4864/1/4222 4881/1/4222 4880/1/4222 4863/1/4222
f 4857/1/4223 4874/1/4223 4873/1/4223 4856/1/4223
f 4865/1/4224 4882/1/4224 4881/1/4224 4864/1/4224
f 4858/1/4225 4875/1/4225 4874/1/4225 4857/1/4225
f 4866/1/4226 4883/1/4226 4882/1/4226 4865/1/4226
f 4859/1/4227 4876/1/4227 4875/1/4227 4858/1/4227
f 4867/1/4228 4884/1/4228 4883/1/4228 4866/1/4228
f 4860/1/4229 4877/1/4229 4876/1/4229 4859/1/4229
usemtl Brown
f 89/5/82 91/7/82 92/6/82 90/3/82
f 91/7/83 93/9/83 94/8/83 92/6/83
f 93/9/84 95/11/84 96/10/84 94/8/84
f 95/11/85 97/13/85 98/12/85 96/10/85
f 97/13/86 99/15/86 100/14/86 98/12/86
f 99/15/87 101/17/87 102/16/87 100/14/87
f 92/18/1 94/25/1 96/24/1 98/23/1 100/22/1 102/21/1 104/20/1 90/19/1
f 101/17/88 103/27/88 104/26/88 102/16/88
f 103/27/89 89/28/89 90/4/89 104/26/89
f 89/29/90 103/36/90 101/35/90 99/34/90 97/33/90 95/32/90 93/31/90 91/30/90
f 189/5/171 191/7/171 192/6/171 190/3/171
f 191/7/172 193/9/172 194/8/172 192/6/172
f 193/9/173 195/11/173 196/10/173 194/8/173
f 195/11/174 197/13/174 198/12/174 196/10/174
f 197/13/175 199/15/175 200/14/175 198/12/175
f 199/15/176 201/17/176 202/16/176 200/14/176
f 192/18/1 194/25/1 196/24/1 198/23/1 200/22/1 202/21/1 204/20/1 190/19/1
f 201/17/177 203/27/177 204/26/177 202/16/177
f 203/27/178 189/28/178 190/4/178 204/26/178
f 189/29/90 203/36/90 201/35/90 199/34/90 197/33/90 195/32/90 193/31/90 191/30/90
f 289/5/259 291/7/259 292/6/259 290/3/259
f 291/7/260 293/9/260 294/8/260 292/6/260
f 293/9/261 295/11/261 296/10/261 294/8/261
f 295/11/262 297/13/262 298/12/262 296/10/262
f 297/13/263 299/15/263 300/14/263 298/12/263
f 299/15/264 301/17/264 302/16/264 300/14/264
f 292/18/1 294/25/1 296/24/1 298/23/1 300/22/1 302/21/1 304/20/1 290/19/1
f 301/17/265 303/27/265 304/26/265 302/16/265
f 303/27/266 289/28/266 290/4/266 304/26/266
f 289/29/90 303/36/90 301/35/90 299/34/90 297/33/90 295/32/90 293/31/90 291/30/90
f 389/5/347 391/7/347 392/6/347 390/3/347
f 391/7/348 393/9/348 394/8/348 392/6/348
f 393/9/349 395/11/349 396/10/349 394/8/349
f 395/11/350 397/13/350 398/12/350 396/10/350
f 397/13/351 399/15/351 400/14/351 398/12/351
f 399/15/352 401/17/352 402/16/352 400/14/352
f 392/18/1 394/25/1 396/24/1 398/23/1 400/22/1 402/21/1 404/20/1 390/19/1
f 401/17/353 403/27/353 404/26/353 402/16/353
f 403/27/354 389/28/354 390/4/354 404/26/354
f 389/29/90 403/36/90 401/35/90 399/34/90 397/33/90 395/32/90 393/31/90 391/30/90
f 489/5/435 491/7/435 492/6/435 490/3/435
f 491/7/436 493/9/436 494/8/436 492/6/436
f 493/9/437 495/11/437 496/10/437 494/8/437
f 495/11/438 497/13/438 498/12/438 496/10/438
f 497/13/439 499/15/439 500/14/439 498/12/439
f 499/15/440 501/17/440 502/16/440 500/14/440
f 492/18/1 494/25/1 496/24/1 498/23/1 500/22/1 502/21/1 504/20/1 490/19/1
f 501/17/441 503/27/441 504/26/441 502/16/441
f 503/27/442 489/28/442 490/4/442 504/26/442
f 489/29/90 503/36/90 501/35/90 499/34/90 497/33/90 495/32/90 493/31/90 491/30/90
f 589/5/523 591/7/523 592/6/523 590/3/523
f 591/7/524 593/9/524 594/8/524 592/6/524
f 593/9/525 595/11/525 596/10/525 594/8/525
f 595/11/526 597/13/526 598/12/526 596/10/526
f 597/13/527 599/15/527 600/14/527 598/12/527
f 599/15/528 601/17/528 602/16/528 600/14/528
f 592/18/1 594/25/1 596/24/1 598/23/1 600/22/1 602/21/1 604/20/1 590/19/1
f 601/17/529 603/27/529 604/26/529 602/16/529
f 603/27/530 589/28/530 590/4/530 604/26/530
f 589/29/90 603/36/90 601/35/90 599/34/90 597/33/90 595/32/90 593/31/90 591/30/90
f 689/5/611 691/7/611 692/6/611 690/3/611
f 691/7/612 693/9/612 694/8/612 692/6/612
f 693/9/613 695/11/613 696/10/613 694/8/613
f 695/11/614 697/13/614 698/12/614 696/10/614
f 697/13/615 699/15/615 700/14/615 698/12/615
f 699/15/616 701/17/616 702/16/616 700/14/616
f 692/18/1 694/25/1 696/24/1 698/23/1 700/22/1 702/21/1 704/20/1 690/19/1
f 701/17/617 703/27/617 704/26/617 702/16/617
f 703/27/618 689/28/618 690/4/618 704/26/618
f 689/29/90 703/36/90 701/35/90 699/34/90 697/33/90 695/32/90 693/31/90 691/30/90
f 789/5/699 791/7/699 792/6/699 790/3/699
f 791/7/700 793/9/700 794/8/700 792/6/700
f 793/9/701 795/11/701 796/10/701 794/8/701
f 795/11/702 797/13/702 798/12/702 796/10/702
f 797/13/703 799/15/703 800/14/703 798/12/703
f 799/15/704 801/17/704 802/16/704 800/14/704
f 792/18/1 794/25/1 796/24/1 798/23/1 800/22/1 802/21/1 804/20/1 790/19/1
f 801/17/705 803/27/705 804/26/705 802/16/705
f 803/27/706 789/28/706 790/4/706 804/26/706
f 789/29/90 803/36/90 801/35/90 799/34/90 797/33/90 795/32/90 793/31/90 791/30/90
f 889/5/787 891/7/787 892/6/787 890/3/787
f 891/7/788 893/9/788 894/8/788 892/6/788
f 893/9/789 895/11/789 896/10/789 894/8/789
f 895/11/790 897/13/790 898/12/790 896/10/790
f 897/13/791 899/15/791 900/14/791 898/12/791
f 899/15/792 901/17/792 902/16/792 900/14/792
f 892/18/1 894/25/1 896/24/1 898/23/1 900/22/1 902/21/1 904/20/1 890/19/1
f 901/17/793 903/27/793 904/26/793 902/16/793
f 903/27/794 889/28/794 890/4/794 904/26/794
f 889/29/90 903/36/90 901/35/90 899/34/90 897/33/90 895/32/90 893/31/90 891/30/90
f 989/5/875 991/7/875 992/6/875 990/3/875
f 991/7/876 993/9/876 994/8/876 992/6/876
f 993/9/877 995/11/877 996/10/877 994/8/877
f 995/11/878 997/13/878 998/12/878 996/10/878
f 997/13/879 999/15/879 1000/14/879 998/12/879
f 999/15/880 1001/17/880 1002/16/880 1000/14/880
f 992/18/1 994/25/1 996/24/1 998/23/1 1000/22/1 1002/21/1 1004/20/1 990/19/1
f 1001/17/881 1003/27/881 1004/26/881 1002/16/881
f 1003/27/882 989/28/882 990/4/882 1004/26/882
f 989/29/90 1003/36/90 1001/35/90 999/34/90 997/33/90 995/32/90 993/31/90 991/30/90
f 1089/5/963 1091/7/963 1092/6/963 1090/3/963
f 1091/7/964 1093/9/964 1094/8/964 1092/6/964
f 1093/9/965 1095/11/965 1096/10/965 1094/8/965
f 1095/11/966 1097/13/966 1098/12/966 1096/10/966
f 1097/13/967 1099/15/967 1100/14/967 1098/12/967
f 1099/15/968 1101/17/968 1102/16/968 1100/14/968
f 1092/18/1 1094/25/1 1096/24/1 1098/23/1 1100/22/1 1102/21/1 1104/20/1 1090/19/1
f 1101/17/969 1103/27/969 1104/26/969 1102/16/969
f 1103/27/970 1089/28/970 1090/4/970 1104/26/970
f 1089/29/90 1103/36/90 1101/35/90 1099/34/90 1097/33/90 1095/32/90 1093/31/90 1091/30/90
f 1189/5/1051 1191/7/1051 1192/6/1051 1190/3/1051
f 1191/7/1052 1193/9/1052 1194/8/1052 1192/6/1052
f 1193/9/1053 1195/11/1053 1196/10/1053 1194/8/1053
f 1195/11/1054 1197/13/1054 1198/12/1054 1196/10/1054
f 1197/13/1055 1199/15/1055 1200/14/1055 1198/12/1055
f 1199/15/1056 1201/17/1056 1202/16/1056 1200/14/1056
f 1192/18/1 1194/25/1 1196/24/1 1198/23/1 1200/22/1 1202/21/1 1204/20/1 1190/19/1
f 1201/17/1057 1203/27/1057 1204/26/1057 1202/16/1057
f 1203/27/1058 1189/28/1058 1190/4/1058 1204/26/1058
f 1189/29/90 1203/36/90 1201/35/90 1199/34/90 1197/33/90 1195/32/90 1193/31/90 1191/30/90
f 1289/5/1139 1291/7/1139 1292/6/1139 1290/3/1139
f 1291/7/1140 1293/9/1140 1294/8/1140 1292/6/1140
f 1293/9/1141 1295/11/1141 1296/10/1141 1294/8/1141
f 1295/11/1142 1297/13/1142 1298/12/1142 1296/10/1142
f 1297/13/1143 1299/15/1143 1300/14/1143 1298/12/1143
f 1299/15/1144 1301/17/1144 1302/16/1144 1300/14/1144
f 1292/18/1 1294/25/1 1296/24/1 1298/23/1 1300/22/1 1302/21/1 1304/20/1 1290/19/1
f 1301/17/1145 1303/27/1145 1304/26/1145 1302/16/1145
f 1303/27/1146 1289/28/1146 1290/4/1146 1304/26/1146
f 1289/29/90 1303/36/90 1301/35/90 1299/34/90 1297/33/90 1295/32/90 1293/31/90 1291/30/90
f 1389/5/1227 1391/7/1227 1392/6/1227 1390/3/1227
f 1391/7/1228 1393/9/1228 1394/8/1228 1392/6/1228
f 1393/9/1229 1395/11/1229 1396/10/1229 1394/8/1229
f 1395/11/1230 1397/13/1230 1398/12/1230 1396/10/1230
f 1397/13/1231 1399/15/1231 1400/14/1231 1398/12/1231
f 1399/15/1232 1401/17/1232 1402/16/1232 1400/14/1232
f 1392/18/1 1394/25/1 1396/24/1 1398/23/1 1400/22/1 1402/21/1 1404/20/1 1390/19/1
f 1401/17/1233 1403/27/1233 1404/26/1233 1402/16/1233
f 1403/27/1234 1389/28/1234 1390/4/1234 1404/26/1234
f 1389/29/90 1403/36/90 1401/35/90 1399/34/90 1397/33/90 1395/32/90 1393/31/90 1391/30/90
f 1489/5/1315 1491/7/1315 1492/6/1315 1490/3/1315
f 1491/7/1316 1493/9/1316 1494/8/1316 1492/6/1316
f 1493/9/1317 1495/11/1317 1496/10/1317 1494/8/1317
f 1495/11/1318 1497/13/1318 1498/12/1318 1496/10/1318
f 1497/13/1319 1499/15/1319 1500/14/1319 1498/12/1319
f 1499/15/1320 1501/17/1320 1502/16/1320 1500/14/1320
f 1492/18/1 1494/25/1 1496/24/1 1498/23/1 1500/22/1 1502/21/1 1504/20/1 1490/19/1
f 1501/17/1321 1503/27/1321 1504/26/1321 1502/16/1321
f 1503/27/1322 1489/28/1322 1490/4/1322 1504/26/1322
f 1489/29/90 1503/36/90 1501/35/90 1499/34/90 1497/33/90 1495/32/90 1493/31/90 1491/30/90
f 1589/5/1403 1591/7/1403 1592/6/1403 1590/3/1403
f 1591/7/1404 1593/9/1404 1594/8/1404 1592/6/1404
f 1593/9/1405 1595/11/1405 1596/10/1405 1594/8/1405
f 1595/11/1406 1597/13/1406 1598/12/1406 1596/10/1406
f 1597/13/1407 1599/15/1407 1600/14/1407 1598/12/1407
f 1599/15/1408 1601/17/1408 1602/16/1408 1600/14/1408
f 1592/18/1 1594/25/1 1596/24/1 1598/23/1 1600/22/1 1602/21/1 1604/20/1 1590/19/1
f 1601/17/1409 1603/27/1409 1604/26/1409 1602/16/1409
f 1603/27/1410 1589/28/1410 1590/4/1410 1604/26/1410
f 1589/29/90 1603/36/90 1601/35/90 1599/34/90 1597/33/90 1595/32/90 1593/31/90 1591/30/90
f 1689/5/1491 1691/7/1491 1692/6/1491 1690/3/1491
f 1691/7/1492 1693/9/1492 1694/8/1492 1692/6/1492
f 1693/9/1493 1695/11/1493 1696/10/1493 1694/8/1493
f 1695/11/1494 1697/13/1494 1698/12/1494 1696/10/1494
f 1697/13/1495 1699/15/1495 1700/14/1495 1698/12/1495
f 1699/15/1496 1701/17/1496 1702/16/1496 1700/14/1496
f 1692/18/1 1694/25/1 1696/24/1 1698/23/1 1700/22/1 1702/21/1 1704/20/1 1690/19/1
f 1701/17/1497 1703/27/1497 1704/26/1497 1702/16/1497
f 1703/27/1498 1689/28/1498 1690/4/1498 1704/26/1498
f 1689/29/90 1703/36/90 1701/35/90 1699/34/90 1697/33/90 1695/32/90 1693/31/90 1691/30/90
f 1789/5/435 1791/7/435 1792/6/435 1790/3/435
f 1791/7/436 1793/9/436 1794/8/436 1792/6/436
f 1793/9/437 1795/11/437 1796/10/437 1794/8/437
f 1795/11/438 1797/13/438 1798/12/438 1796/10/438
f 1797/13/439 1799/15/439 1800/14/439 1798/12/439
f 1799/15/440 1801/17/440 1802/16/440 1800/14/440
f 1792/18/1 1794/25/1 1796/24/1 1798/23/1 1800/22/1 1802/21/1 1804/20/1 1790/19/1
f 1801/17/441 1803/27/441 1804/26/441 1802/16/441
f 1803/27/442 1789/28/442 1790/4/442 1804/26/442
f 1789/29/90 1803/36/90 1801/35/90 1799/34/90 1797/33/90 1795/32/90 1793/31/90 1791/30/90
f 1889/5/1590 1891/7/1590 1892/6/1590 1890/3/1590
f 1891/7/1591 1893/9/1591 1894/8/1591 1892/6/1591
f 1893/9/1592 1895/11/1592 1896/10/1592 1894/8/1592
f 1895/11/1593 1897/13/1593 1898/12/1593 1896/10/1593
f 1897/13/1594 1899/15/1594 1900/14/1594 1898/12/1594
f 1899/15/1595 1901/17/1595 1902/16/1595 1900/14/1595
f 1892/18/1 1894/25/1 1896/24/1 1898/23/1 1900/22/1 1902/21/1 1904/20/1 1890/19/1
f 1901/17/1596 1903/27/1596 1904/26/1596 1902/16/1596
f 1903/27/1597 1889/28/1597 1890/4/1597 1904/26/1597
f 1889/29/90 1903/36/90 1901/35/90 1899/34/90 1897/33/90 1895/32/90 1893/31/90 1891/30/90
f 1989/5/1678 1991/7/1678 1992/6/1678 1990/3/1678
f 1991/7/1679 1993/9/1679 1994/8/1679 1992/6/1679
f 1993/9/1680 1995/11/1680 1996/10/1680 1994/8/1680
f 1995/11/1681 1997/13/1681 1998/12/1681 1996/10/1681
f 1997/13/1682 1999/15/1682 2000/14/1682 1998/12/1682
f 1999/15/1683 2001/17/1683 2002/16/1683 2000/14/1683
f 1992/18/1 1994/25/1 1996/24/1 1998/23/1 2000/22/1 2002/21/1 2004/20/1 1990/19/1
f 2001/17/1684 2003/27/1684 2004/26/1684 2002/16/1684
f 2003/27/1685 1989/28/1685 1990/4/1685 2004/26/1685
f 1989/29/90 2003/36/90 2001/35/90 1999/34/90 1997/33/90 1995/32/90 1993/31/90 1991/30/90
f 2089/5/1766 2091/7/1766 2092/6/1766 2090/3/1766
f 2091/7/1767 2093/9/1767 2094/8/1767 2092/6/1767
f 2093/9/1768 2095/11/1768 2096/10/1768 2094/8/1768
f 2095/11/1769 2097/13/1769 2098/12/1769 2096/10/1769
f 2097/13/1770 2099/15/1770 2100/14/1770 2098/12/1770
f 2099/15/1771 2101/17/1771 2102/16/1771 2100/14/1771
f 2092/18/1 2094/25/1 2096/24/1 2098/23/1 2100/22/1 2102/21/1 2104/20/1 2090/19/1
f 2101/17/1772 2103/27/1772 2104/26/1772 2102/16/1772
f 2103/27/1773 2089/28/1773 2090/4/1773 2104/26/1773
f 2089/29/90 2103/36/90 2101/35/90 2099/34/90 2097/33/90 2095/32/90 2093/31/90 2091/30/90
f 2189/5/1854 2191/7/1854 2192/6/1854 2190/3/1854
f 2191/7/1855 2193/9/1855 2194/8/1855 2192/6/1855
f 2193/9/1856 2195/11/1856 2196/10/1856 2194/8/1856
f 2195/11/1857 2197/13/1857 2198/12/1857 2196/10/1857
f 2197/13/1858 2199/15/1858 2200/14/1858 2198/12/1858
f 2199/15/1859 2201/17/1859 2202/16/1859 2200/14/1859
f 2192/18/1 2194/25/1 2196/24/1 2198/23/1 2200/22/1 2202/21/1 2204/20/1 2190/19/1
f 2201/17/1860 2203/27/1860 2204/26/1860 2202/16/1860
f 2203/27/1861 2189/28/1861 2190/4/1861 2204/26/1861
f 2189/29/90 2203/36/90 2201/35/90 2199/34/90 2197/33/90 2195/32/90 2193/31/90 2191/30/90
f 2289/5/1942 2291/7/1942 2292/6/1942 2290/3/1942
f 2291/7/1943 2293/9/1943 2294/8/1943 2292/6/1943
f 2293/9/1944 2295/11/1944 2296/10/1944 2294/8/1944
f 2295/11/1945 2297/13/1945 2298/12/1945 2296/10/1945
f 2297/13/1946 2299/15/1946 2300/14/1946 2298/12/1946
f 2299/15/1947 2301/17/1947 2302/16/1947 2300/14/1947
f 2292/18/1 2294/25/1 2296/24/1 2298/23/1 2300/22/1 2302/21/1 2304/20/1 2290/19/1
f 2301/17/1948 2303/27/1948 2304/26/1948 2302/16/1948
f 2303/27/1949 2289/28/1949 2290/4/1949 2304/26/1949
f 2289/29/90 2303/36/90 2301/35/90 2299/34/90 2297/33/90 2295/32/90 2293/31/90 2291/30/90
f 2389/5/2030 2391/7/2030 2392/6/2030 2390/3/2030
f 2391/7/2031 2393/9/2031 2394/8/2031 2392/6/2031
f 2393/9/2032 2395/11/2032 2396/10/2032 2394/8/2032
f 2395/11/2033 2397/13/2033 2398/12/2033 2396/10/2033
f 2397/13/2034 2399/15/2034 2400/14/2034 2398/12/2034
f 2399/15/2035 2401/17/2035 2402/16/2035 2400/14/2035
f 2392/18/1 2394/25/1 2396/24/1 2398/23/1 2400/22/1 2402/21/1 2404/20/1 2390/19/1
f 2401/17/2036 2403/27/2036 2404/26/2036 2402/16/2036
f 2403/27/2037 2389/28/2037 2390/4/2037 2404/26/2037
f 2389/29/90 2403/36/90 2401/35/90 2399/34/90 2397/33/90 2395/32/90 2393/31/90 2391/30/90
f 2489/5/2118 2491/7/2118 2492/6/2118 2490/3/2118
f 2491/7/2119 2493/9/2119 2494/8/2119 2492/6/2119
f 2493/9/2120 2495/11/2120 2496/10/2120 2494/8/2120
f 2495/11/2121 2497/13/2121 2498/12/2121 2496/10/2121
f 2497/13/2122 2499/15/2122 2500/14/2122 2498/12/2122
f 2499/15/2123 2501/17/2123 2502/16/2123 2500/14/2123
f 2492/18/1 2494/25/1 2496/24/1 2498/23/1 2500/22/1 2502/21/1 2504/20/1 2490/19/1
f 2501/17/2124 2503/27/2124 2504/26/2124 2502/16/2124
f 2503/27/2125 2489/28/2125 2490/4/2125 2504/26/2125
f 2489/29/90 2503/36/90 2501/35/90 2499/34/90 2497/33/90 2495/32/90 2493/31/90 2491/30/90
f 2589/5/2206 2591/7/2206 2592/6/2206 2590/3/2206
f 2591/7/2207 2593/9/2207 2594/8/2207 2592/6/2207
f 2593/9/2208 2595/11/2208 2596/10/2208 2594/8/2208
f 2595/11/2209 2597/13/2209 2598/12/2209 2596/10/2209
f 2597/13/2210 2599/15/2210 2600/14/2210 2598/12/2210
f 2599/15/2211 2601/17/2211 2602/16/2211 2600/14/2211
f 2592/18/1 2594/25/1 2596/24/1 2598/23/1 2600/22/1 2602/21/1 2604/20/1 2590/19/1
f 2601/17/2212 2603/27/2212 2604/26/2212 2602/16/2212
f 2603/27/2213 2589/28/2213 2590/4/2213 2604/26/2213
f 2589/29/90 2603/36/90 2601/35/90 2599/34/90 2597/33/90 2595/32/90 2593/31/90 2591/30/90
f 2689/5/2294 2691/7/2294 2692/6/2294 2690/3/2294
f 2691/7/2295 2693/9/2295 2694/8/2295 2692/6/2295
f 2693/9/2296 2695/11/2296 2696/10/2296 2694/8/2296
f 2695/11/2297 2697/13/2297 2698/12/2297 2696/10/2297
f 2697/13/2298 2699/15/2298 2700/14/2298 2698/12/2298
f 2699/15/2299 2701/17/2299 2702/16/2299 2700/14/2299
f 2692/18/1 2694/25/1 2696/24/1 2698/23/1 2700/22/1 2702/21/1 2704/20/1 2690/19/1
f 2701/17/2300 2703/27/2300 2704/26/2300 2702/16/2300
f 2703/27/2301 2689/28/2301 2690/4/2301 2704/26/2301
f 2689/29/90 2703/36/90 2701/35/90 2699/34/90 2697/33/90 2695/32/90 2693/31/90 2691/30/90
f 2789/5/2382 2791/7/2382 2792/6/2382 2790/3/2382
f 2791/7/2383 2793/9/2383 2794/8/2383 2792/6/2383
f 2793/9/2384 2795/11/2384 2796/10/2384 2794/8/2384
f 2795/11/2385 2797/13/2385 2798/12/2385 2796/10/2385
f 2797/13/2386 2799/15/2386 2800/14/2386 2798/12/2386
f 2799/15/2387 2801/17/2387 2802/16/2387 2800/14/2387
f 2792/18/1 2794/25/1 2796/24/1 2798/23/1 2800/22/1 2802/21/1 2804/20/1 2790/19/1
f 2801/17/2388 2803/27/2388 2804/26/2388 2802/16/2388
f 2803/27/2389 2789/28/2389 2790/4/2389 2804/26/2389
f 2789/29/90 2803/36/90 2801/35/90 2799/34/90 2797/33/90 2795/32/90 2793/31/90 2791/30/90
f 2889/5/2470 2891/7/2470 2892/6/2470 2890/3/2470
f 2891/7/2471 2893/9/2471 2894/8/2471 2892/6/2471
f 2893/9/2472 2895/11/2472 2896/10/2472 2894/8/2472
f 2895/11/2473 2897/13/2473 2898/12/2473 2896/10/2473
f 2897/13/2474 2899/15/2474 2900/14/2474 2898/12/2474
f 2899/15/2475 2901/17/2475 2902/16/2475 2900/14/2475
f 2892/18/1 2894/25/1 2896/24/1 2898/23/1 2900/22/1 2902/21/1 2904/20/1 2890/19/1
f 2901/17/2476 2903/27/2476 2904/26/2476 2902/16/2476
f 2903/27/2477 2889/28/2477 2890/4/2477 2904/26/2477
f 2889/29/90 2903/36/90 2901/35/90 2899/34/90 2897/33/90 2895/32/90 2893/31/90 2891/30/90
f 2989/5/2558 2991/7/2558 2992/6/2558 2990/3/2558
f 2991/7/2559 2993/9/2559 2994/8/2559 2992/6/2559
f 2993/9/2560 2995/11/2560 2996/10/2560 2994/8/2560
f 2995/11/2561 2997/13/2561 2998/12/2561 2996/10/2561
f 2997/13/2562 2999/15/2562 3000/14/2562 2998/12/2562
f 2999/15/2563 3001/17/2563 3002/16/2563 3000/14/2563
f 2992/18/1 2994/25/1 2996/24/1 2998/23/1 3000/22/1 3002/21/1 3004/20/1 2990/19/1
f 3001/17/2564 3003/27/2564 3004/26/2564 3002/16/2564
f 3003/27/2565 2989/28/2565 2990/4/2565 3004/26/2565
f 2989/29/90 3003/36/90 3001/35/90 2999/34/90 2997/33/90 2995/32/90 2993/31/90 2991/30/90
f 3089/5/2646 3091/7/2646 3092/6/2646 3090/3/2646
f 3091/7/2647 3093/9/2647 3094/8/2647 3092/6/2647
f 3093/9/2648 3095/11/2648 3096/10/2648 3094/8/2648
f 3095/11/2649 3097/13/2649 3098/12/2649 3096/10/2649
f 3097/13/2650 3099/15/2650 3100/14/2650 3098/12/2650
f 3099/15/2651 3101/17/2651 3102/16/2651 3100/14/2651
f 3092/18/1 3094/25/1 3096/24/1 3098/23/1 3100/22/1 3102/21/1 3104/20/1 3090/19/1
f 3101/17/2652 3103/27/2652 3104/26/2652 3102/16/2652
f 3103/27/2653 3089/28/2653 3090/4/2653 3104/26/2653
f 3089/29/90 3103/36/90 3101/35/90 3099/34/90 3097/33/90 3095/32/90 3093/31/90 3091/30/90
f 3189/5/2734 3191/7/2734 3192/6/2734 3190/3/2734
f 3191/7/2735 3193/9/2735 3194/8/2735 3192/6/2735
f 3193/9/2736 3195/11/2736 3196/10/2736 3194/8/2736
f 3195/11/2737 3197/13/2737 3198/12/2737 3196/10/2737
f 3197/13/2738 3199/15/2738 3200/14/2738 3198/12/2738
f 3199/15/2739 3201/17/2739 3202/16/2739 3200/14/2739
f 3192/18/1 3194/25/1 3196/24/1 3198/23/1 3200/22/1 3202/21/1 3204/20/1 3190/19/1
f 3201/17/2740 3203/27/2740 3204/26/2740 3202/16/2740
f 3203/27/2741 3189/28/2741 3190/4/2741 3204/26/2741
f 3189/29/90 3203/36/90 3201/35/90 3199/34/90 3197/33/90 3195/32/90 3193/31/90 3191/30/90
f 3289/5/2822 3291/7/2822 3292/6/2822 3290/3/2822
f 3291/7/2823 3293/9/2823 3294/8/2823 3292/6/2823
f 3293/9/2824 3295/11/2824 3296/10/2824 3294/8/2824
f 3295/11/2825 3297/13/2825 3298/12/2825 3296/10/2825
f 3297/13/2826 3299/15/2826 3300/14/2826 3298/12/2826
f 3299/15/2827 3301/17/2827 3302/16/2827 3300/14/2827
f 3292/18/1 3294/25/1 3296/24/1 3298/23/1 3300/22/1 3302/21/1 3304/20/1 3290/19/1
f 3301/17/2828 3303/27/2828 3304/26/2828 3302/16/2828
f 3303/27/2829 3289/28/2829 3290/4/2829 3304/26/2829
f 3289/29/90 3303/36/90 3301/35/90 3299/34/90 3297/33/90 3295/32/90 3293/31/90 3291/30/90
f 3389/5/2910 3391/7/2910 3392/6/2910 3390/3/2910
f 3391/7/2911 3393/9/2911 3394/8/2911 3392/6/2911
f 3393/9/2912 3395/11/2912 3396/10/2912 3394/8/2912
f 3395/11/2913 3397/13/2913 3398/12/2913 3396/10/2913
f 3397/13/2914 3399/15/2914 3400/14/2914 3398/12/2914
f 3399/15/2915 3401/17/2915 3402/16/2915 3400/14/2915
f 3392/18/1 3394/25/1 3396/24/1 3398/23/1 3400/22/1 3402/21/1 3404/20/1 3390/19/1
f 3401/17/2916 3403/27/2916 3404/26/2916 3402/16/2916
f 3403/27/2917 3389/28/2917 3390/4/2917 3404/26/2917
f 3389/29/90 3403/36/90 3401/35/90 3399/34/90 3397/33/90 3395/32/90 3393/31/90 3391/30/90
f 3489/5/2998 3491/7/2998 3492/6/2998 3490/3/2998
f 3491/7/2999 3493/9/2999 3494/8/2999 3492/6/2999
f 3493/9/3000 3495/11/3000 3496/10/3000 3494/8/3000
f 3495/11/3001 3497/13/3001 3498/12/3001 3496/10/3001
f 3497/13/3002 3499/15/3002 3500/14/3002 3498/12/3002
f 3499/15/3003 3501/17/3003 3502/16/3003 3500/14/3003
f 3492/18/1 3494/25/1 3496/24/1 3498/23/1 3500/22/1 3502/21/1 3504/20/1 3490/19/1
f 3501/17/3004 3503/27/3004 3504/26/3004 3502/16/3004
f 3503/27/3005 3489/28/3005 3490/4/3005 3504/26/3005
f 3489/29/90 3503/36/90 3501/35/90 3499/34/90 3497/33/90 3495/32/90 3493/31/90 3491/30/90
f 3589/5/3086 3591/7/3086 3592/6/3086 3590/3/3086
f 3591/7/3087 3593/9/3087 3594/8/3087 3592/6/3087
f 3593/9/3088 3595/11/3088 3596/10/3088 3594/8/3088
f 3595/11/3089 3597/13/3089 3598/12/3089 3596/10/3089
f 3597/13/3090 3599/15/3090 3600/14/3090 3598/12/3090
f 3599/15/3091 3601/17/3091 3602/16/3091 3600/14/3091
f 3592/18/1 3594/25/1 3596/24/1 3598/23/1 3600/22/1 3602/21/1 3604/20/1 3590/19/1
f 3601/17/3092 3603/27/3092 3604/26/3092 3602/16/3092
f 3603/27/3093 3589/28/3093 3590/4/3093 3604/26/3093
f 3589/29/90 3603/36/90 3601/35/90 3599/34/90 3597/33/90 3595/32/90 3593/31/90 3591/30/90
f 3689/5/3174 3691/7/3174 3692/6/3174 3690/3/3174
f 3691/7/3175 3693/9/3175 3694/8/3175 3692/6/3175
f 3693/9/3176 3695/11/3176 3696/10/3176 3694/8/3176
f 3695/11/3177 3697/13/3177 3698/12/3177 3696/10/3177
f 3697/13/3178 3699/15/3178 3700/14/3178 3698/12/3178
f 3699/15/3179 3701/17/3179 3702/16/3179 3700/14/3179
f 3692/18/1 3694/25/1 3696/24/1 3698/23/1 3700/22/1 3702/21/1 3704/20/1 3690/19/1
f 3701/17/3180 3703/27/3180 3704/26/3180 3702/16/3180
f 3703/27/3181 3689/28/3181 3690/4/3181 3704/26/3181
f 3689/29/90 3703/36/90 3701/35/90 3699/34/90 3697/33/90 3695/32/90 3693/31/90 3691/30/90
f 3789/5/3262 3791/7/3262 3792/6/3262 3790/3/3262
f 3791/7/3263 3793/9/3263 3794/8/3263 3792/6/3263
f 3793/9/3264 3795/11/3264 3796/10/3264 3794/8/3264
f 3795/11/3265 3797/13/3265 3798/12/3265 3796/10/3265
f 3797/13/3266 3799/15/3266 3800/14/3266 3798/12/3266
f 3799/15/3267 3801/17/3267 3802/16/3267 3800/14/3267
f 3792/18/1 3794/25/1 3796/24/1 3798/23/1 3800/22/1 3802/21/1 3804/20/1 3790/19/1
f 3801/17/3268 3803/27/3268 3804/26/3268 3802/16/3268
f 3803/27/3269 3789/28/3269 3790/4/3269 3804/26/3269
f 3789/29/90 3803/36/90 3801/35/90 3799/34/90 3797/33/90 3795/32/90 3793/31/90 3791/30/90
f 3889/5/3350 3891/7/3350 3892/6/3350 3890/3/3350
f 3891/7/3351 3893/9/3351 3894/8/3351 3892/6/3351
f 3893/9/3352 3895/11/3352 3896/10/3352 3894/8/3352
f 3895/11/3353 3897/13/3353 3898/12/3353 3896/10/3353
f 3897/13/3354 3899/15/3354 3900/14/3354 3898/12/3354
f 3899/15/3355 3901/17/3355 3902/16/3355 3900/14/3355
f 3892/18/1 3894/25/1 3896/24/1 3898/23/1 3900/22/1 3902/21/1 3904/20/1 3890/19/1
f 3901/17/3356 3903/27/3356 3904/26/3356 3902/16/3356
f 3903/27/3357 3889/28/3357 3890/4/3357 3904/26/3357
f 3889/29/90 3903/36/90 3901/35/90 3899/34/90 3897/33/90 3895/32/90 3893/31/90 3891/30/90
f 3989/5/3438 3991/7/3438 3992/6/3438 3990/3/3438
f 3991/7/3439 3993/9/3439 3994/8/3439 3992/6/3439
f 3993/9/3440 3995/11/3440 3996/10/3440 3994/8/3440
f 3995/11/3441 3997/13/3441 3998/12/3441 3996/10/3441
f 3997/13/3442 3999/15/3442 4000/14/3442 3998/12/3442
f 3999/15/3443 4001/17/3443 4002/16/3443 4000/14/3443
f 3992/18/1 3994/25/1 3996/24/1 3998/23/1 4000/22/1 4002/21/1 4004/20/1 3990/19/1
f 4001/17/3444 4003/27/3444 4004/26/3444 4002/16/3444
f 4003/27/3445 3989/28/3445 3990/4/3445 4004/26/3445
f 3989/29/90 4003/36/90 4001/35/90 3999/34/90 3997/33/90 3995/32/90 3993/31/90 3991/30/90
f 4089/5/3526 4091/7/3526 4092/6/3526 4090/3/3526
f 4091/7/3527 4093/9/3527 4094/8/3527 4092/6/3527
f 4093/9/3528 4095/11/3528 4096/10/3528 4094/8/3528
f 4095/11/3529 4097/13/3529 4098/12/3529 4096/10/3529
f 4097/13/3530 4099/15/3530 4100/14/3530 4098/12/3530
f 4099/15/3531 4101/17/3531 4102/16/3531 4100/14/3531
f 4092/18/1 4094/25/1 4096/24/1 4098/23/1 4100/22/1 4102/21/1 4104/20/1 4090/19/1
f 4101/17/3532 4103/27/3532 4104/26/3532 4102/16/3532
f 4103/27/3533 4089/28/3533 4090/4/3533 4104/26/3533
f 4089/29/90 4103/36/90 4101/35/90 4099/34/90 4097/33/90 4095/32/90 4093/31/90 4091/30/90
f 4189/5/3614 4191/7/3614 4192/6/3614 4190/3/3614
f 4191/7/3615 4193/9/3615 4194/8/3615 4192/6/3615
f 4193/9/3616 4195/11/3616 4196/10/3616 4194/8/3616
f 4195/11/3617 4197/13/3617 4198/12/3617 4196/10/3617
f 4197/13/3618 4199/15/3618 4200/14/3618 4198/12/3618
f 4199/15/3619 4201/17/3619 4202/16/3619 4200/14/3619
f 4192/18/1 4194/25/1 4196/24/1 4198/23/1 4200/22/1 4202/21/1 4204/20/1 4190/19/1
f 4201/17/3620 4203/27/3620 4204/26/3620 4202/16/3620
f 4203/27/3621 4189/28/3621 4190/4/3621 4204/26/3621
f 4189/29/90 4203/36/90 4201/35/90 4199/34/90 4197/33/90 4195/32/90 4193/31/90 4191/30/90
f 4289/5/3702 4291/7/3702 4292/6/3702 4290/3/3702
f 4291/7/3703 4293/9/3703 4294/8/3703 4292/6/3703
f 4293/9/3704 4295/11/3704 4296/10/3704 4294/8/3704
f 4295/11/3705 4297/13/3705 4298/12/3705 4296/10/3705
f 4297/13/3706 4299/15/3706 4300/14/3706 4298/12/3706
f 4299/15/3707 4301/17/3707 4302/16/3707 4300/14/3707
f 4292/18/1 4294/25/1 4296/24/1 4298/23/1 4300/22/1 4302/21/1 4304/20/1 4290/19/1
f 4301/17/3708 4303/27/3708 4304/26/3708 4302/16/3708
f 4303/27/3709 4289/28/3709 4290/4/3709 4304/26/3709
f 4289/29/90 4303/36/90 4301/35/90 4299/34/90 4297/33/90 4295/32/90 4293/31/90 4291/30/90
f 4389/5/3790 4391/7/3790 4392/6/3790 4390/3/3790
f 4391/7/3791 4393/9/3791 4394/8/3791 4392/6/3791
f 4393/9/3792 4395/11/3792 4396/10/3792 4394/8/3792
f 4395/11/3793 4397/13/3793 4398/12/3793 4396/10/3793
f 4397/13/3794 4399/15/3794 4400/14/3794 4398/12/3794
f 4399/15/3795 4401/17/3795 4402/16/3795 4400/14/3795
f 4392/18/1 4394/25/1 4396/24/1 4398/23/1 4400/22/1 4402/21/1 4404/20/1 4390/19/1
f 4401/17/3796 4403/27/3796 4404/26/3796 4402/16/3796
f 4403/27/3797 4389/28/3797 4390/4/3797 4404/26/3797
f 4389/29/90 4403/36/90 4401/35/90 4399/34/90 4397/33/90 4395/32/90 4393/31/90 4391/30/90
f 4489/5/3878 4491/7/3878 4492/6/3878 4490/3/3878
f 4491/7/3879 4493/9/3879 4494/8/3879 4492/6/3879
f 4493/9/3880 4495/11/3880 4496/10/3880 4494/8/3880
f 4495/11/3881 4497/13/3881 4498/12/3881 4496/10/3881
f 4497/13/3882 4499/15/3882 4500/14/3882 4498/12/3882
f 4499/15/3883 4501/17/3883 4502/16/3883 4500/14/3883
f 4492/18/1 4494/25/1 4496/24/1 4498/23/1 4500/22/1 4502/21/1 4504/20/1 4490/19/1
f 4501/17/3884 4503/27/3884 4504/26/3884 4502/16/3884
f 4503/27/3885 4489/28/3885 4490/4/3885 4504/26/3885
f 4489/29/90 4503/36/90 4501/35/90 4499/34/90 4497/33/90 4495/32/90 4493/31/90 4491/30/90
f 4589/5/3966 4591/7/3966 4592/6/3966 4590/3/3966
f 4591/7/3967 4593/9/3967 4594/8/3967 4592/6/3967
f 4593/9/3968 4595/11/3968 4596/10/3968 4594/8/3968
f 4595/11/3969 4597/13/3969 4598/12/3969 4596/10/3969
f 4597/13/3970 4599/15/3970 4600/14/3970 4598/12/3970
f 4599/15/3971 4601/17/3971 4602/16/3971 4600/14/3971
f 4592/18/1 4594/25/1 4596/24/1 4598/23/1 4600/22/1 4602/21/1 4604/20/1 4590/19/1
f 4601/17/3972 4603/27/3972 4604/26/3972 4602/16/3972
f 4603/27/3973 4589/28/3973 4590/4/3973 4604/26/3973
f 4589/29/90 4603/36/90 4601/35/90 4599/34/90 4597/33/90 4595/32/90 4593/31/90 4591/30/90
f 4689/5/4054 4691/7/4054 4692/6/4054 4690/3/4054
f 4691/7/4055 4693/9/4055 4694/8/4055 4692/6/4055
f 4693/9/4056 4695/11/4056 4696/10/4056 4694/8/4056
f 4695/11/4057 4697/13/4057 4698/12/4057 4696/10/4057
f 4697/13/4058 4699/15/4058 4700/14/4058 4698/12/4058
f 4699/15/4059 4701/17/4059 4702/16/4059 4700/14/4059
f 4692/18/1 4694/25/1 4696/24/1 4698/23/1 4700/22/1 4702/21/1 4704/20/1 4690/19/1
f 4701/17/4060 4703/27/4060 4704/26/4060 4702/16/4060
f 4703/27/4061 4689/28/4061 4690/4/4061 4704/26/4061
f 4689/29/90 4703/36/90 4701/35/90 4699/34/90 4697/33/90 4695/32/90 4693/31/90 4691/30/90
f 4789/5/4142 4791/7/4142 4792/6/4142 4790/3/4142
f 4791/7/4143 4793/9/4143 4794/8/4143 4792/6/4143
f 4793/9/4144 4795/11/4144 4796/10/4144 4794/8/4144
f 4795/11/4145 4797/13/4145 4798/12/4145 4796/10/4145
f 4797/13/4146 4799/15/4146 4800/14/4146 4798/12/4146
f 4799/15/4147 4801/17/4147 4802/16/4147 4800/14/4147
f 4792/18/1 4794/25/1 4796/24/1 4798/23/1 4800/22/1 4802/21/1 4804/20/1 4790/19/1
f 4801/17/4148 4803/27/4148 4804/26/4148 4802/16/4148
f 4803/27/4149 4789/28/4149 4790/4/4149 4804/26/4149
f 4789/29/90 4803/36/90 4801/35/90 4799/34/90 4797/33/90 4795/32/90 4793/31/90 4791/30/90
f 4889/5/4230 4891/7/4230 4892/6/4230 4890/3/4230
f 4891/7/4231 4893/9/4231 4894/8/4231 4892/6/4231
f 4893/9/4232 4895/11/4232 4896/10/4232 4894/8/4232
f 4895/11/4233 4897/13/4233 4898/12/4233 4896/10/4233
f 4897/13/4234 4899/15/4234 4900/14/4234 4898/12/4234
f 4899/15/4235 4901/17/4235 4902/16/4235 4900/14/4235
f 4892/18/1 4894/25/1 4896/24/1 4898/23/1 4900/22/1 4902/21/1 4904/20/1 4890/19/1
f 4901/17/4236 4903/27/4236 4904/26/4236 4902/16/4236
f 4903/27/4237 4889/28/4237 4890/4/4237 4904/26/4237
f 4889/29/90 4903/36/90 4901/35/90 4899/34/90 4897/33/90 4895/32/90 4893/31/90 4891/30/90
f 4905/5/4238 4907/7/4238 4908/6/4238 4906/3/4238
f 4907/7/4239 4909/9/4239 4910/8/4239 4908/6/4239
f 4909/9/4240 4911/11/4240 4912/10/4240 4910/8/4240
f 4911/11/4241 4913/13/4241 4914/12/4241 4912/10/4241
f 4913/13/4242 4915/15/4242 4916/14/4242 4914/12/4242
f 4915/15/4243 4917/17/4243 4918/16/4243 4916/14/4243
f 4908/18/4244 4910/25/4244 4912/24/4244 4914/23/4244 4916/22/4244 4918/21/4244 4920/20/4244 4906/19/4244
f 4917/17/4245 4919/27/4245 4920/26/4245 4918/16/4245
f 4919/27/4246 4905/28/4246 4906/4/4246 4920/26/4246
f 4905/29/4247 4919/36/4247 4917/35/4247 4915/34/4247 4913/33/4247 4911/32/4247 4909/31/4247 4907/30/4247
f 4921/5/4248 4923/7/4248 4924/6/4248 4922/3/4248
f 4923/7/4249 4925/9/4249 4926/8/4249 4924/6/4249
f 4925/9/4250 4927/11/4250 4928/10/4250 4926/8/4250
f 4927/11/4251 4929/13/4251 4930/12/4251 4928/10/4251
f 4929/13/4252 4931/15/4252 4932/14/4252 4930/12/4252
f 4931/15/4253 4933/17/4253 4934/16/4253 4932/14/4253
f 4924/18/4254 4926/25/4254 4928/24/4254 4930/23/4254 4932/22/4254 4934/21/4254 4936/20/4254 4922/19/4254
f 4933/17/4255 4935/27/4255 4936/26/4255 4934/16/4255
f 4935/27/4256 4921/28/4256 4922/4/4256 4936/26/4256
f 4921/29/4257 4935/36/4257 4933/35/4257 4931/34/4257 4929/33/4257 4927/32/4257 4925/31/4257 4923/30/4257
f 4937/5/4258 4939/7/4258 4940/6/4258 4938/3/4258
f 4939/7/4259 4941/9/4259 4942/8/4259 4940/6/4259
f 4941/9/4260 4943/11/4260 4944/10/4260 4942/8/4260
f 4943/11/4261 4945/13/4261 4946/12/4261 4944/10/4261
f 4945/13/4262 4947/15/4262 4948/14/4262 4946/12/4262
f 4947/15/4263 4949/17/4263 4950/16/4263 4948/14/4263
f 4940/18/4264 4942/25/4264 4944/24/4264 4946/23/4264 4948/22/4264 4950/21/4264 4952/20/4264 4938/19/4264
f 4949/17/4265 4951/27/4265 4952/26/4265 4950/16/4265
f 4951/27/4266 4937/28/4266 4938/4/4266 4952/26/4266
f 4937/29/4267 4951/36/4267 4949/35/4267 4947/34/4267 4945/33/4267 4943/32/4267 4941/31/4267 4939/30/4267
f 4953/5/4268 4955/7/4268 4956/6/4268 4954/3/4268
f 4955/7/4269 4957/9/4269 4958/8/4269 4956/6/4269
f 4957/9/4270 4959/11/4270 4960/10/4270 4958/8/4270
f 4959/11/4271 4961/13/4271 4962/12/4271 4960/10/4271
f 4961/13/4272 4963/15/4272 4964/14/4272 4962/12/4272
f 4963/15/4273 4965/17/4273 4966/16/4273 4964/14/4273
f 4956/18/4274 4958/25/4274 4960/24/4274 4962/23/4274 4964/22/4274 4966/21/4274 4968/20/4274 4954/19/4274
f 4965/17/4275 4967/27/4275 4968/26/4275 4966/16/4275
f 4967/27/4276 4953/28/4276 4954/4/4276 4968/26/4276
f 4953/29/4277 4967/36/4277 4965/35/4277 4963/34/4277 4961/33/4277 4959/32/4277 4957/31/4277 4955/30/4277
f 4969/5/4278 4971/7/4278 4972/6/4278 4970/3/4278
f 4971/7/4279 4973/9/4279 4974/8/4279 4972/6/4279
f 4973/9/4280 4975/11/4280 4976/10/4280 4974/8/4280
f 4975/11/4281 4977/13/4281 4978/12/4281 4976/10/4281
f 4977/13/4282 4979/15/4282 4980/14/4282 4978/12/4282
f 4979/15/4283 4981/17/4283 4982/16/4283 4980/14/4283
f 4972/18/4284 4974/25/4284 4976/24/4284 4978/23/4284 4980/22/4284 4982/21/4284 4984/20/4284 4970/19/4284
f 4981/17/4285 4983/27/4285 4984/26/4285 4982/16/4285
f 4983/27/4286 4969/28/4286 4970/4/4286 4984/26/4286
f 4969/29/4287 4983/36/4287 4981/35/4287 4979/34/4287 4977/33/4287 4975/32/4287 4973/31/4287 4971/30/4287
f 4985/5/4288 4987/7/4288 4988/6/4288 4986/3/4288
f 4987/7/4289 4989/9/4289 4990/8/4289 4988/6/4289
f 4989/9/4290 4991/11/4290 4992/10/4290 4990/8/4290
f 4991/11/4291 4993/13/4291 4994/12/4291 4992/10/4291
f 4993/13/4292 4995/15/4292 4996/14/4292 4994/12/4292
f 4995/15/4293 4997/17/4293 4998/16/4293 4996/14/4293
f 4988/18/4294 4990/25/4294 4992/24/4294 4994/23/4294 4996/22/4294 4998/21/4294 5000/20/4294 4986/19/4294
f 4997/17/4295 4999/27/4295 5000/26/4295 4998/16/4295
f 4999/27/4296 4985/28/4296 4986/4/4296 5000/26/4296
f 4985/29/4297 4999/36/4297 4997/35/4297 4995/34/4297 4993/33/4297 4991/32/4297 4989/31/4297 4987/30/4297
f 5001/5/4298 5003/7/4298 5004/6/4298 5002/3/4298
f 5003/7/4299 5005/9/4299 5006/8/4299 5004/6/4299
f 5005/9/4300 5007/11/4300 5008/10/4300 5006/8/4300
f 5007/11/4301 5009/13/4301 5010/12/4301 5008/10/4301
f 5009/13/4302 5011/15/4302 5012/14/4302 5010/12/4302
f 5011/15/4303 5013/17/4303 5014/16/4303 5012/14/4303
f 5004/18/4304 5006/25/4304 5008/24/4304 5010/23/4304 5012/22/4304 5014/21/4304 5016/20/4304 5002/19/4304
f 5013/17/4305 5015/27/4305 5016/26/4305 5014/16/4305
f 5015/27/4306 5001/28/4306 5002/4/4306 5016/26/4306
f 5001/29/4307 5015/36/4307 5013/35/4307 5011/34/4307 5009/33/4307 5007/32/4307 5005/31/4307 5003/30/4307
f 5017/5/4308 5019/7/4308 5020/6/4308 5018/3/4308
f 5019/7/4309 5021/9/4309 5022/8/4309 5020/6/4309
f 5021/9/4310 5023/11/4310 5024/10/4310 5022/8/4310
f 5023/11/4311 5025/13/4311 5026/12/4311 5024/10/4311
f 5025/13/4312 5027/15/4312 5028/14/4312 5026/12/4312
f 5027/15/4313 5029/17/4313 5030/16/4313 5028/14/4313
f 5020/18/4314 5022/25/4314 5024/24/4314 5026/23/4314 5028/22/4314 5030/21/4314 5032/20/4314 5018/19/4314
f 5029/17/4315 5031/27/4315 5032/26/4315 5030/16/4315
f 5031/27/4316 5017/28/4316 5018/4/4316 5032/26/4316
f 5017/29/4317 5031/36/4317 5029/35/4317 5027/34/4317 5025/33/4317 5023/32/4317 5021/31/4317 5019/30/4317
f 5033/5/4318 5035/7/4318 5036/6/4318 5034/3/4318
f 5035/7/4319 5037/9/4319 5038/8/4319 5036/6/4319
f 5037/9/4320 5039/11/4320 5040/10/4320 5038/8/4320
f 5039/11/4321 5041/13/4321 5042/12/4321 5040/10/4321
f 5041/13/4322 5043/15/4322 5044/14/4322 5042/12/4322
f 5043/15/4323 5045/17/4323 5046/16/4323 5044/14/4323
f 5036/18/4324 5038/25/4324 5040/24/4324 5042/23/4324 5044/22/4324 5046/21/4324 5048/20/4324 5034/19/4324
f 5045/17/4325 5047/27/4325 5048/26/4325 5046/16/4325
f 5047/27/4326 5033/28/4326 5034/4/4326 5048/26/4326
f 5033/29/4327 5047/36/4327 5045/35/4327 5043/34/4327 5041/33/4327 5039/32/4327 5037/31/4327 5035/30/4327
f 5049/5/4328 5051/7/4328 5052/6/4328 5050/3/4328
f 5051/7/4329 5053/9/4329 5054/8/4329 5052/6/4329
f 5053/9/4330 5055/11/4330 5056/10/4330 5054/8/4330
f 5055/11/4331 5057/13/4331 5058/12/4331 5056/10/4331
f 5057/13/4332 5059/15/4332 5060/14/4332 5058/12/4332
f 5059/15/4333 5061/17/4333 5062/16/4333 5060/14/4333
f 5052/18/4334 5054/25/4334 5056/24/4334 5058/23/4334 5060/22/4334 5062/21/4334 5064/20/4334 5050/19/4334
f 5061/17/4335 5063/27/4335 5064/26/4335 5062/16/4335
f 5063/27/4336 5049/28/4336 5050/4/4336 5064/26/4336
f 5049/29/4337 5063/36/4337 5061/35/4337 5059/34/4337 5057/33/4337 5055/32/4337 5053/31/4337 5051/30/4337
