# Blender 5.1.2
# www.blender.org
mtllib road.mtl
o Roads.002
v 30.561003 -0.160924 1.077771
v 30.561003 -0.004096 1.077771
v 30.561056 -0.160924 -3.608549
v 30.561056 -0.004096 -3.608549
v 30.561001 -0.160924 1.733692
v 30.561001 -0.004096 1.733692
v 30.561058 -0.004096 -4.264470
v 30.561058 -0.160924 -4.264470
v 30.561056 0.069704 -3.608549
v 30.561003 0.069704 1.077771
v 30.561058 0.069704 -4.264470
v 30.561001 0.069703 1.733692
v -30.637236 -0.160933 -3.608568
v -30.637236 -0.004105 -3.608568
v -30.637289 -0.160934 1.077753
v -30.637289 -0.004106 1.077753
v -30.637234 -0.160933 -4.264489
v -30.637234 -0.004105 -4.264489
v -30.637291 -0.160934 1.733674
v -30.637291 -0.004106 1.733674
v -30.637236 0.069695 -3.608568
v -30.637289 0.069694 1.077753
v -30.637234 0.069695 -4.264489
v -30.637291 0.069694 1.733674
v 30.561003 -0.001739 -1.204357
v 30.561056 -0.001739 -1.326415
v -30.637236 -0.001748 -1.326436
v -30.637289 -0.001748 -1.204378
v 29.390795 -0.086363 -37.270657
v -29.390791 -0.086363 -37.270657
v 29.390795 -0.086363 5.235835
v -29.390789 -0.086363 5.235834
v 10.622372 0.610646 -28.188425
v 10.305302 0.576507 -27.689901
v 9.872779 0.547277 -27.301918
v 9.905387 0.511161 -26.693817
v 9.876677 0.472695 -26.071609
v 10.403666 0.459551 -25.732998
v 10.859336 0.445418 -25.397038
v 11.436229 0.453302 -25.404427
v 12.062987 0.459874 -25.376488
v 12.398126 0.495855 -25.900488
v 12.766287 0.529478 -26.380592
v 12.638927 0.561623 -26.946390
v 12.669025 0.598600 -27.537226
v 12.228521 0.613667 -27.891888
v 11.808349 0.636668 -28.356731
v 11.205916 0.616001 -28.154322
v 11.192241 2.493352 -26.583961
v 10.642689 1.311107 -27.950106
v 11.174522 1.304147 -27.910231
v 11.656244 1.303499 -27.957174
v 11.989812 1.284595 -27.573397
v 12.408624 1.273874 -27.306391
v 12.469155 1.253070 -26.789408
v 12.578348 1.232830 -26.274431
v 12.177080 1.221674 -25.913025
v 11.828761 1.209699 -25.567989
v 11.349805 1.210423 -25.500671
v 10.826328 1.206649 -25.400234
v 10.470200 1.227080 -25.793457
v 10.085533 1.243819 -26.148642
v 10.117188 1.263757 -26.640312
v 10.015547 1.282966 -27.138884
v 10.392181 1.292450 -27.461563
v 11.160600 3.407819 -26.732758
v 10.289529 2.352306 -26.208042
v 10.339545 2.343848 -26.588060
v 10.334626 2.336849 -26.935024
v 10.620216 2.321824 -27.152777
v 10.837833 2.308658 -27.435463
v 11.207154 2.295164 -27.450310
v 11.588918 2.282561 -27.498220
v 11.818901 2.279616 -27.191919
v 12.049464 2.277391 -26.922728
v 12.070325 2.284055 -26.576269
v 12.121724 2.289487 -26.195757
v 11.815465 2.305715 -25.964146
v 11.544173 2.319321 -25.710213
v 11.189842 2.331960 -25.760714
v 10.833516 2.343718 -25.715014
v 10.617345 2.346670 -26.002558
v 11.170393 4.531618 -26.877947
v 11.015064 4.619380 -26.595987
v 10.958882 4.608735 -26.694521
v 10.895076 4.603620 -26.774427
v 10.923382 4.588791 -26.877092
v 10.923274 4.578324 -26.981699
v 11.007448 4.565643 -27.051538
v 11.087758 4.554599 -27.130354
v 11.197349 4.551298 -27.100529
v 11.299658 4.549725 -27.078802
v 11.367135 4.554733 -27.001638
v 11.447133 4.562223 -26.921021
v 11.417347 4.573861 -26.812805
v 11.399171 4.588134 -26.704504
v 11.307201 4.596321 -26.653559
v 11.231587 4.610505 -26.578426
v 11.129379 4.610010 -26.607676
v 11.137886 6.295478 -27.317596
v 10.795215 3.371916 -26.001722
v 10.649974 3.337320 -26.256004
v 10.487354 3.337593 -26.459156
v 10.557309 3.287359 -26.725214
v 10.556864 3.287766 -26.991220
v 10.769875 3.253406 -27.172295
v 10.974566 3.253756 -27.372774
v 11.252846 3.228323 -27.299236
v 11.513833 3.234115 -27.243523
v 11.686021 3.237489 -27.046894
v 11.891607 3.266001 -26.839092
v 11.815602 3.275362 -26.563242
v 11.771198 3.309238 -26.284147
v 11.536542 3.311524 -26.154509
v 11.346057 3.351551 -25.959221
v 11.084355 3.336533 -26.035305
v 11.149012 -0.080525 -26.975546
v 11.149012 2.351093 -26.975546
v 11.387465 -0.080525 -26.995949
v 11.387465 2.351093 -26.995949
v 11.570502 -0.080525 -26.841763
v 11.570502 2.351093 -26.841763
v 11.590904 -0.080525 -26.603308
v 11.590904 2.351093 -26.603308
v 11.436719 -0.080525 -26.420273
v 11.436719 2.351093 -26.420273
v 11.198266 -0.080525 -26.399870
v 11.198266 2.351093 -26.399870
v 11.015227 -0.080525 -26.554054
v 11.015227 2.351093 -26.554054
v 10.994826 -0.080525 -26.792505
v 10.994826 2.351093 -26.792505
v 7.693561 0.784690 -29.381273
v 8.402755 0.741988 -29.173464
v 9.019224 0.705426 -28.788525
v 9.738607 0.660251 -29.038958
v 10.496243 0.612135 -29.220615
v 10.720051 0.595695 -29.971495
v 10.965446 0.578017 -30.635756
v 10.756155 0.587878 -31.326395
v 10.571992 0.596099 -32.089237
v 9.825908 0.641106 -32.309906
v 9.121099 0.683162 -32.585510
v 8.485475 0.723371 -32.235916
v 7.765052 0.769623 -32.066826
v 7.491910 0.788469 -31.414288
v 7.079314 0.817240 -30.747913
v 7.531815 0.791389 -30.094328
v 9.423555 3.139651 -30.623444
v 7.972878 1.660855 -29.488485
v 7.836029 1.652148 -30.141399
v 7.612271 1.651338 -30.703943
v 7.957546 1.627692 -31.238092
v 8.132888 1.614282 -31.834108
v 8.733085 1.588259 -32.086445
v 9.313957 1.562942 -32.396557
v 9.887638 1.548987 -32.039940
v 10.423246 1.534009 -31.741253
v 10.670531 1.534914 -31.189116
v 10.973074 1.530195 -30.594980
v 10.624286 1.555750 -30.030441
v 10.331122 1.576687 -29.444824
v 9.729319 1.601626 -29.312054
v 9.165539 1.625654 -29.016714
v 8.646945 1.637517 -29.357187
v 9.255753 4.283502 -30.533731
v 10.188877 2.963226 -29.669315
v 9.714858 2.952646 -29.597397
v 9.299647 2.943892 -29.470951
v 8.938777 2.925097 -29.738476
v 8.523494 2.908629 -29.901764
v 8.377349 2.891750 -30.340387
v 8.187155 2.875985 -30.782482
v 8.475314 2.872303 -31.165247
v 8.718687 2.869519 -31.535822
v 9.127754 2.877854 -31.681250
v 9.567134 2.884649 -31.875200
v 9.951838 2.904948 -31.587654
v 10.351217 2.921968 -31.349876
v 10.413628 2.937776 -30.906559
v 10.592333 2.952484 -30.494265
v 10.321904 2.956177 -30.134613
v 9.077887 5.689193 -30.495060
v 9.470660 5.798970 -30.406364
v 9.371776 5.785655 -30.304623
v 9.297923 5.779255 -30.200191
v 9.164724 5.760707 -30.198540
v 9.039066 5.747613 -30.162071
v 8.925900 5.731752 -30.238956
v 8.803292 5.717939 -30.308077
v 8.801062 5.713809 -30.450125
v 8.791627 5.711841 -30.580610
v 8.860907 5.718106 -30.688499
v 8.929990 5.727476 -30.812634
v 9.070371 5.742032 -30.814440
v 9.206820 5.759884 -30.830217
v 9.299988 5.770126 -30.737404
v 9.416538 5.787868 -30.672644
v 9.416903 5.787249 -30.539671
v 8.560884 7.895497 -30.303261
v 10.261121 4.238593 -30.348639
v 10.006025 4.195319 -30.085775
v 9.818406 4.195661 -29.819790
v 9.474403 4.132826 -29.811419
v 9.154914 4.133334 -29.718472
v 8.863330 4.090356 -29.911531
v 8.551324 4.090794 -30.087845
v 8.543006 4.058981 -30.447775
v 8.519291 4.066226 -30.780745
v 8.695747 4.070446 -31.055962
v 8.874022 4.106110 -31.375187
v 9.231900 4.117820 -31.379692
v 9.582690 4.160193 -31.423288
v 9.819989 4.163052 -31.186359
v 10.120827 4.213120 -31.025309
v 10.120320 4.194335 -30.684410
v 8.968038 -0.079853 -30.435461
v 8.968039 2.961709 -30.435461
v 8.860682 -0.079853 -30.714905
v 8.860683 2.961709 -30.714905
v 8.982368 -0.079853 -30.988411
v 8.982369 2.961709 -30.988411
v 9.261812 -0.079853 -31.095768
v 9.261813 2.961708 -31.095768
v 9.535320 -0.079853 -30.974081
v 9.535321 2.961708 -30.974081
v 9.642675 -0.079853 -30.694635
v 9.642676 2.961708 -30.694635
v 9.520990 -0.079853 -30.421129
v 9.520991 2.961709 -30.421129
v 9.241546 -0.079853 -30.313772
v 9.241547 2.961709 -30.313772
v 12.839627 0.664617 -29.507128
v 13.462714 0.627823 -29.375834
v 14.017942 0.596319 -29.086193
v 14.619267 0.557394 -29.349247
v 15.258033 0.515935 -29.555759
v 15.400295 0.501769 -30.215727
v 15.566869 0.486537 -30.802713
v 15.341078 0.495034 -31.382090
v 15.132065 0.502118 -32.025158
v 14.476429 0.540897 -32.165043
v 13.852591 0.577135 -32.354870
v 13.329825 0.611781 -32.012203
v 12.722191 0.651634 -31.818968
v 12.531000 0.667873 -31.240200
v 12.220929 0.692663 -30.640259
v 12.653188 0.670389 -30.108919
v 14.243093 2.693768 -30.689449
v 13.072440 1.419564 -29.617830
v 12.911394 1.412062 -30.169621
v 12.681705 1.411364 -30.637983
v 12.942750 1.390989 -31.119850
v 13.053687 1.379434 -31.643541
v 13.552494 1.357012 -31.900291
v 14.030853 1.335197 -32.205387
v 14.547440 1.323173 -31.937231
v 15.027457 1.310267 -31.716309
v 15.276663 1.311047 -31.258451
v 15.576137 1.306980 -30.768196
v 15.314097 1.329000 -30.259983
v 15.101250 1.347041 -29.737377
v 14.593101 1.368529 -29.583239
v 14.128441 1.389234 -29.291969
v 13.660256 1.399455 -29.549925
v 14.104911 3.679367 -30.601204
v 14.964100 2.541752 -29.920759
v 14.561674 2.532635 -29.827400
v 14.213397 2.525092 -29.691120
v 13.885569 2.508898 -29.896915
v 13.517935 2.494709 -30.009533
v 13.363174 2.480165 -30.376612
v 13.170341 2.466581 -30.743738
v 13.392400 2.463408 -31.091749
v 13.576797 2.461009 -31.426308
v 13.918529 2.468191 -31.578480
v 14.283073 2.474046 -31.774363
v 14.632710 2.491537 -31.552959
v 14.991640 2.506202 -31.375294
v 15.074780 2.519824 -30.998606
v 15.255758 2.532496 -30.656319
v 15.047392 2.535677 -30.329340
v 13.954686 4.890581 -30.556139
v 14.298015 4.985170 -30.506104
v 14.219840 4.973696 -30.412113
v 14.163351 4.968183 -30.317480
v 14.049033 4.952201 -30.307188
v 13.943514 4.940919 -30.267492
v 13.841176 4.927251 -30.326002
v 13.731243 4.915349 -30.377220
v 13.719867 4.911791 -30.499104
v 13.703072 4.910095 -30.610569
v 13.755403 4.915494 -30.707869
v 13.806483 4.923567 -30.819107
v 13.926960 4.936110 -30.830008
v 14.043130 4.951492 -30.852654
v 14.129349 4.960316 -30.779123
v 14.233787 4.975604 -30.731249
v 14.242955 4.975070 -30.617041
v 13.523316 6.791643 -30.356943
v 14.980924 3.640672 -30.509151
v 14.779283 3.603384 -30.266348
v 14.635817 3.603679 -30.025354
v 14.340853 3.549537 -29.995249
v 14.072578 3.549976 -29.894121
v 13.809230 3.512943 -30.040554
v 13.529449 3.513321 -30.171246
v 13.498335 3.485909 -30.479898
v 13.455786 3.492151 -30.764362
v 13.589047 3.495788 -31.012543
v 13.720938 3.526517 -31.298656
v 14.028081 3.536608 -31.326359
v 14.326533 3.573119 -31.387173
v 14.546169 3.575582 -31.199436
v 14.815333 3.618723 -31.081118
v 14.837604 3.602537 -30.788233
v 13.864287 -0.080317 -30.497623
v 13.864287 2.540444 -30.497623
v 13.753452 -0.080317 -30.730536
v 13.753452 2.540444 -30.730536
v 13.839773 -0.080317 -30.973602
v 13.839773 2.540444 -30.973602
v 14.072687 -0.080317 -31.084442
v 14.072687 2.540444 -31.084442
v 14.315755 -0.080317 -30.998116
v 14.315755 2.540445 -30.998116
v 14.426591 -0.080317 -30.765207
v 14.426591 2.540445 -30.765207
v 14.340269 -0.080317 -30.522137
v 14.340269 2.540444 -30.522137
v 14.107355 -0.080317 -30.411303
v 14.107355 2.540444 -30.411303
v 16.149372 0.608889 -29.114658
v 15.645633 0.574837 -28.808809
v 15.087454 0.545682 -28.652811
v 14.848074 0.509657 -28.094536
v 14.547620 0.471287 -27.550722
v 14.869416 0.458177 -27.015146
v 15.128594 0.444080 -26.513443
v 15.647820 0.451944 -26.265287
v 16.196047 0.458500 -25.963511
v 16.727196 0.494389 -26.284166
v 17.268492 0.527927 -26.550982
v 17.404446 0.559991 -27.113262
v 17.692287 0.596874 -27.628401
v 17.454929 0.611903 -28.140137
v 17.284414 0.634846 -28.741438
v 16.656225 0.614231 -28.826458
v 15.950502 2.486830 -27.427988
v 16.062298 1.307578 -28.892532
v 16.520353 1.300635 -28.622007
v 16.971926 1.299989 -28.451260
v 17.100782 1.281133 -27.960707
v 17.357449 1.270439 -27.536947
v 17.183281 1.249687 -27.047834
v 17.053520 1.229499 -26.539032
v 16.535030 1.218371 -26.392994
v 16.071127 1.206426 -26.238224
v 15.613028 1.207148 -26.389528
v 15.100485 1.203385 -26.530876
v 14.955624 1.223763 -27.039839
v 14.768436 1.240459 -27.527382
v 15.013877 1.260347 -27.953148
v 15.143143 1.279508 -28.443941
v 15.622502 1.288968 -28.566221
v 15.987911 3.398982 -27.575045
v 14.977120 2.346142 -27.490421
v 15.189675 2.337704 -27.808220
v 15.338499 2.330723 -28.120707
v 15.690086 2.315736 -28.189341
v 16.009558 2.302604 -28.346069
v 16.346428 2.289144 -28.196253
v 16.709030 2.276572 -28.070507
v 16.779457 2.273635 -27.695000
v 16.866791 2.271415 -27.352411
v 16.732447 2.278062 -27.033335
v 16.610376 2.283481 -26.670313
v 16.234180 2.299668 -26.598410
v 15.879405 2.313240 -26.491106
v 15.584799 2.325847 -26.692747
v 15.245923 2.337575 -26.809235
v 15.179568 2.340519 -27.161879
v 16.060789 4.519936 -27.700573
v 15.797346 4.607476 -27.516985
v 15.790612 4.596859 -27.629927
v 15.768834 4.591755 -27.729572
v 15.839488 4.576964 -27.808893
v 15.885585 4.566524 -27.902494
v 15.991713 4.553874 -27.927792
v 16.098349 4.542859 -27.962814
v 16.183193 4.539566 -27.887739
v 16.265100 4.537997 -27.823128
v 16.291374 4.542993 -27.724318
v 16.327320 4.550464 -27.616882
v 16.252893 4.562071 -27.533251
v 16.188810 4.576308 -27.444418
v 16.084057 4.584475 -27.439468
v 15.983246 4.598624 -27.405664
v 15.904749 4.598130 -27.476957
v 16.225872 6.279331 -28.108147
v 15.338281 3.363170 -27.082577
v 15.320674 3.328661 -27.374142
v 15.264945 3.328934 -27.627651
v 15.445004 3.278827 -27.834717
v 15.562080 3.279233 -28.072828
v 15.832559 3.244960 -28.140707
v 16.104164 3.245309 -28.229616
v 16.320581 3.219940 -28.040956
v 16.529396 3.225718 -27.875868
v 16.596565 3.229083 -27.623968
v 16.688673 3.257522 -27.347326
v 16.498875 3.266861 -27.134171
v 16.335907 3.300651 -26.904167
v 16.068785 3.302931 -26.891842
v 15.812176 3.342857 -26.801304
v 15.611713 3.327877 -26.984921
v 16.084764 -0.080532 -27.797306
v 16.084764 2.344932 -27.797306
v 16.307045 -0.080532 -27.710251
v 16.307045 2.344932 -27.710251
v 16.402658 -0.080532 -27.491516
v 16.402658 2.344932 -27.491516
v 16.315603 -0.080532 -27.269239
v 16.315603 2.344932 -27.269239
v 16.096870 -0.080532 -27.173622
v 16.096870 2.344931 -27.173622
v 15.874592 -0.080532 -27.260677
v 15.874592 2.344931 -27.260677
v 15.778976 -0.080532 -27.479412
v 15.778976 2.344931 -27.479412
v 15.866033 -0.080532 -27.701689
v 15.866033 2.344931 -27.701689
v 18.931896 0.678069 -28.458134
v 19.408972 0.640613 -28.019281
v 19.744333 0.608543 -27.477119
v 20.407383 0.568917 -27.394720
v 21.073807 0.526713 -27.243368
v 21.541430 0.512292 -27.747021
v 21.992392 0.496785 -28.174162
v 22.095995 0.505435 -28.798626
v 22.247393 0.512647 -29.470118
v 21.746296 0.552124 -29.933416
v 21.298996 0.589013 -30.423887
v 20.663315 0.624283 -30.395771
v 20.031036 0.664853 -30.542549
v 19.562805 0.681384 -30.135406
v 18.979513 0.706620 -29.771526
v 19.081589 0.683944 -29.081760
v 20.774920 2.743721 -28.763266
v 19.193213 1.446596 -28.433983
v 19.339136 1.438959 -29.000645
v 19.381609 1.438249 -29.529982
v 19.860603 1.417507 -29.816002
v 20.229967 1.405744 -30.216675
v 20.800013 1.382919 -30.182056
v 21.377298 1.360712 -30.200380
v 21.690006 1.348472 -29.697115
v 21.995270 1.335333 -29.254198
v 21.975340 1.336127 -28.723907
v 21.982559 1.331988 -28.139132
v 21.489002 1.354403 -27.830572
v 21.031010 1.372768 -27.483837
v 20.506132 1.394644 -27.613113
v 19.948025 1.415720 -27.599770
v 19.672373 1.426126 -28.068945
v 20.608103 3.747049 -28.757874
v 21.006313 2.588970 -27.715637
v 20.605566 2.579690 -27.843153
v 20.229900 2.572011 -27.904947
v 20.049969 2.555526 -28.255497
v 19.786760 2.541081 -28.545197
v 19.842157 2.526275 -28.946932
v 19.864252 2.512448 -29.368502
v 20.239534 2.509217 -29.557638
v 20.574858 2.506776 -29.754580
v 20.953062 2.514086 -29.710102
v 21.373955 2.520047 -29.692011
v 21.564857 2.537853 -29.316458
v 21.786631 2.552781 -28.974354
v 21.663555 2.566647 -28.601444
v 21.643995 2.579548 -28.207777
v 21.291634 2.582787 -28.029928
v 20.453194 4.980050 -28.796530
v 20.727665 5.076341 -28.574240
v 20.610382 5.064662 -28.532623
v 20.511744 5.059048 -28.479168
v 20.406338 5.042780 -28.529593
v 20.293348 5.031295 -28.549707
v 20.234200 5.017381 -28.654123
v 20.164610 5.005266 -28.756105
v 20.218021 5.001642 -28.868692
v 20.261274 4.999916 -28.974981
v 20.357660 5.005412 -29.032934
v 20.460201 5.013630 -29.103737
v 20.571312 5.026398 -29.050638
v 20.684757 5.042058 -29.010061
v 20.721989 5.051041 -28.900879
v 20.788509 5.066603 -28.804684
v 20.737154 5.066060 -28.699961
v 19.972088 6.915309 -28.846457
v 21.326944 3.707658 -28.221865
v 21.024229 3.669700 -28.114187
v 20.773375 3.669999 -27.977854
v 20.499567 3.614885 -28.104862
v 20.212193 3.615330 -28.155834
v 20.057835 3.577632 -28.420898
v 19.880913 3.578017 -28.680744
v 20.014149 3.550111 -28.967060
v 20.124802 3.556466 -29.238150
v 20.370464 3.560168 -29.386076
v 20.634645 3.591450 -29.567921
v 20.917868 3.601722 -29.432480
v 21.210695 3.638889 -29.330544
v 21.305319 3.641397 -29.052042
v 21.479383 3.685314 -28.808550
v 21.346600 3.668836 -28.540628
v 20.343653 -0.080265 -28.792316
v 20.343653 2.587639 -28.792316
v 20.367739 -0.080265 -29.053785
v 20.367739 2.587639 -29.053785
v 20.569658 -0.080265 -29.221647
v 20.569658 2.587639 -29.221647
v 20.831131 -0.080265 -29.197556
v 20.831131 2.587639 -29.197556
v 20.998991 -0.080265 -28.995640
v 20.998991 2.587639 -28.995640
v 20.974903 -0.080265 -28.734165
v 20.974903 2.587639 -28.734165
v 20.772984 -0.080265 -28.566305
v 20.772984 2.587639 -28.566305
v 20.511511 -0.080265 -28.590393
v 20.511511 2.587639 -28.590393
v 18.403330 0.626369 -21.638498
v 18.917688 0.591457 -21.955513
v 19.488888 0.561565 -22.119257
v 19.730495 0.524630 -22.693256
v 20.034817 0.485292 -23.252842
v 19.701242 0.471851 -23.799732
v 19.432095 0.457397 -24.312328
v 18.898069 0.465460 -24.563198
v 18.333946 0.472181 -24.868845
v 17.791588 0.508978 -24.536465
v 17.238453 0.543362 -24.259218
v 17.102913 0.576236 -23.681828
v 16.811327 0.614051 -23.151714
v 17.058168 0.629459 -22.628687
v 17.237097 0.652981 -22.013380
v 17.881718 0.631846 -21.930511
v 18.595697 2.551740 -23.369085
v 18.491081 1.342705 -21.866827
v 18.019621 1.335587 -22.141045
v 17.555487 1.334924 -22.313019
v 17.420027 1.315592 -22.815071
v 17.153988 1.304627 -23.247766
v 17.329212 1.283352 -23.750412
v 17.458769 1.262653 -24.272943
v 17.989344 1.251244 -24.426201
v 18.463898 1.238998 -24.588047
v 18.934589 1.239738 -24.436058
v 19.461031 1.235879 -24.294645
v 19.613028 1.256773 -23.773829
v 19.808268 1.273891 -23.275261
v 19.559542 1.294280 -22.837078
v 19.430367 1.313926 -22.333015
v 18.939745 1.323624 -22.204376
v 18.558346 3.486930 -23.218067
v 19.594069 2.407498 -23.311729
v 19.378321 2.398848 -22.984461
v 19.227873 2.391691 -22.663071
v 18.867884 2.376325 -22.590305
v 18.541418 2.362861 -22.427437
v 18.195023 2.349061 -22.578733
v 17.822414 2.336172 -22.705172
v 17.747644 2.333161 -23.089676
v 17.655767 2.330885 -23.440310
v 17.791323 2.337699 -23.768356
v 17.913992 2.343255 -24.141376
v 18.299189 2.359852 -24.217663
v 18.662186 2.373766 -24.330097
v 18.965603 2.386691 -24.125380
v 19.313824 2.398715 -24.008274
v 19.384266 2.401734 -23.647181
v 18.484486 4.636196 -23.088873
v 18.753321 4.725947 -23.278889
v 18.760998 4.715061 -23.163147
v 18.784008 4.709828 -23.061138
v 18.712111 4.694665 -22.979330
v 18.665491 4.683960 -22.883051
v 18.556856 4.670992 -22.856394
v 18.447771 4.659698 -22.819756
v 18.360273 4.656322 -22.896145
v 18.275856 4.654713 -22.961826
v 18.248243 4.659835 -23.062952
v 18.210657 4.667495 -23.172853
v 18.286392 4.679396 -23.259102
v 18.351488 4.693992 -23.350616
v 18.458851 4.702365 -23.356405
v 18.561974 4.716871 -23.391756
v 18.642937 4.716364 -23.319197
v 18.318024 6.440028 -22.669886
v 19.221004 3.450214 -23.727404
v 19.241049 3.414834 -23.428600
v 19.299915 3.415112 -23.169071
v 19.116724 3.363740 -22.955553
v 18.998325 3.364156 -22.710632
v 18.721481 3.329019 -22.639189
v 18.443630 3.329377 -22.546185
v 18.220465 3.303366 -22.738127
v 18.005251 3.309289 -22.905951
v 17.934668 3.312741 -23.163752
v 17.838345 3.341898 -23.446745
v 18.031477 3.351472 -23.666573
v 18.196981 3.386116 -23.903500
v 18.470762 3.388453 -23.917953
v 18.733227 3.429387 -24.012527
v 18.940006 3.414029 -23.825651
v 18.460566 -0.080464 -22.989534
v 18.460566 2.406258 -22.989534
v 18.232084 -0.080464 -23.077269
v 18.232084 2.406257 -23.077269
v 18.132561 -0.080464 -23.300869
v 18.132561 2.406257 -23.300869
v 18.220299 -0.080464 -23.529348
v 18.220299 2.406258 -23.529348
v 18.443897 -0.080464 -23.628874
v 18.443897 2.406257 -23.628874
v 18.672377 -0.080464 -23.541142
v 18.672377 2.406257 -23.541142
v 18.771902 -0.080464 -23.317541
v 18.771902 2.406257 -23.317541
v 18.684166 -0.080464 -23.089058
v 18.684166 2.406257 -23.089058
v 22.721729 0.628224 -19.028196
v 23.043413 0.593220 -19.541508
v 23.484234 0.563250 -19.942266
v 23.446646 0.526219 -20.565536
v 23.471832 0.486778 -21.203690
v 22.929190 0.473301 -21.547272
v 22.459690 0.458810 -21.888622
v 21.868244 0.466894 -21.877104
v 21.225433 0.473633 -21.901468
v 20.885391 0.510525 -21.361910
v 20.511192 0.544999 -20.867138
v 20.645641 0.577959 -20.287897
v 20.618818 0.615873 -19.681900
v 21.072897 0.631321 -19.321270
v 21.506882 0.654905 -18.847534
v 22.123180 0.633714 -19.059174
v 22.126471 2.558625 -20.669380
v 22.699266 1.346430 -19.272415
v 22.153700 1.339294 -19.309660
v 21.660107 1.338630 -19.258240
v 21.315472 1.319247 -19.649454
v 20.884233 1.308254 -19.920353
v 20.818638 1.286923 -20.450010
v 20.703163 1.266170 -20.977274
v 21.112118 1.254731 -21.350569
v 21.466896 1.242453 -21.706720
v 21.957514 1.243195 -21.779015
v 22.493557 1.239326 -21.885567
v 22.861383 1.260275 -21.484823
v 23.258217 1.277437 -21.123278
v 23.229118 1.297880 -20.618948
v 23.336740 1.317577 -20.108454
v 22.952776 1.327301 -19.775028
v 22.159929 3.496259 -20.517035
v 23.049461 2.414007 -21.060982
v 23.000776 2.405334 -20.671000
v 23.008186 2.398158 -20.315290
v 22.716858 2.382751 -20.090076
v 22.495665 2.369253 -19.798748
v 22.117098 2.355417 -19.781000
v 21.726000 2.342494 -19.729273
v 21.488102 2.339475 -20.041750
v 21.249861 2.337194 -20.316185
v 21.226105 2.344026 -20.671272
v 21.170809 2.349596 -21.061064
v 21.483234 2.366235 -21.300629
v 21.759659 2.380186 -21.562840
v 22.123301 2.393145 -21.513479
v 22.488337 2.405201 -21.562777
v 22.711945 2.408228 -21.269423
v 22.150879 4.648528 -20.368103
v 22.308212 4.738514 -20.658262
v 22.366489 4.727599 -20.557615
v 22.432457 4.722353 -20.476124
v 22.404137 4.707150 -20.370667
v 22.404963 4.696417 -20.263412
v 22.319134 4.683415 -20.191229
v 22.237329 4.672092 -20.109869
v 22.124760 4.668706 -20.139704
v 22.019714 4.667093 -20.161280
v 21.950003 4.672229 -20.239937
v 21.867430 4.679910 -20.322052
v 21.897228 4.691842 -20.433210
v 21.915125 4.706475 -20.544373
v 22.009075 4.714869 -20.597233
v 22.086090 4.729414 -20.674786
v 22.191084 4.728906 -20.645498
v 22.187210 6.457074 -19.917545
v 22.529566 3.459447 -21.269070
v 22.680222 3.423974 -21.009344
v 22.848345 3.424254 -20.802160
v 22.778439 3.372748 -20.528894
v 22.780712 3.373165 -20.256153
v 22.563545 3.337934 -20.069040
v 22.355043 3.338294 -19.862093
v 22.069218 3.312216 -19.935585
v 21.801245 3.318154 -19.990931
v 21.623354 3.321615 -20.191359
v 21.411144 3.350848 -20.403013
v 21.487188 3.360447 -20.686369
v 21.530807 3.395182 -20.972830
v 21.770519 3.397525 -21.107351
v 21.964491 3.438566 -21.308882
v 22.233337 3.423167 -21.232662
v 22.173470 -0.080457 -20.268179
v 22.173470 2.412763 -20.268179
v 21.929121 -0.080457 -20.245632
v 21.929121 2.412763 -20.245632
v 21.740395 -0.080457 -20.402470
v 21.740395 2.412763 -20.402470
v 21.717848 -0.080457 -20.646818
v 21.717848 2.412763 -20.646818
v 21.874685 -0.080457 -20.835545
v 21.874685 2.412763 -20.835545
v 22.119034 -0.080457 -20.858093
v 22.119034 2.412763 -20.858093
v 22.307756 -0.080457 -20.701254
v 22.307756 2.412763 -20.701254
v 22.330305 -0.080457 -20.456905
v 22.330305 2.412763 -20.456905
v 2.028610 0.709149 -23.289957
v 2.158370 0.670164 -22.627861
v 2.105597 0.636784 -21.966438
v 2.611001 0.595541 -21.488743
v 3.076747 0.551613 -20.951141
v 3.779349 0.536604 -21.085463
v 4.420831 0.520464 -21.165871
v 4.892529 0.529467 -21.625849
v 5.433298 0.536973 -22.095814
v 5.298450 0.578062 -22.793213
v 5.225472 0.616458 -23.480253
v 4.674926 0.653167 -23.848379
v 4.235008 0.695393 -24.361111
v 3.591362 0.712599 -24.308115
v 2.877868 0.738865 -24.362316
v 2.538457 0.715264 -23.720821
v 3.762593 2.859134 -22.410231
v 2.232924 1.509052 -23.108673
v 2.704506 1.501104 -23.494081
v 3.066309 1.500364 -23.911926
v 3.644344 1.478776 -23.856689
v 4.201068 1.466533 -23.965178
v 4.657901 1.442775 -23.584877
v 5.153431 1.419662 -23.244524
v 5.105623 1.406922 -22.629684
v 5.088760 1.393247 -22.070051
v 4.745277 1.394073 -21.637518
v 4.390995 1.389765 -21.142548
v 3.786855 1.413096 -21.187853
v 3.189021 1.432210 -21.179216
v 2.828408 1.454979 -21.611090
v 2.352037 1.476916 -21.943806
v 2.409920 1.487746 -22.507214
v 3.619341 3.903424 -22.508499
v 3.311143 2.698066 -21.388874
v 3.053566 2.688406 -21.742779
v 2.776528 2.680414 -22.026096
v 2.841609 2.663256 -22.431019
v 2.799337 2.648221 -22.836216
v 3.093352 2.632811 -23.139065
v 3.371657 2.618418 -23.479067
v 3.802996 2.615056 -23.406471
v 4.205625 2.612515 -23.365042
v 4.495463 2.620124 -23.094681
v 4.837370 2.626328 -22.820154
v 4.766086 2.644861 -22.387499
v 4.741307 2.660398 -21.963881
v 4.408286 2.674831 -21.726917
v 4.149299 2.688258 -21.408756
v 3.744143 2.691629 -21.476696
v 3.513222 5.186764 -22.636385
v 3.606480 5.286986 -22.280790
v 3.482455 5.274830 -22.318151
v 3.366776 5.268987 -22.334095
v 3.309435 5.252055 -22.441343
v 3.227050 5.240101 -22.527840
v 3.241777 5.225619 -22.651875
v 3.246245 5.213008 -22.780294
v 3.360423 5.209238 -22.841827
v 3.462199 5.207441 -22.904329
v 3.578758 5.213162 -22.893547
v 3.708401 5.221716 -22.889753
v 3.768883 5.235005 -22.776749
v 3.839040 5.251304 -22.672806
v 3.802995 5.260653 -22.558285
v 3.799516 5.276851 -22.436605
v 3.691908 5.276286 -22.380400
v 3.140427 7.201033 -22.974718
v 3.892033 3.862425 -21.615938
v 3.571760 3.822917 -21.712147
v 3.277328 3.823229 -21.752365
v 3.125916 3.765863 -22.027624
v 2.916270 3.766329 -22.247459
v 2.950127 3.727091 -22.564920
v 2.961837 3.727491 -22.891899
v 3.250026 3.698446 -23.049967
v 3.509888 3.705060 -23.209173
v 3.807106 3.708913 -23.181885
v 4.140758 3.741473 -23.171627
v 4.294871 3.752164 -22.883499
v 4.477689 3.790849 -22.617548
v 4.385447 3.793459 -22.325630
v 4.381416 3.839169 -22.014126
v 4.104942 3.822019 -21.871210
v 3.418740 -0.080145 -22.700348
v 3.418740 2.696681 -22.700348
v 3.600063 -0.080145 -22.904833
v 3.600063 2.696680 -22.904833
v 3.872872 -0.080145 -22.921209
v 3.872872 2.696680 -22.921209
v 4.077358 -0.080145 -22.739885
v 4.077358 2.696680 -22.739885
v 4.093737 -0.080145 -22.467077
v 4.093737 2.696680 -22.467077
v 3.912414 -0.080145 -22.262589
v 3.912414 2.696680 -22.262589
v 3.639604 -0.080145 -22.246212
v 3.639604 2.696681 -22.246212
v 3.435118 -0.080145 -22.427534
v 3.435118 2.696681 -22.427534
v 7.257780 0.653377 -24.433178
v 7.093441 0.617136 -23.827890
v 6.777228 0.586106 -23.298286
v 7.001900 0.547766 -22.692102
v 7.168856 0.506930 -22.052298
v 7.809786 0.492977 -21.875086
v 8.377581 0.477974 -21.678093
v 8.960073 0.486343 -21.867369
v 9.604250 0.493321 -22.036543
v 9.778878 0.531517 -22.673349
v 10.000816 0.567211 -23.276064
v 9.693421 0.601336 -23.809500
v 9.537758 0.640590 -24.417940
v 8.979444 0.656585 -24.638670
v 8.407022 0.681002 -24.977499
v 7.860090 0.659063 -24.582483
v 8.341055 2.652033 -22.986229
v 7.353474 1.396978 -24.197983
v 7.905180 1.389589 -24.325146
v 8.378730 1.388901 -24.524527
v 8.837811 1.368833 -24.240583
v 9.346514 1.357452 -24.101881
v 9.570782 1.335366 -23.596865
v 9.843745 1.313880 -23.109222
v 9.550847 1.302037 -22.616405
v 9.306461 1.289324 -22.156868
v 8.842135 1.290092 -21.937702
v 8.343112 1.286087 -21.670935
v 7.858183 1.307776 -21.957346
v 7.356310 1.325545 -22.196198
v 7.233472 1.346711 -22.704603
v 6.973333 1.367104 -23.177994
v 7.253463 1.377172 -23.623793
v 8.262094 3.622818 -23.127100
v 7.544392 2.502301 -22.320694
v 7.475348 2.493321 -22.721697
v 7.361032 2.485892 -23.071878
v 7.581934 2.469940 -23.382612
v 7.713465 2.455964 -23.737755
v 8.083183 2.441639 -23.869184
v 8.455097 2.428260 -24.038046
v 8.784756 2.425134 -23.800009
v 9.103314 2.422771 -23.599770
v 9.233632 2.429845 -23.255121
v 9.405639 2.435612 -22.885572
v 9.168153 2.452841 -22.554277
v 8.973149 2.467284 -22.211370
v 8.598034 2.480701 -22.150911
v 8.251212 2.493184 -21.992304
v 7.941460 2.496318 -22.215685
v 8.226271 4.815827 -23.277374
v 8.157656 4.908995 -22.942591
v 8.069651 4.897695 -23.024775
v 7.979790 4.892263 -23.085678
v 7.976135 4.876522 -23.198671
v 7.943063 4.865410 -23.304680
v 8.006387 4.851948 -23.402004
v 8.062966 4.840225 -23.507210
v 8.183461 4.836720 -23.511507
v 8.294022 4.835049 -23.521717
v 8.386741 4.840366 -23.464758
v 8.493242 4.848319 -23.408237
v 8.497146 4.860672 -23.289150
v 8.512845 4.875824 -23.173634
v 8.435666 4.884515 -23.093010
v 8.382687 4.899573 -22.993019
v 8.269859 4.899047 -22.990461
v 8.054782 6.688318 -23.712822
v 8.122041 3.584704 -22.270882
v 7.894678 3.547978 -22.482891
v 7.665810 3.548267 -22.637596
v 7.652888 3.494940 -22.929352
v 7.568616 3.495372 -23.198875
v 7.727498 3.458895 -23.449562
v 7.871833 3.459267 -23.717291
v 8.177107 3.432268 -23.730434
v 8.459236 3.438416 -23.756191
v 8.695748 3.441999 -23.611118
v 8.969640 3.472266 -23.465246
v 8.979514 3.482204 -23.161652
v 9.022443 3.518167 -22.864731
v 8.825413 3.520593 -22.659370
v 8.693846 3.563085 -22.401375
v 8.404573 3.547142 -22.396036
v 8.173841 -0.080360 -23.369574
v 8.173841 2.501013 -23.369574
v 8.409142 -0.080360 -23.465393
v 8.409142 2.501013 -23.465393
v 8.643282 -0.080360 -23.366764
v 8.643282 2.501013 -23.366764
v 8.739101 -0.080360 -23.131468
v 8.739101 2.501013 -23.131468
v 8.640473 -0.080360 -22.897329
v 8.640473 2.501013 -22.897329
v 8.405172 -0.080360 -22.801506
v 8.405172 2.501013 -22.801506
v 8.171034 -0.080360 -22.900133
v 8.171034 2.501013 -22.900133
v 8.075213 -0.080360 -23.135433
v 8.075213 2.501013 -23.135433
v 7.405344 0.679087 -18.903332
v 7.075860 0.641581 -19.462584
v 6.912211 0.609468 -20.079603
v 6.300862 0.569789 -20.351398
v 5.706336 0.527528 -20.690243
v 5.111789 0.513088 -20.343666
v 4.555458 0.497561 -20.065552
v 4.274571 0.506222 -19.497337
v 3.934207 0.513443 -18.897970
v 4.279599 0.552973 -18.308315
v 4.565537 0.589912 -17.708267
v 5.182806 0.625229 -17.550323
v 5.745942 0.665853 -17.225788
v 6.313004 0.682406 -17.479721
v 6.977724 0.707676 -17.658728
v 7.080533 0.684970 -18.349331
v 5.550670 2.747501 -19.146999
v 7.161981 1.448641 -19.002476
v 6.857354 1.440995 -18.501957
v 6.662703 1.440283 -18.007120
v 6.120560 1.419514 -17.872375
v 5.650114 1.407735 -17.595892
v 5.113982 1.384879 -17.794857
v 4.555515 1.362642 -17.945198
v 4.402260 1.350386 -18.518362
v 4.238585 1.337230 -19.031536
v 4.411912 1.338025 -19.533842
v 4.575072 1.333880 -20.096256
v 5.137725 1.356326 -20.248362
v 5.677407 1.374715 -20.447392
v 6.142726 1.396620 -20.170860
v 6.681366 1.417724 -20.021322
v 6.809031 1.428144 -19.491604
v 5.712078 3.752170 -19.103651
v 5.633650 2.592543 -20.218103
v 5.980545 2.583251 -19.979366
v 6.322525 2.575562 -19.810894
v 6.392972 2.559054 -19.422678
v 6.560915 2.544590 -19.068542
v 6.390994 2.529764 -18.699724
v 6.247212 2.515918 -18.302221
v 5.832621 2.512683 -18.230141
v 5.454048 2.510238 -18.138968
v 5.104598 2.517559 -18.291584
v 4.706572 2.523527 -18.431328
v 4.632884 2.541357 -18.846695
v 4.519887 2.556305 -19.238991
v 4.746270 2.570190 -19.560501
v 4.879508 2.583108 -19.932013
v 5.268856 2.586351 -19.999941
v 5.849263 4.986820 -19.021555
v 5.650922 5.083240 -19.314373
v 5.775404 5.071545 -19.320139
v 5.885465 5.065924 -19.342669
v 5.971793 5.049633 -19.263697
v 6.074208 5.038133 -19.211559
v 6.100513 5.024201 -19.094307
v 6.137529 5.012069 -18.976357
v 6.053609 5.008441 -18.884012
v 5.981253 5.006712 -18.794746
v 5.872044 5.012216 -18.767254
v 5.753199 5.020445 -18.729235
v 5.662180 5.033230 -18.812429
v 5.565281 5.048910 -18.884304
v 5.561360 5.057905 -18.999744
v 5.525602 5.073489 -19.111261
v 5.605267 5.072945 -19.196672
v 6.295721 6.924666 -18.833790
v 5.179198 3.712726 -19.826303
v 5.500566 3.674717 -19.841434
v 5.780581 3.675017 -19.899105
v 6.005995 3.619828 -19.697773
v 6.266523 3.620275 -19.565357
v 6.337330 3.582527 -19.266478
v 6.431278 3.582911 -18.966053
v 6.220343 3.554969 -18.730463
v 6.035473 3.561332 -18.502899
v 5.757066 3.565039 -18.432606
v 5.451046 3.596364 -18.335209
v 5.219066 3.606649 -18.547350
v 4.968133 3.643866 -18.730190
v 4.958469 3.646377 -19.024563
v 4.862503 3.690353 -19.308498
v 5.067656 3.673853 -19.526590
v 5.955446 -0.080261 -18.993734
v 5.955446 2.591210 -18.993734
v 5.856321 -0.080261 -18.750204
v 5.856321 2.591210 -18.750204
v 5.614027 -0.080261 -18.648094
v 5.614027 2.591210 -18.648094
v 5.370497 -0.080261 -18.747221
v 5.370497 2.591211 -18.747221
v 5.268387 -0.080261 -18.989515
v 5.268387 2.591211 -18.989515
v 5.367514 -0.080261 -19.233046
v 5.367514 2.591210 -19.233046
v 5.609808 -0.080261 -19.335154
v 5.609808 2.591210 -19.335154
v 5.853338 -0.080261 -19.236029
v 5.853338 2.591210 -19.236029
v 13.484854 0.682289 -21.008366
v 14.116253 0.644626 -21.170240
v 14.757130 0.612378 -21.156027
v 15.189834 0.572532 -21.669985
v 15.682532 0.530094 -22.149017
v 15.514009 0.515593 -22.819235
v 15.400879 0.500001 -23.433489
v 14.931064 0.508699 -23.862934
v 14.447788 0.515950 -24.358446
v 13.782620 0.555646 -24.189701
v 13.124009 0.592740 -24.081213
v 12.799484 0.628205 -23.529789
v 12.329348 0.669000 -23.077047
v 12.416160 0.685623 -22.459188
v 12.403454 0.710998 -21.768013
v 13.041001 0.688198 -21.476223
v 14.237189 2.759394 -22.729597
v 13.648370 1.455077 -21.215485
v 13.250485 1.447398 -21.648952
v 12.827408 1.446684 -21.974741
v 12.848626 1.425828 -22.535324
v 12.713111 1.413999 -23.066271
v 13.054580 1.391047 -23.527987
v 13.355371 1.368717 -24.024799
v 13.951040 1.356409 -24.012791
v 14.491742 1.343198 -24.027565
v 14.927979 1.343996 -23.720261
v 15.425027 1.339834 -23.406006
v 15.414840 1.362374 -22.820793
v 15.456322 1.380840 -22.244658
v 15.059775 1.402837 -21.872892
v 14.765289 1.424030 -21.394974
v 14.218668 1.434493 -21.419554
v 14.150353 3.768284 -22.585979
v 15.247333 2.603785 -22.350817
v 14.920276 2.594453 -22.082756
v 14.662373 2.586732 -21.799835
v 14.268213 2.570155 -21.840147
v 13.879744 2.555630 -21.776903
v 13.571339 2.540742 -22.043690
v 13.227970 2.526838 -22.293259
v 13.274068 2.523590 -22.713318
v 13.291694 2.521134 -23.103952
v 13.536386 2.528486 -23.398499
v 13.782206 2.534479 -23.743498
v 14.203460 2.552384 -23.698734
v 14.613419 2.567394 -23.698332
v 14.860441 2.581338 -23.390274
v 15.181676 2.594310 -23.158127
v 15.138614 2.597567 -22.763580
v 14.032895 5.008121 -22.476534
v 14.370692 5.104946 -22.586206
v 14.341537 5.093202 -22.464510
v 14.332575 5.087558 -22.352053
v 14.232314 5.071198 -22.290794
v 14.153455 5.059650 -22.206539
v 14.033006 5.045660 -22.213863
v 13.908895 5.033476 -22.211050
v 13.843217 5.029833 -22.317762
v 13.777284 5.028097 -22.412460
v 13.781220 5.033624 -22.525480
v 13.777691 5.041888 -22.650736
v 13.883330 5.054726 -22.715338
v 13.979692 5.070473 -22.788767
v 14.092152 5.079505 -22.760357
v 14.209705 5.095154 -22.763748
v 14.269880 5.094608 -22.663074
v 13.727241 6.954110 -22.098207
v 14.996113 3.728675 -22.898499
v 14.921078 3.690506 -22.584255
v 14.898618 3.690807 -22.298044
v 14.641529 3.635386 -22.136740
v 14.441122 3.635835 -21.922338
v 14.133048 3.597928 -21.937389
v 13.817026 3.598314 -21.930548
v 13.648587 3.570255 -22.199743
v 13.480617 3.576644 -22.441551
v 13.490455 3.580367 -22.729736
v 13.481843 3.611822 -23.052113
v 13.751198 3.622151 -23.216738
v 13.997568 3.659525 -23.407816
v 14.284242 3.662046 -23.335039
v 14.584915 3.706207 -23.348429
v 14.738092 3.689638 -23.089693
v 13.976441 -0.080248 -22.381859
v 13.976441 2.602447 -22.381859
v 13.769156 -0.080248 -22.545406
v 13.769156 2.602446 -22.545406
v 13.738228 -0.080248 -22.807623
v 13.738228 2.602447 -22.807623
v 13.901775 -0.080248 -23.014910
v 13.901775 2.602447 -23.014910
v 14.163996 -0.080248 -23.045835
v 14.163996 2.602447 -23.045835
v 14.371281 -0.080248 -22.882292
v 14.371281 2.602447 -22.882292
v 14.402209 -0.080248 -22.620071
v 14.402209 2.602447 -22.620071
v 14.238663 -0.080248 -22.412785
v 14.238663 2.602447 -22.412785
v 22.473286 0.697845 -14.982080
v 21.833822 0.659417 -15.164840
v 21.276745 0.626513 -15.507560
v 20.630859 0.585858 -15.277874
v 19.950142 0.542557 -15.109856
v 19.753237 0.527762 -14.432784
v 19.536383 0.511853 -13.833537
v 19.728870 0.520727 -13.213269
v 19.899178 0.528126 -12.527883
v 20.571915 0.568629 -12.333771
v 21.207836 0.606477 -12.089975
v 21.777750 0.642662 -12.408397
v 22.425055 0.684286 -12.564884
v 22.666945 0.701247 -13.153747
v 23.034252 0.727138 -13.755908
v 22.623119 0.703874 -14.341365
v 20.923883 2.817161 -13.853860
v 22.222567 1.486338 -14.883926
v 22.349636 1.478503 -14.297177
v 22.554373 1.477774 -13.792276
v 22.246853 1.456494 -13.309517
v 22.092636 1.444425 -12.772102
v 21.554022 1.421006 -12.541421
v 21.033144 1.398223 -12.258861
v 20.514742 1.385665 -12.576351
v 20.030945 1.372185 -12.841930
v 19.805099 1.372999 -13.337326
v 19.529276 1.368752 -13.870182
v 19.839771 1.391750 -14.380311
v 20.100080 1.410592 -14.909078
v 20.640856 1.433036 -15.032169
v 21.146441 1.454660 -15.301327
v 21.615175 1.465336 -14.998041
v 21.074356 3.846553 -13.935599
v 20.229439 2.658390 -14.707907
v 20.655584 2.648868 -14.775471
v 21.028481 2.640990 -14.891752
v 21.354837 2.624076 -14.653162
v 21.729538 2.609256 -14.508711
v 21.863688 2.594065 -14.114858
v 22.037498 2.579879 -13.718149
v 21.780472 2.576564 -13.371968
v 21.563677 2.574059 -13.037024
v 21.196423 2.581560 -12.903696
v 20.802181 2.587675 -12.726522
v 20.454254 2.605943 -12.982984
v 20.093424 2.621259 -13.194568
v 20.034601 2.635486 -13.593142
v 19.871309 2.648722 -13.963102
v 20.112516 2.652045 -14.288381
v 21.234188 5.111587 -13.971470
v 20.880194 5.210379 -14.048928
v 20.968571 5.198396 -14.141081
v 21.034405 5.192637 -14.235502
v 21.154263 5.175945 -14.237790
v 21.267128 5.164162 -14.271361
v 21.369427 5.149888 -14.202852
v 21.480179 5.137456 -14.141383
v 21.483038 5.133739 -14.013565
v 21.492311 5.131968 -13.896196
v 21.430611 5.137607 -13.798689
v 21.369186 5.146039 -13.686563
v 21.242867 5.159138 -13.684098
v 21.120167 5.175205 -13.669080
v 21.035767 5.184420 -13.752044
v 20.930494 5.200387 -13.809624
v 20.929369 5.199831 -13.929289
v 21.698298 7.097120 -14.147169
v 20.168497 3.806139 -14.096142
v 20.396486 3.767195 -14.334224
v 20.563732 3.767501 -14.574715
v 20.873257 3.710955 -14.584308
v 21.160212 3.711413 -14.669868
v 21.423771 3.672735 -14.497884
v 21.705610 3.673129 -14.341084
v 21.715254 3.644499 -14.017223
v 21.738592 3.651019 -13.717725
v 21.581446 3.654818 -13.468997
v 21.422926 3.686912 -13.180650
v 21.100893 3.697450 -13.174448
v 20.785473 3.735584 -13.133108
v 20.570501 3.738157 -13.344908
v 20.298807 3.783215 -13.488034
v 20.297220 3.766309 -13.794818
v 21.332685 -0.080188 -14.025762
v 21.332685 2.657024 -14.025762
v 21.430973 -0.080188 -13.774929
v 21.430973 2.657024 -13.774929
v 21.323107 -0.080188 -13.528065
v 21.323107 2.657024 -13.528065
v 21.072271 -0.080188 -13.429775
v 21.072271 2.657024 -13.429775
v 20.825407 -0.080188 -13.537644
v 20.825407 2.657024 -13.537644
v 20.727123 -0.080188 -13.788476
v 20.727123 2.657024 -13.788476
v 20.834990 -0.080188 -14.035341
v 20.834990 2.657024 -14.035341
v 21.085821 -0.080188 -14.133626
v 21.085821 2.657024 -14.133626
v 7.847937 0.709691 -26.301170
v 7.798184 0.670679 -26.974485
v 7.929700 0.637277 -27.625313
v 7.484689 0.596005 -28.160336
v 7.086243 0.552048 -28.750145
v 6.372137 0.537028 -28.700705
v 5.725201 0.520877 -28.697517
v 5.201563 0.529887 -28.296921
v 4.608108 0.537398 -27.894659
v 4.658695 0.578514 -27.185663
v 4.649052 0.616937 -26.494354
v 5.152011 0.653671 -26.062788
v 5.527771 0.695926 -25.500778
v 6.173579 0.713144 -25.476471
v 6.875967 0.739428 -25.337311
v 7.289879 0.715811 -25.934061
v 6.230384 2.861149 -27.382521
v 7.666623 1.510142 -26.505707
v 7.152017 1.502188 -26.179186
v 6.742599 1.501448 -25.807312
v 6.174917 1.479845 -25.931305
v 5.608832 1.467594 -25.890085
v 5.200432 1.443819 -26.322546
v 4.748812 1.420691 -26.719938
v 4.869825 1.407942 -27.325075
v 4.953493 1.394258 -27.879063
v 5.346465 1.395084 -28.267719
v 5.757632 1.390773 -28.717123
v 6.352437 1.414120 -28.599878
v 6.947427 1.433248 -28.536974
v 7.254063 1.456032 -28.064781
v 7.687564 1.477984 -27.677265
v 7.562689 1.488822 -27.124428
v 6.360958 3.906153 -27.267765
v 6.801029 2.699969 -28.343277
v 7.014619 2.690304 -27.960875
v 7.255984 2.682306 -27.646263
v 7.142910 2.665135 -27.251749
v 7.136461 2.650091 -26.844124
v 6.808140 2.634670 -26.578398
v 6.490986 2.620267 -26.273876
v 6.071126 2.616903 -26.397575
v 5.676060 2.614360 -26.486876
v 5.420428 2.621975 -26.790138
v 5.113562 2.628182 -27.103765
v 5.236116 2.646728 -27.525091
v 5.311386 2.662276 -27.943001
v 5.670581 2.676719 -28.138607
v 5.965930 2.690155 -28.423744
v 6.360336 2.693529 -28.307796
v 6.451098 5.190372 -27.128023
v 6.400961 5.290662 -27.492458
v 6.519716 5.278498 -27.440512
v 6.632739 5.272651 -27.410837
v 6.676885 5.255707 -27.297428
v 6.748392 5.243744 -27.201645
v 6.718931 5.229254 -27.080173
v 6.699137 5.216634 -26.953119
v 6.578343 5.212861 -26.905642
v 6.469753 5.211063 -26.855709
v 6.355238 5.216787 -26.880362
v 6.226889 5.225347 -26.899630
v 6.180312 5.238645 -27.019135
v 6.123038 5.254955 -27.130789
v 6.172542 5.264311 -27.240261
v 6.190547 5.280519 -27.360737
v 6.304178 5.279954 -27.403708
v 6.781022 7.206018 -26.747305
v 6.196756 3.865126 -28.187141
v 6.503448 3.825591 -28.053261
v 6.791162 3.825903 -27.978100
v 6.908680 3.768498 -27.686525
v 7.090684 3.768963 -27.443048
v 7.019085 3.729699 -27.131693
v 6.968357 3.730099 -26.808233
v 6.663136 3.701035 -26.685650
v 6.385923 3.707654 -26.558542
v 6.093895 3.711509 -26.621195
v 5.763633 3.744091 -26.671284
v 5.644969 3.754789 -26.975965
v 5.495137 3.793501 -27.262051
v 5.621684 3.796113 -27.541048
v 5.662935 3.841854 -27.850048
v 5.954705 3.824692 -27.958982
v 6.537321 -0.080142 -27.053177
v 6.537321 2.698583 -27.053177
v 6.332723 -0.080142 -26.871695
v 6.332723 2.698583 -26.871695
v 6.059724 -0.080142 -26.888041
v 6.059724 2.698583 -26.888041
v 5.878244 -0.080142 -27.092640
v 5.878244 2.698583 -27.092640
v 5.894591 -0.080142 -27.365639
v 5.894591 2.698583 -27.365639
v 6.099188 -0.080142 -27.547117
v 6.099188 2.698583 -27.547117
v 6.372187 -0.080142 -27.530771
v 6.372187 2.698583 -27.530771
v 6.553667 -0.080142 -27.326174
v 6.553667 2.698583 -27.326174
v 12.215185 0.676574 -16.688931
v 12.689690 0.639191 -16.249170
v 13.022375 0.607184 -15.706830
v 13.683812 0.567636 -15.622128
v 14.348360 0.525515 -15.468597
v 14.816935 0.511122 -15.969517
v 15.268599 0.495646 -16.394140
v 15.374316 0.504279 -17.016991
v 15.527914 0.511476 -17.686594
v 15.029526 0.550876 -18.150839
v 14.584929 0.587693 -18.642006
v 13.950395 0.622893 -18.616312
v 13.319910 0.663384 -18.765152
v 12.851087 0.679882 -18.360552
v 12.267593 0.705069 -17.999561
v 12.366904 0.682438 -17.310774
v 14.055712 2.738170 -16.986609
v 12.475896 1.443592 -16.663857
v 12.623640 1.435970 -17.228861
v 12.667998 1.435261 -17.756992
v 13.147111 1.414560 -18.040668
v 13.517236 1.402820 -18.439178
v 14.086032 1.380039 -18.402508
v 14.662249 1.357876 -18.418650
v 14.972468 1.345660 -17.915213
v 15.275484 1.332548 -17.472034
v 15.253620 1.333339 -16.942865
v 15.258651 1.329208 -16.359217
v 14.764919 1.351580 -16.053099
v 14.306540 1.369909 -15.708747
v 13.783178 1.391741 -15.839724
v 13.226122 1.412776 -15.828485
v 12.952758 1.423161 -16.297760
v 13.889204 3.739527 -16.981846
v 14.282755 2.583723 -15.940183
v 13.883274 2.574461 -16.068939
v 13.508576 2.566797 -16.132010
v 13.330302 2.550343 -16.482540
v 13.068689 2.535927 -16.772646
v 13.125471 2.521151 -17.173384
v 13.149093 2.507350 -17.594038
v 13.524336 2.504126 -17.781404
v 13.859730 2.501689 -17.976711
v 14.237025 2.508985 -17.930914
v 14.657022 2.514934 -17.911297
v 14.846150 2.532705 -17.535774
v 15.066215 2.547604 -17.193520
v 14.941995 2.561443 -16.821804
v 14.921010 2.574318 -16.428986
v 14.568683 2.577551 -16.252800
v 13.734742 4.970107 -17.021002
v 14.007849 5.066208 -16.798132
v 13.890641 5.054552 -16.757032
v 13.791998 5.048949 -16.704050
v 13.686990 5.032712 -16.754766
v 13.574294 5.021250 -16.775265
v 13.515651 5.007364 -16.879692
v 13.446581 4.995272 -16.981731
v 13.500303 4.991655 -17.093899
v 13.543866 4.989934 -17.199816
v 13.640278 4.995419 -17.257296
v 13.742881 5.003620 -17.327578
v 13.853574 5.016363 -17.274172
v 13.966645 5.031992 -17.233253
v 14.003397 5.040957 -17.124149
v 14.069427 5.056489 -17.027899
v 14.017785 5.055947 -16.923569
v 13.254772 6.901565 -17.072620
v 14.604636 3.700213 -16.444223
v 14.302118 3.662329 -16.337885
v 14.051250 3.662628 -16.202751
v 13.778455 3.607622 -16.330526
v 13.491836 3.608067 -16.382465
v 13.338767 3.570442 -16.647589
v 13.163161 3.570826 -16.907576
v 13.297200 3.542976 -17.192829
v 13.408643 3.549318 -17.462973
v 13.654369 3.553013 -17.609697
v 13.918709 3.584233 -17.790197
v 14.200867 3.594485 -17.653975
v 14.492738 3.631580 -17.551147
v 14.586140 3.634082 -17.272844
v 14.758956 3.677912 -17.029186
v 14.625437 3.661468 -16.762285
v 13.625402 -0.080270 -17.017204
v 13.625402 2.582394 -17.017204
v 13.650414 -0.080270 -17.278072
v 13.650414 2.582394 -17.278072
v 13.852561 -0.080270 -17.444847
v 13.852561 2.582394 -17.444847
v 14.113430 -0.080270 -17.419836
v 14.113430 2.582394 -17.419836
v 14.280207 -0.080270 -17.217691
v 14.280207 2.582394 -17.217691
v 14.255195 -0.080270 -16.956820
v 14.255195 2.582394 -16.956820
v 14.053047 -0.080270 -16.790045
v 14.053047 2.582394 -16.790045
v 13.792178 -0.080270 -16.815056
v 13.792178 2.582394 -16.815056
v 2.834879 0.862993 -27.817474
v 3.522333 0.816439 -28.237642
v 4.284819 0.776579 -28.453159
v 4.609847 0.727327 -29.217361
v 5.018425 0.674871 -29.962044
v 4.576332 0.656947 -30.692959
v 4.219979 0.637674 -31.377821
v 3.509123 0.648425 -31.715002
v 2.758407 0.657388 -32.125370
v 2.033538 0.706455 -31.684847
v 1.294574 0.752305 -31.317898
v 1.110965 0.796142 -30.548634
v 0.719515 0.846567 -29.843203
v 1.046072 0.867114 -29.144531
v 1.281608 0.898480 -28.323154
v 2.140778 0.870296 -28.209452
v 3.099987 3.430424 -30.124199
v 2.953030 1.818208 -28.121502
v 2.325713 1.808716 -28.489511
v 1.707660 1.807833 -28.721136
v 1.529523 1.782053 -29.391273
v 1.176920 1.767433 -29.969580
v 1.413069 1.739062 -30.638973
v 1.588426 1.711461 -31.335106
v 2.296690 1.696247 -31.536840
v 2.930293 1.679918 -31.750294
v 3.557191 1.680904 -31.545280
v 4.258480 1.675759 -31.354097
v 4.458573 1.703620 -30.658852
v 4.716442 1.726446 -29.993061
v 4.382601 1.753635 -29.409996
v 4.207845 1.779832 -28.738485
v 3.552984 1.792765 -28.569384
v 3.049433 4.677476 -29.923008
v 4.430995 3.238082 -30.042753
v 4.141677 3.226547 -29.607422
v 3.939467 3.217003 -29.179609
v 3.459070 3.196513 -29.084366
v 3.022937 3.178559 -28.868813
v 2.561781 3.160157 -29.072277
v 2.065548 3.142970 -29.242729
v 1.967755 3.138955 -29.755829
v 1.846981 3.135920 -30.223841
v 2.029366 3.145008 -30.660608
v 2.194795 3.152416 -31.157404
v 2.708820 3.174547 -31.257210
v 3.193423 3.193101 -31.405346
v 3.597001 3.210336 -31.130846
v 4.060760 3.226371 -30.972960
v 4.152896 3.230396 -30.491114
v 2.950304 6.209991 -29.751093
v 3.309728 6.329673 -30.003139
v 3.319390 6.315157 -29.848763
v 3.349565 6.308179 -29.712624
v 3.253288 6.287959 -29.603891
v 3.190643 6.273684 -29.475739
v 3.045652 6.256391 -29.440729
v 2.900007 6.241332 -29.392420
v 2.783711 6.236828 -29.494713
v 2.671471 6.234684 -29.582720
v 2.635154 6.241514 -29.717703
v 2.585579 6.251729 -29.864435
v 2.686997 6.267598 -29.979067
v 2.774252 6.287062 -30.100777
v 2.917445 6.298226 -30.107969
v 3.055129 6.317569 -30.154587
v 3.162733 6.316894 -30.057440
v 2.726250 8.615355 -29.193214
v 3.935593 4.628516 -30.598890
v 3.960836 4.581336 -30.200348
v 4.038043 4.581708 -29.853983
v 3.792709 4.513206 -29.570173
v 3.633606 4.513761 -29.244169
v 3.264094 4.466904 -29.150280
v 2.893126 4.467382 -29.027643
v 2.596497 4.432698 -29.284693
v 2.310350 4.440597 -29.509556
v 2.217510 4.445198 -29.853672
v 2.090473 4.484079 -30.231512
v 2.349100 4.496846 -30.523689
v 2.570974 4.543043 -30.838795
v 2.936121 4.546159 -30.856709
v 3.286578 4.600745 -30.981524
v 3.561379 4.580265 -30.731297
v 2.917912 -0.079551 -29.618750
v 2.917912 3.236428 -29.618750
v 2.613676 -0.079551 -29.736872
v 2.613676 3.236428 -29.736872
v 2.482075 -0.079551 -30.035528
v 2.482075 3.236428 -30.035528
v 2.600201 -0.079551 -30.339766
v 2.600201 3.236428 -30.339766
v 2.898858 -0.079551 -30.471367
v 2.898857 3.236428 -30.471367
v 3.203095 -0.079551 -30.353239
v 3.203095 3.236428 -30.353239
v 3.334695 -0.079551 -30.054586
v 3.334694 3.236428 -30.054586
v 3.216568 -0.079551 -29.750349
v 3.216568 3.236428 -29.750349
v 6.709985 0.653993 -13.178984
v 6.947832 0.617722 -13.759902
v 7.327191 0.586666 -14.246927
v 7.178779 0.548293 -14.876697
v 7.091836 0.507423 -15.532741
v 6.477103 0.493459 -15.787764
v 5.937449 0.478443 -16.053419
v 5.335574 0.486819 -15.937246
v 4.674913 0.493802 -15.848641
v 4.422962 0.532031 -15.237685
v 4.128222 0.567754 -14.666425
v 4.367764 0.601908 -14.098713
v 4.447360 0.641195 -13.475209
v 4.974673 0.657203 -13.187143
v 5.501434 0.681641 -12.780040
v 6.093355 0.659683 -13.104944
v 5.812451 2.654317 -14.749661
v 6.643938 1.398215 -13.424379
v 6.080298 1.390820 -13.366096
v 5.585382 1.390132 -13.226452
v 5.164422 1.370046 -13.565067
v 4.676272 1.358655 -13.765543
v 4.515788 1.336551 -14.294782
v 4.304797 1.315047 -14.812770
v 4.656467 1.303194 -15.266132
v 4.955847 1.290471 -15.692418
v 5.444040 1.291240 -15.852852
v 5.972566 1.287231 -16.056282
v 6.418893 1.308938 -15.712029
v 6.887914 1.326722 -15.412925
v 6.947238 1.347905 -14.892828
v 7.147248 1.368315 -14.390579
v 6.814058 1.378392 -13.982340
v 5.873509 3.625914 -14.600012
v 6.685758 2.504461 -15.312461
v 6.704895 2.495474 -14.905668
v 6.775261 2.488038 -14.543768
v 6.517550 2.472073 -14.262380
v 6.343127 2.458086 -13.925862
v 5.959716 2.443748 -13.840910
v 5.569508 2.430358 -13.719044
v 5.271434 2.427229 -13.996108
v 4.979724 2.424865 -14.234266
v 4.892780 2.431945 -14.592640
v 4.767501 2.437717 -14.980886
v 5.044221 2.454959 -15.280655
v 5.280178 2.469415 -15.597194
v 5.660200 2.482843 -15.610991
v 6.024222 2.495336 -15.725767
v 6.304332 2.498473 -15.465709
v 5.890562 4.819921 -14.446344
v 5.999986 4.913166 -14.770394
v 6.077260 4.901856 -14.677917
v 6.159003 4.896420 -14.606351
v 6.148704 4.880666 -14.493672
v 6.168480 4.869545 -14.384306
v 6.093588 4.856071 -14.295449
v 6.024423 4.844338 -14.197931
v 5.904215 4.840829 -14.208522
v 5.793146 4.839158 -14.212009
v 5.708079 4.844481 -14.280013
v 5.609269 4.852438 -14.349282
v 5.620073 4.864803 -14.468040
v 5.618722 4.879967 -14.584709
v 5.705318 4.888665 -14.655272
v 5.770265 4.903736 -14.748053
v 5.882642 4.903210 -14.736683
v 6.007202 6.693975 -13.992708
v 6.118172 3.587768 -15.433152
v 6.317853 3.551011 -15.194550
v 6.526095 3.551301 -15.012681
v 6.502959 3.497929 -14.721313
v 6.553431 3.498361 -14.443227
v 6.364721 3.461855 -14.213832
v 6.188358 3.462227 -13.965714
v 5.883538 3.435205 -13.990296
v 5.600145 3.441359 -13.999498
v 5.383124 3.444944 -14.172746
v 5.129076 3.475236 -14.351396
v 5.156698 3.485183 -14.654148
v 5.150668 3.521176 -14.954346
v 5.371680 3.523604 -15.134022
v 5.534162 3.566131 -15.374043
v 5.822128 3.550175 -15.343682
v 5.931268 -0.080358 -14.348306
v 5.931268 2.503172 -14.348306
v 5.685750 -0.080358 -14.282143
v 5.685750 2.503172 -14.282143
v 5.465361 -0.080358 -14.408969
v 5.465361 2.503172 -14.408969
v 5.399200 -0.080358 -14.654488
v 5.399200 2.503172 -14.654488
v 5.526026 -0.080358 -14.874878
v 5.526025 2.503172 -14.874878
v 5.771543 -0.080358 -14.941036
v 5.771543 2.503172 -14.941036
v 5.991933 -0.080358 -14.814211
v 5.991933 2.503172 -14.814211
v 6.058094 -0.080358 -14.568694
v 6.058093 2.503172 -14.568694
v 15.314641 0.670833 -13.694839
v 15.817887 0.633733 -13.296103
v 16.188669 0.601968 -12.784991
v 16.849642 0.562719 -12.751914
v 17.518972 0.520915 -12.650977
v 17.944193 0.506632 -13.182567
v 18.358534 0.491273 -13.637364
v 18.415361 0.499840 -14.261771
v 18.515976 0.506983 -14.936110
v 17.987223 0.546085 -15.357239
v 17.509632 0.582624 -15.809134
v 16.883745 0.617558 -15.735034
v 16.248480 0.657743 -15.833946
v 15.815625 0.674116 -15.397644
v 15.265965 0.699113 -14.995695
v 15.417065 0.676653 -14.321774
v 17.112965 2.716852 -14.130563
v 15.574531 1.432055 -13.690025
v 15.677381 1.424491 -14.260417
v 15.680763 1.423787 -14.786390
v 16.133074 1.403243 -15.103834
v 16.468733 1.391593 -15.526540
v 17.034355 1.368983 -15.533887
v 17.603268 1.346988 -15.594059
v 17.948841 1.334864 -15.119716
v 18.282663 1.321851 -14.704444
v 18.301622 1.322636 -14.179168
v 18.351368 1.318536 -13.602044
v 17.886314 1.340739 -13.261278
v 17.459171 1.358930 -12.885390
v 16.931271 1.380597 -12.974846
v 16.380941 1.401473 -12.920992
v 16.074457 1.411780 -13.364359
v 16.948576 3.710643 -14.113076
v 17.417885 2.563572 -13.112567
v 17.012732 2.554380 -13.209326
v 16.637140 2.546774 -13.242990
v 16.433857 2.530444 -13.576156
v 16.152744 2.516137 -13.843140
v 16.178188 2.501472 -14.244014
v 16.169291 2.487776 -14.662056
v 16.526215 2.484576 -14.876234
v 16.843096 2.482158 -15.095213
v 17.219936 2.489399 -15.078837
v 17.637016 2.495303 -15.091642
v 17.852961 2.512939 -14.734580
v 18.096958 2.527726 -14.412807
v 18.002562 2.541461 -14.035478
v 18.011929 2.554239 -13.645183
v 17.676823 2.557447 -13.443822
v 16.792738 4.931925 -14.139975
v 17.080063 5.027300 -13.940399
v 16.967243 5.015732 -13.890739
v 16.873701 5.010171 -13.830747
v 16.765909 4.994058 -13.872878
v 16.652826 4.982682 -13.884516
v 16.586790 4.968901 -13.983346
v 16.510618 4.956900 -14.079012
v 16.555174 4.953312 -14.194119
v 16.590151 4.951602 -14.302265
v 16.681141 4.957045 -14.366533
v 16.777271 4.965185 -14.443947
v 16.890896 4.977832 -14.399594
v 17.005917 4.993342 -14.367780
v 17.050652 5.002240 -14.262644
v 17.123367 5.017654 -14.172468
v 17.080275 5.017117 -14.065276
v 16.313858 6.848789 -14.154230
v 17.697716 3.671626 -13.635991
v 17.406540 3.634029 -13.507566
v 17.168676 3.634326 -13.354613
v 16.888952 3.579735 -13.460116
v 16.601364 3.580176 -13.489524
v 16.429571 3.542836 -13.740115
v 16.235872 3.543216 -13.983896
v 16.346621 3.515577 -14.276431
v 16.436165 3.521872 -14.552276
v 16.668051 3.525539 -14.716308
v 16.915760 3.556523 -14.915186
v 17.205399 3.566697 -14.802036
v 17.502089 3.603512 -14.722683
v 17.615852 3.605995 -14.454473
v 17.805542 3.649494 -14.226635
v 17.693903 3.633174 -13.952303
v 16.684839 -0.080293 -14.127828
v 16.684839 2.562254 -14.127828
v 16.689575 -0.080293 -14.387869
v 16.689575 2.562254 -14.387869
v 16.876802 -0.080293 -14.568395
v 16.876802 2.562254 -14.568395
v 17.136845 -0.080293 -14.563659
v 17.136845 2.562254 -14.563659
v 17.317369 -0.080293 -14.376432
v 17.317369 2.562254 -14.376432
v 17.312634 -0.080293 -14.116390
v 17.312634 2.562254 -14.116390
v 17.125406 -0.080293 -13.935865
v 17.125406 2.562254 -13.935865
v 16.865366 -0.080293 -13.940600
v 16.865366 2.562254 -13.940600
v 7.825978 0.640212 -17.579668
v 8.279332 0.604619 -17.162642
v 8.598015 0.574143 -16.647440
v 9.228092 0.536488 -16.569138
v 9.861376 0.496382 -16.425314
v 10.305747 0.482679 -16.903919
v 10.734286 0.467943 -17.309818
v 10.832734 0.476163 -17.903231
v 10.976603 0.483016 -18.541328
v 10.500423 0.520530 -18.981585
v 10.075367 0.555585 -19.447664
v 9.471296 0.589100 -19.420948
v 8.870462 0.627653 -19.560432
v 8.425513 0.643362 -19.173532
v 7.871228 0.667343 -18.827751
v 7.968230 0.645795 -18.172285
v 9.577353 2.603142 -17.869623
v 8.074301 1.370521 -17.556719
v 8.212968 1.363264 -18.095201
v 8.253329 1.362589 -18.598213
v 8.708503 1.342879 -18.870010
v 9.059499 1.331701 -19.250759
v 9.601198 1.310010 -19.217861
v 10.149776 1.288908 -19.235273
v 10.446933 1.277277 -18.757034
v 10.737019 1.264792 -18.336142
v 10.718080 1.265546 -17.832226
v 10.724938 1.261612 -17.276529
v 10.255924 1.282913 -16.983316
v 9.820705 1.300365 -16.653820
v 9.321931 1.321152 -16.776672
v 8.791579 1.341181 -16.763992
v 8.529636 1.351069 -17.209837
v 9.418832 3.556576 -17.864498
v 9.797239 2.456087 -16.874092
v 9.416422 2.447268 -16.995268
v 9.059437 2.439971 -17.053991
v 8.888454 2.424305 -17.387112
v 8.638334 2.410579 -17.662403
v 8.690976 2.396509 -18.044161
v 8.711973 2.383369 -18.444765
v 9.068592 2.380300 -18.624495
v 9.387239 2.377980 -18.811644
v 9.746637 2.384927 -18.769375
v 10.146601 2.390590 -18.752188
v 10.328008 2.407511 -18.395308
v 10.538753 2.421697 -18.070217
v 10.421799 2.434874 -17.715855
v 10.403210 2.447133 -17.341763
v 10.068370 2.450211 -17.172760
v 9.271626 4.728262 -17.901236
v 9.532450 4.819765 -17.690001
v 9.420998 4.808666 -17.650452
v 9.327264 4.803331 -17.599655
v 9.227102 4.787872 -17.647573
v 9.119729 4.776958 -17.666689
v 9.063523 4.763737 -17.765911
v 8.997396 4.752223 -17.862820
v 9.048150 4.748781 -17.969809
v 9.089250 4.747140 -18.070814
v 9.180843 4.752363 -18.125881
v 9.278287 4.760172 -18.193165
v 9.383869 4.772305 -18.142708
v 9.491673 4.787186 -18.104147
v 9.527056 4.795722 -18.000399
v 9.590265 4.810511 -17.908987
v 9.541467 4.809995 -17.809467
v 8.814446 6.567284 -17.948681
v 10.101927 3.519144 -17.355150
v 9.814267 3.483073 -17.252829
v 9.575884 3.483358 -17.123272
v 9.315694 3.430984 -17.243965
v 9.042611 3.431408 -17.292398
v 8.895928 3.395584 -17.544291
v 8.727805 3.395949 -17.791208
v 8.854416 3.369431 -18.063286
v 8.959567 3.375470 -18.320894
v 9.193009 3.378989 -18.461466
v 9.444056 3.408715 -18.634264
v 9.713191 3.418476 -18.505562
v 9.991459 3.453795 -18.408693
v 10.081376 3.456178 -18.144045
v 10.246786 3.497911 -17.912659
v 10.120605 3.482253 -17.658060
v 9.167533 -0.080411 -17.897228
v 9.167533 2.454822 -17.897228
v 9.190421 -0.080411 -18.145700
v 9.190421 2.454822 -18.145700
v 9.382301 -0.080411 -18.305210
v 9.382301 2.454822 -18.305210
v 9.630771 -0.080411 -18.282320
v 9.630771 2.454823 -18.282320
v 9.790282 -0.080411 -18.090443
v 9.790282 2.454822 -18.090443
v 9.767393 -0.080411 -17.841972
v 9.767393 2.454822 -17.841972
v 9.575514 -0.080411 -17.682461
v 9.575514 2.454822 -17.682461
v 9.327044 -0.080411 -17.705349
v 9.327044 2.454822 -17.705349
v -6.815171 0.678151 -12.472890
v -7.375746 0.640691 -12.147244
v -7.993001 0.608618 -11.987581
v -8.268203 0.568987 -11.378663
v -8.610271 0.526779 -10.786957
v -8.267772 0.512356 -10.191025
v -7.993418 0.496848 -9.633681
v -7.427636 0.505499 -9.349659
v -6.831104 0.512711 -9.006046
v -6.240064 0.552192 -9.347389
v -5.639011 0.589086 -9.629292
v -5.477479 0.624359 -10.244821
v -5.149896 0.664934 -10.805267
v -5.400030 0.681466 -11.373178
v -5.574739 0.706705 -12.038170
v -6.263851 0.684027 -12.145083
v -7.069908 2.744028 -10.622020
v -6.915683 1.446761 -12.230437
v -6.417656 1.439124 -11.923120
v -5.924631 1.438413 -11.725676
v -5.793376 1.417670 -11.183382
v -5.520123 1.405906 -10.711827
v -5.722128 1.383077 -10.177583
v -5.875707 1.360868 -9.620734
v -6.449096 1.348627 -9.471185
v -6.962632 1.335487 -9.310862
v -7.463253 1.336281 -9.487052
v -8.023963 1.332140 -9.653458
v -8.172428 1.354559 -10.216343
v -8.367901 1.372926 -10.756572
v -8.088859 1.394804 -11.219617
v -7.936205 1.415882 -11.756670
v -7.406365 1.426289 -11.880926
v -7.025621 3.747463 -10.782961
v -8.139168 2.589259 -10.711467
v -7.898602 2.579978 -11.056463
v -7.728243 2.572298 -11.396985
v -7.340077 2.555811 -11.464964
v -6.985354 2.541365 -11.630527
v -6.618038 2.526557 -11.458555
v -6.221909 2.512728 -11.312514
v -6.152465 2.509497 -10.897998
v -6.063723 2.507056 -10.519335
v -6.218294 2.514367 -10.171260
v -6.360305 2.520329 -9.774587
v -6.775606 2.538136 -9.703538
v -7.168103 2.553066 -9.593086
v -7.487827 2.566934 -9.821157
v -7.858058 2.579836 -9.956509
v -7.923515 2.583075 -10.345787
v -6.942786 4.980598 -10.919471
v -7.236456 5.076899 -10.723173
v -7.241452 5.065218 -10.847536
v -7.263278 5.059604 -10.957598
v -7.183875 5.043334 -11.043333
v -7.131174 5.031847 -11.145303
v -7.013909 5.017933 -11.170856
v -6.895878 5.005815 -11.207101
v -6.804164 5.002192 -11.122720
v -6.715455 5.000466 -11.049908
v -6.688666 5.005962 -10.940663
v -6.651423 5.014181 -10.821735
v -6.735069 5.026951 -10.731341
v -6.807451 5.042612 -10.635003
v -6.922770 5.051595 -10.631795
v -7.034369 5.067160 -10.596766
v -7.119183 5.066617 -10.676854
v -6.752518 6.916065 -11.364223
v -7.750642 3.708068 -10.255176
v -7.763782 3.670105 -10.576237
v -7.819665 3.670405 -10.856256
v -7.617205 3.615284 -11.080155
v -7.483354 3.615730 -11.339546
v -7.184413 3.578028 -11.408433
v -6.883785 3.578413 -11.500422
v -6.649785 3.550504 -11.288304
v -6.423637 3.556860 -11.102271
v -6.355139 3.560563 -10.823780
v -6.259738 3.591848 -10.517543
v -6.473042 3.602120 -10.287152
v -6.657193 3.639292 -10.037653
v -6.951255 3.641800 -10.029808
v -7.235424 3.685722 -9.935701
v -7.451986 3.669243 -10.141934
v -6.914351 -0.080264 -11.025353
v -6.914351 2.587928 -11.025353
v -6.671733 -0.080264 -10.924856
v -6.671733 2.587928 -10.924856
v -6.571236 -0.080264 -10.682238
v -6.571236 2.587928 -10.682238
v -6.671733 -0.080264 -10.439620
v -6.671733 2.587928 -10.439620
v -6.914353 -0.080264 -10.339125
v -6.914353 2.587928 -10.339125
v -7.156969 -0.080264 -10.439622
v -7.156970 2.587928 -10.439622
v -7.257465 -0.080264 -10.682238
v -7.257466 2.587928 -10.682238
v -7.156969 -0.080264 -10.924858
v -7.156969 2.587928 -10.924858
v -9.456787 0.614044 -15.344763
v -9.600699 0.579739 -15.920765
v -9.584167 0.550366 -16.504417
v -10.049875 0.514072 -16.901413
v -10.483436 0.475418 -17.352854
v -11.094831 0.462210 -17.203110
v -11.654947 0.448007 -17.103502
v -12.048730 0.455930 -16.677984
v -12.502759 0.462534 -16.240570
v -12.352785 0.498691 -15.633770
v -12.257650 0.532479 -15.033281
v -11.757214 0.564782 -14.734610
v -11.347473 0.601940 -14.303862
v -10.784219 0.617081 -14.379475
v -10.154743 0.640194 -14.364038
v -9.885406 0.619426 -14.943107
v -11.020330 2.505972 -16.039640
v -9.644523 1.317937 -15.494859
v -10.041566 1.310943 -15.134876
v -10.340671 1.310292 -14.751344
v -10.851149 1.291295 -14.773806
v -11.335510 1.280521 -14.653345
v -11.754140 1.259615 -14.966949
v -12.204976 1.239276 -15.243696
v -12.190706 1.228065 -15.786184
v -12.201136 1.216032 -16.278755
v -11.918796 1.216759 -16.674372
v -11.629781 1.212967 -17.125345
v -11.096809 1.233498 -17.112789
v -10.571815 1.250319 -17.147350
v -10.235415 1.270354 -16.784086
v -9.801760 1.289658 -16.513187
v -9.827209 1.299188 -16.015444
v -10.890005 3.424918 -15.959743
v -10.669676 2.364236 -16.957592
v -10.427345 2.355736 -16.658195
v -10.171095 2.348703 -16.421711
v -10.210020 2.333604 -16.062923
v -10.154587 2.320374 -15.708740
v -10.399306 2.306813 -15.429327
v -10.628545 2.294148 -15.117970
v -11.010887 2.291190 -15.162307
v -11.366592 2.288954 -15.180549
v -11.633506 2.295650 -15.405066
v -11.946366 2.301109 -15.630897
v -11.903241 2.317417 -16.014339
v -11.900581 2.331089 -16.387739
v -11.618609 2.343790 -16.611012
v -11.405362 2.355606 -16.902304
v -11.046242 2.358572 -16.860876
v -10.790977 4.554222 -15.852147
v -10.888977 4.642415 -16.160437
v -10.778297 4.631717 -16.133202
v -10.675919 4.626575 -16.124409
v -10.620687 4.611676 -16.032743
v -10.544382 4.601156 -15.960445
v -10.551728 4.588414 -15.850777
v -10.549858 4.577316 -15.737719
v -10.647425 4.573997 -15.678493
v -10.734045 4.572417 -15.618970
v -10.836967 4.577451 -15.623186
v -10.951071 4.584978 -15.620672
v -11.009321 4.596672 -15.717255
v -11.075667 4.611014 -15.805435
v -11.049157 4.619241 -15.907708
v -11.051591 4.633495 -16.014797
v -10.959558 4.632998 -16.069042
v -10.448093 6.326723 -15.571630
v -11.169925 3.388840 -16.731836
v -10.884126 3.354074 -16.661734
v -10.623557 3.354348 -16.639675
v -10.478077 3.303869 -16.404608
v -10.283914 3.304277 -16.220873
v -10.299346 3.269750 -15.940353
v -10.294882 3.270101 -15.652473
v -10.541013 3.244543 -15.500560
v -10.762201 3.250364 -15.348917
v -11.024632 3.253754 -15.359490
v -11.318313 3.282405 -15.353452
v -11.466751 3.291813 -15.599709
v -11.639413 3.325855 -15.825178
v -11.571525 3.328152 -16.085884
v -11.582036 3.368375 -16.359821
v -11.345514 3.353284 -16.497892
v -10.705058 -0.080512 -15.800199
v -10.705058 2.363017 -15.800199
v -10.855181 -0.080512 -15.612310
v -10.855181 2.363017 -15.612310
v -11.094192 -0.080512 -15.585608
v -11.094192 2.363017 -15.585608
v -11.282077 -0.080512 -15.735731
v -11.282077 2.363017 -15.735731
v -11.308782 -0.080512 -15.974741
v -11.308782 2.363017 -15.974741
v -11.158659 -0.080512 -16.162630
v -11.158659 2.363017 -16.162630
v -10.919648 -0.080512 -16.189329
v -10.919648 2.363017 -16.189329
v -10.731762 -0.080512 -16.039207
v -10.731762 2.363017 -16.039207
v -4.158780 0.723441 -22.994541
v -4.351579 0.683753 -22.335297
v -4.709058 0.649771 -21.762146
v -4.475945 0.607783 -21.093653
v -4.306741 0.563064 -20.389572
v -3.608743 0.547784 -20.181927
v -2.991243 0.531353 -19.954172
v -2.349442 0.540519 -20.149031
v -1.640529 0.548159 -20.320570
v -1.435794 0.589989 -21.014107
v -1.179983 0.629078 -21.669308
v -1.505216 0.666449 -22.259907
v -1.662725 0.709437 -22.929409
v -2.269341 0.726953 -23.182955
v -2.888892 0.753693 -23.566107
v -3.496129 0.729667 -23.145222
v -3.003437 2.912207 -21.387241
v -4.059001 1.537772 -22.734989
v -3.452229 1.529681 -22.862499
v -2.929496 1.528928 -23.070740
v -2.432875 1.506950 -22.750090
v -1.878838 1.494486 -22.587414
v -1.644015 1.470300 -22.029697
v -1.355507 1.446770 -21.489971
v -1.686680 1.433800 -20.956604
v -1.964025 1.419879 -20.458645
v -2.477077 1.420720 -20.228542
v -3.029135 1.416333 -19.947063
v -3.554003 1.440085 -20.270962
v -4.098434 1.459545 -20.543154
v -4.222127 1.482724 -21.102419
v -4.496898 1.505057 -21.626266
v -4.180705 1.516082 -22.108429
v -3.086898 3.975333 -21.543161
v -3.889855 2.748233 -20.675467
v -3.956931 2.738399 -21.116001
v -4.074656 2.730263 -21.501846
v -3.826183 2.712794 -21.837376
v -3.674624 2.697489 -22.223434
v -3.267020 2.681801 -22.359476
v -2.856218 2.667149 -22.536472
v -2.500329 2.663726 -22.268833
v -2.155791 2.661139 -22.042812
v -2.020427 2.668886 -21.662687
v -1.839949 2.675201 -21.254404
v -2.107015 2.694068 -20.896713
v -2.327815 2.709886 -20.525404
v -2.739816 2.724579 -20.467184
v -3.122927 2.738249 -20.300888
v -3.457332 2.741681 -20.552055
v -3.122926 5.281821 -21.708458
v -3.205170 5.383851 -21.343359
v -3.299779 5.371476 -21.435215
v -3.396876 5.365528 -21.503803
v -3.398479 5.348289 -21.627602
v -3.432435 5.336121 -21.744373
v -3.361033 5.321377 -21.849590
v -3.296847 5.308539 -21.963579
v -3.164825 5.304700 -21.965723
v -3.043553 5.302872 -21.974554
v -2.943245 5.308695 -21.910217
v -2.827836 5.317403 -21.846067
v -2.826091 5.330931 -21.715601
v -2.811357 5.347524 -21.588783
v -2.897576 5.357042 -21.502146
v -2.957709 5.373533 -21.393789
v -3.081299 5.372957 -21.393387
v -3.301439 7.332422 -22.188877
v -3.258440 3.933594 -20.608652
v -3.502876 3.893374 -20.845617
v -3.750182 3.893691 -21.019865
v -3.758128 3.835291 -21.339588
v -3.844670 3.835764 -21.636484
v -3.665382 3.795818 -21.907587
v -3.501660 3.796226 -22.197659
v -3.167132 3.766658 -22.205561
v -2.857675 3.773391 -22.227772
v -2.601798 3.777314 -22.063902
v -2.305011 3.810461 -21.898361
v -2.300652 3.821344 -21.565741
v -2.259957 3.860728 -21.239727
v -2.480054 3.863384 -21.019062
v -2.629591 3.909919 -20.739380
v -2.946433 3.892459 -20.739681
v -3.178374 -0.080089 -21.810520
v -3.178374 2.746822 -21.810520
v -2.918701 -0.080089 -21.910439
v -2.918702 2.746822 -21.910439
v -2.664438 -0.080089 -21.797474
v -2.664438 2.746822 -21.797474
v -2.564523 -0.080089 -21.537804
v -2.564523 2.746822 -21.537804
v -2.677488 -0.080089 -21.283539
v -2.677488 2.746822 -21.283539
v -2.937159 -0.080089 -21.183620
v -2.937159 2.746822 -21.183620
v -3.191423 -0.080089 -21.296589
v -3.191423 2.746822 -21.296589
v -3.291339 -0.080089 -21.556257
v -3.291339 2.746822 -21.556257
v -7.011703 0.665738 -24.871836
v -7.549993 0.628888 -25.213800
v -7.969023 0.597338 -25.680445
v -8.625390 0.558354 -25.644903
v -9.297018 0.516833 -25.675545
v -9.662214 0.502646 -25.106518
v -10.024590 0.487391 -24.614479
v -10.016291 0.495901 -23.991785
v -10.046095 0.502995 -23.315243
v -9.480296 0.541833 -22.953789
v -8.961861 0.578125 -22.556669
v -8.351215 0.612823 -22.694466
v -7.713453 0.652736 -22.662310
v -7.330878 0.668999 -23.137989
v -6.829366 0.693826 -23.591787
v -7.048183 0.671518 -24.241938
v -8.743241 2.697931 -24.255808
v -7.268938 1.421816 -24.849768
v -7.311673 1.414303 -24.275688
v -7.260733 1.413604 -23.755743
v -7.674795 1.393199 -23.395472
v -7.962760 1.381626 -22.943258
v -8.520759 1.359170 -22.877626
v -9.076560 1.337323 -22.759472
v -9.466893 1.325282 -23.192392
v -9.839520 1.312356 -23.568174
v -9.912458 1.313137 -24.085121
v -10.021160 1.309064 -24.650106
v -9.596918 1.331117 -25.034733
v -9.213751 1.349184 -25.450146
v -8.683023 1.370705 -25.416256
v -8.144927 1.391440 -25.526253
v -7.796407 1.401677 -25.119894
v -8.582649 3.685006 -24.290049
v -9.149517 2.545686 -25.229988
v -8.739294 2.536556 -25.176214
v -8.364787 2.529002 -25.181719
v -8.129585 2.512783 -24.873575
v -7.824333 2.498572 -24.638844
v -7.808095 2.484006 -24.240204
v -7.756167 2.470403 -23.828157
v -8.086653 2.467225 -23.579741
v -8.377091 2.464823 -23.330719
v -8.751047 2.472015 -23.308001
v -9.161746 2.477879 -23.252306
v -9.411919 2.495396 -23.582752
v -9.686166 2.510082 -23.875439
v -9.631854 2.523725 -24.257931
v -9.681386 2.536417 -24.642527
v -9.371129 2.539603 -24.876024
v -8.425925 4.898035 -24.279560
v -8.730362 4.992766 -24.447060
v -8.624033 4.981276 -24.507759
v -8.537819 4.975754 -24.576681
v -8.426984 4.959749 -24.546185
v -8.314075 4.948450 -24.546364
v -8.238641 4.934762 -24.455545
v -8.153522 4.922842 -24.368900
v -8.185656 4.919278 -24.250593
v -8.209049 4.917580 -24.140146
v -8.292301 4.922986 -24.067268
v -8.379278 4.931071 -23.980873
v -8.496100 4.943632 -24.012962
v -8.613008 4.959038 -24.032518
v -8.668052 4.967875 -24.131760
v -8.749192 4.983186 -24.213335
v -8.717682 4.982652 -24.323675
v -7.951384 6.801946 -24.314901
v -9.371935 3.646253 -24.684031
v -9.097544 3.608910 -24.840948
v -8.878352 3.609204 -25.016594
v -8.591135 3.554982 -24.941240
v -8.304004 3.555421 -24.941870
v -8.108431 3.518333 -24.712049
v -7.891921 3.518712 -24.491217
v -7.971135 3.491259 -24.190800
v -8.031130 3.497510 -23.909060
v -8.243275 3.501153 -23.723091
v -8.467454 3.531928 -23.501062
v -8.765254 3.542033 -23.582939
v -9.066534 3.578599 -23.630714
v -9.206597 3.581066 -23.883928
v -9.417499 3.624271 -24.089428
v -9.335524 3.608061 -24.371954
v -8.320588 -0.080312 -24.302698
v -8.320588 2.544377 -24.302698
v -8.298432 -0.080312 -24.045321
v -8.298432 2.544377 -24.045321
v -8.464756 -0.080312 -23.847660
v -8.464756 2.544377 -23.847660
v -8.722130 -0.080312 -23.825504
v -8.722130 2.544377 -23.825504
v -8.919788 -0.080312 -23.991829
v -8.919788 2.544377 -23.991829
v -8.941947 -0.080312 -24.249201
v -8.941947 2.544377 -24.249201
v -8.775623 -0.080312 -24.446861
v -8.775623 2.544377 -24.446861
v -8.518249 -0.080312 -24.469021
v -8.518249 2.544377 -24.469021
v -15.047263 0.678151 -9.162323
v -15.694074 0.640691 -9.118519
v -16.318220 0.608618 -9.248639
v -16.834576 0.568987 -8.824492
v -17.403265 0.526779 -8.445379
v -17.360001 0.512356 -7.759401
v -17.360752 0.496848 -7.138193
v -16.979189 0.505499 -6.633030
v -16.596434 0.512711 -6.060822
v -15.915354 0.552192 -6.105215
v -15.251608 0.589086 -6.091879
v -14.834255 0.624359 -6.572279
v -14.292398 0.664934 -6.929772
v -14.265250 0.681466 -7.549735
v -14.127490 0.706705 -8.223351
v -14.698048 0.684027 -8.624308
v -16.095112 2.744027 -7.615519
v -15.244725 1.446761 -8.989429
v -14.934228 1.439124 -8.493379
v -14.579570 1.438413 -8.098061
v -14.701974 1.417670 -7.553702
v -14.665736 1.405906 -7.009901
v -15.083389 1.383077 -6.620304
v -15.467633 1.360868 -6.188998
v -16.047974 1.348627 -6.308764
v -16.579420 1.335487 -6.392369
v -16.950294 1.336281 -6.771994
v -17.379389 1.332141 -7.169448
v -17.263300 1.354559 -7.739890
v -17.199392 1.372926 -8.310831
v -16.744184 1.394804 -8.602480
v -16.369535 1.415882 -9.016444
v -15.839439 1.426289 -8.893282
v -15.984151 3.747463 -7.740218
v -17.014267 2.589260 -8.169118
v -16.645819 2.579978 -8.371953
v -16.342306 2.572299 -8.601858
v -15.964161 2.555811 -8.490958
v -15.572799 2.541365 -8.482362
v -15.319579 2.526558 -8.165541
v -15.029047 2.512728 -7.859214
v -15.150300 2.509497 -7.456789
v -15.238379 2.507056 -7.077973
v -15.531081 2.514367 -6.834301
v -15.834036 2.520328 -6.541497
v -16.237871 2.538136 -6.661657
v -16.638708 2.553066 -6.736397
v -16.824409 2.566934 -7.082451
v -17.096457 2.579836 -7.367727
v -16.982800 2.583076 -7.745753
v -15.849439 4.980598 -7.825949
v -16.199667 5.076899 -7.779956
v -16.149086 5.065218 -7.893678
v -16.119930 5.059605 -8.002028
v -16.010775 5.043334 -8.043748
v -15.918376 5.031848 -8.111845
v -15.801916 5.017933 -8.082840
v -15.680034 5.005815 -8.063085
v -15.635157 5.002192 -7.946816
v -15.587853 5.000467 -7.842254
v -15.612197 5.005962 -7.732442
v -15.631460 5.014182 -7.609315
v -15.746480 5.026951 -7.565296
v -15.854032 5.042612 -7.510961
v -15.958856 5.051596 -7.559139
v -16.074429 5.067160 -7.577138
v -16.115017 5.066617 -7.686501
v -15.481925 6.916066 -8.140498
v -16.867908 3.708068 -7.587972
v -16.737549 3.670105 -7.881669
v -16.663685 3.670405 -8.157491
v -16.383018 3.615284 -8.268614
v -16.148157 3.615730 -8.441937
v -15.849614 3.578028 -8.371353
v -15.539327 3.578413 -8.320736
v -15.423422 3.550504 -8.026940
v -15.303010 3.556860 -7.760009
v -15.364889 3.560563 -7.479972
v -15.414931 3.591848 -7.163147
v -15.708189 3.602120 -7.051003
v -15.983770 3.639292 -6.908820
v -16.250916 3.641800 -7.031978
v -16.547380 3.685722 -7.073408
v -16.650257 3.669243 -7.354208
v -15.777063 -0.080264 -7.908298
v -15.777063 2.587928 -7.908298
v -15.604012 -0.080264 -7.710772
v -15.604012 2.587928 -7.710772
v -15.621317 -0.080264 -7.448734
v -15.621317 2.587928 -7.448734
v -15.818842 -0.080264 -7.275683
v -15.818842 2.587928 -7.275683
v -16.080881 -0.080264 -7.292989
v -16.080881 2.587928 -7.292989
v -16.253933 -0.080264 -7.490514
v -16.253933 2.587928 -7.490514
v -16.236628 -0.080264 -7.752550
v -16.236628 2.587928 -7.752550
v -16.039103 -0.080264 -7.925602
v -16.039103 2.587928 -7.925602
v -12.647637 0.610551 -10.714745
v -12.522291 0.576417 -11.292025
v -12.250433 0.547191 -11.805451
v -12.491038 0.511080 -12.364790
v -12.678976 0.472618 -12.958538
v -13.290403 0.459477 -13.094271
v -13.833998 0.445346 -13.252142
v -14.372759 0.453228 -13.045981
v -14.970512 0.459800 -12.855744
v -15.104019 0.495776 -12.248317
v -15.283669 0.529394 -11.670676
v -14.968767 0.561535 -11.183761
v -14.792960 0.598507 -10.618970
v -14.257140 0.613572 -10.438308
v -13.702348 0.636569 -10.147243
v -13.206969 0.615905 -10.545215
v -13.736465 2.492999 -12.023452
v -12.749007 1.310916 -10.931352
v -13.261814 1.303957 -10.785092
v -13.697613 1.303309 -10.574685
v -14.143146 1.284408 -10.819595
v -14.628339 1.273688 -10.925493
v -14.863679 1.252887 -11.389691
v -15.143981 1.232650 -11.835197
v -14.892277 1.221495 -12.312895
v -14.684593 1.209522 -12.756944
v -14.258430 1.210245 -12.985519
v -13.801920 1.206473 -13.260542
v -13.331957 1.226901 -13.014560
v -12.848350 1.243637 -12.814128
v -12.708253 1.263572 -12.341847
v -12.440699 1.282779 -11.909131
v -12.682667 1.292262 -11.476273
v -13.655391 3.407341 -11.894761
v -13.019249 2.351973 -12.687940
v -12.934942 2.343515 -12.314085
v -12.810502 2.336518 -11.990218
v -13.003282 2.321494 -11.687267
v -13.109848 2.308330 -11.346860
v -13.451265 2.294838 -11.205382
v -13.792940 2.282236 -11.028585
v -14.114518 2.279292 -11.236569
v -14.423831 2.277067 -11.409535
v -14.563054 2.283730 -11.727425
v -14.742693 2.289162 -12.066721
v -14.535311 2.305388 -12.389812
v -14.368442 2.318992 -12.721775
v -14.018522 2.331629 -12.796758
v -13.699957 2.343386 -12.962697
v -13.397811 2.346337 -12.767537
v -13.614436 4.530985 -11.755142
v -13.566063 4.618735 -12.073358
v -13.479319 4.608092 -12.000300
v -13.391851 4.602976 -11.947358
v -13.382955 4.588151 -11.841248
v -13.346729 4.577684 -11.743133
v -13.401592 4.565005 -11.648528
v -13.449730 4.553963 -11.546838
v -13.562862 4.550662 -11.536980
v -13.666364 4.549089 -11.522035
v -13.756330 4.554097 -11.571134
v -13.859236 4.561587 -11.619155
v -13.868659 4.573222 -11.730980
v -13.889002 4.587493 -11.838880
v -13.820302 4.595679 -11.918444
v -13.775297 4.609861 -12.015057
v -13.669293 4.609366 -12.022914
v -13.432100 6.294604 -11.353831
v -13.565002 3.371443 -12.706897
v -13.340903 3.336851 -12.518456
v -13.118152 3.337124 -12.383995
v -13.091910 3.286897 -12.110188
v -12.999623 3.287304 -11.860738
v -13.136967 3.252949 -11.617266
v -13.259799 3.253299 -11.358464
v -13.546311 3.227869 -11.331357
v -13.810443 3.233660 -11.293508
v -14.039921 3.237034 -11.418543
v -14.304590 3.265541 -11.542526
v -14.328540 3.274902 -11.827618
v -14.383261 3.308774 -12.104833
v -14.207845 3.311059 -12.307516
v -14.096550 3.351081 -12.556543
v -13.824711 3.336065 -12.575533
v -13.560669 -0.080525 -11.670947
v -13.560669 2.350760 -11.670947
v -13.777369 -0.080525 -11.569455
v -13.777369 2.350760 -11.569455
v -14.002366 -0.080525 -11.650918
v -14.002366 2.350760 -11.650918
v -14.103861 -0.080525 -11.867620
v -14.103861 2.350760 -11.867620
v -14.022399 -0.080525 -12.092618
v -14.022399 2.350760 -12.092618
v -13.805697 -0.080525 -12.194112
v -13.805697 2.350760 -12.194112
v -13.580700 -0.080525 -12.112647
v -13.580700 2.350760 -12.112647
v -13.479205 -0.080525 -11.895945
v -13.479205 2.350760 -11.895945
v -5.198167 0.723441 -16.547329
v -5.662912 0.683753 -16.041573
v -6.237199 0.649771 -15.685925
v -6.324142 0.607783 -14.983311
v -6.484143 0.563064 -14.277082
v -5.950215 0.547784 -13.781866
v -5.497367 0.531353 -13.304263
v -4.835623 0.540519 -13.194834
v -4.124027 0.548159 -13.034786
v -3.633400 0.589989 -13.566007
v -3.113944 0.629078 -14.040238
v -3.144088 0.666449 -14.713793
v -2.988909 0.709437 -15.383834
v -3.420578 0.726953 -15.879748
v -3.806466 0.753693 -16.497602
v -4.537289 0.729667 -16.389057
v -4.873830 2.912207 -14.594628
v -5.223613 1.537772 -16.270424
v -4.623096 1.529681 -16.116117
v -4.062189 1.528928 -16.071405
v -3.758853 1.506950 -15.564025
v -3.334099 1.494486 -15.172867
v -3.370464 1.470300 -14.568824
v -3.350729 1.446770 -13.957144
v -3.883816 1.433800 -13.625520
v -4.352961 1.419879 -13.301814
v -4.914865 1.420720 -13.322640
v -5.534488 1.416333 -13.314665
v -5.861714 1.440085 -13.837466
v -6.229371 1.459545 -14.322565
v -6.092675 1.482724 -14.878798
v -6.107123 1.505056 -15.470158
v -5.610137 1.516082 -15.762499
v -4.879638 3.975333 -14.771381
v -5.983769 2.748232 -14.348862
v -5.848871 2.738399 -14.773561
v -5.783602 2.730263 -15.171654
v -5.412258 2.712795 -15.362501
v -5.105441 2.697489 -15.641558
v -4.679729 2.681801 -15.583084
v -4.233026 2.667149 -15.559907
v -4.032408 2.663726 -15.162363
v -3.823543 2.661139 -14.807164
v -3.870466 2.668885 -14.406394
v -3.889396 2.675201 -13.960405
v -4.287228 2.694068 -13.757915
v -4.649598 2.709886 -13.522737
v -5.044798 2.724579 -13.652939
v -5.461942 2.738248 -13.673448
v -5.650582 2.741680 -14.046710
v -4.838759 5.281821 -14.935548
v -5.074145 5.383851 -14.644592
v -5.118310 5.371476 -14.768843
v -5.175005 5.365528 -14.873331
v -5.121632 5.348289 -14.985044
v -5.100379 5.336121 -15.104781
v -4.989774 5.321377 -15.167514
v -4.881756 5.308539 -15.241304
v -4.762429 5.304700 -15.184773
v -4.649779 5.302872 -15.139005
v -4.588321 5.308695 -15.036905
v -4.513240 5.317403 -14.928291
v -4.569442 5.330931 -14.810530
v -4.612374 5.347525 -14.690301
v -4.728040 5.357043 -14.650788
v -4.829929 5.373533 -14.580253
v -4.940926 5.372957 -14.634607
v -4.786123 7.332422 -15.445353
v -5.447188 3.933594 -14.009401
v -5.561452 3.893374 -14.330097
v -5.706050 3.893691 -14.595828
v -5.571624 3.835291 -14.886026
v -5.517778 3.835764 -15.190555
v -5.236991 3.795819 -15.354262
v -4.961763 3.796226 -15.541871
v -4.658310 3.766658 -15.400851
v -4.371004 3.773391 -15.283753
v -4.214122 3.777314 -15.023535
v -4.021295 3.810460 -14.743709
v -4.164648 3.821344 -14.443533
v -4.272498 3.860727 -14.133194
v -4.567546 3.863384 -14.032776
v -4.825454 3.909919 -13.848201
v -5.109416 3.892460 -13.988751
v -4.843287 -0.080089 -15.051613
v -4.843287 2.746822 -15.051613
v -4.566218 -0.080089 -15.026237
v -4.566218 2.746822 -15.026237
v -4.388243 -0.080089 -14.812373
v -4.388243 2.746822 -14.812373
v -4.413620 -0.080089 -14.535304
v -4.413620 2.746822 -14.535304
v -4.627483 -0.080089 -14.357330
v -4.627483 2.746822 -14.357330
v -4.904552 -0.080089 -14.382707
v -4.904552 2.746822 -14.382707
v -5.082525 -0.080089 -14.596568
v -5.082525 2.746822 -14.596568
v -5.057151 -0.080089 -14.873640
v -5.057151 2.746822 -14.873640
v -9.658018 0.682911 -20.292305
v -9.996875 0.645217 -20.849741
v -10.169881 0.612943 -21.467529
v -10.788004 0.573065 -21.732193
v -11.390153 0.530592 -22.064461
v -11.982823 0.516080 -21.707939
v -12.538034 0.500475 -21.420752
v -12.812434 0.509180 -20.845846
v -13.146165 0.516437 -20.238813
v -12.790901 0.556165 -19.651045
v -12.495237 0.593289 -19.052006
v -11.872745 0.628783 -18.901838
v -11.302338 0.669611 -18.583508
v -10.736005 0.686247 -18.846546
v -10.070494 0.711644 -19.035648
v -9.976749 0.688824 -19.731075
v -11.525196 2.761703 -20.511469
v -9.903951 1.456327 -20.388565
v -10.203143 1.448641 -19.881361
v -10.391895 1.447926 -19.381392
v -10.934841 1.427053 -19.238468
v -11.403768 1.415215 -18.954105
v -11.945296 1.392244 -19.146620
v -12.508595 1.369897 -19.289965
v -12.670547 1.357578 -19.863821
v -12.842138 1.344356 -20.377253
v -12.674921 1.345155 -20.884436
v -12.518750 1.340989 -21.451878
v -11.955439 1.363548 -21.612526
v -11.415857 1.382029 -21.820017
v -10.944418 1.404044 -21.548574
v -10.401053 1.425254 -21.405764
v -10.265420 1.435726 -20.875208
v -11.362394 3.771413 -20.470142
v -11.456653 2.605967 -21.588993
v -11.104744 2.596628 -21.353888
v -10.758745 2.588900 -21.189327
v -10.682570 2.572310 -20.800177
v -10.508892 2.557773 -20.446627
v -10.674538 2.542873 -20.073639
v -10.813519 2.528957 -19.672184
v -11.229153 2.525707 -19.594006
v -11.608326 2.523250 -19.497133
v -11.961609 2.530607 -19.645662
v -12.363528 2.536605 -19.780581
v -12.443336 2.554524 -20.196966
v -12.562326 2.569547 -20.589628
v -12.339287 2.583502 -20.915857
v -12.210541 2.596485 -21.291044
v -11.820222 2.599745 -21.364702
v -11.223394 5.012256 -20.389544
v -11.426771 5.109159 -20.681053
v -11.301756 5.097406 -20.688576
v -11.191465 5.091757 -20.712740
v -11.103620 5.075385 -20.634575
v -10.999979 5.063827 -20.583599
v -10.971917 5.049825 -20.466137
v -10.933084 5.037632 -20.348118
v -11.016137 5.033986 -20.254156
v -11.087613 5.032248 -20.163450
v -11.196977 5.037779 -20.134308
v -11.315880 5.046050 -20.094456
v -11.408501 5.058899 -20.176796
v -11.506873 5.074657 -20.247681
v -11.512412 5.083697 -20.363638
v -11.549892 5.099359 -20.475208
v -11.471020 5.098813 -20.562141
v -10.772137 6.959825 -20.207041
v -11.907910 3.731771 -21.188967
v -11.585172 3.693571 -21.208626
v -11.304578 3.693872 -21.270460
v -11.075264 3.638407 -21.071266
v -10.811617 3.638855 -20.941805
v -10.736320 3.600917 -20.642439
v -10.637745 3.601304 -20.341833
v -10.846456 3.573222 -20.102163
v -11.029081 3.579617 -19.870916
v -11.307885 3.583343 -19.796419
v -11.614058 3.614824 -19.694300
v -11.850123 3.625160 -19.904276
v -12.104823 3.662565 -20.084538
v -12.118617 3.665088 -20.380222
v -12.218988 3.709285 -20.664223
v -12.015850 3.692703 -20.886232
v -11.116302 -0.080246 -20.363056
v -11.116302 2.604628 -20.363056
v -11.212541 -0.080246 -20.116957
v -11.212541 2.604628 -20.116957
v -11.454615 -0.080246 -20.010986
v -11.454615 2.604628 -20.010986
v -11.700714 -0.080246 -20.107225
v -11.700714 2.604628 -20.107225
v -11.806685 -0.080246 -20.349298
v -11.806685 2.604628 -20.349298
v -11.710448 -0.080246 -20.595400
v -11.710448 2.604628 -20.595400
v -11.468375 -0.080246 -20.701370
v -11.468375 2.604628 -20.701370
v -11.222274 -0.080246 -20.605129
v -11.222274 2.604628 -20.605129
v -16.649466 0.709081 -21.782164
v -15.992152 0.670099 -21.630280
v -15.409976 0.636722 -21.312063
v -14.767612 0.595482 -21.578337
v -14.086748 0.551559 -21.783960
v -13.922489 0.536551 -22.480108
v -13.733978 0.520412 -23.098457
v -13.961237 0.529415 -23.716806
v -14.169415 0.536920 -24.402277
v -14.861028 0.578005 -24.563927
v -15.517927 0.616398 -24.777828
v -16.078718 0.653104 -24.425611
v -16.726332 0.695326 -24.233416
v -16.940752 0.712531 -23.624283
v -17.281532 0.738795 -22.995165
v -16.834579 0.715196 -22.423449
v -15.138525 2.858881 -23.005697
v -16.400579 1.508915 -21.894640
v -16.559826 1.500968 -22.482435
v -16.793495 1.500228 -22.983274
v -16.507072 1.478642 -23.488331
v -16.378799 1.466400 -24.040783
v -15.845155 1.442644 -24.302486
v -15.332176 1.419533 -24.615826
v -14.790494 1.406794 -24.321159
v -14.286573 1.393120 -24.077280
v -14.032011 1.393946 -23.587168
v -13.724872 1.389638 -23.061703
v -14.012883 1.412967 -22.528765
v -14.249087 1.432080 -21.979559
v -14.790519 1.454847 -21.826729
v -15.288703 1.476782 -21.527763
v -15.779326 1.487611 -21.810627
v -15.286712 3.903082 -22.915062
v -14.390594 2.697827 -22.176622
v -14.818789 2.688168 -22.086012
v -15.190504 2.680176 -21.948818
v -15.533528 2.663019 -22.173548
v -15.920633 2.647986 -22.300398
v -16.077021 2.632577 -22.692410
v -16.273731 2.618186 -23.085258
v -16.031359 2.614824 -23.449324
v -15.829155 2.612283 -23.799915
v -15.464045 2.619892 -23.954084
v -15.073874 2.626095 -24.154076
v -14.708068 2.644626 -23.912367
v -14.331519 2.660162 -23.716791
v -14.251197 2.674594 -23.316072
v -14.066534 2.688020 -22.949778
v -14.293964 2.691391 -22.607710
v -15.446763 5.186312 -22.870413
v -15.084119 5.286525 -22.810354
v -15.168857 5.274371 -22.712400
v -15.230639 5.268528 -22.613325
v -15.351942 5.251597 -22.604774
v -15.464535 5.239643 -22.564888
v -15.571732 5.225163 -22.628975
v -15.687124 5.212554 -22.685488
v -15.696671 5.208783 -22.814825
v -15.712168 5.206987 -22.933243
v -15.654737 5.212707 -23.035229
v -15.598342 5.221260 -23.152016
v -15.470502 5.234549 -23.161083
v -15.346983 5.250845 -23.182678
v -15.257167 5.260194 -23.103022
v -15.147524 5.276391 -23.050167
v -15.140159 5.275826 -22.928997
v -15.907791 7.200407 -22.668280
v -14.360677 3.862086 -22.799545
v -14.579260 3.822582 -22.546495
v -14.736179 3.822893 -22.294168
v -15.049242 3.765533 -22.268349
v -15.335495 3.765997 -22.166748
v -15.611441 3.726763 -22.327267
v -15.905111 3.727163 -22.471457
v -15.931726 3.698121 -22.799038
v -15.970945 3.704735 -23.101233
v -15.824684 3.708588 -23.361382
v -15.679098 3.741145 -23.661739
v -15.353182 3.751834 -23.684767
v -15.035797 3.790517 -23.743052
v -14.807004 3.793126 -23.539671
v -14.524321 3.838832 -23.408812
v -14.506755 3.821683 -23.098103
v -15.543718 -0.080145 -22.810287
v -15.543718 2.696441 -22.810287
v -15.656335 -0.080145 -23.059282
v -15.656335 2.696441 -23.059282
v -15.559903 -0.080145 -23.314983
v -15.559903 2.696441 -23.314983
v -15.310907 -0.080145 -23.427597
v -15.310907 2.696441 -23.427597
v -15.055211 -0.080145 -23.331161
v -15.055211 2.696441 -23.331161
v -14.942596 -0.080145 -23.082165
v -14.942596 2.696441 -23.082165
v -15.039030 -0.080145 -22.826469
v -15.039030 2.696441 -22.826469
v -15.288024 -0.080145 -22.713854
v -15.288024 2.696441 -22.713854
v -16.670790 0.645298 -18.031576
v -16.972813 0.609455 -17.489746
v -17.402575 0.578765 -17.056767
v -17.331411 0.540845 -16.421350
v -17.323662 0.500457 -15.767420
v -16.750687 0.486657 -15.444548
v -16.252630 0.471818 -15.120117
v -15.648391 0.480096 -15.162950
v -14.989738 0.486997 -15.171785
v -14.670325 0.524774 -15.741417
v -14.313627 0.560076 -16.267048
v -14.481532 0.593827 -16.852352
v -14.485920 0.632651 -17.473482
v -14.969221 0.648470 -17.818441
v -15.437909 0.672620 -18.280121
v -16.057056 0.650921 -18.031322
v -15.975874 2.622030 -16.384476
v -16.634996 1.380742 -17.783007
v -16.075115 1.373434 -17.773561
v -15.573041 1.372754 -17.852066
v -15.200058 1.352906 -17.470087
v -14.744829 1.341649 -17.215694
v -14.649940 1.319806 -16.677483
v -14.504163 1.298555 -16.144339
v -14.902781 1.286842 -15.741113
v -15.246897 1.274269 -15.358268
v -15.744833 1.275028 -15.258571
v -16.287422 1.271067 -15.121458
v -16.684624 1.292518 -15.511968
v -17.109428 1.310092 -15.860865
v -17.106152 1.331026 -16.378151
v -17.243013 1.351195 -16.894556
v -16.867861 1.361153 -17.255695
v -16.018093 3.582167 -16.538513
v -16.899216 2.473940 -15.935536
v -16.869904 2.465059 -16.336908
v -16.896164 2.457711 -16.700289
v -16.610054 2.441935 -16.945898
v -16.399151 2.428112 -17.255442
v -16.012939 2.413944 -17.293467
v -15.615696 2.400711 -17.366905
v -15.356005 2.397619 -17.059835
v -15.097958 2.395283 -16.791697
v -15.055019 2.402279 -16.429817
v -14.978001 2.407983 -16.034096
v -15.284928 2.425022 -15.772699
v -15.553845 2.439308 -15.490032
v -15.928320 2.452578 -15.521415
v -16.299034 2.464923 -15.451839
v -16.543108 2.468022 -15.740095
v -16.016659 4.762089 -16.691294
v -16.162321 4.854236 -16.386301
v -16.227203 4.843059 -16.486166
v -16.298946 4.837687 -16.566042
v -16.275518 4.822119 -16.675375
v -16.281992 4.811129 -16.785013
v -16.198011 4.797814 -16.863338
v -16.118624 4.786219 -16.950836
v -16.001942 4.782753 -16.926239
v -15.893383 4.781101 -16.909685
v -15.817961 4.786360 -16.832909
v -15.729207 4.794224 -16.753275
v -15.753844 4.806442 -16.638033
v -15.766309 4.821428 -16.523411
v -15.859612 4.830024 -16.464415
v -15.934300 4.844916 -16.381062
v -16.043207 4.844397 -16.405502
v -16.077471 6.614041 -17.150148
v -16.356619 3.544471 -15.750032
v -16.524323 3.508147 -16.007730
v -16.707132 3.508433 -16.210779
v -16.649990 3.455691 -16.493910
v -16.666637 3.456118 -16.772707
v -16.454376 3.420042 -16.975462
v -16.252014 3.420410 -17.198046
v -15.955860 3.393706 -17.137896
v -15.678910 3.399787 -17.095369
v -15.486465 3.403330 -16.899740
v -15.258334 3.433265 -16.694435
v -15.321224 3.443095 -16.400665
v -15.350793 3.478663 -16.105425
v -15.588868 3.481063 -15.955269
v -15.776655 3.523089 -15.738988
v -16.055590 3.507321 -15.802818
v -16.045006 -0.080391 -16.792294
v -16.045006 2.472666 -16.792294
v -15.796306 -0.080391 -16.828180
v -15.796306 2.472666 -16.828180
v -15.595069 -0.080391 -16.677702
v -15.595069 2.472666 -16.677702
v -15.559183 -0.080391 -16.429001
v -15.559183 2.472666 -16.429001
v -15.709664 -0.080391 -16.227764
v -15.709664 2.472666 -16.227764
v -15.958364 -0.080391 -16.191875
v -15.958364 2.472666 -16.191875
v -16.159597 -0.080391 -16.342358
v -16.159597 2.472666 -16.342358
v -16.195486 -0.080391 -16.591059
v -16.195486 2.472666 -16.591059
v -24.239508 0.697846 -13.244486
v -23.666670 0.659417 -13.582377
v -23.034555 0.626513 -13.750383
v -22.756397 0.585858 -14.376922
v -22.409534 0.542557 -14.986261
v -22.764961 0.527762 -15.595254
v -23.050215 0.511853 -16.165123
v -23.632565 0.520727 -16.452620
v -24.246862 0.528126 -16.801037
v -24.850842 0.568629 -16.446833
v -25.465504 0.606477 -16.153532
v -25.627003 0.642662 -15.520988
v -25.959221 0.684286 -14.943822
v -25.698734 0.701247 -14.362943
v -25.514963 0.727138 -13.681960
v -24.807314 0.703874 -13.576991
v -23.990839 2.817161 -15.144929
v -24.138054 1.486338 -13.493889
v -24.651051 1.478503 -13.805744
v -25.158171 1.477774 -14.004920
v -25.296522 1.456494 -14.560332
v -25.580059 1.444425 -15.042207
v -25.376492 1.421006 -15.591640
v -25.222750 1.398223 -16.163931
v -24.635563 1.385665 -16.321262
v -24.109850 1.372185 -16.489243
v -23.595085 1.372999 -16.311920
v -23.018744 1.368752 -16.145044
v -22.862598 1.391750 -15.568628
v -22.658379 1.410592 -15.015772
v -22.941462 1.433036 -14.538853
v -23.094389 1.454660 -13.986878
v -23.637077 1.465336 -13.855788
v -24.035168 3.846553 -14.979527
v -22.893330 2.658390 -15.060480
v -23.137758 2.648868 -14.704922
v -23.310190 2.640990 -14.354438
v -23.707922 2.624075 -14.282047
v -24.070681 2.609256 -14.109781
v -24.448669 2.594066 -14.283686
v -24.856031 2.579879 -14.430794
v -24.930107 2.576564 -14.855549
v -25.023729 2.574059 -15.243391
v -24.867548 2.581560 -15.601519
v -24.724573 2.587675 -16.009415
v -24.299025 2.605943 -16.085142
v -23.897141 2.621259 -16.201130
v -23.567593 2.635487 -15.969349
v -23.186867 2.648722 -15.833028
v -23.117065 2.652045 -15.434136
v -24.119211 5.111587 -14.838922
v -23.819292 5.210378 -15.042300
v -23.813313 5.198395 -14.914758
v -23.790174 5.192636 -14.802004
v -23.871046 5.175945 -14.713509
v -23.924406 5.164162 -14.608544
v -24.044533 5.149888 -14.581528
v -24.165367 5.137456 -14.543537
v -24.260025 5.133739 -14.629476
v -24.351526 5.131968 -14.703562
v -24.379757 5.137607 -14.815445
v -24.418772 5.146038 -14.937191
v -24.333586 5.159138 -15.030495
v -24.259989 5.175205 -15.129819
v -24.141710 5.184420 -15.133897
v -24.027468 5.200387 -15.170596
v -23.939913 5.199831 -15.089017
v -24.311357 7.097120 -14.381374
v -23.295023 3.806139 -15.525908
v -23.279343 3.767195 -15.196637
v -23.220102 3.767502 -14.909764
v -23.426260 3.710955 -14.678696
v -23.561798 3.711412 -14.411686
v -23.867998 3.672735 -14.338976
v -24.175766 3.673129 -14.242553
v -24.417265 3.644499 -14.458555
v -24.650528 3.651019 -14.647851
v -24.722700 3.654818 -14.933070
v -24.822662 3.686912 -15.246569
v -24.605421 3.697451 -15.484371
v -24.418217 3.735584 -15.741577
v -24.116606 3.738157 -15.751637
v -23.825735 3.783215 -15.850119
v -23.602165 3.766309 -15.640034
v -24.147655 -0.080188 -14.730109
v -24.147655 2.657024 -14.730109
v -24.397236 -0.080188 -14.831543
v -24.397236 2.657024 -14.831543
v -24.501984 -0.080188 -15.079745
v -24.501984 2.657024 -15.079745
v -24.400551 -0.080188 -15.329323
v -24.400551 2.657024 -15.329323
v -24.152349 -0.080188 -15.434074
v -24.152349 2.657024 -15.434074
v -23.902773 -0.080188 -15.332641
v -23.902773 2.657024 -15.332641
v -23.798018 -0.080188 -15.084438
v -23.798018 2.657024 -15.084438
v -23.899454 -0.080188 -14.834861
v -23.899454 2.657024 -14.834861
v -22.745697 0.628496 -9.692620
v -22.594889 0.593480 -9.105672
v -22.607798 0.563498 -8.509825
v -22.129745 0.526452 -8.107775
v -21.684137 0.486996 -7.649937
v -21.061098 0.473515 -7.806941
v -20.490063 0.459018 -7.912421
v -20.091024 0.467105 -8.349429
v -19.630569 0.473846 -8.798986
v -19.787769 0.510753 -9.417328
v -19.888962 0.545240 -10.029603
v -20.401793 0.578213 -10.331056
v -20.822947 0.616141 -10.767936
v -21.397350 0.631595 -10.686925
v -22.039963 0.655188 -10.698398
v -22.310938 0.633989 -10.105510
v -21.145056 2.559639 -8.993993
v -22.553051 1.346979 -9.540697
v -22.150244 1.339839 -9.910831
v -21.847551 1.339175 -10.304338
v -21.326351 1.319785 -10.284885
v -20.832783 1.308787 -10.411135
v -20.403349 1.287448 -10.093885
v -19.941298 1.266687 -9.814473
v -19.952175 1.255244 -9.260657
v -19.938179 1.242962 -8.757957
v -20.223675 1.243703 -8.352230
v -20.515608 1.239833 -7.889956
v -21.059692 1.260790 -7.899144
v -21.595325 1.277959 -7.860296
v -21.941164 1.298410 -8.228794
v -22.385637 1.318114 -8.502353
v -22.363049 1.327842 -9.010576
v -21.278622 3.497632 -9.074656
v -21.496729 2.414965 -8.054650
v -21.746115 2.406288 -8.358594
v -22.009279 2.399110 -8.598235
v -21.971985 2.383698 -8.964715
v -22.030975 2.370193 -9.325855
v -21.783085 2.356352 -9.612718
v -21.551220 2.343424 -9.932080
v -21.160660 2.340404 -9.889428
v -20.797464 2.338122 -9.873227
v -20.523504 2.344957 -9.645874
v -20.202623 2.350529 -9.417498
v -20.244034 2.367175 -9.025826
v -20.244213 2.381131 -8.644674
v -20.530506 2.394095 -8.414860
v -20.746183 2.406156 -8.116088
v -21.113024 2.409184 -8.155930
v -21.380430 4.650342 -9.183807
v -21.278303 4.740363 -8.869802
v -21.391464 4.729445 -8.896849
v -21.496019 4.724196 -8.905128
v -21.553020 4.708987 -8.998313
v -21.631397 4.698250 -9.071589
v -21.624649 4.685243 -9.183577
v -21.627319 4.673915 -9.298965
v -21.528141 4.670528 -9.360081
v -21.440128 4.668915 -9.421425
v -21.335047 4.674053 -9.417820
v -21.218596 4.681736 -9.421164
v -21.158484 4.693673 -9.322979
v -21.090162 4.708312 -9.233422
v -21.116528 4.716710 -9.128853
v -21.113316 4.731259 -9.019563
v -21.206886 4.730752 -8.963567
v -21.732325 6.459581 -9.467796
v -20.987658 3.460806 -8.288483
v -21.279854 3.425319 -8.358090
v -21.545961 3.425599 -8.378835
v -21.696053 3.374074 -8.617780
v -21.895489 3.374490 -8.803995
v -21.881641 3.339247 -9.090428
v -21.888157 3.339606 -9.384239
v -21.637960 3.313519 -9.540974
v -21.413229 3.319459 -9.697260
v -21.145290 3.322920 -9.688254
v -20.845566 3.352165 -9.696416
v -20.692383 3.361768 -9.446068
v -20.514610 3.396516 -9.217105
v -20.582136 3.398860 -8.950541
v -20.569542 3.439917 -8.671005
v -20.810026 3.424512 -8.528463
v -21.468485 -0.080456 -9.236246
v -21.468485 2.413720 -9.236246
v -21.316530 -0.080456 -9.429047
v -21.316530 2.413720 -9.429047
v -21.072758 -0.080456 -9.457930
v -21.072758 2.413720 -9.457930
v -20.879959 -0.080456 -9.305975
v -20.879959 2.413720 -9.305975
v -20.851072 -0.080456 -9.062198
v -20.851072 2.413720 -9.062198
v -21.003027 -0.080456 -8.869398
v -21.003027 2.413720 -8.869398
v -21.246799 -0.080456 -8.840518
v -21.246799 2.413720 -8.840518
v -21.439600 -0.080456 -8.992471
v -21.439600 2.413720 -8.992471
v -8.542150 0.654716 -18.752892
v -8.055840 0.618409 -18.355001
v -7.700868 0.587323 -17.849186
v -7.054612 0.548912 -17.806679
v -6.401217 0.508003 -17.697638
v -5.976979 0.494024 -18.211275
v -5.564568 0.478994 -18.649940
v -5.499380 0.487378 -19.260056
v -5.390579 0.494368 -19.918354
v -5.901503 0.532634 -20.338545
v -6.361896 0.568393 -20.788055
v -6.975465 0.602580 -20.725151
v -7.595556 0.641905 -20.831690
v -8.025802 0.657929 -20.411407
v -8.569818 0.682391 -20.026533
v -8.432306 0.660411 -19.364777
v -6.775795 2.657003 -19.151649
v -8.287918 1.399668 -18.744192
v -8.178528 1.392265 -19.300745
v -8.167147 1.391576 -19.815365
v -7.719689 1.371472 -20.119041
v -7.384755 1.360070 -20.527510
v -6.831180 1.337944 -20.526018
v -6.273570 1.316418 -20.576166
v -5.942707 1.304554 -20.106716
v -5.622432 1.291818 -19.695248
v -5.611942 1.292588 -19.180969
v -5.572119 1.288575 -18.615490
v -6.032405 1.310303 -18.289183
v -6.456133 1.328105 -17.927931
v -6.971316 1.349309 -18.023563
v -7.510643 1.369739 -17.979313
v -7.803736 1.379826 -18.417854
v -6.936920 3.629552 -19.137064
v -6.493048 2.506999 -18.150856
v -6.888009 2.498003 -18.251753
v -7.255010 2.490560 -18.290457
v -7.448813 2.474580 -18.619581
v -7.719788 2.460578 -18.885143
v -7.688738 2.446227 -19.277010
v -7.691027 2.432823 -19.686201
v -7.338489 2.429692 -19.890301
v -7.025059 2.427325 -20.099709
v -6.656573 2.434412 -20.077900
v -6.248259 2.440189 -20.084032
v -6.042438 2.457448 -19.731331
v -5.808620 2.471919 -19.412727
v -5.906778 2.485361 -19.044958
v -5.903602 2.497865 -18.662909
v -6.234594 2.501005 -18.471020
v -7.088997 4.824730 -19.165775
v -6.810905 4.918067 -18.966080
v -6.922064 4.906746 -18.919218
v -7.014517 4.901305 -18.861952
v -7.119346 4.885535 -18.904833
v -7.229819 4.874403 -18.917953
v -7.292920 4.860916 -19.015676
v -7.365984 4.849172 -19.110451
v -7.320622 4.845660 -19.222403
v -7.284736 4.843987 -19.327686
v -7.194717 4.849314 -19.389177
v -7.099463 4.857280 -19.463451
v -6.988963 4.869656 -19.418306
v -6.876902 4.884835 -19.385410
v -6.834741 4.893543 -19.281849
v -6.764971 4.908628 -19.192497
v -6.808785 4.908101 -19.088272
v -7.557363 6.700622 -19.187077
v -6.211202 3.591369 -18.658737
v -6.498090 3.554575 -18.537540
v -6.733187 3.554866 -18.391523
v -7.005281 3.501442 -18.499056
v -7.286232 3.501874 -18.532240
v -7.450489 3.465332 -18.780087
v -7.636288 3.465705 -19.021597
v -7.523431 3.438656 -19.306149
v -7.431575 3.444815 -19.574688
v -7.202158 3.448404 -19.731632
v -6.956720 3.478726 -19.922434
v -6.675042 3.488683 -19.807276
v -6.385950 3.524711 -19.725073
v -6.278746 3.527141 -19.460884
v -6.096631 3.569711 -19.235029
v -6.210080 3.553739 -18.968309
v -7.194760 -0.080355 -19.155544
v -7.194760 2.505708 -19.155544
v -7.186134 -0.080355 -19.409924
v -7.186134 2.505708 -19.409924
v -7.000164 -0.080355 -19.583696
v -7.000164 2.505708 -19.583696
v -6.745784 -0.080355 -19.575073
v -6.745784 2.505708 -19.575073
v -6.572010 -0.080355 -19.389099
v -6.572010 2.505708 -19.389099
v -6.580635 -0.080355 -19.134720
v -6.580635 2.505708 -19.134720
v -6.766607 -0.080355 -18.960947
v -6.766607 2.505708 -18.960947
v -7.020987 -0.080355 -18.969574
v -7.020987 2.505708 -18.969574
v -10.571555 0.588537 -10.184610
v -11.042460 0.555487 -9.859928
v -11.574545 0.527188 -9.677389
v -11.775108 0.492223 -9.122981
v -12.035659 0.454982 -8.579155
v -11.693739 0.442257 -8.078296
v -11.414394 0.428574 -7.606732
v -10.897329 0.436207 -7.395473
v -10.349154 0.442570 -7.133889
v -9.852516 0.477404 -7.474462
v -9.343021 0.509956 -7.763426
v -9.242903 0.541077 -8.315899
v -8.992959 0.576876 -8.831236
v -9.251720 0.591462 -9.313748
v -9.450753 0.613731 -9.886797
v -10.064225 0.593722 -9.933851
v -10.669416 2.411254 -8.539110
v -10.643435 1.266680 -9.964483
v -10.184385 1.259942 -9.728109
v -9.737228 1.259315 -9.588049
v -9.584790 1.241013 -9.119967
v -9.312263 1.230633 -8.723796
v -9.453526 1.210492 -8.240066
v -9.550650 1.190897 -7.739758
v -10.044836 1.180096 -7.569103
v -10.485640 1.168503 -7.393054
v -10.938029 1.169203 -7.513902
v -11.442613 1.165550 -7.622046
v -11.611596 1.185330 -8.107067
v -11.820384 1.201535 -8.568956
v -11.606500 1.220838 -8.995305
v -11.508841 1.239436 -9.478136
v -11.051235 1.248617 -9.623570
v -10.641436 3.296583 -8.683702
v -11.616100 2.274703 -8.544876
v -11.428010 2.266514 -8.864759
v -11.301373 2.259738 -9.175919
v -10.964556 2.245191 -9.262189
v -10.663814 2.232445 -9.432014
v -10.328973 2.219381 -9.305788
v -9.970555 2.207179 -9.204336
v -9.881202 2.204329 -8.844439
v -9.777318 2.202174 -8.517397
v -9.889549 2.208626 -8.200668
v -9.987420 2.213885 -7.842047
v -10.347898 2.229597 -7.751227
v -10.685630 2.242769 -7.627303
v -10.982430 2.255005 -7.806126
v -11.317338 2.266388 -7.899940
v -11.401461 2.269246 -8.237910
v -10.577881 4.384574 -8.809434
v -10.822821 4.469540 -8.616734
v -10.835697 4.459235 -8.725789
v -10.862403 4.454281 -8.821115
v -10.798401 4.439926 -8.901950
v -10.758997 4.429792 -8.995241
v -10.657586 4.417515 -9.025716
v -10.556231 4.406823 -9.065649
v -10.469799 4.403626 -8.997677
v -10.386801 4.402103 -8.939674
v -10.355783 4.406953 -8.845407
v -10.314913 4.414205 -8.743329
v -10.382332 4.425471 -8.658107
v -10.439431 4.439289 -8.568428
v -10.540653 4.447215 -8.557743
v -10.636433 4.460948 -8.519318
v -10.716502 4.460468 -8.583984
v -10.440839 6.092231 -9.213636
v -11.243217 3.261824 -8.169991
v -11.276668 3.228330 -8.451519
v -11.344920 3.228595 -8.694030
v -11.182092 3.179961 -8.904790
v -11.082038 3.180355 -9.142095
v -10.823771 3.147090 -9.223075
v -10.565594 3.147429 -9.324494
v -10.345289 3.122807 -9.153860
v -10.133670 3.128414 -9.005636
v -10.054424 3.131680 -8.765329
v -9.949621 3.159283 -8.502453
v -10.121546 3.168347 -8.285241
v -10.266520 3.201144 -8.053210
v -10.524659 3.203357 -8.026256
v -10.768212 3.242108 -7.924096
v -10.972780 3.227569 -8.090743
v -10.560087 -0.080610 -8.904511
v -10.560087 2.273528 -8.904511
v -10.339810 -0.080610 -8.832655
v -10.339810 2.273528 -8.832655
v -10.234866 -0.080610 -8.626087
v -10.234866 2.273528 -8.626087
v -10.306723 -0.080610 -8.405812
v -10.306723 2.273528 -8.405812
v -10.513288 -0.080610 -8.300867
v -10.513288 2.273528 -8.300867
v -10.733562 -0.080610 -8.372724
v -10.733562 2.273528 -8.372724
v -10.838509 -0.080610 -8.579291
v -10.838509 2.273528 -8.579291
v -10.766651 -0.080610 -8.799566
v -10.766651 2.273528 -8.799566
v -20.960342 0.720471 -17.974146
v -20.277897 0.680929 -18.024937
v -19.618156 0.647072 -17.891975
v -19.076096 0.605240 -18.343323
v -18.478477 0.560684 -18.747499
v -18.528969 0.545460 -19.471287
v -18.532549 0.529090 -20.127016
v -18.938864 0.538222 -20.657562
v -19.346910 0.545835 -21.258869
v -20.065521 0.587511 -21.207220
v -20.766237 0.626455 -21.216627
v -21.203402 0.663689 -20.706598
v -21.772848 0.706519 -20.325432
v -21.797146 0.723971 -19.670832
v -21.937820 0.750612 -18.958820
v -21.332739 0.726674 -18.539600
v -19.865150 2.901179 -19.614269
v -20.753120 1.531804 -18.158037
v -21.084356 1.523742 -18.679466
v -21.461500 1.522992 -19.094250
v -21.336128 1.501096 -19.669716
v -21.378206 1.488678 -20.243475
v -20.940086 1.464580 -20.657658
v -20.537529 1.441137 -21.115631
v -19.924099 1.428215 -20.993296
v -19.362535 1.414345 -20.908781
v -18.968388 1.415182 -20.510675
v -18.512659 1.410812 -20.094154
v -18.631182 1.434477 -19.491201
v -18.694624 1.453865 -18.888090
v -19.173071 1.476958 -18.577032
v -19.565626 1.499209 -18.137432
v -20.126043 1.510194 -18.263712
v -19.981400 3.960391 -19.481857
v -18.891031 2.737808 -19.036377
v -19.278521 2.728011 -18.819677
v -19.597279 2.719904 -18.574862
v -19.997217 2.702500 -18.689262
v -20.410385 2.687251 -18.695587
v -20.679903 2.671621 -19.028229
v -20.988733 2.657022 -19.349533
v -20.863571 2.653612 -19.775167
v -20.773270 2.651035 -20.175650
v -20.466019 2.658753 -20.434919
v -20.148291 2.665045 -20.746122
v -19.721170 2.683843 -20.622128
v -19.297537 2.699602 -20.546057
v -19.099083 2.714242 -20.182081
v -18.809916 2.727860 -19.882872
v -18.927227 2.731280 -19.483042
v -20.122993 5.262070 -19.390417
v -19.753628 5.363723 -19.441431
v -19.806219 5.351393 -19.321033
v -19.836235 5.345467 -19.206459
v -19.951160 5.328292 -19.161650
v -20.048214 5.316168 -19.089119
v -20.171350 5.301479 -19.118916
v -20.300140 5.288688 -19.138910
v -20.348330 5.284863 -19.261324
v -20.398996 5.283041 -19.371365
v -20.374071 5.288843 -19.487448
v -20.354610 5.297519 -19.617552
v -20.233507 5.310998 -19.664825
v -20.120361 5.327530 -19.722939
v -20.009375 5.337013 -19.672823
v -19.887251 5.353443 -19.654634
v -19.843637 5.352870 -19.539480
v -20.508709 7.305120 -19.055805
v -19.049606 3.918805 -19.648781
v -19.185144 3.878733 -19.337851
v -19.261177 3.879049 -19.046179
v -19.556654 3.820864 -18.926912
v -19.803343 3.821335 -18.742304
v -20.118971 3.781537 -18.814709
v -20.446854 3.781943 -18.865953
v -20.571264 3.752484 -19.175262
v -20.700245 3.759192 -19.456173
v -20.636900 3.763100 -19.752205
v -20.586308 3.796124 -20.086985
v -20.277544 3.806968 -20.207422
v -19.987652 3.846207 -20.359449
v -19.704796 3.848854 -20.231327
v -19.391567 3.895217 -20.189682
v -19.280998 3.877822 -19.894003
v -20.198809 -0.080101 -19.302982
v -20.198809 2.736403 -19.302982
v -20.382864 -0.080101 -19.510265
v -20.382864 2.736403 -19.510265
v -20.366442 -0.080101 -19.786983
v -20.366442 2.736403 -19.786983
v -20.159159 -0.080101 -19.971039
v -20.159159 2.736403 -19.971039
v -19.882441 -0.080101 -19.954617
v -19.882441 2.736403 -19.954617
v -19.698387 -0.080101 -19.747334
v -19.698387 2.736403 -19.747334
v -19.714811 -0.080101 -19.470617
v -19.714811 2.736403 -19.470617
v -19.922089 -0.080101 -19.286558
v -19.922089 2.736403 -19.286558
v -19.640209 0.628496 -14.234900
v -19.764849 0.593480 -13.641840
v -20.040224 0.563498 -13.113285
v -19.789581 0.526452 -12.541138
v -19.592722 0.486996 -11.933328
v -18.964563 0.473515 -11.798267
v -18.405844 0.459018 -11.640031
v -17.854567 0.467105 -11.855205
v -17.242664 0.473846 -12.054445
v -17.109861 0.510753 -12.678483
v -16.929516 0.545240 -13.272282
v -17.255882 0.578213 -13.769628
v -17.440090 0.616141 -14.347816
v -17.990997 0.631595 -14.529483
v -18.562115 0.655188 -14.824281
v -19.067579 0.633989 -14.412632
v -18.514296 2.559639 -12.899813
v -19.534735 1.346979 -14.013387
v -19.009682 1.339839 -14.166929
v -18.564054 1.339175 -14.385758
v -18.105331 1.319785 -14.137559
v -17.606876 1.308788 -14.032242
v -17.362280 1.287448 -13.557657
v -17.071688 1.266688 -13.102553
v -17.326633 1.255244 -12.610789
v -17.536644 1.242962 -12.153845
v -17.972265 1.243703 -11.916447
v -18.438688 1.239833 -11.631197
v -18.922483 1.260790 -11.880322
v -19.419962 1.277959 -12.082626
v -19.566904 1.298410 -12.566156
v -19.844332 1.318114 -13.008227
v -19.599072 1.327842 -13.453927
v -18.598349 3.497632 -13.031275
v -19.245504 2.414964 -12.213246
v -19.334549 2.406288 -12.596188
v -19.464420 2.399110 -12.927573
v -19.268730 2.383698 -13.239671
v -19.161730 2.370193 -13.589604
v -18.812458 2.356352 -13.737073
v -18.463160 2.343424 -13.920778
v -18.131847 2.340404 -13.709615
v -17.813360 2.338122 -13.534292
v -17.668369 2.344957 -13.209141
v -17.481768 2.350529 -12.862304
v -17.692303 2.367175 -12.529443
v -17.861210 2.381131 -12.187759
v -18.219658 2.394095 -12.108451
v -18.545326 2.406156 -11.936043
v -18.856617 2.409184 -12.134179
v -18.641312 4.650342 -13.174223
v -18.688759 4.740363 -12.847451
v -18.778250 4.729445 -12.921802
v -18.868336 4.724196 -12.975514
v -18.878187 4.708987 -13.084305
v -18.916021 4.698250 -13.184708
v -18.860390 4.685243 -13.282135
v -18.811699 4.673915 -13.386782
v -18.695709 4.670529 -13.397669
v -18.589638 4.668915 -13.413711
v -18.497011 4.674053 -13.363955
v -18.391117 4.681736 -13.315396
v -18.380686 4.693672 -13.200745
v -18.359079 4.708312 -13.090197
v -18.429008 4.716710 -13.008109
v -18.474518 4.731259 -12.908691
v -18.583208 4.730752 -12.899907
v -18.831100 6.459582 -13.584654
v -18.685514 3.460805 -12.197531
v -18.916697 3.425319 -12.389307
v -19.146124 3.425599 -12.525723
v -19.174917 3.374073 -12.806426
v -19.271292 3.374490 -13.061692
v -19.132065 3.339247 -13.312396
v -19.007824 3.339606 -13.578726
v -18.714092 3.313518 -13.608491
v -18.443392 3.319459 -13.649130
v -18.207134 3.322920 -13.522427
v -17.934774 3.352165 -13.397051
v -17.908257 3.361768 -13.104754
v -17.850227 3.396516 -12.820749
v -18.028790 3.398860 -12.611629
v -18.141260 3.439917 -12.355405
v -18.419994 3.424512 -12.334065
v -18.697044 -0.080456 -13.260224
v -18.697044 2.413720 -13.260224
v -18.475439 -0.080456 -13.365824
v -18.475439 2.413720 -13.365824
v -18.244068 -0.080456 -13.283792
v -18.244068 2.413720 -13.283792
v -18.138472 -0.080456 -13.062183
v -18.138472 2.413720 -13.062183
v -18.220503 -0.080456 -12.830813
v -18.220503 2.413720 -12.830813
v -18.442108 -0.080456 -12.725214
v -18.442108 2.413720 -12.725214
v -18.673475 -0.080456 -12.807246
v -18.673475 2.413720 -12.807246
v -18.779076 -0.080456 -13.028855
v -18.779076 2.413720 -13.028855
v -0.345794 0.869883 -23.489208
v 0.375927 0.822990 -23.860344
v 1.157856 0.782839 -24.020329
v 1.541000 0.733229 -24.763922
v 2.006628 0.680390 -25.481710
v 1.616692 0.662336 -26.248716
v 1.309474 0.642923 -26.963106
v 0.620372 0.653752 -27.354506
v -0.103349 0.662780 -27.822376
v -0.864164 0.712204 -27.433573
v -1.633685 0.758389 -27.119722
v -1.875142 0.802545 -26.360565
v -2.320655 0.853337 -25.680931
v -2.044392 0.874034 -24.954880
v -1.868657 0.905628 -24.112307
v -1.014004 0.877239 -23.934414
v 0.091476 3.456009 -25.786783
v -0.204574 1.832052 -23.785866
v -0.807472 1.822492 -24.202038
v -1.411172 1.821602 -24.480524
v -1.540454 1.795635 -25.166914
v -1.851803 1.780908 -25.773985
v -1.564969 1.752331 -26.428919
v -1.337223 1.724529 -27.115227
v -0.610783 1.709205 -27.265388
v 0.041523 1.692756 -27.432859
v 0.656080 1.693749 -27.180452
v 1.346390 1.688567 -26.936422
v 1.495869 1.716631 -26.223183
v 1.705569 1.739623 -25.535250
v 1.326996 1.767010 -24.974272
v 1.101678 1.793397 -24.312658
v 0.431304 1.806425 -24.191322
v 0.025781 4.712141 -25.588419
v 1.422505 3.262266 -25.606325
v 1.099607 3.250647 -25.190454
v 0.864772 3.241034 -24.775679
v 0.375129 3.220394 -24.715607
v -0.078965 3.202310 -24.531393
v -0.527140 3.183774 -24.769964
v -1.012998 3.166462 -24.977970
v -1.073210 3.162417 -25.500650
v -1.159848 3.159361 -25.979740
v -0.944264 3.168514 -26.404982
v -0.741263 3.175976 -26.891781
v -0.217502 3.198268 -26.953947
v 0.280285 3.216958 -27.066837
v 0.665357 3.234318 -26.761179
v 1.119526 3.250470 -26.568201
v 1.176368 3.254525 -26.077335
v -0.086540 6.255816 -25.423071
v 0.293201 6.376369 -25.649630
v 0.291465 6.361746 -25.493835
v 0.311686 6.354719 -25.354837
v 0.206914 6.334351 -25.252750
v 0.134484 6.319973 -25.128654
v -0.013761 6.302553 -25.104231
v -0.163648 6.287385 -25.066492
v -0.272892 6.282848 -25.177872
v -0.379120 6.280687 -25.274599
v -0.405599 6.287568 -25.412891
v -0.444525 6.297857 -25.563965
v -0.334150 6.313841 -25.671608
v -0.237478 6.333447 -25.787395
v -0.093099 6.344693 -25.784006
v 0.048666 6.364177 -25.820639
v 0.149559 6.363497 -25.715069
v -0.352959 8.678695 -24.879265
v 0.966065 4.662824 -26.201710
v 0.961886 4.615302 -25.799480
v 1.013776 4.615677 -25.445818
v 0.746290 4.546674 -25.178900
v 0.562303 4.547233 -24.863203
v 0.184151 4.500036 -24.796272
v -0.197594 4.500517 -24.700565
v -0.476523 4.465581 -24.980776
v -0.747307 4.473537 -25.227865
v -0.815066 4.478172 -25.580429
v -0.914678 4.517336 -25.969398
v -0.633221 4.530196 -26.243742
v -0.386986 4.576729 -26.543839
v -0.018848 4.579868 -26.534773
v 0.342454 4.634851 -26.634182
v 0.599962 4.614221 -26.362455
v -0.128887 -0.079524 -25.292528
v -0.128887 3.260600 -25.292528
v -0.425755 -0.079524 -25.433741
v -0.425755 3.260600 -25.433741
v -0.535820 -0.079524 -25.743504
v -0.535820 3.260600 -25.743504
v -0.394609 -0.079524 -26.040375
v -0.394609 3.260600 -26.040375
v -0.084840 -0.079524 -26.150440
v -0.084840 3.260600 -26.150440
v 0.212027 -0.079524 -26.009228
v 0.212027 3.260600 -26.009228
v 0.322093 -0.079524 -25.699463
v 0.322093 3.260600 -25.699463
v 0.180881 -0.079524 -25.402592
v 0.180881 3.260600 -25.402592
v -9.368163 0.723780 -27.888887
v -8.681105 0.684075 -27.900106
v -8.027492 0.650079 -27.728449
v -7.457860 0.608074 -28.149363
v -6.835282 0.563336 -28.519756
v -6.843796 0.548049 -29.248241
v -6.809237 0.531611 -29.905773
v -7.185684 0.540781 -30.461241
v -7.559743 0.548425 -31.087748
v -8.283103 0.590273 -31.077770
v -8.984978 0.629377 -31.127964
v -9.452870 0.666764 -30.642122
v -10.045877 0.709770 -30.293152
v -10.108309 0.727294 -29.638372
v -10.290743 0.754045 -28.932816
v -9.708575 0.730008 -28.477375
v -8.174903 2.913466 -29.469294
v -9.149742 1.538454 -28.061171
v -9.451452 1.530359 -28.603136
v -9.805387 1.529606 -29.040867
v -9.646233 1.507619 -29.610439
v -9.655041 1.495150 -30.188046
v -9.191763 1.470953 -30.577745
v -8.761586 1.447413 -31.013414
v -8.153784 1.434438 -30.855104
v -7.595773 1.420511 -30.737717
v -7.223820 1.421352 -30.315712
v -6.791213 1.416964 -29.871675
v -6.945096 1.440726 -29.274149
v -7.043775 1.460193 -28.673260
v -7.541481 1.483382 -28.389277
v -7.960557 1.505724 -27.971445
v -8.514990 1.516754 -28.130629
v -8.299141 3.977039 -29.343325
v -7.232034 2.749423 -28.833332
v -7.633072 2.739586 -28.638649
v -7.966847 2.731446 -28.411781
v -8.361102 2.713970 -28.549725
v -8.774907 2.698658 -28.580090
v -9.025726 2.682964 -28.929216
v -9.316620 2.668305 -29.269272
v -9.166396 2.664881 -29.688660
v -9.052576 2.662293 -30.084862
v -8.729499 2.670043 -30.326891
v -8.392896 2.676361 -30.620371
v -7.971954 2.695236 -30.471231
v -7.551714 2.711060 -30.370335
v -7.373946 2.725760 -29.993927
v -7.101480 2.739435 -29.677168
v -7.242337 2.742868 -29.283192
v -8.446399 5.284077 -29.259899
v -8.073170 5.386150 -29.289545
v -8.132890 5.373770 -29.171919
v -8.169643 5.367819 -29.058809
v -8.287456 5.350574 -29.020582
v -8.388963 5.338398 -28.953516
v -8.510665 5.323650 -28.990549
v -8.638608 5.310807 -29.018085
v -8.679791 5.306967 -29.143595
v -8.724184 5.305137 -29.256851
v -8.692446 5.310962 -29.371769
v -8.665363 5.319674 -29.501053
v -8.541217 5.333209 -29.541401
v -8.424416 5.349808 -29.593075
v -8.316075 5.359330 -29.536379
v -8.194715 5.375828 -29.511044
v -8.157693 5.375251 -29.393074
v -8.852516 7.335541 -28.946907
v -7.355375 3.935283 -29.456448
v -7.509329 3.895046 -29.152647
v -7.602508 3.895363 -28.864695
v -7.905643 3.836939 -28.762323
v -8.163670 3.837412 -28.591614
v -8.475854 3.797450 -28.682556
v -8.801553 3.797857 -28.752998
v -8.908275 3.768276 -29.070293
v -9.021231 3.775012 -29.359390
v -8.940507 3.778937 -29.652456
v -8.870321 3.812098 -29.985106
v -8.553799 3.822986 -30.087879
v -8.254358 3.862386 -30.223410
v -7.978267 3.865044 -30.078526
v -7.666701 3.911598 -30.018555
v -7.573066 3.894131 -29.715727
v -8.527486 -0.080088 -29.176661
v -8.527485 2.748012 -29.176661
v -8.699931 -0.080088 -29.395149
v -8.699930 2.748012 -29.395149
v -8.667371 -0.080088 -29.671589
v -8.667370 2.748013 -29.671589
v -8.448877 -0.080088 -29.844036
v -8.448876 2.748013 -29.844036
v -8.172442 -0.080088 -29.811476
v -8.172442 2.748013 -29.811476
v -7.999997 -0.080088 -29.592983
v -7.999996 2.748013 -29.592983
v -8.032557 -0.080088 -29.316549
v -8.032557 2.748013 -29.316549
v -8.251049 -0.080088 -29.144096
v -8.251048 2.748013 -29.144096
v -0.927965 0.812716 -31.776419
v -1.492854 0.768635 -32.289143
v -1.891773 0.730893 -32.924553
v -2.672726 0.684258 -33.016327
v -3.458192 0.634589 -33.189217
v -4.004565 0.617618 -32.592827
v -4.531929 0.599369 -32.086613
v -4.648952 0.609549 -31.350899
v -4.821859 0.618035 -30.559473
v -4.228512 0.664495 -30.018173
v -3.698261 0.707909 -29.444479
v -2.950381 0.749417 -29.482548
v -2.205137 0.797163 -29.314768
v -1.657294 0.816617 -29.797583
v -0.973704 0.846317 -30.230385
v -1.099244 0.819631 -31.041336
v -3.094528 3.243724 -31.402880
v -1.235684 1.717174 -31.802794
v -1.402969 1.708186 -31.134775
v -1.448804 1.707350 -30.511497
v -2.010261 1.682940 -30.171141
v -2.441803 1.669097 -29.696718
v -3.112933 1.642233 -29.732983
v -3.792164 1.616099 -29.706892
v -4.164119 1.601694 -30.296711
v -4.526843 1.586232 -30.815557
v -4.507546 1.587166 -31.439781
v -4.520629 1.582294 -32.127914
v -3.942208 1.608675 -32.494915
v -3.405938 1.630288 -32.906567
v -2.787226 1.656032 -32.758537
v -2.130527 1.680837 -32.778614
v -1.802447 1.693083 -32.228630
v -2.898254 4.424511 -31.410534
v -3.375057 3.061601 -32.633965
v -2.902444 3.050679 -32.487034
v -2.459856 3.041642 -32.417259
v -2.245358 3.022241 -32.006126
v -1.933329 3.005241 -31.667259
v -1.995371 2.987817 -31.194046
v -2.018069 2.971543 -30.697752
v -2.458233 2.967742 -30.472221
v -2.851311 2.964868 -30.237825
v -3.296750 2.973472 -30.287205
v -3.792218 2.980487 -30.305193
v -4.019823 3.001442 -30.745661
v -4.283498 3.019010 -31.146524
v -4.141583 3.035330 -31.586346
v -4.121652 3.050512 -32.049786
v -3.708373 3.054324 -32.261852
v -2.715645 5.875595 -31.366253
v -3.040400 5.988917 -31.625700
v -2.902701 5.975172 -31.675598
v -2.787038 5.968565 -31.739285
v -2.662599 5.949419 -31.680763
v -2.529467 5.935903 -31.657978
v -2.459040 5.919528 -31.535561
v -2.376347 5.905270 -31.416092
v -2.438318 5.901006 -31.283176
v -2.488385 5.898974 -31.157751
v -2.601362 5.905442 -31.088797
v -2.721483 5.915114 -31.004667
v -2.852659 5.930140 -31.066284
v -2.986484 5.948569 -31.113142
v -3.031159 5.959141 -31.241341
v -3.110194 5.977457 -31.354025
v -3.050580 5.976817 -31.477674
v -2.149068 8.153146 -31.311270
v -3.748423 4.378152 -32.035694
v -3.393019 4.333480 -32.164787
v -3.098869 4.333833 -32.327194
v -2.775645 4.268970 -32.179882
v -2.437051 4.269494 -32.122147
v -2.253315 4.225129 -31.811409
v -2.043068 4.225581 -31.507004
v -2.197622 4.192740 -31.169008
v -2.325716 4.200219 -30.849113
v -2.613660 4.204576 -30.673098
v -2.923137 4.241391 -30.457026
v -3.257506 4.253479 -30.614193
v -3.602919 4.297222 -30.731863
v -3.716460 4.300172 -31.058874
v -3.923218 4.351857 -31.344057
v -3.769052 4.332465 -31.660402
v -2.586766 -0.079745 -31.372076
v -2.586766 3.060035 -31.372076
v -2.613061 -0.079745 -31.064175
v -2.613061 3.060035 -31.064175
v -2.849374 -0.079745 -30.865046
v -2.849374 3.060035 -30.865046
v -3.157275 -0.079745 -30.891342
v -3.157275 3.060035 -30.891342
v -3.356402 -0.079745 -31.127655
v -3.356402 3.060035 -31.127655
v -3.330107 -0.079745 -31.435556
v -3.330107 3.060035 -31.435556
v -3.093794 -0.079745 -31.634680
v -3.093794 3.060035 -31.634680
v -2.785892 -0.079745 -31.608389
v -2.785892 3.060035 -31.608389
v 10.210218 0.610551 -13.270441
v 9.704133 0.576417 -12.965736
v 9.144035 0.547191 -12.811452
v 8.901995 0.511080 -12.252731
v 8.598792 0.472618 -11.708740
v 8.919358 0.459477 -11.170681
v 9.177285 0.445346 -10.666808
v 9.696828 0.453228 -10.416120
v 10.245237 0.459800 -10.111579
v 10.778854 0.495776 -10.431019
v 11.322445 0.529394 -10.696451
v 11.460822 0.561535 -11.259564
v 11.751276 0.598507 -11.774866
v 11.515263 0.613572 -12.288717
v 11.346584 0.636569 -12.892091
v 10.717208 0.615905 -12.979655
v 10.004573 2.492999 -11.580478
v 10.122107 1.310916 -13.048108
v 10.580247 1.303957 -12.775227
v 11.032265 1.303310 -12.602381
v 11.159595 1.284408 -12.110173
v 11.415295 1.273688 -11.684444
v 11.238883 1.252887 -11.194807
v 11.106914 1.232649 -10.685271
v 10.586637 1.221495 -10.540825
v 10.121046 1.209522 -10.387416
v 9.662414 1.210245 -10.540791
v 9.149173 1.206473 -10.684392
v 9.005865 1.226901 -11.195112
v 8.820052 1.243637 -11.684522
v 9.067667 1.263572 -12.110387
v 9.199078 1.282779 -12.601876
v 9.680039 1.292262 -12.722657
v 10.042623 3.407341 -11.727741
v 9.029095 2.351973 -11.646691
v 9.243345 2.343515 -11.964456
v 9.393693 2.336517 -12.277138
v 9.746380 2.321494 -12.344621
v 10.067201 2.308330 -12.500532
v 10.404319 2.294838 -12.349099
v 10.767317 2.282236 -12.221702
v 10.836511 2.279292 -11.845029
v 10.922774 2.277067 -11.501297
v 10.786918 2.283730 -11.181957
v 10.663199 2.289162 -10.818522
v 10.285835 2.305388 -10.747855
v 9.929808 2.318992 -10.641612
v 9.635250 2.331629 -10.844841
v 9.296000 2.343386 -10.962869
v 9.230802 2.346337 -11.316606
v 10.116143 4.530986 -11.853302
v 9.851384 4.618735 -11.670258
v 9.845057 4.608092 -11.783495
v 9.823598 4.602977 -11.883457
v 9.894716 4.588151 -11.962706
v 9.941275 4.577684 -12.056360
v 10.047750 4.565005 -12.081322
v 10.154771 4.553963 -12.116032
v 10.239538 4.550662 -12.040462
v 10.321401 4.549089 -11.975388
v 10.347369 4.554097 -11.876242
v 10.382999 4.561587 -11.768415
v 10.308083 4.573223 -11.684863
v 10.243512 4.587493 -11.596055
v 10.138490 4.595679 -11.591486
v 10.037313 4.609861 -11.557973
v 9.958895 4.609367 -11.629731
v 10.283140 6.294604 -12.261231
v 9.389599 3.371442 -11.236522
v 9.373039 3.336851 -11.528852
v 9.318123 3.337124 -11.783177
v 9.499385 3.286897 -11.990062
v 9.617630 3.287304 -12.228310
v 9.889010 3.252949 -12.295341
v 10.161598 3.253299 -12.383448
v 10.377826 3.227869 -12.193530
v 10.586526 3.233660 -12.027268
v 10.652915 3.237034 -11.774511
v 10.744210 3.265541 -11.496863
v 10.553162 3.274902 -11.283907
v 10.388947 3.308774 -11.053961
v 10.121139 3.311059 -11.042606
v 9.863579 3.351080 -10.952809
v 9.663321 3.336065 -11.137613
v 10.140537 -0.080525 -11.950176
v 10.140537 2.350760 -11.950176
v 10.363024 -0.080525 -11.862083
v 10.363024 2.350760 -11.862083
v 10.458051 -0.080525 -11.642468
v 10.458051 2.350760 -11.642468
v 10.369956 -0.080525 -11.419984
v 10.369956 2.350760 -11.419984
v 10.150342 -0.080525 -11.324954
v 10.150342 2.350760 -11.324954
v 9.927858 -0.080525 -11.413047
v 9.927858 2.350760 -11.413047
v 9.832829 -0.080525 -11.632663
v 9.832829 2.350760 -11.632663
v 9.920925 -0.080525 -11.855147
v 9.920925 2.350760 -11.855147
v -0.459029 0.723441 -16.797304
v 0.227776 0.683753 -16.805956
v 0.880472 0.649771 -16.631937
v 1.451426 0.607783 -17.050549
v 2.075119 0.563064 -17.418472
v 2.069319 0.547784 -18.146675
v 2.106313 0.531353 -18.803797
v 1.732095 0.540519 -19.360432
v 1.360528 0.548159 -19.988062
v 0.637438 0.589989 -19.980782
v -0.063948 0.629078 -20.033566
v -0.533452 0.666449 -19.549677
v -1.127503 0.709437 -19.203064
v -1.192345 0.726953 -18.548796
v -1.377328 0.753693 -17.844217
v -0.797106 0.729667 -17.386806
v 0.739602 2.912207 -18.372585
v -0.240061 1.537772 -16.968699
v -0.539625 1.529681 -17.511555
v -0.891779 1.528928 -17.950418
v -0.730572 1.506950 -18.519154
v -0.737226 1.494486 -19.096542
v -0.272694 1.470300 -19.484356
v 0.158921 1.446770 -19.918236
v 0.765875 1.433800 -19.757725
v 1.323210 1.419879 -19.638317
v 1.693434 1.420720 -19.215109
v 2.124202 1.416333 -18.769648
v 1.968159 1.440085 -18.172951
v 1.867285 1.459545 -17.572685
v 1.368737 1.482724 -17.290676
v 0.948282 1.505057 -16.874584
v 0.394677 1.516082 -17.035761
v 0.614952 3.975333 -18.247135
v 1.679703 2.748233 -17.733389
v 1.278111 2.738399 -17.540279
v 0.943634 2.730263 -17.314753
v 0.550062 2.712794 -17.454105
v 0.136548 2.697489 -17.486002
v -0.112868 2.681801 -17.835915
v -0.402369 2.667149 -18.176901
v -0.250650 2.663726 -18.595552
v -0.135403 2.661139 -18.991165
v 0.188440 2.668886 -19.231886
v 0.525990 2.675201 -19.523985
v 0.946199 2.694068 -19.373339
v 1.365882 2.709886 -19.270920
v 1.542172 2.724579 -18.894016
v 1.813342 2.738249 -18.576378
v 1.671080 2.741681 -18.183090
v 0.467446 5.281822 -18.164291
v 0.840626 5.383851 -18.192539
v 0.780492 5.371476 -18.075184
v 0.743334 5.365528 -17.962259
v 0.625430 5.348290 -17.924484
v 0.523715 5.336121 -17.857830
v 0.402205 5.321378 -17.895298
v 0.274419 5.308540 -17.923300
v 0.233719 5.304701 -18.048912
v 0.189770 5.302873 -18.162283
v 0.221921 5.308695 -18.277031
v 0.249471 5.317403 -18.406164
v 0.373716 5.330932 -18.446030
v 0.490658 5.347525 -18.497244
v 0.598741 5.357043 -18.440166
v 0.719956 5.373533 -18.414392
v 0.756524 5.372958 -18.296337
v 0.060336 7.332423 -17.852949
v 1.558734 3.933594 -18.356701
v 1.403715 3.893374 -18.053596
v 1.309502 3.893691 -17.766117
v 1.006116 3.835291 -17.664913
v 0.747564 3.835764 -17.495241
v 0.435853 3.795818 -17.587305
v 0.110556 3.796226 -17.658932
v 0.005060 3.766657 -17.976488
v -0.106769 3.773391 -18.265882
v -0.024991 3.777314 -18.558525
v 0.046404 3.810461 -18.890772
v 0.363175 3.821344 -18.992319
v 0.662991 3.860727 -19.126677
v 0.938425 3.863384 -18.980827
v 1.249635 3.909919 -18.919724
v 1.342103 3.892460 -18.616674
v 0.386084 -0.080089 -18.081392
v 0.386084 2.746822 -18.081392
v 0.214524 -0.080089 -18.300432
v 0.214524 2.746822 -18.300432
v 0.248100 -0.080089 -18.576632
v 0.248100 2.746822 -18.576632
v 0.467142 -0.080089 -18.748188
v 0.467142 2.746822 -18.748188
v 0.743339 -0.080089 -18.714615
v 0.743339 2.746822 -18.714615
v 0.914898 -0.080089 -18.495573
v 0.914898 2.746822 -18.495573
v 0.881324 -0.080089 -18.219376
v 0.881324 2.746822 -18.219376
v 0.662281 -0.080089 -18.047817
v 0.662281 2.746822 -18.047817
v 0.490288 0.651819 -12.721059
v 0.324049 0.615655 -12.117664
v 0.006539 0.584690 -11.590361
v 0.228480 0.546431 -10.984629
v 0.392704 0.505682 -10.345561
v 1.031613 0.491758 -10.166347
v 1.597471 0.476787 -9.967662
v 2.179432 0.485138 -10.154366
v 2.822870 0.492101 -10.320786
v 2.999494 0.530217 -10.955594
v 3.223201 0.565835 -11.556202
v 2.918443 0.599888 -12.089646
v 2.765371 0.639059 -12.697375
v 2.209062 0.655020 -12.919715
v 1.639113 0.679385 -13.259953
v 1.091876 0.657492 -12.867808
v 1.565885 2.646245 -11.273157
v 0.584905 1.393847 -12.486005
v 1.135912 1.386473 -12.610850
v 1.609199 1.385787 -12.808046
v 2.066250 1.365761 -12.522998
v 2.573356 1.354403 -12.382702
v 2.795273 1.332365 -11.877921
v 3.065844 1.310924 -11.390297
v 2.771734 1.299106 -10.899614
v 2.526159 1.286420 -10.441966
v 2.062006 1.287187 -10.224989
v 1.563051 1.283190 -9.960645
v 1.080215 1.304833 -10.248249
v 0.580293 1.322564 -10.488461
v 0.459606 1.343686 -10.996241
v 0.201780 1.364035 -11.469593
v 0.482972 1.374082 -11.913407
v 1.487615 3.614977 -11.414020
v 0.768439 2.496830 -10.611994
v 0.701032 2.487870 -11.012403
v 0.588262 2.480456 -11.362267
v 0.809851 2.464539 -11.671517
v 0.942420 2.450592 -12.025422
v 1.311844 2.436297 -12.155193
v 1.683596 2.422946 -12.322318
v 2.011670 2.419827 -12.083559
v 2.328808 2.417470 -11.882555
v 2.457567 2.424528 -11.538155
v 2.627836 2.430283 -11.168754
v 2.389621 2.447475 -10.839044
v 2.193757 2.461888 -10.497589
v 1.819216 2.475277 -10.438656
v 1.472539 2.487733 -10.281672
v 1.164275 2.490860 -10.505734
v 1.452428 4.805463 -11.564108
v 1.382714 4.898433 -11.230288
v 1.295202 4.887156 -11.312627
v 1.205758 4.881737 -11.373733
v 1.202529 4.866028 -11.486502
v 1.169923 4.854940 -11.592408
v 1.233474 4.841506 -11.689291
v 1.290324 4.829808 -11.794063
v 1.410579 4.826310 -11.797899
v 1.520942 4.824644 -11.807683
v 1.613254 4.829950 -11.750499
v 1.719319 4.837884 -11.693702
v 1.722772 4.850212 -11.574854
v 1.738008 4.865332 -11.459526
v 1.660692 4.874005 -11.379356
v 1.607454 4.889030 -11.279774
v 1.494856 4.888506 -11.277639
v 1.282921 6.673991 -11.999266
v 1.344676 3.576944 -10.560140
v 1.118584 3.540295 -10.772547
v 0.890776 3.540584 -10.927772
v 0.878969 3.487369 -11.218955
v 0.795876 3.487800 -11.488221
v 0.955354 3.451402 -11.737782
v 1.100376 3.451772 -12.004408
v 1.405050 3.424830 -12.016389
v 1.686679 3.430965 -12.041040
v 1.922149 3.434540 -11.895395
v 2.194918 3.464744 -11.748816
v 2.203642 3.474661 -11.445827
v 2.245376 3.510547 -11.149377
v 2.047999 3.512968 -10.945185
v 1.915751 3.555371 -10.688227
v 1.627075 3.539461 -10.683979
v 1.400452 -0.080366 -11.656305
v 1.400452 2.495545 -11.656305
v 1.635611 -0.080366 -11.751049
v 1.635611 2.495545 -11.751049
v 1.868886 -0.080366 -11.651763
v 1.868886 2.495545 -11.651763
v 1.963627 -0.080366 -11.416601
v 1.963627 2.495545 -11.416601
v 1.864339 -0.080366 -11.183328
v 1.864339 2.495545 -11.183328
v 1.629180 -0.080366 -11.088587
v 1.629181 2.495545 -11.088587
v 1.395905 -0.080366 -11.187873
v 1.395905 2.495545 -11.187873
v 1.301164 -0.080366 -11.423032
v 1.301164 2.495545 -11.423032
v 17.786907 0.678151 -9.774240
v 18.018156 0.640691 -9.168591
v 18.076466 0.608618 -8.533696
v 18.633196 0.568987 -8.164140
v 19.162189 0.526779 -7.731361
v 19.805447 0.512356 -7.973561
v 20.399656 0.496848 -8.154707
v 20.770979 0.505499 -8.667446
v 21.206059 0.512711 -9.200953
v 20.964214 0.552192 -9.839192
v 20.782646 0.589086 -10.477759
v 20.201105 0.624359 -10.736186
v 19.700642 0.664934 -11.149641
v 19.099894 0.681466 -10.994096
v 18.415461 0.706705 -10.928609
v 18.199114 0.684027 -10.265661
v 19.572710 2.744028 -9.225149
v 18.010038 1.446761 -9.636045
v 18.393452 1.439124 -10.078161
v 18.667616 1.438413 -10.533017
v 19.223961 1.417670 -10.575344
v 19.733322 1.405906 -10.769203
v 20.228125 1.383077 -10.483906
v 20.753023 1.360868 -10.242769
v 20.808411 1.348627 -9.652793
v 20.884056 1.335487 -9.120157
v 20.629644 1.336281 -8.654390
v 20.375225 1.332140 -8.127740
v 19.795790 1.354559 -8.071735
v 19.231157 1.372926 -7.965691
v 18.819017 1.394804 -8.315570
v 18.313509 1.415882 -8.552609
v 18.276083 1.426289 -9.095537
v 19.420992 3.747463 -9.294741
v 19.312464 2.589259 -8.184193
v 19.010647 2.579978 -8.477113
v 18.701958 2.572298 -8.700020
v 18.697292 2.555811 -9.094067
v 18.590935 2.541365 -9.470796
v 18.819742 2.526558 -9.805674
v 19.027590 2.512728 -10.173159
v 19.447880 2.509497 -10.175035
v 19.835884 2.507055 -10.201720
v 20.154570 2.514367 -9.993180
v 20.523239 2.520328 -9.789222
v 20.526571 2.538136 -9.367903
v 20.572458 2.553065 -8.962749
v 20.295935 2.566934 -8.683869
v 20.102802 2.579836 -8.340226
v 19.708063 2.583076 -8.338230
v 19.299578 4.980598 -9.398451
v 19.446089 5.076899 -9.077036
v 19.322542 5.065218 -9.092106
v 19.210405 5.059604 -9.088264
v 19.138556 5.043334 -9.180423
v 19.046391 5.031848 -9.248837
v 19.040030 5.017933 -9.368686
v 19.023237 5.005815 -9.491011
v 19.121271 5.002192 -9.567960
v 19.207403 5.000467 -9.643804
v 19.319530 5.005962 -9.652677
v 19.442902 5.014182 -9.670305
v 19.518667 5.026952 -9.573210
v 19.602112 5.042612 -9.486279
v 19.586729 5.051596 -9.371943
v 19.603355 5.067160 -9.256163
v 19.510668 5.066617 -9.185334
v 18.891218 6.916066 -9.657771
v 19.825296 3.708068 -8.494279
v 19.506304 3.670106 -8.532943
v 19.220943 3.670404 -8.522821
v 19.032520 3.615284 -8.758658
v 18.798031 3.615730 -8.932484
v 18.778120 3.578028 -9.238610
v 18.735682 3.578413 -9.550121
v 18.982670 3.550504 -9.746960
v 19.202652 3.556860 -9.940247
v 19.488537 3.560563 -9.963060
v 19.806128 3.591847 -10.007968
v 19.999214 3.602120 -9.760389
v 20.215849 3.639292 -9.538508
v 20.176300 3.641800 -9.247011
v 20.223476 3.685722 -8.951409
v 19.985098 3.669243 -8.770833
v 19.199648 -0.080264 -9.443546
v 19.199648 2.587928 -9.443546
v 19.337854 -0.080264 -9.666846
v 19.337854 2.587928 -9.666846
v 19.593479 -0.080264 -9.727014
v 19.593479 2.587928 -9.727014
v 19.816776 -0.080264 -9.588806
v 19.816776 2.587928 -9.588806
v 19.876944 -0.080264 -9.333183
v 19.876944 2.587928 -9.333183
v 19.738737 -0.080264 -9.109885
v 19.738737 2.587928 -9.109885
v 19.483114 -0.080264 -9.049717
v 19.483114 2.587928 -9.049717
v 19.259817 -0.080264 -9.187924
v 19.259817 2.587928 -9.187924
v 15.599987 0.610551 -11.614230
v 15.011301 0.576417 -11.565077
v 14.440780 0.547191 -11.674712
v 13.976391 0.511080 -11.280895
v 13.463679 0.472618 -10.927361
v 13.512899 0.459477 -10.302985
v 13.521088 0.445346 -9.736991
v 13.875950 0.453228 -9.282191
v 14.232851 0.459800 -8.766322
v 14.852749 0.495776 -8.816502
v 15.457674 0.529394 -8.813833
v 15.831062 0.561535 -9.257489
v 16.319641 0.598507 -9.590940
v 16.335518 0.613572 -10.156178
v 16.451406 0.636569 -10.771876
v 15.925840 0.615905 -11.129034
v 14.667392 2.492999 -10.189967
v 15.422545 1.310916 -11.453885
v 15.712525 1.303957 -11.006371
v 16.041304 1.303309 -10.651265
v 15.937561 1.284408 -10.153551
v 15.978348 1.273688 -9.658614
v 15.603391 1.252887 -9.297685
v 15.259468 1.232649 -8.899235
v 14.729011 1.221495 -9.000058
v 14.243617 1.209522 -9.068639
v 13.900288 1.210245 -9.409214
v 13.503664 1.206473 -9.765204
v 13.601280 1.226901 -10.286591
v 13.651349 1.243637 -10.807687
v 14.061920 1.263572 -11.079912
v 14.397346 1.282779 -11.462426
v 14.882079 1.292262 -11.357788
v 14.766705 3.407340 -10.305167
v 13.822041 2.351973 -10.681217
v 14.154834 2.343515 -10.871286
v 14.428078 2.336518 -11.085087
v 14.774192 2.321494 -10.989450
v 15.130883 2.308330 -10.987209
v 15.366119 2.294838 -10.702173
v 15.635201 2.282236 -10.427228
v 15.530478 2.279292 -10.058850
v 15.455641 2.277067 -9.712451
v 15.192443 2.283730 -9.486259
v 14.920606 2.289161 -9.215160
v 14.550953 2.305388 -9.318868
v 14.184686 2.318992 -9.381234
v 14.010546 2.331629 -9.693869
v 13.758609 2.343386 -9.949896
v 13.856761 2.346338 -10.295939
v 14.888218 4.530985 -10.385199
v 14.569783 4.618735 -10.338290
v 14.614242 4.608092 -10.442626
v 14.639258 4.602976 -10.541759
v 14.738114 4.588151 -10.581330
v 14.821324 4.577684 -10.644694
v 14.927846 4.565005 -10.619933
v 15.039174 4.553963 -10.603674
v 15.081723 4.550662 -10.498384
v 15.126315 4.549089 -10.403793
v 15.105705 4.554097 -10.303396
v 15.089916 4.561587 -10.190939
v 14.985746 4.573223 -10.149191
v 14.888534 4.587493 -10.098146
v 14.792340 4.595679 -10.140547
v 14.686786 4.609861 -10.155293
v 14.648239 4.609367 -10.254354
v 15.218565 6.294604 -10.677032
v 13.963691 3.371443 -10.153828
v 14.078265 3.336851 -10.423279
v 14.141625 3.337124 -10.675632
v 14.395751 3.286897 -10.780888
v 14.607253 3.287303 -10.942157
v 14.880264 3.252949 -10.882115
v 15.163689 3.253299 -10.840428
v 15.273491 3.227869 -10.574409
v 15.387012 3.233660 -10.332930
v 15.334635 3.237034 -10.076903
v 15.293568 3.265541 -9.787531
v 15.027981 3.274902 -9.681166
v 14.778933 3.308774 -9.547688
v 14.533774 3.311059 -9.656075
v 14.263077 3.351080 -9.689590
v 14.165336 3.336065 -9.943956
v 14.952983 -0.080525 -10.461261
v 14.952983 2.350760 -10.461261
v 15.113473 -0.080525 -10.283769
v 15.113473 2.350760 -10.283769
v 15.101450 -0.080525 -10.044780
v 15.101450 2.350760 -10.044780
v 14.923956 -0.080525 -9.884289
v 14.923956 2.350760 -9.884289
v 14.684968 -0.080525 -9.896314
v 14.684968 2.350760 -9.896314
v 14.524478 -0.080525 -10.073807
v 14.524478 2.350760 -10.073807
v 14.536500 -0.080525 -10.312795
v 14.536500 2.350760 -10.312795
v 14.713991 -0.080525 -10.473285
v 14.713991 2.350760 -10.473285
v -6.454237 0.730217 -25.856901
v -5.829374 0.690196 -25.558098
v -5.316908 0.655928 -25.109354
v -4.613768 0.613588 -25.232952
v -3.885576 0.568493 -25.287170
v -3.565709 0.553084 -25.948193
v -3.238886 0.536516 -26.525835
v -3.328736 0.545758 -27.196207
v -3.384493 0.553463 -27.929588
v -4.041551 0.595645 -28.245834
v -4.652170 0.635062 -28.606699
v -5.292722 0.672747 -28.378780
v -5.984600 0.716096 -28.330599
v -6.335330 0.733759 -27.767965
v -6.817152 0.760724 -27.213486
v -6.496734 0.736495 -26.540854
v -4.667162 2.937371 -26.746117
v -6.179729 1.551390 -25.914112
v -6.208229 1.543230 -26.538694
v -6.330710 1.542471 -27.092735
v -5.931036 1.520309 -27.535007
v -5.679273 1.507740 -28.060041
v -5.086111 1.483351 -28.203306
v -4.502145 1.459623 -28.402918
v -4.025004 1.446544 -27.986805
v -3.574382 1.432506 -27.630016
v -3.428574 1.433354 -27.082067
v -3.237957 1.428931 -26.486971
v -3.645447 1.452882 -26.017111
v -4.004645 1.472505 -25.519396
v -4.581329 1.495879 -25.486990
v -5.147264 1.518399 -25.298477
v -5.575866 1.529517 -25.691368
v -4.835877 4.009428 -26.688334
v -4.102509 2.772019 -25.748451
v -4.551836 2.762103 -25.753136
v -4.954952 2.753898 -25.698544
v -5.248601 2.736283 -26.000257
v -5.608253 2.720849 -26.213713
v -5.677550 2.705029 -26.641453
v -5.787078 2.690254 -27.079018
v -5.462989 2.686802 -27.389818
v -5.182161 2.684194 -27.696072
v -4.781879 2.692005 -27.769150
v -4.346261 2.698374 -27.882559
v -4.033568 2.717399 -27.558746
v -3.699822 2.733350 -27.278770
v -3.708695 2.748167 -26.859274
v -3.605317 2.761951 -26.451004
v -3.909533 2.765411 -26.158916
v -5.006236 5.326892 -26.679283
v -4.656199 5.429779 -26.538214
v -4.762966 5.417300 -26.458948
v -4.846976 5.411302 -26.373434
v -4.970450 5.393918 -26.391920
v -5.092178 5.381647 -26.377064
v -5.185318 5.366780 -26.465191
v -5.288359 5.353834 -26.547558
v -5.269080 5.349963 -26.679302
v -5.258203 5.348119 -26.801437
v -5.177902 5.353991 -26.890839
v -5.095340 5.362772 -26.995296
v -4.965202 5.376416 -26.975870
v -4.836599 5.393147 -26.969973
v -4.764352 5.402745 -26.870108
v -4.666260 5.419374 -26.792686
v -4.685902 5.418794 -26.669617
v -5.513337 7.394719 -26.579527
v -3.933607 3.967339 -26.366047
v -4.209092 3.926780 -26.161198
v -4.422628 3.927100 -25.943317
v -4.742126 3.868209 -25.987261
v -5.051655 3.868687 -25.949278
v -5.292398 3.828405 -26.171686
v -5.554548 3.828816 -26.381680
v -5.508163 3.799000 -26.715910
v -5.480075 3.805790 -27.027500
v -5.275482 3.809746 -27.255594
v -5.062593 3.843170 -27.524134
v -4.730839 3.854145 -27.474529
v -4.399766 3.893860 -27.462156
v -4.215837 3.896539 -27.207314
v -3.961726 3.943464 -27.013124
v -4.013415 3.925858 -26.697830
v -5.116811 -0.080063 -26.640652
v -5.116811 2.770597 -26.640652
v -5.174141 -0.080063 -26.915298
v -5.174141 2.770597 -26.915298
v -5.020474 -0.080063 -27.150043
v -5.020474 2.770597 -27.150043
v -4.745826 -0.080063 -27.207369
v -4.745826 2.770597 -27.207369
v -4.511083 -0.080063 -27.053701
v -4.511083 2.770597 -27.053701
v -4.453754 -0.080063 -26.779057
v -4.453754 2.770597 -26.779057
v -4.607421 -0.080063 -26.544315
v -4.607421 2.770597 -26.544315
v -4.882069 -0.080063 -26.486986
v -4.882069 2.770597 -26.486986
v 5.526024 0.651819 -11.416958
v 5.109822 0.615655 -10.949524
v 4.591671 0.584690 -10.617288
v 4.522497 0.546431 -9.975895
v 4.386810 0.505682 -9.330167
v 4.880348 0.491758 -8.886605
v 5.299760 0.476787 -8.457931
v 5.904238 0.485138 -8.367684
v 6.554859 0.492101 -8.232034
v 6.994278 0.530217 -8.723038
v 7.460775 0.565835 -9.162532
v 7.423688 0.599888 -9.775775
v 7.555499 0.639059 -10.388466
v 7.155119 0.655020 -10.834123
v 6.794710 0.679386 -11.391534
v 6.130410 0.657492 -11.282198
v 5.849427 2.646245 -9.642489
v 5.506797 1.393847 -11.164308
v 6.056133 1.386473 -11.032298
v 6.567811 1.385787 -10.999576
v 6.851428 1.365761 -10.541634
v 7.244011 1.354404 -10.191323
v 7.219509 1.332365 -9.640462
v 7.246230 1.310924 -9.083443
v 6.765273 1.299106 -8.773684
v 6.342462 1.286420 -8.472053
v 5.830214 1.287187 -8.482997
v 5.265790 1.283190 -8.466880
v 4.960186 1.304833 -8.938526
v 4.618283 1.322565 -9.375245
v 4.734878 1.343686 -9.883981
v 4.713267 1.364035 -10.422563
v 5.161892 1.374082 -10.696016
v 5.841610 3.614977 -9.803448
v 4.841675 2.496830 -9.402712
v 4.958510 2.487870 -9.791584
v 5.012290 2.480456 -10.155217
v 5.347893 2.464539 -10.334407
v 5.623448 2.450592 -10.593038
v 6.012146 2.436297 -10.545845
v 6.419470 2.422946 -10.531106
v 6.607932 2.419827 -10.171772
v 6.803305 2.417470 -9.851134
v 6.766280 2.424528 -9.485323
v 6.755404 2.430283 -9.078714
v 6.395836 2.447475 -8.888545
v 6.069039 2.461888 -8.669094
v 5.707113 2.475277 -8.782075
v 5.326763 2.487733 -8.794802
v 5.149557 2.490860 -9.132184
v 5.876507 4.805463 -9.953602
v 5.666206 4.898433 -9.685151
v 5.624192 4.887157 -9.797723
v 5.571045 4.881737 -9.892113
v 5.618077 4.866029 -9.994657
v 5.635728 4.854940 -10.104054
v 5.735605 4.841506 -10.162790
v 5.832966 4.829808 -10.231563
v 5.942494 4.826310 -10.181765
v 6.045781 4.824644 -10.141672
v 6.103234 4.829949 -10.049528
v 6.173192 4.837884 -9.951641
v 6.123670 4.850212 -9.843547
v 6.086271 4.865332 -9.733392
v 5.981453 4.874005 -9.695741
v 5.889628 4.889031 -9.630019
v 5.787724 4.888507 -9.677958
v 5.917180 6.673991 -10.418838
v 5.335402 3.576944 -9.101098
v 5.226716 3.540295 -9.391651
v 5.091174 3.540584 -9.631692
v 5.209503 3.487369 -9.898011
v 5.254212 3.487800 -10.176238
v 5.507697 3.451401 -10.329401
v 5.755777 3.451772 -10.504265
v 6.034268 3.424830 -10.380118
v 6.297705 3.430965 -10.277534
v 6.444358 3.434540 -10.042692
v 6.624040 3.464743 -9.790496
v 6.497719 3.474661 -9.514957
v 6.403893 3.510547 -9.230668
v 6.136510 3.512968 -9.134965
v 5.904168 3.555371 -8.963111
v 5.643442 3.539462 -9.087110
v 5.870724 -0.080366 -10.059285
v 5.870724 2.495545 -10.059285
v 6.123525 -0.080366 -10.040122
v 6.123524 2.495545 -10.040122
v 6.288733 -0.080366 -9.847816
v 6.288733 2.495545 -9.847816
v 6.269571 -0.080366 -9.595015
v 6.269571 2.495545 -9.595015
v 6.077264 -0.080366 -9.429809
v 6.077264 2.495545 -9.429809
v 5.824464 -0.080366 -9.448970
v 5.824464 2.495545 -9.448970
v 5.659255 -0.080366 -9.641277
v 5.659255 2.495545 -9.641277
v 5.678417 -0.080366 -9.894078
v 5.678417 2.495545 -9.894078
v -17.661829 0.735545 -25.375233
v -17.710613 0.695261 -26.070688
v -17.572311 0.660770 -26.742224
v -18.029770 0.618152 -27.296402
v -18.438938 0.572762 -27.906969
v -19.176514 0.557252 -27.858664
v -19.844551 0.540575 -27.857862
v -20.386801 0.549878 -27.446218
v -21.001150 0.557634 -27.033129
v -20.951639 0.600091 -26.300821
v -20.964256 0.639766 -25.587006
v -20.446560 0.677698 -25.139435
v -20.060713 0.721332 -24.557669
v -19.393942 0.739111 -24.530081
v -18.669195 0.766252 -24.383686
v -18.239492 0.741865 -24.998297
v -19.327955 2.957156 -26.498053
v -17.848267 1.562097 -25.587133
v -18.380907 1.553884 -25.251940
v -18.805105 1.553119 -24.869522
v -19.390814 1.530812 -24.999737
v -19.975512 1.518161 -24.959354
v -20.395561 1.493612 -25.407476
v -20.860378 1.469728 -25.819567
v -20.733093 1.456564 -26.443964
v -20.644566 1.442434 -27.015688
v -20.237288 1.443287 -27.415506
v -19.810986 1.438836 -27.877979
v -19.197241 1.462944 -27.754623
v -18.583096 1.482695 -27.687382
v -18.268280 1.506222 -27.198620
v -17.822140 1.528890 -26.796803
v -17.953211 1.540081 -26.226427
v -19.193567 4.036235 -26.379051
v -18.735010 2.790721 -27.487934
v -18.515930 2.780740 -27.092237
v -18.267902 2.772481 -26.766445
v -18.386183 2.754751 -26.359507
v -18.394413 2.739216 -25.938622
v -18.734461 2.723293 -25.665485
v -19.063122 2.708421 -25.352261
v -19.496193 2.704946 -25.481607
v -19.903795 2.702321 -25.575338
v -20.166597 2.710183 -25.889467
v -20.482262 2.716594 -26.214502
v -20.354088 2.735744 -26.649092
v -20.274759 2.751799 -27.080339
v -19.903101 2.766713 -27.280939
v -19.597029 2.780587 -27.574232
v -19.190212 2.784071 -27.452991
v -19.101027 5.362329 -26.234409
v -19.151396 5.465890 -26.610914
v -19.028967 5.453329 -26.556816
v -18.912376 5.447291 -26.525743
v -18.867228 5.429794 -26.408470
v -18.793760 5.417442 -26.309286
v -18.824644 5.402478 -26.183969
v -18.845572 5.389447 -26.052847
v -18.970491 5.385551 -26.004288
v -19.082811 5.383696 -25.953144
v -19.200962 5.389606 -25.979038
v -19.333422 5.398445 -25.999434
v -19.381060 5.412177 -26.123011
v -19.439772 5.429018 -26.238527
v -19.388233 5.438679 -26.351379
v -19.369175 5.455417 -26.475712
v -19.251673 5.454833 -26.519644
v -18.761814 7.443701 -25.840012
v -19.359587 3.993870 -27.329033
v -19.043409 3.953046 -27.189610
v -18.746605 3.953368 -27.110891
v -18.626379 3.894092 -26.809359
v -18.439379 3.894572 -26.557243
v -18.514507 3.854028 -26.236010
v -18.568134 3.854441 -25.902205
v -18.883776 3.824429 -25.776796
v -19.170515 3.831264 -25.646616
v -19.471821 3.835245 -25.712435
v -19.812662 3.868888 -25.765423
v -19.934017 3.879936 -26.080498
v -20.087635 3.919910 -26.376478
v -19.955891 3.922606 -26.664083
v -19.912106 3.969840 -26.983006
v -19.610405 3.952118 -27.094368
v -19.012280 -0.080043 -26.156790
v -19.012280 2.789290 -26.156790
v -19.224247 -0.080043 -25.970182
v -19.224247 2.789290 -25.970182
v -19.506081 -0.080043 -25.988108
v -19.506081 2.789289 -25.988108
v -19.692692 -0.080043 -26.200079
v -19.692692 2.789289 -26.200079
v -19.674761 -0.080043 -26.481911
v -19.674761 2.789290 -26.481911
v -19.462797 -0.080043 -26.668522
v -19.462797 2.789290 -26.668522
v -19.180964 -0.080043 -26.650589
v -19.180964 2.789290 -26.650589
v -18.994352 -0.080043 -26.438625
v -18.994352 2.789290 -26.438625
v 9.745283 0.588537 -5.691129
v 10.304538 0.555487 -5.571110
v 10.802308 0.527188 -5.309075
v 11.343332 0.492223 -5.543356
v 11.917799 0.454982 -5.726719
v 12.047794 0.442257 -6.319063
v 12.199386 0.428574 -6.845775
v 11.998506 0.436207 -7.366958
v 11.812909 0.442570 -7.945300
v 11.224446 0.477404 -8.073147
v 10.664716 0.509956 -8.245746
v 10.193990 0.541077 -7.939697
v 9.647530 0.576876 -7.768153
v 9.473855 0.591463 -7.248912
v 9.193322 0.613731 -6.711044
v 9.579825 0.593722 -6.232317
v 11.009914 2.411254 -6.748464
v 9.954780 1.266680 -5.789790
v 9.811963 1.259942 -6.285978
v 9.607212 1.259315 -6.707456
v 9.843309 1.241013 -7.139426
v 9.944715 1.230633 -7.609468
v 10.393630 1.210492 -7.838426
v 10.824342 1.190897 -8.110878
v 11.287469 1.180096 -7.868276
v 11.717912 1.168503 -7.668223
v 11.940232 1.169203 -7.256114
v 12.207595 1.165550 -6.814736
v 11.970518 1.185330 -6.359108
v 11.777576 1.201535 -5.890380
v 11.320611 1.220838 -5.753625
v 10.902250 1.239436 -5.493551
v 10.482564 1.248617 -5.726827
v 10.885496 3.296583 -6.669661
v 11.654993 2.274703 -6.055563
v 11.293199 2.266514 -5.973055
v 10.979900 2.259738 -5.851808
v 10.686112 2.245191 -6.037760
v 10.356259 2.232445 -6.140151
v 10.218472 2.219381 -6.470402
v 10.046487 2.207179 -6.800819
v 10.247119 2.204329 -7.112681
v 10.413876 2.202175 -7.412581
v 10.721348 2.208626 -7.548130
v 11.049458 2.213885 -7.722862
v 11.362782 2.229596 -7.522816
v 11.684598 2.242769 -7.362020
v 11.758019 2.255005 -7.023381
v 11.919439 2.266389 -6.715312
v 11.731179 2.269246 -6.422297
v 10.750404 4.384573 -6.629683
v 11.058636 4.469540 -6.583588
v 10.988101 4.459235 -6.499422
v 10.937041 4.454281 -6.414608
v 10.834320 4.439925 -6.405746
v 10.739404 4.429791 -6.370440
v 10.647672 4.417514 -6.423339
v 10.549097 4.406823 -6.469713
v 10.539286 4.403626 -6.579233
v 10.524571 4.402103 -6.679415
v 10.571903 4.406953 -6.766641
v 10.618160 4.414205 -6.866392
v 10.726416 4.425471 -6.875779
v 10.830842 4.439289 -6.895731
v 10.908042 4.447215 -6.829393
v 11.001696 4.460948 -6.786044
v 11.009549 4.460468 -6.683422
v 10.362256 6.092232 -6.452194
v 11.672074 3.261824 -6.584041
v 11.490136 3.228330 -6.366611
v 11.360461 3.228595 -6.150618
v 11.095406 3.179962 -6.124567
v 10.854086 3.180355 -6.034628
v 10.618020 3.147090 -6.167039
v 10.367144 3.147429 -6.285372
v 10.340227 3.122807 -6.562726
v 10.302960 3.128413 -6.818390
v 10.423492 3.131680 -7.040874
v 10.542922 3.159284 -7.297436
v 10.818910 3.168347 -7.321291
v 11.087200 3.201144 -7.374925
v 11.283862 3.203357 -7.205549
v 11.525247 3.242108 -7.098369
v 11.544271 3.227569 -6.835203
v 10.669008 -0.080610 -6.577420
v 10.669008 2.273528 -6.577420
v 10.570228 -0.080610 -6.787009
v 10.570228 2.273528 -6.787009
v 10.648580 -0.080610 -7.005057
v 10.648580 2.273528 -7.005057
v 10.858168 -0.080610 -7.103838
v 10.858168 2.273528 -7.103838
v 11.076216 -0.080610 -7.025485
v 11.076216 2.273528 -7.025485
v 11.174994 -0.080610 -6.815897
v 11.174994 2.273528 -6.815897
v 11.096643 -0.080610 -6.597850
v 11.096643 2.273528 -6.597850
v 10.887055 -0.080610 -6.499070
v 10.887055 2.273528 -6.499070
v -10.536909 0.790651 -27.309057
v -11.086018 0.747656 -27.811199
v -11.472800 0.710842 -28.432402
v -12.234183 0.665357 -28.524752
v -12.999669 0.616911 -28.696236
v -13.534746 0.600358 -28.116526
v -14.050960 0.582558 -27.624697
v -14.167771 0.592487 -26.907537
v -14.339294 0.600765 -26.136232
v -13.762531 0.646080 -25.606115
v -13.247429 0.688425 -25.044621
v -12.517835 0.728911 -25.079041
v -11.791560 0.775480 -24.912685
v -11.255460 0.794456 -25.381617
v -10.587140 0.823424 -25.801270
v -10.706636 0.797395 -26.592701
v -12.651453 3.161785 -26.952589
v -10.836948 1.672832 -27.335897
v -11.002542 1.664067 -26.684942
v -11.049512 1.663251 -26.077187
v -11.598373 1.639442 -25.747248
v -12.021008 1.625940 -25.286081
v -12.675470 1.599738 -25.323898
v -13.338064 1.574248 -25.300920
v -13.698713 1.560197 -25.877552
v -14.050615 1.545116 -26.384939
v -14.029525 1.546027 -26.993715
v -14.039787 1.541275 -27.664946
v -13.474283 1.567006 -28.020798
v -12.949731 1.588087 -28.420361
v -12.346798 1.613197 -28.273731
v -11.706203 1.637391 -28.290928
v -11.388205 1.649335 -27.753300
v -12.459987 4.313491 -26.959341
v -12.920600 2.984148 -28.154364
v -12.460163 2.973496 -28.009336
v -12.028729 2.964682 -27.939671
v -11.821011 2.945758 -27.537886
v -11.517900 2.929177 -27.206234
v -11.580132 2.912182 -26.744904
v -11.604074 2.896308 -26.260920
v -12.034215 2.892601 -26.042543
v -12.418461 2.889798 -25.815348
v -12.852744 2.898190 -25.865133
v -13.335943 2.905032 -25.884476
v -13.556341 2.925470 -26.314920
v -13.812063 2.942606 -26.706871
v -13.672046 2.958524 -27.135336
v -13.650922 2.973333 -27.587286
v -13.247052 2.977050 -27.792624
v -12.282039 5.728837 -26.915489
v -12.597851 5.839367 -27.169722
v -12.463363 5.825961 -27.217896
v -12.350317 5.819518 -27.279581
v -12.229156 5.800842 -27.222054
v -12.099387 5.787660 -27.199348
v -12.031139 5.771688 -27.079687
v -11.950918 5.757780 -26.962862
v -12.011845 5.753622 -26.833447
v -12.061134 5.751641 -26.711294
v -12.171578 5.757949 -26.644447
v -12.289045 5.767382 -26.562828
v -12.416764 5.782039 -26.623405
v -12.547127 5.800014 -26.669598
v -12.590232 5.810325 -26.794796
v -12.666911 5.828189 -26.904991
v -12.608317 5.827566 -27.025379
v -11.729619 7.950294 -26.859802
v -13.286940 4.268274 -27.572186
v -12.939823 4.224703 -27.696808
v -12.652330 4.225047 -27.854149
v -12.337604 4.161780 -27.709284
v -12.007560 4.162293 -27.651743
v -11.829481 4.119019 -27.347992
v -11.625519 4.119461 -27.050322
v -11.777494 4.087429 -26.721220
v -11.903595 4.094723 -26.409670
v -12.185085 4.098973 -26.239033
v -12.487720 4.134881 -26.029409
v -12.813283 4.146672 -26.183926
v -13.149759 4.189336 -26.299948
v -13.259315 4.192215 -26.619316
v -13.459943 4.242627 -26.898228
v -13.308427 4.223712 -27.206219
v -12.156313 -0.079830 -26.920694
v -12.156312 2.982620 -26.920694
v -12.183079 -0.079830 -26.620474
v -12.183078 2.982620 -26.620474
v -12.414292 -0.079830 -26.427113
v -12.414291 2.982621 -26.427113
v -12.714515 -0.079830 -26.453876
v -12.714514 2.982621 -26.453876
v -12.907877 -0.079830 -26.685093
v -12.907876 2.982621 -26.685093
v -12.881110 -0.079830 -26.985317
v -12.881109 2.982621 -26.985317
v -12.649898 -0.079830 -27.178680
v -12.649897 2.982621 -27.178680
v -12.349672 -0.079830 -27.151917
v -12.349671 2.982620 -27.151917
v -22.789591 0.698131 -20.737499
v -23.031046 0.659689 -21.357447
v -23.095226 0.626773 -22.008593
v -23.669086 0.586103 -22.384029
v -24.214907 0.542786 -22.824539
v -24.873373 0.527986 -22.571587
v -25.481926 0.512071 -22.381630
v -25.859472 0.520949 -21.852900
v -26.302311 0.528350 -21.302435
v -26.049761 0.568867 -20.649111
v -25.859066 0.606729 -19.995043
v -25.260509 0.642928 -19.733820
v -24.744093 0.684567 -19.312948
v -24.128658 0.701534 -19.476679
v -23.426731 0.727435 -19.548565
v -23.209238 0.704162 -20.230373
v -24.625977 2.818223 -21.288774
v -23.019516 1.486913 -20.877792
v -23.409960 1.479075 -20.421459
v -23.688202 1.478345 -19.952806
v -24.258846 1.457057 -19.905561
v -24.780235 1.444985 -19.703136
v -25.289961 1.421557 -19.992533
v -25.830275 1.398765 -20.236399
v -25.891150 1.386202 -20.841467
v -25.972420 1.372718 -21.387548
v -25.714523 1.373532 -21.867270
v -25.457035 1.369284 -22.409472
v -24.862793 1.392291 -22.470905
v -24.284077 1.411139 -22.583591
v -23.858738 1.433591 -22.227356
v -23.338354 1.455223 -21.987558
v -23.296234 1.465903 -21.430651
v -24.469797 3.847992 -21.218395
v -24.366018 2.659393 -22.358805
v -24.054289 2.649868 -22.060268
v -23.735983 2.641987 -21.833628
v -23.728497 2.625067 -21.429283
v -23.616772 2.610242 -21.043402
v -23.849289 2.595046 -20.698177
v -24.060076 2.580853 -20.319635
v -24.491373 2.577538 -20.314837
v -24.889368 2.575032 -20.284796
v -25.217834 2.582536 -20.496626
v -25.597567 2.588653 -20.703409
v -25.603867 2.606928 -21.135754
v -25.653728 2.622249 -21.551216
v -25.371862 2.636482 -21.839300
v -25.176020 2.649722 -22.193274
v -24.770945 2.653047 -22.198023
v -24.344490 5.113487 -21.112797
v -24.497046 5.212316 -21.441635
v -24.370153 5.200329 -21.427019
v -24.255100 5.194568 -21.431725
v -24.180738 5.177870 -21.337645
v -24.085691 5.166083 -21.268066
v -24.078341 5.151803 -21.145119
v -24.060274 5.139367 -21.019701
v -24.160351 5.135648 -20.940063
v -24.248222 5.133878 -20.861641
v -24.363226 5.139518 -20.851772
v -24.489716 5.147953 -20.832834
v -24.568134 5.161057 -20.931957
v -24.654356 5.177129 -21.020597
v -24.639357 5.186349 -21.138037
v -24.657207 5.202322 -21.256735
v -24.562578 5.201764 -21.330057
v -23.923651 7.099749 -20.849468
v -24.890179 3.807563 -22.037085
v -24.562561 3.768604 -21.999584
v -24.269787 3.768911 -22.011923
v -24.074808 3.712344 -21.771189
v -23.832983 3.712802 -21.594412
v -23.810455 3.674110 -21.280396
v -23.764774 3.674505 -20.961006
v -24.016891 3.645864 -20.757317
v -24.241320 3.652386 -20.557461
v -24.534544 3.656186 -20.532089
v -24.860157 3.688292 -20.483831
v -25.059998 3.698834 -20.736582
v -25.283833 3.736982 -20.962799
v -25.245241 3.739556 -21.262209
v -25.295675 3.784630 -21.565241
v -25.052280 3.767718 -21.752184
v -24.241632 -0.080187 -21.067202
v -24.241632 2.658027 -21.067202
v -24.381939 -0.080187 -20.837101
v -24.381939 2.658027 -20.837101
v -24.643856 -0.080187 -20.773607
v -24.643856 2.658027 -20.773607
v -24.873951 -0.080187 -20.913912
v -24.873951 2.658027 -20.913912
v -24.937447 -0.080187 -21.175827
v -24.937447 2.658027 -21.175827
v -24.797140 -0.080187 -21.405926
v -24.797140 2.658027 -21.405926
v -24.535225 -0.080187 -21.469421
v -24.535225 2.658027 -21.469421
v -24.305126 -0.080187 -21.329117
v -24.305126 2.658027 -21.329117
v 14.281242 0.628496 -3.897462
v 14.884805 0.593480 -3.951908
v 15.470822 0.563498 -3.843342
v 15.944520 0.526452 -4.250509
v 16.468067 0.486996 -4.616688
v 16.413307 0.473515 -5.256864
v 16.401037 0.459018 -5.837428
v 16.033895 0.467105 -6.301557
v 15.664241 0.473846 -6.828320
v 15.028666 0.510753 -6.772604
v 14.408086 0.545240 -6.771206
v 14.028081 0.578213 -6.313533
v 13.529157 0.616141 -5.968122
v 13.516735 0.631595 -5.388169
v 13.402060 0.655188 -4.755766
v 13.943649 0.633989 -4.392967
v 15.228207 2.559639 -5.364911
v 14.462173 1.346979 -4.063163
v 14.161637 1.339839 -4.520260
v 13.821935 1.339175 -4.882299
v 13.924959 1.319785 -5.393584
v 13.879732 1.308788 -5.901034
v 14.261916 1.287448 -6.273854
v 14.612000 1.266688 -6.684954
v 15.156858 1.255244 -6.585152
v 15.655265 1.242961 -6.518116
v 16.009796 1.243703 -6.171086
v 16.419104 1.239833 -5.808607
v 16.322529 1.260790 -5.273076
v 16.274729 1.277959 -4.738171
v 15.855406 1.298410 -4.456104
v 15.513925 1.318114 -4.061410
v 15.015951 1.327842 -4.165441
v 15.127110 3.497632 -5.246056
v 16.098761 2.414964 -4.866742
v 15.758666 2.406288 -4.669488
v 15.479820 2.399110 -4.448291
v 15.124106 2.383697 -4.544035
v 14.758183 2.370193 -4.543893
v 14.514920 2.356352 -4.834689
v 14.237005 2.343424 -5.114900
v 14.341918 2.340404 -5.493516
v 14.416318 2.338122 -5.849378
v 14.684772 2.344956 -6.083214
v 14.961781 2.350529 -6.363181
v 15.341695 2.367175 -6.259319
v 15.717858 2.381131 -6.197845
v 15.898633 2.394095 -5.878319
v 16.158833 2.406156 -5.617396
v 16.060511 2.409184 -5.261738
v 15.003003 4.650342 -5.163121
v 15.329349 4.740362 -5.213420
v 15.284454 4.729445 -5.106085
v 15.259468 4.724196 -5.004217
v 15.158328 4.708987 -4.962948
v 15.073400 4.698250 -4.897379
v 14.963957 4.685243 -4.922050
v 14.849640 4.673915 -4.937969
v 14.805271 4.670528 -5.045690
v 14.758880 4.668915 -5.142420
v 14.779337 4.674053 -5.245554
v 14.794768 4.681736 -5.361022
v 14.901342 4.693672 -5.404564
v 15.000717 4.708312 -5.457590
v 15.099687 4.716710 -5.414755
v 15.208073 4.731259 -5.400346
v 15.248290 4.730752 -5.298990
v 14.666118 6.459582 -4.861485
v 15.949843 3.460805 -5.406793
v 15.834148 3.425319 -5.129599
v 15.770878 3.425599 -4.870286
v 15.510903 3.374074 -4.760575
v 15.295035 3.374490 -4.593691
v 15.014559 3.339247 -4.653419
v 14.723524 3.339606 -4.694240
v 14.609070 3.313518 -4.966388
v 14.490962 3.319459 -5.213331
v 14.542942 3.322920 -5.476333
v 14.583092 3.352165 -5.773464
v 14.854815 3.361768 -5.884394
v 15.109386 3.396516 -6.023027
v 15.361623 3.398860 -5.913511
v 15.639547 3.439917 -5.880983
v 15.741554 3.424512 -5.620712
v 14.937087 -0.080456 -5.084651
v 14.937087 2.413720 -5.084650
v 14.771235 -0.080456 -5.265635
v 14.771235 2.413720 -5.265635
v 14.781937 -0.080456 -5.510882
v 14.781937 2.413720 -5.510882
v 14.962919 -0.080456 -5.676732
v 14.962919 2.413720 -5.676732
v 15.208167 -0.080456 -5.666034
v 15.208167 2.413720 -5.666034
v 15.374019 -0.080456 -5.485049
v 15.374019 2.413720 -5.485049
v 15.363318 -0.080456 -5.239803
v 15.363318 2.413720 -5.239802
v 15.182335 -0.080456 -5.073952
v 15.182335 2.413720 -5.073951
vn -0.0000 1.0000 -0.0000
vn -0.0000 -0.0000 1.0000
vn -0.0000 -1.0000 -0.0000
vn -0.0000 -0.0000 -1.0000
vn 0.0389 0.6413 -0.7663
vn 0.6748 0.5684 0.4706
vn -0.5595 0.5930 -0.5791
vn 0.6357 0.5641 0.5270
vn -0.8382 0.5399 0.0770
vn 0.7796 0.6103 -0.1408
vn -0.8386 0.5447 -0.0050
vn 0.8049 0.5882 0.0778
vn -0.4629 0.4889 0.7394
vn 0.4827 0.6637 -0.5714
vn -0.5065 0.4925 0.7077
vn 0.5754 0.6566 -0.4877
vn 0.0042 0.5009 0.8655
vn -0.2696 0.6167 -0.7396
vn -0.0439 0.4961 0.8671
vn -0.7116 0.5679 -0.4137
vn -0.5887 0.4461 -0.6741
vn 0.8421 0.5156 -0.1583
vn -0.8991 0.4358 -0.0402
vn 0.8512 0.5190 -0.0788
vn -0.5878 0.4698 0.6587
vn 0.4807 0.4786 -0.7348
vn -0.6439 0.4654 0.6073
vn 0.6720 0.4843 -0.5602
vn 0.1605 0.4932 0.8550
vn -0.0841 0.4863 -0.8698
vn 0.1218 0.4934 0.8612
vn 0.0716 0.4875 -0.8702
vn 0.5965 0.5098 0.6199
vn -0.8094 0.4313 -0.3986
vn 0.5689 0.5073 0.6473
vn -0.8784 0.4359 0.1959
vn -0.7286 0.4056 0.5519
vn -0.1128 0.2446 -0.9630
vn -0.1103 0.4493 0.8865
vn -0.0299 0.2474 -0.9685
vn 0.6239 0.4446 0.6427
vn -0.7585 0.2630 -0.5962
vn 0.5541 0.4485 0.7013
vn -0.5804 0.2412 -0.7778
vn 0.9264 0.3534 -0.1302
vn -0.9346 0.3557 0.0061
vn 0.9294 0.3637 -0.0629
vn -0.9325 0.3369 -0.1302
vn 0.7267 0.2957 -0.6200
vn -0.4747 0.4282 0.7690
vn 0.7643 0.2997 -0.5710
vn 0.1282 0.4500 0.8838
vn -0.2566 0.3763 0.8903
vn -0.7032 -0.0560 -0.7087
vn 0.4763 0.3608 0.8018
vn -0.6431 -0.0688 -0.7627
vn 0.9707 0.1977 0.1369
vn -0.9925 0.1219 -0.0112
vn 0.9458 0.2228 0.2364
vn -0.9609 0.0505 -0.2722
vn 0.7110 -0.0339 -0.7024
vn -0.7556 0.2960 0.5844
vn 0.7533 -0.0201 -0.6574
vn -0.8508 0.2592 0.4571
vn 0.2047 -0.1140 -0.9722
vn 0.1250 0.3846 0.9146
vn 0.2579 -0.1107 -0.9598
vn 0.6973 0.3201 0.6413
vn 0.9434 0.3115 0.1137
vn -0.6175 0.1816 -0.7654
vn 0.4545 0.3932 0.7992
vn -0.6836 0.1897 -0.7048
vn -0.2702 0.4038 0.8740
vn 0.6992 0.3648 0.6149
vn 0.2651 0.1542 -0.9518
vn 0.1461 0.4028 0.9036
vn 0.2043 0.1540 -0.9667
vn -0.8319 0.3509 0.4299
vn 0.7341 0.2004 -0.6488
vn -0.7267 0.3760 0.5749
vn 0.6856 0.1904 -0.7026
vn -0.9301 0.2279 -0.2881
vn 0.9154 0.3272 0.2343
vn -0.9624 0.2716 -0.0059
vn 0.0852 -0.0000 0.9964
vn -0.6443 -0.0000 0.7648
vn -0.9964 -0.0000 0.0852
vn -0.7648 -0.0000 -0.6443
vn -0.0852 -0.0000 -0.9964
vn 0.6442 -0.0000 -0.7648
vn 0.9964 -0.0000 -0.0852
vn 0.7648 -0.0000 0.6442
vn -0.7470 0.6413 0.1755
vn 0.2647 0.5684 -0.7790
vn -0.4009 0.5930 0.6983
vn 0.3297 0.5641 -0.7570
vn 0.3068 0.5399 0.7838
vn -0.3518 0.6103 -0.7098
vn 0.2281 0.5447 0.8070
vn -0.1488 0.5882 -0.7949
vn 0.8389 0.4889 0.2393
vn -0.6830 0.6637 -0.3050
vn 0.8206 0.4925 0.2900
vn -0.6283 0.6566 -0.4174
vn 0.8303 0.5009 -0.2444
vn -0.6356 0.6167 0.4644
vn 0.8452 0.4961 -0.1987
vn -0.1998 0.5679 0.7985
vn -0.4840 0.4461 0.7528
vn -0.3859 0.5156 -0.7650
vn 0.2111 0.4358 0.8749
vn -0.3121 0.5190 -0.7958
vn 0.7960 0.4698 0.3817
vn -0.8393 0.4786 -0.2577
vn 0.7622 0.4654 0.4499
vn -0.7248 0.4843 -0.4900
vn 0.7768 0.4932 -0.3916
vn -0.8122 0.4863 0.3224
vn 0.7935 0.4934 -0.3562
vn -0.8558 0.4875 0.1729
vn 0.4298 0.5098 -0.7452
vn -0.1581 0.4313 0.8882
vn 0.4638 0.5073 -0.7263
vn 0.4321 0.4359 0.7894
vn 0.7326 0.4056 0.5467
vn -0.8938 0.2446 0.3758
vn 0.8823 0.4493 -0.1402
vn -0.9221 0.2474 0.2977
vn 0.4441 0.4447 -0.7778
vn -0.3621 0.2630 0.8943
vn 0.5198 0.4485 -0.7271
vn -0.5860 0.2412 0.7736
vn -0.3823 0.3534 -0.8538
vn 0.2654 0.3557 0.8961
vn -0.3186 0.3637 -0.8753
vn 0.1339 0.3369 0.9320
vn -0.7975 0.2957 -0.5259
vn 0.8706 0.4282 0.2424
vn -0.7608 0.2997 -0.5756
vn 0.8134 0.4500 -0.3686
vn 0.9265 0.3763 -0.0008
vn -0.4855 -0.0560 0.8724
vn 0.6380 0.3608 -0.6803
vn -0.5540 -0.0688 0.8297
vn -0.1381 0.1977 -0.9705
vn 0.2649 0.1219 0.9565
vn -0.0356 0.2228 -0.9742
vn 0.0053 0.0505 0.9987
vn -0.8722 -0.0339 -0.4880
vn 0.7712 0.2960 0.5635
vn -0.8408 -0.0201 -0.5410
vn 0.6754 0.2592 0.6904
vn -0.9908 -0.1140 0.0733
vn 0.8439 0.3846 -0.3741
vn -0.9937 -0.1107 0.0188
vn 0.4224 0.3201 -0.8480
vn -0.1528 0.3115 -0.9379
vn -0.5638 0.1816 0.8057
vn 0.6416 0.3932 -0.6586
vn -0.4872 0.1897 0.8524
vn 0.9147 0.4038 0.0168
vn 0.3965 0.3648 -0.8424
vn -0.9880 0.1542 0.0097
vn 0.8274 0.4028 -0.3913
vn -0.9854 0.1540 0.0722
vn 0.6441 0.3509 0.6797
vn -0.8271 0.2004 -0.5251
vn 0.7541 0.3760 0.5385
vn -0.8654 0.1904 -0.4635
vn -0.0184 0.2279 0.9735
vn -0.0292 0.3272 -0.9445
vn 0.2616 0.2716 0.9262
vn 0.9335 -0.0000 -0.3586
vn 0.9137 -0.0000 0.4065
vn 0.3586 -0.0000 0.9335
vn -0.4065 -0.0000 0.9137
vn -0.9335 -0.0000 0.3586
vn -0.9137 -0.0000 -0.4065
vn -0.3586 -0.0000 -0.9335
vn 0.4065 -0.0000 -0.9137
vn -0.7312 0.6413 0.2327
vn 0.2037 0.5684 -0.7971
vn -0.3457 0.5930 0.7272
vn 0.2702 0.5641 -0.7803
vn 0.3664 0.5399 0.7578
vn -0.4056 0.6103 -0.6805
vn 0.2898 0.5447 0.7870
vn -0.2098 0.5882 -0.7810
vn 0.8549 0.4889 0.1738
vn -0.7045 0.6637 -0.2513
vn 0.8405 0.4925 0.2257
vn -0.6587 0.6566 -0.3675
vn 0.8089 0.5009 -0.3079
vn -0.5978 0.6167 0.5122
vn 0.8273 0.4961 -0.2634
vn -0.1375 0.5679 0.8115
vn -0.4244 0.4461 0.7880
vn -0.4439 0.5156 -0.7329
vn 0.2781 0.4358 0.8560
vn -0.3726 0.5190 -0.7693
vn 0.8231 0.4698 0.3190
vn -0.8568 0.4786 -0.1920
vn 0.7947 0.4654 0.3896
vn -0.7605 0.4843 -0.4325
vn 0.7442 0.4932 -0.4505
vn -0.7848 0.4863 0.3842
vn 0.7636 0.4934 -0.4165
vn -0.8399 0.4875 0.2385
vn 0.3709 0.5098 -0.7762
vn -0.0890 0.4313 0.8978
vn 0.4063 0.5073 -0.7600
vn 0.4919 0.4359 0.7537
vn 0.7726 0.4056 0.4884
vn -0.8621 0.2446 0.4438
vn 0.8688 0.4493 -0.2080
vn -0.8963 0.2474 0.3681
vn 0.3827 0.4447 -0.8098
vn -0.2919 0.2630 0.9196
vn 0.4621 0.4485 -0.7651
vn -0.5245 0.2412 0.8165
vn -0.4472 0.3534 -0.8217
vn 0.3339 0.3557 0.8729
vn -0.3853 0.3637 -0.8481
vn 0.2055 0.3369 0.9188
vn -0.8357 0.2957 -0.4627
vn 0.8867 0.4282 0.1744
vn -0.8030 0.2997 -0.5151
vn 0.7825 0.4500 -0.4304
vn 0.9237 0.3763 -0.0724
vn -0.4167 -0.0560 0.9073
vn 0.5835 0.3608 -0.7275
vn -0.4882 -0.0688 0.8700
vn -0.2127 0.1977 -0.9569
vn 0.3380 0.1218 0.9332
vn -0.1108 0.2228 -0.9685
vn 0.0826 0.0505 0.9953
vn -0.9073 -0.0338 -0.4191
vn 0.8125 0.2960 0.5022
vn -0.8801 -0.0201 -0.4744
vn 0.7268 0.2591 0.6361
vn -0.9821 -0.1140 0.1497
vn 0.8124 0.3846 -0.4382
vn -0.9893 -0.1107 0.0956
vn 0.3557 0.3201 -0.8781
vn -0.2248 0.3115 -0.9233
vn -0.4998 0.1816 0.8469
vn 0.5887 0.3932 -0.7062
vn -0.4199 0.1897 0.8875
vn 0.9132 0.4038 -0.0539
vn 0.3302 0.3648 -0.8706
vn -0.9843 0.1542 0.0860
vn 0.7947 0.4028 -0.4540
vn -0.9769 0.1540 0.1482
vn 0.6947 0.3509 0.6279
vn -0.8652 0.2004 -0.4596
vn 0.7935 0.3760 0.4786
vn -0.8986 0.1904 -0.3952
vn 0.0569 0.2279 0.9720
vn -0.1021 0.3273 -0.9394
vn 0.3324 0.2716 0.9032
vn 0.9030 -0.0000 -0.4297
vn 0.9423 -0.0000 0.3347
vn 0.4297 -0.0000 0.9030
vn -0.3347 -0.0000 0.9423
vn -0.9030 -0.0000 0.4297
vn -0.9423 -0.0000 -0.3347
vn -0.4297 -0.0000 -0.9030
vn 0.3347 -0.0000 -0.9423
vn 0.3741 0.6413 -0.6699
vn 0.3967 0.5684 0.7208
vn -0.2453 0.5930 -0.7669
vn 0.3367 0.5641 0.7540
vn -0.7857 0.5399 -0.3020
vn 0.7614 0.6103 0.2189
vn -0.7497 0.5447 -0.3758
vn 0.6873 0.5882 0.4262
vn -0.7424 0.4889 0.4581
vn 0.6858 0.6637 -0.2986
vn -0.7675 0.4925 0.4103
vn 0.7319 0.6566 -0.1825
vn -0.3794 0.5009 0.7779
vn 0.0857 0.6167 -0.7825
vn -0.4232 0.4961 0.7581
vn -0.4549 0.5679 -0.6860
vn -0.2295 0.4461 -0.8651
vn 0.8252 0.5156 0.2309
vn -0.7884 0.4358 -0.4341
vn 0.7981 0.5190 0.3062
vn -0.8186 0.4698 0.3304
vn 0.7563 0.4786 -0.4460
vn -0.8462 0.4654 0.2595
vn 0.8506 0.4843 -0.2048
vn -0.2346 0.4932 0.8377
vn 0.3097 0.4863 -0.8171
vn -0.2721 0.4934 0.8262
vn 0.4495 0.4875 -0.7485
vn 0.2604 0.5098 0.8199
vn -0.5493 0.4313 -0.7157
vn 0.2235 0.5073 0.8323
vn -0.8744 0.4359 -0.2133
vn -0.8977 0.4056 0.1723
vn 0.3253 0.2446 -0.9134
vn -0.4914 0.4493 0.7461
vn 0.4020 0.2474 -0.8816
vn 0.2748 0.4447 0.8525
vn -0.4162 0.2630 -0.8704
vn 0.1864 0.4485 0.8741
vn -0.1760 0.2412 -0.9544
vn 0.8883 0.3534 0.2934
vn -0.8407 0.3557 -0.4083
vn 0.8612 0.3637 0.3550
vn -0.7785 0.3369 -0.5296
vn 0.9261 0.2957 -0.2342
vn -0.7660 0.4282 0.4794
vn 0.9381 0.2997 -0.1736
vn -0.2763 0.4500 0.8492
vn -0.6242 0.3763 0.6847
vn -0.3168 -0.0560 -0.9469
vn 0.0721 0.3608 0.9298
vn -0.2391 -0.0688 -0.9686
vn 0.8098 0.1977 0.5524
vn -0.8850 0.1218 -0.4494
vn 0.7434 0.2228 0.6306
vn -0.7411 0.0505 -0.6695
vn 0.9485 -0.0338 -0.3150
vn -0.9362 0.2960 0.1894
vn 0.9665 -0.0201 -0.2560
vn -0.9653 0.2592 0.0332
vn 0.6139 -0.1140 -0.7811
vn -0.2928 0.3846 0.8754
vn 0.6562 -0.1107 -0.7464
vn 0.3413 0.3201 0.8838
vn 0.7956 0.3115 0.5196
vn -0.2148 0.1816 -0.9596
vn 0.0537 0.3932 0.9179
vn -0.3009 0.1897 -0.9346
vn -0.6292 0.4038 0.6641
vn 0.3547 0.3648 0.8609
vn 0.6591 0.1542 -0.7361
vn -0.2691 0.4028 0.8748
vn 0.6112 0.1540 -0.7764
vn -0.9363 0.3509 0.0172
vn 0.9455 0.2004 -0.2567
vn -0.9061 0.3760 0.1937
vn 0.9258 0.1904 -0.3265
vn -0.7064 0.2279 -0.6701
vn 0.7171 0.3272 0.6153
vn -0.8603 0.2716 -0.4314
vn -0.3647 -0.0000 0.9311
vn -0.9163 -0.0000 0.4005
vn -0.9311 -0.0000 -0.3647
vn -0.4005 -0.0000 -0.9163
vn 0.3647 -0.0000 -0.9311
vn 0.9163 -0.0000 -0.4005
vn 0.9311 -0.0000 0.3647
vn 0.4005 -0.0000 0.9163
vn -0.7475 0.6413 -0.1734
vn 0.5822 0.5684 -0.5813
vn -0.6686 0.5930 0.4487
vn 0.6308 0.5641 -0.5328
vn -0.0720 0.5399 0.8386
vn -0.0012 0.6103 -0.7922
vn -0.1528 0.5447 0.8246
vn 0.2185 0.5882 -0.7786
vn 0.6462 0.4889 0.5860
vn -0.4773 0.6637 -0.5759
vn 0.6074 0.4925 0.6233
vn -0.3786 0.6566 -0.6524
vn 0.8527 0.5009 0.1484
vn -0.7755 0.6167 0.1350
vn 0.8458 0.4961 0.1960
vn -0.5326 0.5679 0.6275
vn -0.7673 0.4461 0.4607
vn -0.0074 0.5156 -0.8568
vn -0.1981 0.4358 0.8780
vn 0.0725 0.5190 -0.8517
vn 0.5447 0.4698 0.6947
vn -0.6385 0.4786 -0.6027
vn 0.4843 0.4654 0.7408
vn -0.4330 0.4843 -0.7603
vn 0.8699 0.4932 -0.0073
vn -0.8710 0.4863 -0.0705
vn 0.8692 0.4934 0.0319
vn -0.8439 0.4875 -0.2239
vn 0.7153 0.5098 -0.4779
vn -0.5350 0.4313 0.7264
vn 0.7375 0.5073 -0.4459
vn 0.0380 0.4359 0.8992
vn 0.4148 0.4056 0.8145
vn -0.9678 0.2446 -0.0588
vn 0.8532 0.4493 0.2649
vn -0.9586 0.2474 -0.1413
vn 0.7426 0.4447 -0.5008
vn -0.7206 0.2630 0.6416
vn 0.7880 0.4485 -0.4218
vn -0.8679 0.2412 0.4342
vn 0.0352 0.3534 -0.9348
vn -0.1588 0.3557 0.9210
vn 0.1019 0.3637 -0.9259
vn -0.2926 0.3369 0.8949
vn -0.4822 0.2957 -0.8247
vn 0.6733 0.4282 0.6028
vn -0.4273 0.2997 -0.8530
vn 0.8925 0.4500 0.0296
vn 0.8311 0.3763 0.4095
vn -0.8216 -0.0560 0.5673
vn 0.8733 0.3608 -0.3275
vn -0.8641 -0.0688 0.4987
vn 0.3058 0.1977 -0.9313
vn -0.1860 0.1219 0.9750
vn 0.3994 0.2228 -0.8893
vn -0.4373 0.0505 0.8979
vn -0.5660 -0.0339 -0.8237
vn 0.4420 0.2960 0.8467
vn -0.5143 -0.0201 -0.8574
vn 0.3000 0.2591 0.9181
vn -0.9209 -0.1140 -0.3729
vn 0.9223 0.3846 0.0382
vn -0.8993 -0.1107 -0.4231
vn 0.7542 0.3201 -0.5733
vn 0.2782 0.3115 -0.9086
vn -0.8622 0.1816 0.4729
vn 0.8668 0.3932 -0.3065
vn -0.8143 0.1897 0.5486
vn 0.8127 0.4038 0.4200
vn 0.7285 0.3648 -0.5798
vn -0.8902 0.1542 -0.4287
vn 0.9152 0.4028 0.0155
vn -0.9156 0.1540 -0.3715
vn 0.2765 0.3509 0.8946
vn -0.5092 0.2004 -0.8370
vn 0.4378 0.3760 0.8167
vn -0.5708 0.1904 -0.7987
vn -0.4475 0.2279 0.8647
vn 0.3920 0.3273 -0.8598
vn -0.1755 0.2716 0.9463
vn 0.9958 -0.0000 0.0917
vn 0.6393 -0.0000 0.7690
vn -0.0917 -0.0000 0.9958
vn -0.7690 -0.0000 0.6393
vn -0.9958 -0.0000 -0.0917
vn -0.6393 -0.0000 -0.7690
vn 0.0917 -0.0000 -0.9958
vn 0.7690 -0.0000 -0.6393
vn -0.3697 0.6413 0.6724
vn -0.4015 0.5684 -0.7181
vn 0.2504 0.5930 0.7653
vn -0.3417 0.5641 -0.7517
vn 0.7877 0.5399 0.2968
vn -0.7628 0.6103 -0.2138
vn 0.7522 0.5447 0.3708
vn -0.6901 0.5882 -0.4216
vn 0.7394 0.4889 -0.4630
vn -0.6838 0.6637 0.3032
vn 0.7648 0.4925 -0.4154
vn -0.7306 0.6566 0.1874
vn 0.3742 0.5009 -0.7804
vn -0.0805 0.6167 0.7831
vn 0.4182 0.4961 -0.7609
vn 0.4594 0.5679 0.6829
vn 0.2352 0.4461 0.8635
vn -0.8267 0.5156 -0.2254
vn 0.7913 0.4358 0.4289
vn -0.8001 0.5190 -0.3009
vn 0.8164 0.4698 -0.3358
vn -0.7533 0.4786 0.4510
vn 0.8444 0.4654 -0.2651
vn -0.8492 0.4843 0.2105
vn 0.2290 0.4932 -0.8392
vn -0.3042 0.4863 0.8191
vn 0.2666 0.4934 -0.8280
vn -0.4445 0.4875 0.7515
vn -0.2659 0.5098 -0.8182
vn 0.5540 0.4313 0.7120
vn -0.2291 0.5073 -0.8308
vn 0.8758 0.4359 0.2074
vn 0.8965 0.4056 -0.1783
vn -0.3191 0.2446 0.9156
vn 0.4864 0.4493 -0.7493
vn -0.3961 0.2474 0.8843
vn -0.2805 0.4447 -0.8506
vn 0.4220 0.2630 0.8676
vn -0.1922 0.4485 -0.8729
vn 0.1824 0.2412 0.9532
vn -0.8902 0.3534 -0.2875
vn 0.8434 0.3557 0.4027
vn -0.8636 0.3637 -0.3493
vn 0.7820 0.3369 0.5244
vn -0.9245 0.2957 0.2403
vn 0.7628 0.4282 -0.4845
vn -0.9369 0.2997 0.1798
vn 0.2707 0.4500 -0.8510
vn 0.6197 0.3763 -0.6888
vn 0.3231 -0.0560 0.9447
vn -0.0783 0.3608 -0.9293
vn 0.2455 -0.0688 0.9670
vn -0.8134 0.1977 -0.5470
vn 0.8880 0.1219 0.4435
vn -0.7476 0.2228 -0.6257
vn 0.7455 0.0505 0.6646
vn -0.9464 -0.0338 0.3213
vn 0.9349 0.2960 -0.1957
vn -0.9647 -0.0201 0.2624
vn 0.9650 0.2592 -0.0396
vn -0.6087 -0.1140 0.7851
vn 0.2870 0.3846 -0.8774
vn -0.6512 -0.1107 0.7508
vn -0.3472 0.3201 -0.8815
vn -0.7990 0.3115 -0.5143
vn 0.2212 0.1816 0.9582
vn -0.0598 0.3932 -0.9175
vn 0.3071 0.1897 0.9326
vn 0.6248 0.4038 -0.6683
vn -0.3604 0.3648 -0.8585
vn -0.6542 0.1542 0.7405
vn 0.2632 0.4028 -0.8766
vn -0.6060 0.1540 0.7804
vn 0.9361 0.3509 -0.0234
vn -0.9438 0.2004 0.2630
vn 0.9048 0.3760 -0.1998
vn -0.9236 0.1904 0.3326
vn 0.7109 0.2279 0.6654
vn -0.7212 0.3273 -0.6106
vn 0.8632 0.2716 0.4257
vn 0.3585 -0.0000 -0.9335
vn 0.9136 -0.0000 -0.4066
vn 0.9335 -0.0000 0.3585
vn 0.4066 -0.0000 0.9136
vn -0.3585 -0.0000 0.9335
vn -0.9136 -0.0000 0.4066
vn -0.9335 -0.0000 -0.3585
vn -0.4066 -0.0000 -0.9136
vn -0.0338 0.6413 0.7666
vn -0.6780 0.5684 -0.4661
vn 0.5634 0.5930 0.5753
vn -0.6392 0.5641 -0.5227
vn 0.8377 0.5399 -0.0826
vn -0.7786 0.6103 0.1460
vn 0.8386 0.5447 -0.0006
vn -0.8054 0.5882 -0.0725
vn 0.4580 0.4889 -0.7425
vn -0.4789 0.6637 0.5746
vn 0.5018 0.4925 -0.7111
vn -0.5722 0.6566 0.4915
vn -0.0100 0.5009 -0.8654
vn 0.2746 0.6167 0.7378
vn 0.0381 0.4961 -0.8674
vn 0.7143 0.5679 0.4089
vn 0.5932 0.4461 0.6701
vn -0.8410 0.5156 0.1639
vn 0.8994 0.4358 0.0342
vn -0.8506 0.5190 0.0845
vn 0.5833 0.4698 -0.6626
vn -0.4758 0.4786 0.7379
vn 0.6398 0.4654 -0.6116
vn -0.6683 0.4843 0.5647
vn -0.1662 0.4932 -0.8539
vn 0.0899 0.4863 0.8692
vn -0.1275 0.4934 -0.8604
vn -0.0658 0.4875 0.8706
vn -0.6006 0.5098 -0.6159
vn 0.8120 0.4313 0.3932
vn -0.5732 0.5073 -0.6435
vn 0.8771 0.4359 -0.2017
vn 0.7249 0.4055 -0.5568
vn 0.1192 0.2446 0.9623
vn 0.1044 0.4493 -0.8873
vn 0.0364 0.2474 0.9682
vn -0.6281 0.4446 -0.6385
vn 0.7625 0.2630 0.5911
vn -0.5588 0.4485 -0.6976
vn 0.5855 0.2412 0.7739
vn -0.9255 0.3534 0.1363
vn 0.9345 0.3557 -0.0123
vn -0.9290 0.3637 0.0691
vn 0.9333 0.3369 0.1240
vn -0.7226 0.2957 0.6248
vn 0.4695 0.4282 -0.7721
vn -0.7605 0.2997 0.5761
vn -0.1341 0.4500 -0.8829
vn 0.2506 0.3763 -0.8920
vn 0.7080 -0.0560 0.7040
vn -0.4816 0.3608 -0.7987
vn 0.6482 -0.0688 0.7583
vn -0.9716 0.1977 -0.1304
vn 0.9925 0.1219 0.0046
vn -0.9473 0.2228 -0.2300
vn 0.9627 0.0505 0.2658
vn -0.7063 -0.0338 0.7071
vn 0.7516 0.2960 -0.5894
vn -0.7489 -0.0201 0.6624
vn 0.8478 0.2591 -0.4628
vn -0.1982 -0.1140 0.9735
vn -0.1311 0.3846 -0.9137
vn -0.2515 -0.1107 0.9615
vn -0.7015 0.3201 -0.6367
vn -0.9442 0.3115 -0.1074
vn 0.6225 0.1816 0.7612
vn -0.4598 0.3932 -0.7962
vn 0.6882 0.1897 0.7002
vn 0.2644 0.4038 -0.8758
vn -0.7033 0.3648 -0.6102
vn -0.2587 0.1542 0.9536
vn -0.1521 0.4028 -0.9026
vn -0.1978 0.1540 0.9681
vn 0.8290 0.3509 -0.4355
vn -0.7298 0.2004 0.6536
vn 0.7229 0.3760 -0.5797
vn -0.6809 0.1904 0.7072
vn 0.9320 0.2279 0.2819
vn -0.9170 0.3272 -0.2282
vn 0.9624 0.2716 -0.0005
vn -0.0919 -0.0000 -0.9958
vn 0.6391 -0.0000 -0.7691
vn 0.9958 -0.0000 -0.0919
vn 0.7691 -0.0000 0.6391
vn 0.0919 -0.0000 0.9958
vn -0.6391 -0.0000 0.7691
vn -0.9958 -0.0000 0.0919
vn -0.7691 -0.0000 -0.6391
vn -0.4997 0.6413 -0.5822
vn 0.8134 0.5684 -0.1238
vn -0.8045 0.5930 -0.0343
vn 0.8238 0.5641 -0.0560
vn -0.5545 0.5399 0.6333
vn 0.4681 0.6103 -0.6391
vn -0.6113 0.5447 0.5741
vn 0.6371 0.5882 -0.4981
vn 0.1739 0.4889 0.8549
vn -0.0437 0.6637 -0.7467
vn 0.1204 0.4925 0.8619
vn 0.0811 0.6566 -0.7499
vn 0.5993 0.5009 0.6244
vn -0.7050 0.6167 -0.3503
vn 0.5656 0.4961 0.6587
vn -0.8008 0.5679 0.1904
vn -0.8911 0.4461 -0.0830
vn 0.5013 0.5156 -0.6949
vn -0.6794 0.4358 0.5903
vn 0.5627 0.5190 -0.6435
vn 0.0278 0.4698 0.8823
vn -0.1578 0.4786 -0.8637
vn -0.0483 0.4654 0.8838
vn 0.1011 0.4843 -0.8691
vn 0.7053 0.4932 0.5092
vn -0.6602 0.4863 -0.5725
vn 0.6816 0.4934 0.5403
vn -0.5476 0.4875 -0.6801
vn 0.8594 0.5098 0.0384
vn -0.8612 0.4313 0.2687
vn 0.8583 0.5073 0.0773
vn -0.5018 0.4359 0.7471
vn -0.1479 0.4056 0.9020
vn -0.7452 0.2446 -0.6203
vn 0.5308 0.4493 0.7186
vn -0.6889 0.2474 -0.6814
vn 0.8950 0.4446 0.0360
vn -0.9605 0.2630 0.0904
vn 0.8848 0.4485 0.1266
vn -0.9565 0.2412 -0.1640
vn 0.5818 0.3534 -0.7325
vn -0.6732 0.3557 0.6483
vn 0.6303 0.3637 -0.6859
vn -0.7656 0.3369 0.5480
vn 0.0996 0.2957 -0.9501
vn 0.1857 0.4282 0.8844
vn 0.1606 0.2997 -0.9404
vn 0.7018 0.4500 0.5523
vn 0.4274 0.3763 0.8220
vn -0.9980 -0.0560 -0.0292
vn 0.8976 0.3608 0.2531
vn -0.9916 -0.0688 -0.1097
vn 0.7978 0.1977 -0.5695
vn -0.7271 0.1219 0.6757
vn 0.8484 0.2228 -0.4803
vn -0.8840 0.0505 0.4647
vn 0.0315 -0.0339 -0.9989
vn -0.1451 0.2960 0.9441
vn 0.0931 -0.0201 -0.9955
vn -0.3018 0.2592 0.9175
vn -0.5214 -0.1140 -0.8457
vn 0.7207 0.3846 0.5768
vn -0.4743 -0.1107 -0.8734
vn 0.9473 0.3201 -0.0155
vn 0.7621 0.3115 -0.5675
vn -0.9748 0.1816 -0.1294
vn 0.8801 0.3932 0.2662
vn -0.9810 0.1897 -0.0399
vn 0.4063 0.4038 0.8197
vn 0.9304 0.3648 -0.0360
vn -0.4636 0.1542 -0.8725
vn 0.7284 0.4028 0.5543
vn -0.5179 0.1540 -0.8414
vn -0.3068 0.3509 0.8847
vn 0.0852 0.2004 -0.9760
vn -0.1307 0.3760 0.9173
vn 0.0129 0.1904 -0.9816
vn -0.8726 0.2279 0.4320
vn 0.8249 0.3273 -0.4609
vn -0.7017 0.2716 0.6587
vn 0.7482 -0.0000 0.6635
vn 0.0599 -0.0000 0.9982
vn -0.6635 -0.0000 0.7482
vn -0.9982 -0.0000 0.0599
vn -0.7482 -0.0000 -0.6635
vn -0.0599 -0.0000 -0.9982
vn 0.6635 -0.0000 -0.7482
vn 0.9982 -0.0000 -0.0599
vn -0.1903 0.6413 -0.7433
vn 0.7841 0.5684 0.2491
vn -0.7062 0.5930 -0.3869
vn 0.7635 0.5641 0.3145
vn -0.7776 0.5399 0.3223
vn 0.7027 0.6103 -0.3659
vn -0.8023 0.5447 0.2441
vn 0.7918 0.5882 -0.1646
vn -0.2226 0.4889 0.8435
vn 0.2914 0.6637 -0.6889
vn -0.2736 0.4925 0.8262
vn 0.4048 0.6566 -0.6365
vn 0.2609 0.5009 0.8252
vn -0.4770 0.6167 -0.6262
vn 0.2155 0.4961 0.8411
vn -0.8023 0.5679 -0.1838
vn -0.7623 0.4461 -0.4689
vn 0.7572 0.5156 -0.4011
vn -0.8705 0.4358 0.2285
vn 0.7894 0.5190 -0.3279
vn -0.3657 0.4698 0.8034
vn 0.2409 0.4786 -0.8443
vn -0.4346 0.4654 0.7711
vn 0.4754 0.4843 -0.7345
vn 0.4070 0.4932 0.7688
vn -0.3385 0.4863 -0.8056
vn 0.3719 0.4934 0.7863
vn -0.1899 0.4875 -0.8522
vn 0.7536 0.5098 0.4149
vn -0.8912 0.4313 -0.1403
vn 0.7354 0.5073 0.4493
vn -0.7807 0.4359 0.4478
vn -0.5320 0.4056 0.7433
vn -0.3936 0.2446 -0.8862
vn 0.1578 0.4493 0.8793
vn -0.3160 0.2474 -0.9159
vn 0.7865 0.4447 0.4286
vn -0.9013 0.2630 -0.3442
vn 0.7373 0.4485 0.5052
vn -0.7851 0.2412 -0.5705
vn 0.8460 0.3534 -0.3993
vn -0.8907 0.3557 0.2832
vn 0.8688 0.3637 -0.3360
vn -0.9291 0.3369 0.1524
vn 0.5099 0.2957 -0.8078
vn -0.2250 0.4282 0.8752
vn 0.5604 0.2997 -0.7721
vn 0.3847 0.4500 0.8059
vn 0.0192 0.3763 0.9263
vn -0.8819 -0.0560 -0.4680
vn 0.6928 0.3608 0.6243
vn -0.8405 -0.0688 -0.5374
vn 0.9675 0.1977 -0.1574
vn -0.9511 0.1219 0.2839
vn 0.9733 0.2228 -0.0550
vn -0.9984 0.0505 0.0253
vn 0.4705 -0.0339 -0.8818
vn -0.5481 0.2960 0.7823
vn 0.5242 -0.0201 -0.8514
vn -0.6768 0.2592 0.6891
vn -0.0931 -0.1140 -0.9891
vn 0.3909 0.3846 0.8362
vn -0.0386 -0.1107 -0.9931
vn 0.8562 0.3201 0.4055
vn 0.9346 0.3115 -0.1715
vn -0.8168 0.1816 -0.5476
vn 0.6712 0.3932 0.6283
vn -0.8620 0.1897 -0.4701
vn 0.0014 0.4038 0.9148
vn 0.8502 0.3648 0.3796
vn -0.0294 0.1542 -0.9876
vn 0.4077 0.4028 0.8195
vn -0.0919 0.1540 -0.9838
vn -0.6668 0.3509 0.6575
vn 0.5085 0.2004 -0.8374
vn -0.5233 0.3760 0.7647
vn 0.4461 0.1904 -0.8745
vn -0.9737 0.2279 0.0010
vn 0.9437 0.3273 -0.0480
vn -0.9208 0.2716 0.2800
vn 0.3772 -0.0000 0.9262
vn -0.3882 -0.0000 0.9216
vn -0.9262 -0.0000 0.3772
vn -0.9216 -0.0000 -0.3882
vn -0.3772 -0.0000 -0.9261
vn 0.3882 -0.0000 -0.9216
vn 0.9262 -0.0000 -0.3772
vn 0.9216 -0.0000 0.3882
vn 0.6649 0.6413 0.3830
vn -0.7260 0.5684 0.3871
vn 0.7701 0.5930 -0.2351
vn -0.7584 0.5641 0.3267
vn 0.3124 0.5399 -0.7816
vn -0.2290 0.6103 0.7584
vn 0.3857 0.5447 -0.7447
vn -0.4352 0.5882 0.6816
vn -0.4482 0.4889 -0.7484
vn 0.2895 0.6637 0.6897
vn -0.4001 0.4925 -0.7729
vn 0.1728 0.6566 0.7342
vn -0.7728 0.5009 -0.3897
vn 0.7813 0.6167 0.0960
vn -0.7524 0.4961 -0.4333
vn 0.6919 0.5679 -0.4457
vn 0.8680 0.4461 -0.2180
vn -0.2418 0.5156 0.8220
vn 0.4446 0.4358 -0.7826
vn -0.3168 0.5190 0.7939
vn -0.3195 0.4698 -0.8229
vn 0.4359 0.4786 0.7621
vn -0.2482 0.4654 -0.8496
vn 0.1935 0.4843 0.8533
vn -0.8345 0.4932 -0.2457
vn 0.8129 0.4863 0.3205
vn -0.8225 0.4934 -0.2830
vn 0.7425 0.4875 0.4594
vn -0.8233 0.5098 0.2495
vn 0.7229 0.4313 -0.5397
vn -0.8352 0.5073 0.2125
vn 0.2249 0.4359 -0.8714
vn -0.1604 0.4056 -0.8999
vn 0.9090 0.2446 0.3373
vn -0.7395 0.4493 -0.5013
vn 0.8762 0.2474 0.4136
vn -0.8561 0.4447 0.2635
vn 0.8759 0.2630 -0.4046
vn -0.8765 0.4485 0.1748
vn 0.9566 0.2412 -0.1633
vn -0.3052 0.3534 0.8843
vn 0.4194 0.3557 -0.8352
vn -0.3664 0.3637 0.8564
vn 0.5399 0.3369 -0.7714
vn 0.2219 0.2957 0.9292
vn -0.4692 0.4282 -0.7723
vn 0.1611 0.2997 0.9403
vn -0.8455 0.4500 -0.2876
vn -0.6763 0.3763 -0.6332
vn 0.9510 -0.0560 -0.3042
vn -0.9307 0.3608 0.0597
vn 0.9717 -0.0688 -0.2262
vn -0.5632 0.1977 0.8024
vn 0.4611 0.1219 -0.8789
vn -0.6405 0.2228 0.7349
vn 0.6793 0.0505 -0.7321
vn 0.3024 -0.0338 0.9526
vn -0.1770 0.2960 -0.9386
vn 0.2431 -0.0201 0.9698
vn -0.0204 0.2591 -0.9656
vn 0.7729 -0.1140 0.6242
vn -0.8715 0.3846 -0.3044
vn 0.7377 -0.1107 0.6660
vn -0.8882 0.3201 0.3295
vn -0.5301 0.3115 0.7886
vn 0.9624 0.1816 -0.2020
vn -0.9185 0.3932 0.0415
vn 0.9385 0.1897 -0.2885
vn -0.6557 0.4038 -0.6380
vn -0.8655 0.3648 0.3432
vn 0.7273 0.1542 0.6688
vn -0.8712 0.4028 -0.2807
vn 0.7682 0.1540 0.6214
vn -0.0048 0.3509 -0.9364
vn 0.2441 0.2004 0.9488
vn -0.1817 0.3760 -0.9086
vn 0.3142 0.1904 0.9301
vn 0.6794 0.2279 -0.6975
vn -0.6248 0.3273 0.7089
vn 0.4428 0.2716 -0.8545
vn -0.9262 -0.0000 -0.3770
vn -0.3884 -0.0000 -0.9215
vn 0.3770 -0.0000 -0.9262
vn 0.9215 -0.0000 -0.3884
vn 0.9262 -0.0000 0.3770
vn 0.3883 -0.0000 0.9215
vn -0.3770 -0.0000 0.9262
vn -0.9215 -0.0000 0.3883
vn -0.5526 0.6413 0.5323
vn -0.1703 0.5684 -0.8049
vn 0.0120 0.5930 0.8051
vn -0.1032 0.5641 -0.8192
vn 0.6641 0.5399 0.5172
vn -0.6650 0.6103 -0.4306
vn 0.6082 0.5447 0.5773
vn -0.5339 0.5882 -0.6074
vn 0.8435 0.4889 -0.2227
vn -0.7430 0.6637 0.0865
vn 0.8536 0.4925 -0.1697
vn -0.7533 0.6566 -0.0379
vn 0.5890 0.5009 -0.6342
vn -0.3093 0.6167 0.7239
vn 0.6252 0.4961 -0.6025
vn 0.2360 0.5679 0.7885
vn -0.0317 0.4461 0.8944
vn -0.7225 0.5156 -0.4606
vn 0.6283 0.4358 0.6444
vn -0.6747 0.5190 -0.5248
vn 0.8793 0.4698 -0.0784
vn -0.8532 0.4786 0.2071
vn 0.8851 0.4654 -0.0025
vn -0.8734 0.4843 -0.0511
vn 0.4678 0.4932 -0.7334
vn -0.5336 0.4863 0.6919
vn 0.5003 0.4934 -0.7115
vn -0.6475 0.4875 0.5857
vn -0.0110 0.5098 -0.8602
vn 0.3177 0.4313 0.8444
vn 0.0278 0.5073 -0.8613
vn 0.7747 0.4359 0.4580
vn 0.9090 0.4056 0.0959
vn -0.5765 0.2446 0.7796
vn 0.6869 0.4493 -0.5712
vn -0.6407 0.2474 0.7269
vn -0.0154 0.4447 -0.8956
vn 0.1454 0.2630 0.9538
vn 0.0756 0.4485 -0.8906
vn -0.1088 0.2412 0.9644
vn -0.7647 0.3534 -0.5388
vn 0.6858 0.3557 0.6349
vn -0.7210 0.3637 -0.5899
vn 0.5911 0.3369 0.7329
vn -0.9542 0.2957 -0.0449
vn 0.8723 0.4282 -0.2362
vn -0.9481 0.2997 -0.1064
vn 0.5111 0.4500 -0.7323
vn 0.7962 0.3763 -0.4738
vn 0.0281 -0.0560 0.9980
vn 0.2011 0.3608 -0.9107
vn -0.0526 -0.0688 0.9962
vn -0.6144 0.1977 -0.7638
vn 0.7163 0.1219 0.6871
vn -0.5282 0.2228 -0.8194
vn 0.5147 0.0505 0.8559
vn -0.9991 -0.0338 0.0259
vn 0.9509 0.2960 0.0906
vn -0.9992 -0.0201 -0.0358
vn 0.9333 0.2591 0.2486
vn -0.8143 -0.1140 0.5691
vn 0.5344 0.3846 -0.7526
vn -0.8447 -0.1107 0.5237
vn -0.0699 0.3201 -0.9448
vn -0.6104 0.3115 -0.7283
vn -0.0732 0.1816 0.9806
vn 0.2152 0.3932 -0.8939
vn 0.0165 0.1897 0.9817
vn 0.7950 0.4038 -0.4527
vn -0.0894 0.3648 -0.9268
vn -0.8445 0.1542 0.5129
vn 0.5116 0.4028 -0.7590
vn -0.8103 0.1540 0.5654
vn 0.9009 0.3509 0.2555
vn -0.9793 0.2004 -0.0290
vn 0.9233 0.3760 0.0778
vn -0.9807 0.1904 0.0435
vn 0.4814 0.2279 0.8464
vn -0.5075 0.3272 -0.7971
vn 0.6979 0.2716 0.6627
vn 0.6194 -0.0000 -0.7851
vn 0.9931 -0.0000 -0.1171
vn 0.7851 -0.0000 0.6194
vn 0.1171 -0.0000 0.9931
vn -0.6194 -0.0000 0.7851
vn -0.9931 -0.0000 0.1171
vn -0.7851 -0.0000 -0.6194
vn -0.1171 -0.0000 -0.9931
vn 0.7458 0.6413 -0.1804
vn -0.2595 0.5684 0.7807
vn 0.3962 0.5930 -0.7010
vn -0.3246 0.5641 0.7592
vn -0.3120 0.5399 -0.7818
vn 0.3565 0.6103 0.7074
vn -0.2335 0.5447 -0.8055
vn 0.1541 0.5882 0.7939
vn -0.8405 0.4889 -0.2337
vn 0.6850 0.6637 0.3005
vn -0.8225 0.4925 -0.2846
vn 0.6311 0.6566 0.4132
vn -0.8286 0.5009 0.2500
vn 0.6325 0.6167 -0.4687
vn -0.8439 0.4961 0.2043
vn 0.1945 0.5679 -0.7998
vn 0.4790 0.4461 -0.7560
vn 0.3910 0.5156 0.7624
vn -0.2169 0.4358 -0.8735
vn 0.3174 0.5190 0.7937
vn -0.7985 0.4698 -0.3764
vn 0.8410 0.4786 0.2521
vn -0.7652 0.4654 -0.4448
vn 0.7281 0.4843 0.4851
vn -0.7741 0.4932 0.3968
vn 0.8100 0.4863 -0.3278
vn -0.7911 0.4934 0.3615
vn 0.8547 0.4875 -0.1786
vn -0.4249 0.5098 0.7481
vn 0.1522 0.4313 -0.8893
vn -0.4590 0.5073 0.7294
vn -0.4374 0.4359 -0.7866
vn -0.7362 0.4056 -0.5418
vn 0.8913 0.2446 -0.3818
vn -0.8813 0.4493 0.1461
vn 0.9201 0.2474 -0.3038
vn -0.4390 0.4447 0.7808
vn 0.3561 0.2630 -0.8967
vn -0.5149 0.4485 0.7305
vn 0.5809 0.2412 -0.7774
vn 0.3880 0.3534 0.8512
vn -0.2714 0.3557 -0.8943
vn 0.3244 0.3637 0.8732
vn -0.1401 0.3369 -0.9311
vn 0.8009 0.2957 0.5206
vn -0.8721 0.4282 -0.2366
vn 0.7646 0.2997 0.5706
vn -0.8109 0.4500 0.3740
vn -0.9265 0.3763 0.0069
vn 0.4797 -0.0560 -0.8756
vn -0.6334 0.3608 0.6845
vn 0.5485 -0.0688 -0.8333
vn 0.1446 0.1977 0.9695
vn -0.2713 0.1219 -0.9548
vn 0.0421 0.2228 0.9739
vn -0.0120 0.0505 -0.9987
vn 0.8754 -0.0339 0.4821
vn -0.7750 0.2960 -0.5584
vn 0.8443 -0.0201 0.5354
vn -0.6800 0.2592 -0.6859
vn 0.9903 -0.1140 -0.0800
vn -0.8414 0.3846 0.3797
vn 0.9935 -0.1107 -0.0255
vn -0.4168 0.3201 0.8508
vn 0.1590 0.3115 0.9368
vn 0.5584 0.1816 -0.8095
vn -0.6372 0.3932 0.6629
vn 0.4815 0.1897 -0.8556
vn -0.9148 0.4038 -0.0107
vn -0.3909 0.3648 0.8451
vn 0.9879 0.1542 -0.0163
vn -0.8248 0.4028 0.3968
vn 0.9849 0.1540 -0.0788
vn -0.6486 0.3509 -0.6754
vn 0.8306 0.2004 0.5195
vn -0.7577 0.3760 -0.5334
vn 0.8685 0.1904 0.4577
vn 0.0119 0.2279 -0.9736
vn 0.0355 0.3273 0.9443
vn -0.2677 0.2716 -0.9244
vn -0.9311 -0.0000 0.3648
vn -0.9163 -0.0000 -0.4004
vn -0.3648 -0.0000 -0.9311
vn 0.4004 -0.0000 -0.9163
vn 0.9311 -0.0000 -0.3648
vn 0.9163 -0.0000 0.4004
vn 0.3648 -0.0000 0.9311
vn -0.4004 -0.0000 0.9163
vn 0.4266 0.6413 0.6378
vn -0.8223 0.5684 0.0257
vn 0.7946 0.5930 0.1301
vn -0.8246 0.5641 -0.0429
vn 0.6262 0.5399 -0.5625
vn -0.5411 0.6103 0.5786
vn 0.6755 0.5447 -0.4969
vn -0.6920 0.5882 0.4185
vn -0.0705 0.4889 -0.8695
vn -0.0458 0.6637 0.7466
vn -0.0166 0.4925 -0.8701
vn -0.1702 0.6566 0.7348
vn -0.5204 0.5009 -0.6915
vn 0.6581 0.6167 0.4320
vn -0.4828 0.4961 -0.7216
vn 0.8178 0.5679 -0.0933
vn 0.8748 0.4461 0.1889
vn -0.5808 0.5156 0.6300
vn 0.7451 0.4358 -0.5049
vn -0.6355 0.5190 0.5716
vn 0.0779 0.4698 -0.8793
vn 0.0535 0.4786 0.8764
vn 0.1535 0.4654 -0.8717
vn -0.2042 0.4843 0.8507
vn -0.6395 0.4932 -0.5898
vn 0.5870 0.4863 0.6473
vn -0.6122 0.4934 -0.6179
vn 0.4624 0.4875 0.7406
vn -0.8487 0.5098 -0.1408
vn 0.8872 0.4313 -0.1639
vn -0.8430 0.5073 -0.1793
vn 0.5874 0.4359 -0.6818
vn 0.2546 0.4056 -0.8779
vn 0.6658 0.2446 0.7049
vn -0.4411 0.4493 -0.7769
vn 0.6025 0.2474 0.7588
vn -0.8843 0.4447 -0.1427
vn 0.9645 0.2630 0.0250
vn -0.8633 0.4485 -0.2314
vn 0.9301 0.2412 0.2771
vn -0.6651 0.3534 0.6578
vn 0.7459 0.3557 -0.5632
vn -0.7077 0.3637 0.6057
vn 0.8256 0.3369 -0.4526
vn -0.2124 0.2957 0.9314
vn -0.0787 0.4282 -0.9002
vn -0.2718 0.2997 0.9145
vn -0.6308 0.4500 -0.6322
vn -0.3261 0.3763 -0.8672
vn 0.9874 -0.0560 0.1483
vn -0.8610 0.3608 -0.3585
vn 0.9714 -0.0688 0.2274
vn -0.8602 0.1977 0.4701
vn 0.8026 0.1219 -0.5839
vn -0.8997 0.2228 0.3754
vn 0.9332 0.0505 -0.3557
vn -0.1506 -0.0339 0.9880
vn 0.2569 0.2960 -0.9200
vn -0.2114 -0.0201 0.9772
vn 0.4092 0.2591 -0.8749
vn 0.4166 -0.1140 0.9019
vn -0.6466 0.3846 -0.6588
vn 0.3666 -0.1107 0.9238
vn -0.9423 0.3201 -0.0978
vn -0.8245 0.3115 0.4724
vn 0.9524 0.1816 0.2449
vn -0.8419 0.3932 -0.3694
vn 0.9692 0.1897 0.1569
vn -0.3055 0.4038 -0.8623
vn -0.9280 0.3648 -0.0754
vn 0.3560 0.1542 0.9217
vn -0.6569 0.4028 -0.6374
vn 0.4137 0.1540 0.8973
vn 0.4103 0.3509 -0.8417
vn -0.2012 0.2004 0.9588
vn 0.2394 0.3760 -0.8952
vn -0.1301 0.1904 0.9731
vn 0.9180 0.2279 -0.3246
vn -0.8741 0.3272 0.3590
vn 0.7753 0.2716 -0.5702
vn -0.6636 -0.0000 -0.7481
vn 0.0598 -0.0000 -0.9982
vn 0.7481 -0.0000 -0.6636
vn 0.9982 -0.0000 0.0598
vn 0.6636 -0.0000 0.7481
vn -0.0598 -0.0000 0.9982
vn -0.7481 -0.0000 0.6636
vn -0.9982 -0.0000 -0.0598
vn -0.7468 0.6413 -0.1762
vn 0.5844 0.5684 -0.5791
vn -0.6703 0.5930 0.4462
vn 0.6328 0.5641 -0.5305
vn -0.0751 0.5399 0.8384
vn 0.0018 0.6103 -0.7922
vn -0.1558 0.5447 0.8240
vn 0.2214 0.5882 -0.7778
vn 0.6440 0.4889 0.5884
vn -0.4752 0.6637 -0.5777
vn 0.6050 0.4925 0.6256
vn -0.3761 0.6566 -0.6538
vn 0.8521 0.5009 0.1516
vn -0.7760 0.6167 0.1322
vn 0.8451 0.4961 0.1992
vn -0.5350 0.5679 0.6255
vn -0.7690 0.4461 0.4578
vn -0.0042 0.5156 -0.8568
vn -0.2014 0.4358 0.8772
vn 0.0757 0.5190 -0.8514
vn 0.5422 0.4698 0.6967
vn -0.6363 0.4786 -0.6050
vn 0.4815 0.4654 0.7426
vn -0.4302 0.4843 -0.7619
vn 0.8699 0.4932 -0.0040
vn -0.8707 0.4863 -0.0738
vn 0.8691 0.4934 0.0352
vn -0.8431 0.4875 -0.2270
vn 0.7171 0.5098 -0.4752
vn -0.5377 0.4313 0.7245
vn 0.7391 0.5073 -0.4431
vn 0.0346 0.4359 0.8993
vn 0.4118 0.4056 0.8161
vn -0.9676 0.2446 -0.0624
vn 0.8522 0.4493 0.2681
vn -0.9580 0.2474 -0.1449
vn 0.7445 0.4447 -0.4980
vn -0.7230 0.2630 0.6389
vn 0.7896 0.4485 -0.4189
vn -0.8696 0.2412 0.4309
vn 0.0387 0.3534 -0.9347
vn -0.1622 0.3557 0.9204
vn 0.1053 0.3637 -0.9256
vn -0.2959 0.3369 0.8938
vn -0.4791 0.2957 -0.8264
vn 0.6710 0.4282 0.6053
vn -0.4241 0.2997 -0.8546
vn 0.8924 0.4500 0.0329
vn 0.8296 0.3763 0.4126
vn -0.8237 -0.0560 0.5642
vn 0.8745 0.3608 -0.3242
vn -0.8659 -0.0688 0.4954
vn 0.3093 0.1977 -0.9302
vn -0.1896 0.1219 0.9743
vn 0.4027 0.2228 -0.8878
vn -0.4407 0.0505 0.8962
vn -0.5630 -0.0338 -0.8258
vn 0.4389 0.2960 0.8484
vn -0.5111 -0.0201 -0.8593
vn 0.2965 0.2591 0.9192
vn -0.9194 -0.1140 -0.3763
vn 0.9222 0.3846 0.0416
vn -0.8977 -0.1107 -0.4264
vn 0.7563 0.3201 -0.5705
vn 0.2816 0.3115 -0.9076
vn -0.8640 0.1816 0.4697
vn 0.8680 0.3932 -0.3033
vn -0.8163 0.1897 0.5456
vn 0.8111 0.4038 0.4231
vn 0.7307 0.3648 -0.5771
vn -0.8886 0.1542 -0.4320
vn 0.9151 0.4028 0.0189
vn -0.9142 0.1540 -0.3749
vn 0.2732 0.3509 0.8957
vn -0.5061 0.2004 -0.8389
vn 0.4347 0.3760 0.8183
vn -0.5678 0.1904 -0.8009
vn -0.4507 0.2279 0.8631
vn 0.3952 0.3272 -0.8583
vn -0.1790 0.2716 0.9456
vn 0.9954 -0.0000 0.0954
vn 0.6364 -0.0000 0.7714
vn -0.0954 -0.0000 0.9954
vn -0.7714 -0.0000 0.6364
vn -0.9954 -0.0000 -0.0954
vn -0.6364 -0.0000 -0.7714
vn 0.0954 -0.0000 -0.9954
vn 0.7714 -0.0000 -0.6364
vn -0.3722 0.6413 0.6710
vn -0.3988 0.5684 -0.7196
vn 0.2476 0.5930 0.7662
vn -0.3389 0.5641 -0.7530
vn 0.7866 0.5399 0.2997
vn -0.7620 0.6103 -0.2167
vn 0.7508 0.5447 0.3736
vn -0.6885 0.5882 -0.4241
vn 0.7411 0.4889 -0.4602
vn -0.6849 0.6637 0.3006
vn 0.7663 0.4925 -0.4126
vn -0.7313 0.6566 0.1846
vn 0.3771 0.5009 -0.7790
vn -0.0834 0.6167 0.7828
vn 0.4210 0.4961 -0.7593
vn 0.4569 0.5679 0.6846
vn 0.2320 0.4461 0.8644
vn -0.8258 0.5156 -0.2285
vn 0.7897 0.4358 0.4318
vn -0.7990 0.5190 -0.3039
vn 0.8177 0.4698 -0.3328
vn -0.7550 0.4786 0.4482
vn 0.8454 0.4654 -0.2620
vn -0.8500 0.4843 0.2073
vn 0.2322 0.4932 -0.8384
vn -0.3073 0.4863 0.8180
vn 0.2697 0.4934 -0.8270
vn -0.4473 0.4875 0.7498
vn -0.2628 0.5098 -0.8192
vn 0.5514 0.4313 0.7141
vn -0.2260 0.5073 -0.8316
vn 0.8750 0.4359 0.2107
vn 0.8972 0.4056 -0.1749
vn -0.3226 0.2446 0.9144
vn 0.4892 0.4493 -0.7475
vn -0.3994 0.2474 0.8828
vn -0.2774 0.4446 -0.8517
vn 0.4188 0.2630 0.8692
vn -0.1889 0.4485 -0.8736
vn 0.1788 0.2412 0.9539
vn -0.8891 0.3534 -0.2908
vn 0.8419 0.3557 0.4059
vn -0.8623 0.3637 -0.3525
vn 0.7800 0.3369 0.5273
vn -0.9254 0.2957 0.2369
vn 0.7646 0.4282 -0.4816
vn -0.9376 0.2997 0.1764
vn 0.2738 0.4500 -0.8500
vn 0.6222 0.3763 -0.6865
vn 0.3195 -0.0560 0.9459
vn -0.0748 0.3608 -0.9296
vn 0.2419 -0.0688 0.9679
vn -0.8114 0.1977 -0.5501
vn 0.8863 0.1219 0.4468
vn -0.7452 0.2228 -0.6285
vn 0.7431 0.0505 0.6673
vn -0.9476 -0.0339 0.3178
vn 0.9356 0.2960 -0.1922
vn -0.9657 -0.0201 0.2588
vn 0.9652 0.2592 -0.0360
vn -0.6117 -0.1140 0.7829
vn 0.2903 0.3846 -0.8763
vn -0.6540 -0.1107 0.7484
vn -0.3439 0.3201 -0.8828
vn -0.7971 0.3115 -0.5173
vn 0.2176 0.1816 0.9590
vn -0.0564 0.3932 -0.9177
vn 0.3036 0.1897 0.9337
vn 0.6273 0.4038 -0.6659
vn -0.3572 0.3648 -0.8598
vn -0.6569 0.1542 0.7380
vn 0.2665 0.4028 -0.8756
vn -0.6089 0.1540 0.7782
vn 0.9362 0.3509 -0.0199
vn -0.9447 0.2004 0.2595
vn 0.9056 0.3760 -0.1964
vn -0.9249 0.1904 0.3292
vn 0.7084 0.2279 0.6680
vn -0.7189 0.3273 -0.6132
vn 0.8616 0.2716 0.4289
vn 0.3619 -0.0000 -0.9322
vn 0.9151 -0.0000 -0.4032
vn 0.9322 -0.0000 0.3619
vn 0.4032 -0.0000 0.9151
vn -0.3619 -0.0000 0.9322
vn -0.9151 -0.0000 0.4032
vn -0.9322 -0.0000 -0.3619
vn -0.4032 -0.0000 -0.9151
vn 0.0973 0.6413 0.7611
vn -0.7475 0.5684 -0.3438
vn 0.6531 0.5930 0.4709
vn -0.7189 0.5641 -0.4062
vn 0.8114 0.5399 -0.2241
vn -0.7424 0.6103 0.2765
vn 0.8263 0.5447 -0.1434
vn -0.8060 0.5882 0.0658
vn 0.3248 0.4889 -0.8096
vn -0.3740 0.6637 0.6478
vn 0.3733 0.4925 -0.7862
vn -0.4801 0.6566 0.5818
vn -0.1573 0.5009 -0.8511
vn 0.3962 0.6167 0.6802
vn -0.1103 0.4961 -0.8612
vn 0.7735 0.5679 0.2813
vn 0.6987 0.4461 0.5593
vn -0.8008 0.5156 0.3048
vn 0.8921 0.4358 -0.1195
vn -0.8238 0.5190 0.2281
vn 0.4619 0.4698 -0.7523
vn -0.3431 0.4786 0.8082
vn 0.5263 0.4654 -0.7116
vn -0.5623 0.4843 0.6703
vn -0.3092 0.4932 -0.8131
vn 0.2367 0.4863 0.8412
vn -0.2723 0.4934 -0.8261
vn 0.0835 0.4875 0.8691
vn -0.6968 0.5098 -0.5046
vn 0.8671 0.4313 0.2491
vn -0.6745 0.5073 -0.5364
vn 0.8299 0.4359 -0.3482
vn 0.6195 0.4056 -0.6721
vn 0.2814 0.2446 0.9279
vn -0.0483 0.4493 -0.8921
vn 0.2008 0.2474 0.9479
vn -0.7277 0.4447 -0.5222
vn 0.8521 0.2630 0.4526
vn -0.6695 0.4485 -0.5922
vn 0.7088 0.2412 0.6629
vn -0.8887 0.3534 0.2920
vn 0.9188 0.3557 -0.1713
vn -0.9036 0.3637 0.2264
vn 0.9408 0.3369 -0.0368
vn -0.6056 0.2957 0.7388
vn 0.3311 0.4282 -0.8408
vn -0.6512 0.2997 0.6972
vn -0.2825 0.4500 -0.8471
vn 0.0950 0.3763 -0.9216
vn 0.8176 -0.0560 0.5731
vn -0.6106 0.3608 -0.7049
vn 0.7679 -0.0688 0.6368
vn -0.9796 0.1977 0.0370
vn 0.9788 0.1219 -0.1646
vn -0.9727 0.2228 -0.0653
vn 0.9939 0.0505 0.0979
vn -0.5755 -0.0338 0.8171
vn 0.6403 0.2960 -0.7088
vn -0.6251 -0.0201 0.7803
vn 0.7565 0.2592 -0.6004
vn -0.0295 -0.1140 0.9930
vn -0.2849 0.3846 -0.8780
vn -0.0840 -0.1107 0.9903
vn -0.7998 0.3201 -0.5078
vn -0.9487 0.3115 0.0550
vn 0.7431 0.1816 0.6440
vn -0.5887 0.3932 -0.7062
vn 0.7975 0.1897 0.5727
vn 0.1113 0.4038 -0.9080
vn -0.7969 0.3648 -0.4815
vn -0.0925 0.1542 0.9837
vn -0.3036 0.4028 -0.8635
vn -0.0300 0.1540 0.9876
vn 0.7427 0.3509 -0.5703
vn -0.6078 0.2004 0.7684
vn 0.6135 0.3760 -0.6944
vn -0.5505 0.1904 0.8129
vn 0.9664 0.2279 0.1190
vn -0.9424 0.3273 -0.0686
vn 0.9482 0.2716 -0.1644
vn -0.2602 -0.0000 -0.9656
vn 0.4988 -0.0000 -0.8667
vn 0.9656 -0.0000 -0.2602
vn 0.8667 -0.0000 0.4988
vn 0.2602 -0.0000 0.9656
vn -0.4988 -0.0000 0.8667
vn -0.9656 -0.0000 0.2602
vn -0.8667 -0.0000 -0.4988
vn -0.7582 0.6413 -0.1179
vn 0.5379 0.5684 -0.6226
vn -0.6338 0.5930 0.4966
vn 0.5899 0.5641 -0.5778
vn -0.0101 0.5399 0.8417
vn -0.0595 0.6103 -0.7900
vn -0.0917 0.5447 0.8336
vn 0.1606 0.5882 -0.7926
vn 0.6876 0.4889 0.5369
vn -0.5184 0.6637 -0.5392
vn 0.6516 0.4925 0.5770
vn -0.4256 0.6566 -0.6228
vn 0.8613 0.5009 0.0853
vn -0.7635 0.6167 0.1917
vn 0.8580 0.4961 0.1333
vn -0.4850 0.5679 0.6650
vn -0.7313 0.4461 0.5159
vn -0.0704 0.5156 -0.8540
vn -0.1330 0.4358 0.8902
vn 0.0096 0.5190 -0.8547
vn 0.5944 0.4698 0.6527
vn -0.6811 0.4786 -0.5541
vn 0.5375 0.4654 0.7032
vn -0.4878 0.4843 -0.7263
vn 0.8670 0.4932 -0.0712
vn -0.8738 0.4863 -0.0063
vn 0.8692 0.4934 -0.0321
vn -0.8581 0.4875 -0.1612
vn 0.6782 0.5098 -0.5292
vn -0.4801 0.4313 0.7638
vn 0.7027 0.5073 -0.4990
vn 0.1040 0.4359 0.8940
vn 0.4736 0.4056 0.7818
vn -0.9695 0.2446 0.0126
vn 0.8704 0.4493 0.2014
vn -0.9664 0.2474 -0.0704
vn 0.7038 0.4447 -0.5541
vn -0.6714 0.2630 0.6928
vn 0.7548 0.4485 -0.4787
vn -0.8336 0.2412 0.4968
vn -0.0337 0.3534 -0.9348
vn -0.0906 0.3557 0.9302
vn 0.0335 0.3637 -0.9309
vn -0.2259 0.3369 0.9140
vn -0.5416 0.2957 -0.7869
vn 0.7158 0.4282 0.5516
vn -0.4889 0.2997 -0.8192
vn 0.8923 0.4500 -0.0361
vn 0.8590 0.3763 0.3472
vn -0.7776 -0.0560 0.6262
vn 0.8468 0.3608 -0.3908
vn -0.8250 -0.0688 0.5609
vn 0.2365 0.1977 -0.9513
vn -0.1137 0.1218 0.9860
vn 0.3329 0.2228 -0.9163
vn -0.3701 0.0505 0.9276
vn -0.6251 -0.0338 -0.7798
vn 0.5031 0.2960 0.8119
vn -0.5760 -0.0201 -0.8172
vn 0.3667 0.2591 0.8935
vn -0.9458 -0.1140 -0.3041
vn 0.9226 0.3846 -0.0298
vn -0.9280 -0.1107 -0.3558
vn 0.7100 0.3201 -0.6273
vn 0.2106 0.3115 -0.9266
vn -0.8251 0.1816 0.5350
vn 0.8420 0.3932 -0.3694
vn -0.7717 0.1897 0.6070
vn 0.8414 0.4038 0.3591
vn 0.6839 0.3648 -0.6319
vn -0.9193 0.1542 -0.3621
vn 0.9138 0.4028 -0.0519
vn -0.9404 0.1540 -0.3031
vn 0.3416 0.3509 0.8719
vn -0.5694 0.2004 -0.7973
vn 0.4967 0.3760 0.7823
vn -0.6280 0.1904 -0.7546
vn -0.3827 0.2279 0.8953
vn 0.3276 0.3273 -0.8863
vn -0.1054 0.2716 0.9566
vn 0.9998 -0.0000 0.0182
vn 0.6941 -0.0000 0.7199
vn -0.0182 -0.0000 0.9998
vn -0.7199 -0.0000 0.6941
vn -0.9998 -0.0000 -0.0182
vn -0.6941 -0.0000 -0.7199
vn 0.0182 -0.0000 -0.9998
vn 0.7199 -0.0000 -0.6941
vn 0.6073 0.4925 0.6233
vn 0.5448 0.4698 0.6947
vn 0.8699 0.4932 -0.0072
vn -0.5350 0.4313 0.7265
vn 0.8732 0.3608 -0.3275
vn -0.8641 -0.0688 0.4986
vn -0.4374 0.0505 0.8979
vn 0.4420 0.2961 0.8467
vn 0.3920 0.3272 -0.8598
vn 0.3871 0.6413 -0.6625
vn 0.3827 0.5684 0.7283
vn -0.2304 0.5930 -0.7715
vn 0.3220 0.5641 0.7604
vn -0.7797 0.5399 -0.3172
vn 0.7570 0.6103 0.2336
vn -0.7423 0.5447 -0.3903
vn 0.6789 0.5882 0.4394
vn -0.7512 0.4889 0.4436
vn 0.6915 0.6637 -0.2852
vn -0.7753 0.4925 0.3954
vn 0.7353 0.6566 -0.1683
vn -0.3944 0.5009 0.7704
vn 0.1008 0.6167 -0.7807
vn -0.4379 0.4961 0.7498
vn -0.4415 0.5679 -0.6947
vn -0.2126 0.4461 -0.8694
vn 0.8205 0.5156 0.2469
vn -0.7798 0.4358 -0.4494
vn 0.7920 0.5190 0.3216
vn -0.8249 0.4698 0.3144
vn 0.7648 0.4786 -0.4312
vn -0.8511 0.4654 0.2430
vn 0.8544 0.4843 -0.1883
vn -0.2508 0.4932 0.8330
vn 0.3255 0.4863 -0.8109
vn -0.2881 0.4934 0.8207
vn 0.4639 0.4875 -0.7397
vn 0.2445 0.5098 0.8248
vn -0.5353 0.4313 -0.7262
vn 0.2073 0.5073 0.8365
vn -0.8700 0.4359 -0.2302
vn -0.9009 0.4056 0.1549
vn 0.3429 0.2446 -0.9070
vn -0.5058 0.4493 0.7364
vn 0.4190 0.2474 -0.8736
vn 0.2583 0.4446 0.8577
vn -0.3992 0.2630 -0.8783
vn 0.1694 0.4485 0.8776
vn -0.1575 0.2412 -0.9576
vn 0.8824 0.3534 0.3106
vn -0.8326 0.3557 -0.4246
vn 0.8542 0.3637 0.3717
vn -0.7680 0.3369 -0.5446
vn 0.9305 0.2957 -0.2162
vn -0.7752 0.4282 0.4644
vn 0.9413 0.2997 -0.1554
vn -0.2928 0.4500 0.8437
vn -0.6374 0.3763 0.6724
vn -0.2983 -0.0560 -0.9528
vn 0.0540 0.3608 0.9311
vn -0.2202 -0.0688 -0.9730
vn 0.7989 0.1977 0.5681
vn -0.8761 0.1219 -0.4665
vn 0.7310 0.2228 0.6450
vn -0.7279 0.0505 -0.6838
vn 0.9544 -0.0339 -0.2965
vn -0.9397 0.2960 0.1713
vn 0.9713 -0.0201 -0.2372
vn -0.9657 0.2591 0.0145
vn 0.6290 -0.1140 -0.7690
vn -0.3097 0.3846 0.8696
vn 0.6705 -0.1107 -0.7336
vn 0.3241 0.3201 0.8902
vn 0.7854 0.3115 0.5350
vn -0.1961 0.1816 -0.9636
vn 0.0358 0.3932 0.9187
vn -0.2827 0.1897 -0.9403
vn -0.6420 0.4038 0.6517
vn 0.3379 0.3648 0.8676
vn 0.6732 0.1542 -0.7232
vn -0.2860 0.4028 0.8695
vn 0.6261 0.1540 -0.7644
vn -0.9364 0.3509 -0.0010
vn 0.9503 0.2004 -0.2383
vn -0.9097 0.3760 0.1761
vn 0.9320 0.1904 -0.3085
vn -0.6933 0.2279 -0.6837
vn 0.7050 0.3273 0.6291
vn -0.8518 0.2716 -0.4480
vn -0.3827 -0.0000 0.9239
vn -0.9239 -0.0000 0.3827
vn -0.9239 -0.0000 -0.3827
vn -0.3827 -0.0000 -0.9239
vn 0.3827 -0.0000 -0.9239
vn 0.9239 -0.0000 -0.3827
vn 0.9239 -0.0000 0.3827
vn 0.3827 -0.0000 0.9239
vn 0.5289 0.6413 0.5559
vn -0.8060 0.5684 0.1653
vn 0.8052 0.5930 -0.0070
vn -0.8199 0.5641 0.0982
vn 0.5213 0.5399 -0.6609
vn -0.4347 0.6103 0.6623
vn 0.5811 0.5447 -0.6047
vn -0.6107 0.5882 0.5302
vn -0.2175 0.4889 -0.8448
vn 0.0820 0.6637 0.7435
vn -0.1645 0.4925 -0.8546
vn -0.0426 0.6566 0.7531
vn -0.6306 0.5009 -0.5929
vn 0.7220 0.6167 0.3137
vn -0.5986 0.4961 -0.6289
vn 0.7899 0.5679 -0.2312
vn 0.8942 0.4461 0.0372
vn -0.4650 0.5156 0.7197
vn 0.6483 0.4358 -0.6244
vn -0.5289 0.5190 0.6715
vn -0.0730 0.4698 -0.8798
vn 0.2019 0.4786 0.8545
vn 0.0029 0.4654 -0.8851
vn -0.0564 0.4843 0.8731
vn -0.7305 0.4932 -0.4723
vn 0.6886 0.4863 0.5379
vn -0.7084 0.4934 -0.5047
vn 0.5817 0.4875 0.6511
vn -0.8603 0.5098 0.0058
vn 0.8463 0.4313 -0.3125
vn -0.8612 0.5073 -0.0331
vn 0.4628 0.4359 -0.7719
vn 0.1014 0.4056 -0.9084
vn 0.7760 0.2446 0.5813
vn -0.5669 0.4493 -0.6904
vn 0.7229 0.2474 0.6451
vn -0.8957 0.4446 0.0099
vn 0.9546 0.2630 -0.1396
vn -0.8901 0.4485 -0.0810
vn 0.9637 0.2412 0.1147
vn -0.5434 0.3534 0.7614
vn 0.6391 0.3557 -0.6819
vn -0.5943 0.3637 0.7173
vn 0.7365 0.3369 -0.5866
vn -0.0508 0.2957 0.9539
vn -0.2308 0.4282 -0.8737
vn -0.1122 0.2997 0.9474
vn -0.7292 0.4500 -0.5156
vn -0.4689 0.3763 -0.7991
vn 0.9982 -0.0560 -0.0220
vn -0.9094 0.3608 -0.2067
vn 0.9959 -0.0688 0.0587
vn -0.7676 0.1977 0.6097
vn 0.6915 0.1219 -0.7121
vn -0.8226 0.2228 0.5231
vn 0.8590 0.0505 -0.5094
vn 0.0198 -0.0338 0.9992
vn 0.0965 0.2960 -0.9503
vn -0.0419 -0.0201 0.9989
vn 0.2543 0.2592 -0.9317
vn 0.5641 -0.1140 0.8178
vn -0.7493 0.3846 -0.5391
vn 0.5185 -0.1107 0.8479
vn -0.9452 0.3201 0.0641
vn -0.7320 0.3115 0.6059
vn 0.9802 0.1816 0.0792
vn -0.8925 0.3932 -0.2207
vn 0.9818 0.1897 -0.0104
vn -0.4478 0.4038 -0.7977
vn -0.9273 0.3648 0.0837
vn 0.5077 0.1542 0.8476
vn -0.7558 0.4028 -0.5162
vn 0.5604 0.1540 0.8138
vn 0.2610 0.3509 -0.8993
vn -0.0350 0.2004 0.9791
vn 0.0835 0.3760 -0.9228
vn 0.0375 0.1904 0.9810
vn 0.8493 0.2279 -0.4761
vn -0.8002 0.3272 0.5026
vn 0.6670 0.2716 -0.6938
vn -0.7813 -0.0000 -0.6242
vn -0.1110 -0.0000 -0.9938
vn 0.6242 -0.0000 -0.7812
vn 0.9938 -0.0000 -0.1110
vn 0.7813 -0.0000 0.6242
vn 0.1110 -0.0000 0.9938
vn -0.6242 -0.0000 0.7812
vn -0.9938 -0.0000 0.1110
vn -0.1759 0.6413 -0.7469
vn 0.7791 0.5684 0.2643
vn -0.6985 0.5930 -0.4005
vn 0.7572 0.5641 0.3293
vn -0.7837 0.5399 0.3072
vn 0.7096 0.6103 -0.3522
vn -0.8069 0.5447 0.2285
vn 0.7948 0.5882 -0.1492
vn -0.2389 0.4889 0.8390
vn 0.3047 0.6637 -0.6831
vn -0.2896 0.4925 0.8207
vn 0.4170 0.6566 -0.6285
vn 0.2449 0.5009 0.8301
vn -0.4648 0.6167 -0.6354
vn 0.1991 0.4961 0.8451
vn -0.7986 0.5679 -0.1994
vn -0.7531 0.4461 -0.4836
vn 0.7648 0.5156 -0.3863
vn -0.8748 0.4358 0.2115
vn 0.7956 0.5190 -0.3125
vn -0.3813 0.4698 0.7962
vn 0.2573 0.4786 -0.8395
vn -0.4495 0.4654 0.7625
vn 0.4896 0.4843 -0.7251
vn 0.3920 0.4932 0.7766
vn -0.3228 0.4863 -0.8120
vn 0.3566 0.4934 0.7933
vn -0.1733 0.4875 -0.8557
vn 0.7454 0.5098 0.4294
vn -0.8883 0.4313 -0.1576
vn 0.7266 0.5073 0.4635
vn -0.7892 0.4359 0.4326
vn -0.5463 0.4056 0.7329
vn -0.3763 0.2446 -0.8936
vn 0.1407 0.4493 0.8822
vn -0.2982 0.2474 -0.9219
vn 0.7781 0.4446 0.4437
vn -0.8945 0.2630 -0.3616
vn 0.7274 0.4485 0.5194
vn -0.7739 0.2412 -0.5856
vn 0.8536 0.3534 -0.3828
vn -0.8960 0.3557 0.2659
vn 0.8752 0.3637 -0.3191
vn -0.9319 0.3369 0.1344
vn 0.5255 0.2957 -0.7977
vn -0.2419 0.4282 0.8707
vn 0.5753 0.2997 -0.7611
vn 0.3690 0.4500 0.8132
vn 0.0013 0.3763 0.9265
vn -0.8727 -0.0560 -0.4851
vn 0.6806 0.3608 0.6377
vn -0.8300 -0.0688 -0.5536
vn 0.9704 0.1977 -0.1386
vn -0.9564 0.1219 0.2654
vn 0.9742 0.2228 -0.0361
vn -0.9987 0.0505 0.0059
vn 0.4875 -0.0339 -0.8725
vn -0.5631 0.2960 0.7715
vn 0.5406 -0.0201 -0.8410
vn -0.6900 0.2591 0.6758
vn -0.0739 -0.1140 -0.9907
vn 0.3746 0.3846 0.8437
vn -0.0193 -0.1107 -0.9937
vn 0.8482 0.3201 0.4220
vn 0.9378 0.3115 -0.1533
vn -0.8060 0.1816 -0.5633
vn 0.6589 0.3932 0.6412
vn -0.8527 0.1897 -0.4868
vn -0.0163 0.4038 0.9147
vn 0.8426 0.3648 0.3961
vn -0.0102 0.1542 -0.9880
vn 0.3917 0.4028 0.8272
vn -0.0728 0.1540 -0.9854
vn -0.6794 0.3509 0.6444
vn 0.5246 0.2004 -0.8274
vn -0.5381 0.3760 0.7544
vn 0.4630 0.1904 -0.8656
vn -0.9735 0.2279 -0.0179
vn 0.9445 0.3272 -0.0297
vn -0.9260 0.2716 0.2621
vn 0.3591 -0.0000 0.9333
vn -0.4060 -0.0000 0.9139
vn -0.9333 -0.0000 0.3591
vn -0.9139 -0.0000 -0.4060
vn -0.3591 -0.0000 -0.9333
vn 0.4060 -0.0000 -0.9139
vn 0.9333 -0.0000 -0.3591
vn 0.9139 -0.0000 0.4060
vn 0.7663 0.6413 0.0385
vn -0.4703 0.5684 0.6751
vn 0.5788 0.5930 -0.5598
vn -0.5266 0.5641 0.6360
vn -0.0775 0.5399 -0.8382
vn 0.1412 0.6103 0.7795
vn 0.0046 0.5447 -0.8386
vn -0.0774 0.5882 0.8050
vn -0.7397 0.4889 -0.4625
vn 0.5716 0.6637 0.4824
vn -0.7080 0.4925 -0.5061
vn 0.4880 0.6566 0.5752
vn -0.8655 0.5009 0.0047
vn 0.7394 0.6167 -0.2700
vn -0.8672 0.4961 -0.0434
vn 0.4133 0.5679 -0.7118
vn 0.6738 0.4461 -0.5891
vn 0.1587 0.5156 0.8420
vn 0.0397 0.4358 -0.8992
vn 0.0792 0.5190 0.8511
vn -0.6590 0.4698 -0.5874
vn 0.7350 0.4786 0.4803
vn -0.6076 0.4654 -0.6435
vn 0.5606 0.4843 0.6717
vn -0.8549 0.4932 0.1609
vn 0.8697 0.4863 -0.0846
vn -0.8612 0.4934 0.1222
vn 0.8702 0.4875 0.0712
vn -0.6196 0.5098 0.5968
vn 0.3981 0.4313 -0.8096
vn -0.6470 0.5073 0.5693
vn -0.1963 0.4359 -0.8783
vn -0.5523 0.4056 -0.7283
vn 0.9630 0.2446 -0.1133
vn -0.8866 0.4493 -0.1099
vn 0.9684 0.2474 -0.0304
vn -0.6424 0.4446 0.6242
vn 0.5958 0.2630 -0.7589
vn -0.7010 0.4485 0.5545
vn 0.7775 0.2412 -0.5808
vn 0.1307 0.3534 0.9263
vn -0.0066 0.3557 -0.9346
vn 0.0635 0.3637 0.9294
vn 0.1297 0.3369 -0.9326
vn 0.6204 0.2957 0.7264
vn -0.7692 0.4282 -0.4742
vn 0.5714 0.2997 0.7640
vn -0.8837 0.4500 0.1287
vn -0.8904 0.3763 -0.2561
vn 0.7084 -0.0560 -0.7036
vn -0.8016 0.3608 0.4767
vn 0.7623 -0.0688 -0.6435
vn -0.1363 0.1977 0.9707
vn 0.0106 0.1219 -0.9925
vn -0.2359 0.2228 0.9459
vn 0.2717 0.0505 -0.9610
vn 0.7027 -0.0338 0.7106
vn -0.5848 0.2960 -0.7552
vn 0.6578 -0.0201 0.7529
vn -0.4576 0.2592 -0.8506
vn 0.9723 -0.1140 0.2042
vn -0.9145 0.3846 0.1255
vn 0.9599 -0.1107 0.2574
vn -0.6410 0.3201 0.6976
vn -0.1132 0.3115 0.9435
vn 0.7650 0.1816 -0.6179
vn -0.7990 0.3932 0.4549
vn 0.7044 0.1897 -0.6839
vn -0.8742 0.4038 -0.2697
vn -0.6145 0.3648 0.6995
vn 0.9520 0.1542 0.2646
vn -0.9035 0.4028 0.1465
vn 0.9668 0.1540 0.2038
vn -0.4304 0.3509 -0.8317
vn 0.6491 0.2004 0.7338
vn -0.5753 0.3760 -0.7264
vn 0.7030 0.1904 0.6852
vn 0.2876 0.2279 -0.9302
vn -0.2338 0.3273 0.9156
vn 0.0054 0.2716 -0.9624
vn -0.9963 -0.0000 0.0858
vn -0.7652 -0.0000 -0.6438
vn -0.0858 -0.0000 -0.9963
vn 0.6439 -0.0000 -0.7651
vn 0.9963 -0.0000 -0.0858
vn 0.7652 -0.0000 0.6439
vn 0.0858 -0.0000 0.9963
vn -0.6438 -0.0000 0.7652
vn 0.6404 0.6413 -0.4227
vn 0.0207 0.5684 0.8225
vn 0.1350 0.5930 -0.7938
vn -0.0479 0.5641 0.8243
vn -0.5586 0.5399 -0.6296
vn 0.5753 0.6103 0.5446
vn -0.4928 0.5447 -0.6786
vn 0.4142 0.5882 0.6946
vn -0.8699 0.4889 0.0651
vn 0.7463 0.6637 0.0504
vn -0.8702 0.4925 0.0112
vn 0.7338 0.6566 0.1747
vn -0.6947 0.5009 0.5162
vn 0.4361 0.6167 -0.6554
vn -0.7246 0.4961 0.4784
vn -0.0883 0.5679 -0.8183
vn 0.1942 0.4461 -0.8737
vn 0.6264 0.5156 0.5846
vn -0.5003 0.4358 -0.7482
vn 0.5677 0.5190 0.6390
vn -0.8788 0.4698 -0.0833
vn 0.8767 0.4786 -0.0481
vn -0.8707 0.4654 -0.1589
vn 0.8495 0.4843 0.2095
vn -0.5937 0.4932 0.6358
vn 0.6509 0.4863 -0.5830
vn -0.6217 0.4934 0.6084
vn 0.7434 0.4875 -0.4578
vn -0.1460 0.5098 0.8478
vn -0.1584 0.4313 -0.8882
vn -0.1844 0.5073 0.8418
vn -0.6782 0.4359 -0.5916
vn -0.8763 0.4056 -0.2600
vn 0.7090 0.2446 -0.6614
vn -0.7796 0.4493 0.4363
vn 0.7625 0.2474 -0.5979
vn -0.1482 0.4447 0.8834
vn 0.0309 0.2630 -0.9643
vn -0.2367 0.4485 0.8619
vn 0.2828 0.2412 -0.9284
vn 0.6537 0.3534 0.6692
vn -0.5586 0.3557 -0.7493
vn 0.6013 0.3637 0.7114
vn -0.4476 0.3369 -0.8284
vn 0.9300 0.2957 0.2181
vn -0.9007 0.4282 0.0732
vn 0.9128 0.2997 0.2774
vn -0.6360 0.4500 0.6269
vn -0.8692 0.3763 0.3207
vn 0.1543 -0.0560 -0.9864
vn -0.3638 0.3608 0.8588
vn 0.2333 -0.0688 -0.9700
vn 0.4648 0.1977 0.8631
vn -0.5790 0.1219 -0.8062
vn 0.3699 0.2228 0.9019
vn -0.3500 0.0505 -0.9354
vn 0.9871 -0.0338 0.1567
vn -0.9184 0.2960 -0.2625
vn 0.9759 -0.0201 0.2173
vn -0.8723 0.2591 -0.4146
vn 0.9045 -0.1140 -0.4110
vn -0.6627 0.3846 0.6426
vn 0.9260 -0.1107 -0.3609
vn -0.1035 0.3201 0.9417
vn 0.4673 0.3115 0.8274
vn 0.2508 0.1816 -0.9509
vn -0.3746 0.3932 0.8397
vn 0.1628 0.1897 -0.9682
vn -0.8642 0.4038 0.3002
vn -0.0811 0.3648 0.9275
vn 0.9238 0.1542 -0.3504
vn -0.6414 0.4028 0.6530
vn 0.8998 0.1540 -0.4082
vn -0.8392 0.3509 -0.4155
vn 0.9576 0.2004 0.2071
vn -0.8937 0.3760 -0.2449
vn 0.9722 0.1904 0.1361
vn -0.3190 0.2279 -0.9200
vn 0.3536 0.3273 0.8763
vn -0.5654 0.2716 -0.7788
vn -0.7522 -0.0000 0.6590
vn -0.9978 -0.0000 -0.0659
vn -0.6590 -0.0000 -0.7522
vn 0.0659 -0.0000 -0.9978
vn 0.7522 -0.0000 -0.6590
vn 0.9978 -0.0000 0.0659
vn 0.6590 -0.0000 0.7522
vn -0.0659 -0.0000 0.9978
vn 0.2282 0.6413 0.7326
vn -0.7959 0.5684 -0.2086
vn 0.7251 0.5930 0.3502
vn -0.7786 0.5641 -0.2750
vn 0.7600 0.5399 -0.3618
vn -0.6830 0.6103 0.4014
vn 0.7887 0.5447 -0.2849
vn -0.7823 0.5882 0.2050
vn 0.1790 0.4889 -0.8538
vn -0.2557 0.6637 0.7029
vn 0.2309 0.4925 -0.8391
vn -0.3716 0.6566 0.6564
vn -0.3029 0.5009 -0.8108
vn 0.5085 0.6167 0.6009
vn -0.2584 0.4961 -0.8289
vn 0.8107 0.5679 0.1424
vn 0.7853 0.4461 0.4292
vn -0.7356 0.5156 0.4394
vn 0.8577 0.4358 -0.2728
vn -0.7716 0.5190 0.3679
vn 0.3241 0.4698 -0.8211
vn -0.1973 0.4786 0.8556
vn 0.3945 0.4654 -0.7923
vn -0.4372 0.4843 0.7579
vn -0.4459 0.4932 -0.7469
vn 0.3793 0.4863 0.7872
vn -0.4118 0.4934 -0.7662
vn 0.2333 0.4875 0.8413
vn -0.7739 0.5098 -0.3757
vn 0.8972 0.4313 0.0945
vn -0.7575 0.5073 -0.4110
vn 0.7567 0.4359 -0.4872
vn 0.4932 0.4056 -0.7696
vn 0.4385 0.2446 0.8648
vn -0.2027 0.4493 -0.8701
vn 0.3626 0.2474 0.8985
vn -0.8075 0.4447 -0.3877
vn 0.9178 0.2630 0.2975
vn -0.7622 0.4485 -0.4667
vn 0.8133 0.2412 0.5295
vn -0.8244 0.3534 0.4421
vn 0.8750 0.3557 -0.3285
vn -0.8505 0.3637 0.3801
vn 0.9201 0.3369 -0.1999
vn -0.4679 0.2957 0.8329
vn 0.1798 0.4282 -0.8856
vn -0.5200 0.2997 0.7998
vn -0.4256 0.4500 -0.7851
vn -0.0667 0.3763 -0.9241
vn 0.9048 -0.0560 0.4222
vn -0.7239 0.3608 -0.5880
vn 0.8670 -0.0688 0.4936
vn -0.9582 0.1977 0.2068
vn 0.9353 0.1219 -0.3323
vn -0.9692 0.2228 0.1049
vn 0.9958 0.0505 -0.0764
vn -0.4247 -0.0338 0.9047
vn 0.5072 0.2960 -0.8094
vn -0.4798 -0.0201 0.8771
vn 0.6406 0.2591 -0.7228
vn 0.1437 -0.1140 0.9830
vn -0.4332 0.3846 -0.8151
vn 0.0895 -0.1107 0.9898
vn -0.8759 0.3201 -0.3610
vn -0.9246 0.3115 0.2192
vn 0.8438 0.1816 0.5050
vn -0.7026 0.3932 -0.5931
vn 0.8849 0.1897 0.4253
vn -0.0483 0.4038 -0.9136
vn -0.8685 0.3648 -0.3355
vn 0.0800 0.1542 0.9848
vn -0.4492 0.4028 -0.7975
vn 0.1422 0.1540 0.9778
vn 0.6322 0.3509 -0.6908
vn -0.4649 0.2004 0.8624
vn 0.4834 0.3760 -0.7905
vn -0.4007 0.1904 0.8962
vn 0.9724 0.2279 -0.0509
vn -0.9400 0.3272 0.0964
vn 0.9052 0.2716 -0.3268
vn -0.4241 -0.0000 -0.9056
vn 0.3404 -0.0000 -0.9403
vn 0.9056 -0.0000 -0.4241
vn 0.9403 -0.0000 0.3404
vn 0.4241 -0.0000 0.9056
vn -0.3404 -0.0000 0.9403
vn -0.9056 -0.0000 0.4241
vn -0.9403 -0.0000 -0.3404
vn 0.1730 0.6413 -0.7475
vn 0.5816 0.5684 0.5819
vn -0.4490 0.5930 -0.6684
vn 0.5332 0.5641 0.6305
vn -0.8387 0.5399 -0.0715
vn 0.7922 0.6103 -0.0016
vn -0.8247 0.5447 -0.1523
vn 0.7787 0.5882 0.2181
vn -0.5857 0.4889 0.6465
vn 0.5756 0.6637 -0.4776
vn -0.6230 0.4925 0.6077
vn 0.6522 0.6566 -0.3789
vn -0.1480 0.5009 0.8528
vn -0.1354 0.6167 -0.7755
vn -0.1956 0.4961 0.8459
vn -0.6278 0.5679 -0.5323
vn -0.4611 0.4461 -0.7671
vn 0.8568 0.5156 -0.0078
vn -0.8781 0.4358 -0.1976
vn 0.8517 0.5190 0.0721
vn -0.6944 0.4698 0.5451
vn 0.6023 0.4786 -0.6388
vn -0.7406 0.4654 0.4847
vn 0.7600 0.4843 -0.4334
vn 0.0077 0.4932 0.8699
vn 0.0701 0.4863 -0.8710
vn -0.0315 0.4934 0.8692
vn 0.2234 0.4875 -0.8440
vn 0.4783 0.5098 0.7151
vn -0.7267 0.4313 -0.5346
vn 0.4463 0.5073 0.7372
vn -0.8992 0.4359 0.0384
vn -0.8143 0.4056 0.4153
vn 0.0582 0.2446 -0.9679
vn -0.2644 0.4493 0.8533
vn 0.1408 0.2474 -0.9586
vn 0.5012 0.4447 0.7424
vn -0.6419 0.2630 -0.7202
vn 0.4222 0.4485 0.7878
vn -0.4346 0.2412 -0.8677
vn 0.9348 0.3534 0.0347
vn -0.9211 0.3557 -0.1583
vn 0.9260 0.3637 0.1014
vn -0.8951 0.3369 -0.2921
vn 0.8244 0.2957 -0.4826
vn -0.6024 0.4282 0.6736
vn 0.8528 0.2997 -0.4278
vn -0.0291 0.4500 0.8925
vn -0.4090 0.3763 0.8313
vn -0.5677 -0.0560 -0.8213
vn 0.3279 0.3608 0.8731
vn -0.4991 -0.0688 -0.8638
vn 0.9315 0.1977 0.3053
vn -0.9751 0.1219 -0.1855
vn 0.8895 0.2228 0.3989
vn -0.8981 0.0505 -0.4369
vn 0.8234 -0.0339 -0.5665
vn -0.8465 0.2960 0.4425
vn 0.8571 -0.0201 -0.5148
vn -0.9179 0.2591 0.3005
vn 0.3724 -0.1140 -0.9211
vn -0.0377 0.3846 0.9223
vn 0.4226 -0.1107 -0.8995
vn 0.5737 0.3201 0.7539
vn 0.9087 0.3115 0.2777
vn -0.4733 0.1816 -0.8620
vn 0.3069 0.3932 0.8667
vn -0.5490 0.1897 -0.8140
vn -0.4196 0.4038 0.8129
vn 0.5802 0.3648 0.7282
vn 0.4282 0.1542 -0.8904
vn -0.0150 0.4028 0.9152
vn 0.3710 0.1540 -0.9158
vn -0.8945 0.3509 0.2770
vn 0.8367 0.2004 -0.5096
vn -0.8165 0.3760 0.4382
vn 0.7984 0.1904 -0.5712
vn -0.8650 0.2279 -0.4471
vn 0.8600 0.3273 0.3915
vn -0.9464 0.2716 -0.1750
vn -0.0912 -0.0000 0.9958
vn -0.7687 -0.0000 0.6397
vn -0.9958 -0.0000 -0.0912
vn -0.6397 -0.0000 -0.7687
vn 0.0912 -0.0000 -0.9958
vn 0.7687 -0.0000 -0.6397
vn 0.9958 -0.0000 0.0912
vn 0.6397 -0.0000 0.7687
vn 0.6701 0.6413 0.3738
vn -0.7206 0.5684 0.3971
vn 0.7668 0.5930 -0.2457
vn -0.7538 0.5641 0.3371
vn 0.3016 0.5399 -0.7858
vn -0.2185 0.6103 0.7615
vn 0.3754 0.5447 -0.7499
vn -0.4258 0.5882 0.6875
vn -0.4584 0.4889 -0.7422
vn 0.2990 0.6637 0.6856
vn -0.4107 0.4925 -0.7673
vn 0.1829 0.6566 0.7318
vn -0.7781 0.5009 -0.3790
vn 0.7826 0.6167 0.0853
vn -0.7583 0.4961 -0.4228
vn 0.6857 0.5679 -0.4552
vn 0.8649 0.4461 -0.2299
vn -0.2305 0.5156 0.8253
vn 0.4337 0.4358 -0.7886
vn -0.3058 0.5190 0.7982
vn -0.3308 0.4698 -0.8185
vn 0.4464 0.4786 0.7561
vn -0.2599 0.4654 -0.8461
vn 0.2053 0.4843 0.8505
vn -0.8378 0.4932 -0.2342
vn 0.8173 0.4863 0.3092
vn -0.8263 0.4934 -0.2717
vn 0.7488 0.4875 0.4491
vn -0.8198 0.5098 0.2608
vn 0.7154 0.4313 -0.5497
vn -0.8322 0.5073 0.2240
vn 0.2128 0.4359 -0.8745
vn -0.1728 0.4056 -0.8976
vn 0.9136 0.2446 0.3248
vn -0.7463 0.4493 -0.4910
vn 0.8818 0.2474 0.4015
vn -0.8523 0.4446 0.2753
vn 0.8702 0.2630 -0.4167
vn -0.8740 0.4485 0.1868
vn 0.9543 0.2412 -0.1765
vn -0.2929 0.3534 0.8884
vn 0.4079 0.3557 -0.8409
vn -0.3546 0.3637 0.8614
vn 0.5292 0.3369 -0.7787
vn 0.2347 0.2957 0.9260
vn -0.4798 0.4282 -0.7658
vn 0.1741 0.2997 0.9380
vn -0.8493 0.4500 -0.2759
vn -0.6850 0.3763 -0.6239
vn 0.9467 -0.0560 -0.3173
vn -0.9298 0.3608 0.0725
vn 0.9684 -0.0688 -0.2396
vn -0.5520 0.1977 0.8100
vn 0.4490 0.1219 -0.8852
vn -0.6303 0.2228 0.7437
vn 0.6691 0.0505 -0.7414
vn 0.3155 -0.0338 0.9483
vn -0.1899 0.2960 -0.9361
vn 0.2565 -0.0201 0.9663
vn -0.0337 0.2592 -0.9652
vn 0.7814 -0.1140 0.6135
vn -0.8756 0.3846 -0.2923
vn 0.7468 -0.1107 0.6558
vn -0.8836 0.3201 0.3418
vn -0.5192 0.3115 0.7959
vn 0.9595 0.1816 -0.2153
vn -0.9178 0.3932 0.0542
vn 0.9344 0.1897 -0.3014
vn -0.6644 0.4038 -0.6289
vn -0.8607 0.3648 0.3551
vn 0.7364 0.1542 0.6587
vn -0.8750 0.4028 -0.2686
vn 0.7767 0.1540 0.6108
vn -0.0177 0.3509 -0.9362
vn 0.2572 0.2004 0.9454
vn -0.1942 0.3760 -0.9060
vn 0.3270 0.1904 0.9257
vn 0.6697 0.2279 -0.7068
vn -0.6150 0.3272 0.7174
vn 0.4310 0.2716 -0.8605
vn -0.9313 -0.0000 -0.3642
vn -0.4010 -0.0000 -0.9161
vn 0.3642 -0.0000 -0.9313
vn 0.9161 -0.0000 -0.4010
vn 0.9313 -0.0000 0.3642
vn 0.4010 -0.0000 0.9161
vn -0.3642 -0.0000 0.9313
vn -0.9161 -0.0000 0.4010
vn -0.7355 0.6413 0.2184
vn 0.2191 0.5684 -0.7930
vn -0.3598 0.5930 0.7204
vn 0.2853 0.5641 -0.7749
vn 0.3517 0.5399 0.7647
vn -0.3923 0.6103 -0.6882
vn 0.2745 0.5447 0.7924
vn -0.1946 0.5882 -0.7849
vn 0.8513 0.4889 0.1903
vn -0.6995 0.6637 -0.2650
vn 0.8360 0.4925 0.2420
vn -0.6514 0.6566 -0.3803
vn 0.8147 0.5009 -0.2921
vn -0.6076 0.6167 0.5005
vn 0.8323 0.4961 -0.2473
vn -0.1532 0.5679 0.8087
vn -0.4396 0.4461 0.7796
vn -0.4296 0.5156 -0.7414
vn 0.2614 0.4358 0.8612
vn -0.3576 0.5190 -0.7764
vn 0.8168 0.4698 0.3349
vn -0.8529 0.4786 -0.2086
vn 0.7870 0.4654 0.4049
vn -0.7520 0.4843 -0.4472
vn 0.7528 0.4932 -0.4360
vn -0.7921 0.4863 0.3689
vn 0.7716 0.4934 -0.4016
vn -0.8444 0.4875 0.2222
vn 0.3859 0.5098 -0.7689
vn -0.1064 0.4313 0.8959
vn 0.4210 0.5073 -0.7520
vn 0.4771 0.4359 0.7631
vn 0.7630 0.4056 0.5033
vn -0.8706 0.2446 0.4270
vn 0.8727 0.4493 -0.1911
vn -0.9033 0.2474 0.3506
vn 0.3983 0.4446 -0.8023
vn -0.3096 0.2630 0.9138
vn 0.4768 0.4485 -0.7560
vn -0.5402 0.2412 0.8062
vn -0.4311 0.3534 -0.8302
vn 0.3169 0.3557 0.8792
vn -0.3688 0.3637 -0.8554
vn 0.1876 0.3369 0.9227
vn -0.8266 0.2957 -0.4789
vn 0.8831 0.4282 0.1916
vn -0.7929 0.2997 -0.5306
vn 0.7907 0.4500 -0.4151
vn 0.9249 0.3763 -0.0544
vn -0.4342 -0.0560 0.8991
vn 0.5975 0.3608 -0.7161
vn -0.5051 -0.0688 0.8603
vn -0.1941 0.1977 -0.9609
vn 0.3199 0.1219 0.9396
vn -0.0920 0.2228 -0.9705
vn 0.0632 0.0505 0.9967
vn -0.8990 -0.0339 -0.4366
vn 0.8026 0.2960 0.5179
vn -0.8707 -0.0201 -0.4914
vn 0.7143 0.2592 0.6501
vn -0.9849 -0.1140 0.1306
vn 0.8208 0.3846 -0.4224
vn -0.9909 -0.1107 0.0764
vn 0.3726 0.3201 -0.8710
vn -0.2069 0.3115 -0.9275
vn -0.5161 0.1816 0.8370
vn 0.6023 0.3932 -0.6947
vn -0.4370 0.1897 0.8792
vn 0.9141 0.4038 -0.0362
vn 0.3470 0.3648 -0.8640
vn -0.9858 0.1542 0.0669
vn 0.8034 0.4028 -0.4385
vn -0.9796 0.1540 0.1292
vn 0.6823 0.3509 0.6413
vn -0.8562 0.2004 -0.4763
vn 0.7840 0.3760 0.4939
vn -0.8908 0.1904 -0.4126
vn 0.0380 0.2279 0.9729
vn -0.0839 0.3273 -0.9412
vn 0.3148 0.2716 0.9095
vn 0.9111 -0.0000 -0.4121
vn 0.9357 -0.0000 0.3529
vn 0.4121 -0.0000 0.9111
vn -0.3529 -0.0000 0.9357
vn -0.9111 -0.0000 0.4121
vn -0.9357 -0.0000 -0.3529
vn -0.4121 -0.0000 -0.9111
vn 0.3529 -0.0000 -0.9357
vn -0.0056 0.6413 -0.7673
vn 0.7010 0.5684 0.4308
vn -0.5921 0.5930 -0.5457
vn 0.6652 0.5641 0.4893
vn -0.8323 0.5399 0.1254
vn 0.7701 0.6103 -0.1857
vn -0.8375 0.5447 0.0436
vn 0.8081 0.5882 0.0311
vn -0.4193 0.4889 0.7650
vn 0.4488 0.6637 -0.5984
vn -0.4647 0.4925 0.7359
vn 0.5462 0.6566 -0.5202
vn 0.0544 0.5009 0.8638
vn -0.3120 0.6167 -0.7227
vn 0.0064 0.4961 0.8682
vn -0.7343 0.5679 -0.3718
vn -0.6268 0.4461 -0.6388
vn 0.8315 0.5156 -0.2068
vn -0.9000 0.4358 0.0119
vn 0.8452 0.5190 -0.1279
vn -0.5486 0.4698 0.6916
vn 0.4373 0.4786 -0.7614
vn -0.6076 0.4654 0.6436
vn 0.6384 0.4843 -0.5982
vn 0.2097 0.4932 0.8442
vn -0.1343 0.4863 -0.8634
vn 0.1715 0.4934 0.8527
vn 0.0211 0.4875 -0.8729
vn 0.6314 0.5098 0.5843
vn -0.8311 0.4313 -0.3510
vn 0.6055 0.5072 0.6133
vn -0.8656 0.4359 0.2464
vn -0.6954 0.4056 0.5932
vn -0.1684 0.2446 -0.9549
vn -0.0588 0.4493 0.8914
vn -0.0859 0.2474 -0.9651
vn 0.6601 0.4446 0.6055
vn -0.7918 0.2630 -0.5512
vn 0.5938 0.4485 0.6680
vn -0.6244 0.2412 -0.7429
vn 0.9173 0.3534 -0.1836
vn -0.9326 0.3557 0.0602
vn 0.9242 0.3637 -0.1167
vn -0.9385 0.3369 -0.0760
vn 0.6896 0.2957 -0.6611
vn -0.4293 0.4282 0.7952
vn 0.7299 0.2997 -0.6143
vn 0.1792 0.4500 0.8749
vn -0.2046 0.3763 0.9036
vn -0.7431 -0.0560 -0.6668
vn 0.5219 0.3608 0.7729
vn -0.6862 -0.0688 -0.7241
vn 0.9770 0.1977 0.0804
vn -0.9915 0.1219 0.0463
vn 0.9579 0.2228 0.1811
vn -0.9751 0.0505 -0.2161
vn 0.6691 -0.0339 -0.7424
vn -0.7204 0.2960 0.6272
vn 0.7139 -0.0201 -0.6999
vn -0.8229 0.2591 0.5056
vn 0.1481 -0.1140 -0.9824
vn 0.1778 0.3846 0.9058
vn 0.2019 -0.1107 -0.9731
vn 0.7333 0.3201 0.5999
vn 0.9484 0.3115 0.0588
vn -0.6608 0.1816 -0.7283
vn 0.5000 0.3932 0.7716
vn -0.7232 0.1897 -0.6640
vn -0.2191 0.4038 0.8882
vn 0.7336 0.3648 0.5733
vn 0.2095 0.1542 -0.9656
vn 0.1982 0.4028 0.8936
vn 0.1479 0.1540 -0.9769
vn -0.8056 0.3509 0.4774
vn 0.6953 0.2004 -0.6902
vn -0.6922 0.3760 0.6160
vn 0.6437 0.1904 -0.7412
vn -0.9452 0.2279 -0.2337
vn 0.9275 0.3272 0.1808
vn -0.9611 0.2716 0.0498
vn 0.1428 -0.0000 0.9897
vn -0.5989 -0.0000 0.8009
vn -0.9898 -0.0000 0.1428
vn -0.8009 -0.0000 -0.5989
vn -0.1428 -0.0000 -0.9897
vn 0.5989 -0.0000 -0.8008
vn 0.9897 -0.0000 -0.1428
vn 0.8009 -0.0000 0.5989
vn -0.3827 0.6413 0.6651
vn -0.3875 0.5684 -0.7258
vn 0.2355 0.5930 0.7700
vn -0.3271 0.5641 -0.7582
vn 0.7818 0.5399 0.3120
vn -0.7585 0.6103 -0.2286
vn 0.7449 0.5447 0.3853
vn -0.6818 0.5882 -0.4349
vn 0.7482 0.4889 -0.4486
vn -0.6896 0.6637 0.2898
vn 0.7727 0.4925 -0.4005
vn -0.7341 0.6566 0.1732
vn 0.3893 0.5009 -0.7730
vn -0.0956 0.6167 0.7814
vn 0.4329 0.4961 -0.7527
vn 0.4461 0.5679 0.6917
vn 0.2184 0.4461 0.8679
vn -0.8221 0.5156 -0.2414
vn 0.7828 0.4358 0.4441
vn -0.7941 0.5190 -0.3163
vn 0.8228 0.4698 -0.3199
vn -0.7619 0.4786 0.4363
vn 0.8494 0.4654 -0.2487
vn -0.8531 0.4843 0.1940
vn 0.2453 0.4932 -0.8346
vn -0.3200 0.4863 0.8131
vn 0.2826 0.4934 -0.8226
vn -0.4590 0.4875 0.7427
vn -0.2500 0.5098 -0.8232
vn 0.5401 0.4313 0.7227
vn -0.2129 0.5073 -0.8351
vn 0.8716 0.4359 0.2244
vn 0.8998 0.4056 -0.1608
vn -0.3369 0.2446 0.9092
vn 0.5009 0.4493 -0.7397
vn -0.4132 0.2474 0.8764
vn -0.2640 0.4447 -0.8559
vn 0.4051 0.2630 0.8756
vn -0.1752 0.4485 -0.8764
vn 0.1638 0.2412 0.9565
vn -0.8844 0.3534 -0.3047
vn 0.8354 0.3557 0.4190
vn -0.8566 0.3637 -0.3660
vn 0.7717 0.3369 0.5395
vn -0.9290 0.2957 0.2223
vn 0.7721 0.4282 -0.4696
vn -0.9402 0.2997 0.1616
vn 0.2871 0.4500 -0.8456
vn 0.6329 0.3763 -0.6767
vn 0.3047 -0.0560 0.9508
vn -0.0602 0.3608 -0.9307
vn 0.2267 -0.0688 0.9715
vn -0.8026 0.1977 -0.5627
vn 0.8792 0.1219 0.4606
vn -0.7353 0.2228 -0.6400
vn 0.7325 0.0505 0.6789
vn -0.9524 -0.0338 0.3029
vn 0.9385 0.2960 -0.1774
vn -0.9697 -0.0201 0.2436
vn 0.9656 0.2592 -0.0209
vn -0.6238 -0.1140 0.7732
vn 0.3039 0.3846 -0.8716
vn -0.6657 -0.1107 0.7380
vn -0.3300 0.3201 -0.8880
vn -0.7889 0.3115 -0.5297
vn 0.2025 0.1816 0.9623
vn -0.0420 0.3932 -0.9185
vn 0.2889 0.1897 0.9384
vn 0.6376 0.4038 -0.6560
vn -0.3437 0.3648 -0.8653
vn -0.6684 0.1542 0.7276
vn 0.2802 0.4028 -0.8713
vn -0.6210 0.1540 0.7685
vn 0.9364 0.3509 -0.0053
vn -0.9487 0.2004 0.2446
vn 0.9085 0.3760 -0.1822
vn -0.9299 0.1904 0.3147
vn 0.6978 0.2279 0.6790
vn -0.7092 0.3272 -0.6244
vn 0.8547 0.2716 0.4423
vn 0.3765 -0.0000 -0.9264
vn 0.9213 -0.0000 -0.3888
vn 0.9264 -0.0000 0.3765
vn 0.3888 -0.0000 0.9213
vn -0.3765 -0.0000 0.9264
vn -0.9213 -0.0000 0.3888
vn -0.9264 -0.0000 -0.3765
vn -0.3888 -0.0000 -0.9213
vn -0.5326 0.6413 -0.5523
vn 0.8048 0.5684 -0.1707
vn -0.8051 0.5930 0.0124
vn 0.8192 0.5641 -0.1036
vn -0.5169 0.5399 0.6643
vn 0.4302 0.6103 -0.6652
vn -0.5770 0.5447 0.6086
vn 0.6071 0.5882 -0.5342
vn 0.2231 0.4889 0.8433
vn -0.0869 0.6637 -0.7429
vn 0.1702 0.4925 0.8535
vn 0.0376 0.6566 -0.7533
vn 0.6345 0.5009 0.5886
vn -0.7241 0.6167 -0.3089
vn 0.6028 0.4961 0.6249
vn -0.7884 0.5679 0.2364
vn -0.8944 0.4461 -0.0312
vn 0.4602 0.5156 -0.7228
vn -0.6441 0.4358 0.6287
vn 0.5245 0.5190 -0.6750
vn 0.0788 0.4698 0.8793
vn -0.2076 0.4786 -0.8531
vn 0.0030 0.4654 0.8851
vn 0.0506 0.4843 -0.8735
vn 0.7337 0.4932 0.4674
vn -0.6922 0.4863 -0.5333
vn 0.7118 0.4934 0.4999
vn -0.5861 0.4875 -0.6472
vn 0.8602 0.5098 -0.0115
vn -0.8442 0.4313 0.3182
vn 0.8614 0.5072 0.0274
vn -0.4576 0.4359 0.7749
vn -0.0954 0.4056 0.9091
vn -0.7799 0.2446 -0.5761
vn 0.5715 0.4493 0.6866
vn -0.7272 0.2474 -0.6403
vn 0.8956 0.4447 -0.0159
vn -0.9537 0.2630 0.1459
vn 0.8906 0.4485 0.0751
vn -0.9644 0.2412 -0.1083
vn 0.5383 0.3534 -0.7650
vn -0.6345 0.3557 0.6862
vn 0.5895 0.3637 -0.7213
vn -0.7326 0.3369 0.5915
vn 0.0444 0.2957 -0.9542
vn 0.2367 0.4282 0.8721
vn 0.1059 0.2997 -0.9481
vn 0.7326 0.4500 0.5107
vn 0.4743 0.3763 0.7959
vn -0.9980 -0.0560 0.0286
vn 0.9108 0.3608 0.2006
vn -0.9963 -0.0688 -0.0520
vn 0.7635 0.1977 -0.6148
vn -0.6867 0.1219 0.7166
vn 0.8191 0.2228 -0.5286
vn -0.8556 0.0505 0.5151
vn -0.0264 -0.0338 -0.9991
vn -0.0901 0.2960 0.9509
vn 0.0353 -0.0201 -0.9992
vn -0.2481 0.2591 0.9334
vn -0.5695 -0.1140 -0.8141
vn 0.7529 0.3846 0.5340
vn -0.5242 -0.1107 -0.8444
vn 0.9448 0.3201 -0.0704
vn 0.7280 0.3115 -0.6107
vn -0.9807 0.1816 -0.0727
vn 0.8940 0.3932 0.2148
vn -0.9817 0.1897 0.0169
vn 0.4531 0.4038 0.7947
vn 0.9267 0.3648 -0.0899
vn -0.5134 0.1542 -0.8442
vn 0.7593 0.4028 0.5112
vn -0.5658 0.1540 -0.8100
vn -0.2550 0.3509 0.9010
vn 0.0285 0.2004 -0.9793
vn -0.0773 0.3760 0.9234
vn -0.0440 0.1904 -0.9807
vn -0.8461 0.2279 0.4818
vn 0.7968 0.3273 -0.5079
vn -0.6623 0.2716 0.6983
vn 0.7854 -0.0000 0.6190
vn 0.1177 -0.0000 0.9931
vn -0.6190 -0.0000 0.7854
vn -0.9931 -0.0000 0.1177
vn -0.7854 -0.0000 -0.6190
vn -0.1176 -0.0000 -0.9931
vn 0.6190 -0.0000 -0.7854
vn 0.9931 -0.0000 -0.1177
vn -0.7562 0.6413 -0.1298
vn 0.5476 0.5684 -0.6140
vn -0.6415 0.5930 0.4866
vn 0.5989 0.5641 -0.5685
vn -0.0233 0.5399 0.8414
vn -0.0471 0.6103 -0.7908
vn -0.1048 0.5447 0.8321
vn 0.1730 0.5882 -0.7900
vn 0.6791 0.4889 0.5476
vn -0.5099 0.6637 -0.5473
vn 0.6424 0.4925 0.5871
vn -0.4157 0.6566 -0.6294
vn 0.8598 0.5009 0.0988
vn -0.7664 0.6167 0.1797
vn 0.8558 0.4961 0.1467
vn -0.4954 0.5679 0.6573
vn -0.7393 0.4461 0.5044
vn -0.0570 0.5156 -0.8550
vn -0.1469 0.4358 0.8880
vn 0.0230 0.5190 -0.8545
vn 0.5841 0.4698 0.6619
vn -0.6724 0.4786 -0.5647
vn 0.5264 0.4654 0.7115
vn -0.4763 0.4843 -0.7339
vn 0.8680 0.4932 -0.0576
vn -0.8736 0.4863 -0.0200
vn 0.8696 0.4934 -0.0185
vn -0.8555 0.4875 -0.1746
vn 0.6865 0.5098 -0.5185
vn -0.4920 0.4313 0.7562
vn 0.7104 0.5073 -0.4879
vn 0.0900 0.4359 0.8955
vn 0.4613 0.4056 0.7891
vn -0.9696 0.2446 -0.0026
vn 0.8671 0.4493 0.2150
vn -0.9651 0.2474 -0.0855
vn 0.7124 0.4447 -0.5430
vn -0.6822 0.2630 0.6822
vn 0.7622 0.4485 -0.4667
vn -0.8413 0.2412 0.4837
vn -0.0190 0.3534 -0.9353
vn -0.1052 0.3557 0.9287
vn 0.0481 0.3637 -0.9303
vn -0.2402 0.3369 0.9104
vn -0.5291 0.2957 -0.7953
vn 0.7071 0.4282 0.5628
vn -0.4760 0.2997 -0.8268
vn 0.8927 0.4500 -0.0222
vn 0.8534 0.3763 0.3607
vn -0.7874 -0.0560 0.6139
vn 0.8528 0.3608 -0.3775
vn -0.8337 -0.0688 0.5479
vn 0.2514 0.1977 -0.9475
vn -0.1292 0.1219 0.9841
vn 0.3472 0.2228 -0.9109
vn -0.3846 0.0505 0.9217
vn -0.6128 -0.0338 -0.7895
vn 0.4903 0.2961 0.8197
vn -0.5631 -0.0201 -0.8261
vn 0.3527 0.2591 0.8991
vn -0.9409 -0.1140 -0.3189
vn 0.9230 0.3846 -0.0154
vn -0.9223 -0.1107 -0.3702
vn 0.7197 0.3201 -0.6160
vn 0.2251 0.3115 -0.9232
vn -0.8334 0.1816 0.5220
vn 0.8476 0.3932 -0.3562
vn -0.7811 0.1897 0.5949
vn 0.8357 0.4038 0.3722
vn 0.6937 0.3648 -0.6211
vn -0.9135 0.1542 -0.3764
vn 0.9145 0.4028 -0.0375
vn -0.9355 0.1540 -0.3178
vn 0.3279 0.3509 0.8771
vn -0.5568 0.2004 -0.8061
vn 0.4843 0.3760 0.7899
vn -0.6161 0.1904 -0.7643
vn -0.3967 0.2279 0.8892
vn 0.3415 0.3273 -0.8811
vn -0.1204 0.2716 0.9548
vn 0.9994 -0.0000 0.0339
vn 0.6827 -0.0000 0.7307
vn -0.0339 -0.0000 0.9994
vn -0.7307 -0.0000 0.6827
vn -0.9994 -0.0000 -0.0339
vn -0.6827 -0.0000 -0.7307
vn 0.0339 -0.0000 -0.9994
vn 0.7307 -0.0000 -0.6827
vn 0.3347 0.6413 -0.6904
vn 0.4378 0.5684 0.6966
vn -0.2893 0.5930 -0.7514
vn 0.3798 0.5641 0.7332
vn -0.8018 0.5399 -0.2560
vn 0.7728 0.6103 0.1744
vn -0.7702 0.5447 -0.3317
vn 0.7108 0.5882 0.3856
vn -0.7147 0.4889 0.5003
vn 0.6674 0.6637 -0.3378
vn -0.7424 0.4925 0.4541
vn 0.7201 0.6566 -0.2246
vn -0.3337 0.5009 0.7986
vn 0.0402 0.6167 -0.7862
vn -0.3786 0.4961 0.7814
vn -0.4939 0.5679 -0.6585
vn -0.2792 0.4461 -0.8503
vn 0.8371 0.5156 0.1827
vn -0.8122 0.4358 -0.3877
vn 0.8145 0.5190 0.2595
vn -0.7981 0.4698 0.3773
vn 0.7292 0.4786 -0.4891
vn -0.8297 0.4654 0.3081
vn 0.8373 0.4843 -0.2537
vn -0.1857 0.4932 0.8499
vn 0.2618 0.4863 -0.8337
vn -0.2238 0.4934 0.8405
vn 0.4053 0.4875 -0.7733
vn 0.3075 0.5098 0.8035
vn -0.5898 0.4313 -0.6827
vn 0.2714 0.5073 0.8180
vn -0.8852 0.4359 -0.1623
vn -0.8862 0.4056 0.2240
vn 0.2718 0.2446 -0.9308
vn -0.4474 0.4493 0.7733
vn 0.3502 0.2474 -0.9034
vn 0.3238 0.4447 0.8351
vn -0.4659 0.2630 -0.8448
vn 0.2367 0.4485 0.8619
vn -0.2310 0.2412 -0.9426
vn 0.9038 0.3534 0.2415
vn -0.8629 0.3557 -0.3589
vn 0.8803 0.3637 0.3045
vn -0.8078 0.3369 -0.4836
vn 0.9110 0.2957 -0.2874
vn -0.7370 0.4282 0.5229
vn 0.9265 0.2997 -0.2276
vn -0.2267 0.4500 0.8638
vn -0.5835 0.3763 0.7197
vn -0.3711 -0.0560 -0.9269
vn 0.1258 0.3608 0.9241
vn -0.2947 -0.0688 -0.9531
vn 0.8404 0.1977 0.5046
vn -0.9095 0.1219 -0.3974
vn 0.7787 0.2228 0.5865
vn -0.7786 0.0505 -0.6255
vn 0.9287 -0.0338 -0.3694
vn -0.9236 0.2960 0.2434
vn 0.9500 -0.0201 -0.3116
vn -0.9617 0.2592 0.0891
vn 0.5677 -0.1140 -0.8153
vn -0.2416 0.3846 0.8909
vn 0.6118 -0.1107 -0.7832
vn 0.3919 0.3201 0.8625
vn 0.8244 0.3115 0.4727
vn -0.2700 0.1816 -0.9456
vn 0.1067 0.3932 0.9132
vn -0.3545 0.1897 -0.9156
vn -0.5897 0.4038 0.6994
vn 0.4040 0.3648 0.8389
vn 0.6153 0.1542 -0.7730
vn -0.2179 0.4028 0.8890
vn 0.5652 0.1540 -0.8105
vn -0.9337 0.3509 0.0714
vn 0.9290 0.2004 -0.3110
vn -0.8934 0.3760 0.2459
vn 0.9054 0.1904 -0.3796
vn -0.7441 0.2279 -0.6280
vn 0.7516 0.3273 0.5728
vn -0.8838 0.2716 -0.3808
vn -0.3101 -0.0000 0.9507
vn -0.8915 -0.0000 0.4529
vn -0.9507 -0.0000 -0.3101
vn -0.4529 -0.0000 -0.8915
vn 0.3101 -0.0000 -0.9507
vn 0.8915 -0.0000 -0.4529
vn 0.9507 -0.0000 0.3101
vn 0.4529 -0.0000 0.8915
vn -0.6376 0.6413 0.4269
vn -0.0261 0.5684 -0.8223
vn -0.1297 0.5930 0.7947
vn 0.0424 0.5641 -0.8246
vn 0.5628 0.5399 0.6259
vn -0.5789 0.6103 -0.5408
vn 0.4973 0.5447 0.6753
vn -0.4188 0.5882 -0.6918
vn 0.8695 0.4889 -0.0709
vn -0.7466 0.6637 -0.0454
vn 0.8701 0.4925 -0.0170
vn -0.7349 0.6566 -0.1698
vn 0.6913 0.5009 -0.5208
vn -0.4317 0.6167 0.6583
vn 0.7214 0.4961 -0.4832
vn 0.0938 0.5679 0.8177
vn -0.1884 0.4461 0.8749
vn -0.6303 0.5156 -0.5804
vn 0.5053 0.4358 0.7448
vn -0.5720 0.5190 -0.6352
vn 0.8794 0.4698 0.0774
vn -0.8764 0.4786 0.0539
vn 0.8717 0.4654 0.1531
vn -0.8509 0.4843 -0.2038
vn 0.5894 0.4932 -0.6398
vn -0.6470 0.4863 0.5874
vn 0.6176 0.4934 -0.6125
vn -0.7404 0.4875 0.4628
vn 0.1403 0.5098 -0.8488
vn 0.1644 0.4313 0.8871
vn 0.1788 0.5073 -0.8430
vn 0.6821 0.4359 0.5871
vn 0.8780 0.4056 0.2542
vn -0.7046 0.2446 0.6661
vn 0.7766 0.4493 -0.4415
vn -0.7585 0.2474 0.6029
vn 0.1423 0.4447 -0.8843
vn -0.0245 0.2630 0.9645
vn 0.2309 0.4485 -0.8634
vn -0.2766 0.2412 0.9302
vn -0.6581 0.3534 -0.6648
vn 0.5636 0.3557 0.7456
vn -0.6061 0.3637 -0.7074
vn 0.4531 0.3369 0.8254
vn -0.9315 0.2957 -0.2119
vn 0.9002 0.4282 -0.0792
vn -0.9146 0.2997 -0.2714
vn 0.6318 0.4500 -0.6311
vn 0.8671 0.3763 -0.3265
vn -0.1477 -0.0560 0.9874
vn 0.3580 0.3608 -0.8612
vn -0.2269 -0.0688 0.9715
vn -0.4706 0.1977 -0.8599
vn 0.5844 0.1219 0.8023
vn -0.3759 0.2228 -0.8995
vn 0.3562 0.0505 0.9330
vn -0.9881 -0.0339 -0.1501
vn 0.9201 0.2960 0.2564
vn -0.9773 -0.0201 -0.2109
vn 0.8751 0.2591 0.4088
vn -0.9017 -0.1140 0.4171
vn 0.6584 0.3846 -0.6470
vn -0.9236 -0.1107 0.3671
vn 0.0973 0.3201 -0.9424
vn -0.4729 0.3115 -0.8242
vn -0.2444 0.1816 0.9525
vn 0.3690 0.3932 -0.8421
vn -0.1564 0.1897 0.9693
vn 0.8622 0.4038 -0.3059
vn 0.0749 0.3648 -0.9281
vn -0.9215 0.1542 0.3565
vn 0.6370 0.4028 -0.6573
vn -0.8971 0.1540 0.4141
vn 0.8419 0.3509 0.4099
vn -0.9589 0.2004 -0.2007
vn 0.8953 0.3760 0.2389
vn -0.9731 0.1904 -0.1296
vn 0.3251 0.2279 0.9178
vn -0.3595 0.3273 -0.8739
vn 0.5706 0.2716 0.7750
vn 0.7478 -0.0000 -0.6640
vn 0.9982 -0.0000 0.0592
vn 0.6640 -0.0000 0.7478
vn -0.0592 -0.0000 0.9982
vn -0.7478 -0.0000 0.6640
vn -0.9982 -0.0000 -0.0592
vn -0.6640 -0.0000 -0.7477
vn 0.0593 -0.0000 -0.9982
vn -0.2331 0.6413 -0.7311
vn 0.7972 0.5684 0.2033
vn -0.7274 0.5930 -0.3453
vn 0.7804 0.5641 0.2698
vn -0.7576 0.5399 0.3668
vn 0.6803 0.6103 -0.4060
vn -0.7868 0.5447 0.2902
vn 0.7809 0.5882 -0.2102
vn -0.1733 0.4889 0.8550
vn 0.2510 0.6637 -0.7046
vn -0.2253 0.4925 0.8406
vn 0.3672 0.6566 -0.6589
vn 0.3083 0.5009 0.8087
vn -0.5125 0.6167 -0.5975
vn 0.2639 0.4961 0.8272
vn -0.8116 0.5679 -0.1370
vn -0.7882 0.4461 -0.4240
vn 0.7327 0.5156 -0.4443
vn -0.8558 0.4358 0.2785
vn 0.7691 0.5190 -0.3730
vn -0.3186 0.4698 0.8233
vn 0.1916 0.4786 -0.8569
vn -0.3892 0.4654 0.7949
vn 0.4321 0.4843 -0.7608
vn 0.4509 0.4932 0.7439
vn -0.3846 0.4863 -0.7846
vn 0.4169 0.4934 0.7634
vn -0.2389 0.4875 -0.8398
vn 0.7764 0.5098 0.3705
vn -0.8978 0.4313 -0.0885
vn 0.7602 0.5073 0.4059
vn -0.7534 0.4359 0.4922
vn -0.4880 0.4056 0.7729
vn -0.4442 0.2446 -0.8619
vn 0.2085 0.4493 0.8687
vn -0.3685 0.2474 -0.8961
vn 0.8100 0.4447 0.3823
vn -0.9197 0.2630 -0.2914
vn 0.7653 0.4485 0.4617
vn -0.8168 0.2412 -0.5241
vn 0.8214 0.3534 -0.4476
vn -0.8727 0.3557 0.3343
vn 0.8479 0.3637 -0.3857
vn -0.9187 0.3369 0.2060
vn 0.4623 0.2957 -0.8360
vn -0.1739 0.4282 0.8868
vn 0.5147 0.2997 -0.8033
vn 0.4308 0.4500 0.7823
vn 0.0729 0.3763 0.9236
vn -0.9076 -0.0560 -0.4162
vn 0.7279 0.3608 0.5831
vn -0.8703 -0.0688 -0.4877
vn 0.9568 0.1977 -0.2132
vn -0.9330 0.1219 0.3385
vn 0.9685 0.2228 -0.1113
vn -0.9953 0.0505 0.0831
vn 0.4186 -0.0338 -0.9075
vn -0.5018 0.2960 0.8127
vn 0.4740 -0.0201 -0.8803
vn -0.6357 0.2592 0.7271
vn -0.1503 -0.1140 -0.9821
vn 0.4387 0.3846 0.8122
vn -0.0961 -0.1107 -0.9892
vn 0.8783 0.3201 0.3552
vn 0.9231 0.3115 -0.2253
vn -0.8472 0.1816 -0.4993
vn 0.7065 0.3932 0.5884
vn -0.8877 0.1897 -0.4194
vn 0.0544 0.4038 0.9132
vn 0.8707 0.3648 0.3298
vn -0.0866 0.1542 -0.9842
vn 0.4545 0.4028 0.7945
vn -0.1487 0.1540 -0.9768
vn -0.6276 0.3509 0.6950
vn 0.4591 0.2004 -0.8655
vn -0.4782 0.3760 0.7937
vn 0.3947 0.1904 -0.8989
vn -0.9720 0.2279 0.0574
vn 0.9394 0.3273 -0.1026
vn -0.9030 0.2716 0.3329
vn 0.4302 -0.0000 0.9027
vn -0.3342 -0.0000 0.9425
vn -0.9028 -0.0000 0.4302
vn -0.9425 -0.0000 -0.3342
vn -0.4302 -0.0000 -0.9027
vn 0.3342 -0.0000 -0.9425
vn 0.9027 -0.0000 -0.4302
vn 0.9425 -0.0000 0.3342
vn -0.4205 0.6413 0.6418
vn -0.3448 0.5684 -0.7470
vn 0.1905 0.5930 0.7823
vn -0.2826 0.5641 -0.7759
vn 0.7624 0.5399 0.3568
vn -0.7440 0.6103 -0.2721
vn 0.7213 0.5447 0.4278
vn -0.6555 0.5882 -0.4736
vn 0.7729 0.4889 -0.4045
vn -0.7052 0.6637 0.2494
vn 0.7946 0.4925 -0.3551
vn -0.7429 0.6566 0.1303
vn 0.4334 0.5009 -0.7492
vn -0.1407 0.6167 0.7745
vn 0.4757 0.4961 -0.7263
vn 0.4053 0.5679 0.7164
vn 0.1678 0.4461 0.8791
vn -0.8068 0.5156 -0.2886
vn 0.7558 0.4358 0.4887
vn -0.7744 0.5190 -0.3618
vn 0.8399 0.4698 -0.2717
vn -0.7859 0.4786 0.3915
vn 0.8624 0.4654 -0.1991
vn -0.8630 0.4843 0.1442
vn 0.2932 0.4932 -0.8190
vn -0.3666 0.4863 0.7932
vn 0.3298 0.4934 -0.8049
vn -0.5012 0.4875 0.7149
vn -0.2018 0.5098 -0.8363
vn 0.4973 0.4313 0.7527
vn -0.1642 0.5073 -0.8460
vn 0.8571 0.4359 0.2745
vn 0.9076 0.4056 -0.1085
vn -0.3890 0.2446 0.8882
vn 0.5429 0.4493 -0.7095
vn -0.4632 0.2474 0.8510
vn -0.2139 0.4446 -0.8698
vn 0.3537 0.2630 0.8976
vn -0.1241 0.4485 -0.8851
vn 0.1081 0.2412 0.9644
vn -0.8653 0.3534 -0.3554
vn 0.8097 0.3557 0.4667
vn -0.8340 0.3637 -0.4150
vn 0.7391 0.3369 0.5833
vn -0.9404 0.2957 0.1682
vn 0.7980 0.4282 -0.4241
vn -0.9480 0.2997 0.1069
vn 0.3356 0.4500 -0.8276
vn 0.6710 0.3763 -0.6389
vn 0.2491 -0.0560 0.9669
vn -0.0062 0.3608 -0.9326
vn 0.1700 -0.0688 0.9830
vn -0.7687 0.1977 -0.6083
vn 0.8510 0.1219 0.5108
vn -0.6970 0.2228 -0.6816
vn 0.6919 0.0505 0.7202
vn -0.9684 -0.0339 0.2472
vn 0.9472 0.2960 -0.1228
vn -0.9821 -0.0201 0.1871
vn 0.9652 0.2592 0.0351
vn -0.6676 -0.1140 0.7357
vn 0.3539 0.3846 -0.8525
vn -0.7073 -0.1107 0.6982
vn -0.2780 0.3201 -0.9057
vn -0.7569 0.3115 -0.5745
vn 0.1465 0.1816 0.9724
vn 0.0113 0.3932 -0.9194
vn 0.2341 0.1897 0.9535
vn 0.6746 0.4038 -0.6180
vn -0.2930 0.3648 -0.8838
vn -0.7094 0.1542 0.6877
vn 0.3302 0.4028 -0.8536
vn -0.6645 0.1540 0.7312
vn 0.9351 0.3509 0.0490
vn -0.9613 0.2004 0.1893
vn 0.9176 0.3760 -0.1292
vn -0.9466 0.1904 0.2603
vn 0.6573 0.2279 0.7183
vn -0.6719 0.3272 -0.6645
vn 0.8277 0.2716 0.4911
vn 0.4296 -0.0000 -0.9030
vn 0.9423 -0.0000 -0.3348
vn 0.9030 -0.0000 0.4295
vn 0.3348 -0.0000 0.9423
vn -0.4296 -0.0000 0.9030
vn -0.9423 -0.0000 0.3348
vn -0.9030 -0.0000 -0.4295
vn -0.3348 -0.0000 -0.9423
vn -0.6612 0.6413 0.3893
vn 0.0215 0.5684 -0.8225
vn -0.1755 0.5930 0.7858
vn 0.0901 0.5641 -0.8208
vn 0.5256 0.5399 0.6574
vn -0.5466 0.6103 -0.5734
vn 0.4573 0.5447 0.7029
vn -0.3780 0.5882 -0.7149
vn 0.8721 0.4889 -0.0204
vn -0.7427 0.6637 -0.0886
vn 0.8697 0.4925 0.0334
vn -0.7239 0.6566 -0.2121
vn 0.7203 0.5009 -0.4799
vn -0.4691 0.6167 0.6322
vn 0.7481 0.4961 -0.4406
vn 0.0462 0.5679 0.8218
vn -0.2388 0.4461 0.8625
vn -0.5956 0.5156 -0.6160
vn 0.4613 0.4358 0.7728
vn -0.5342 0.5190 -0.6673
vn 0.8734 0.4698 0.1282
vn -0.8780 0.4786 0.0031
vn 0.8614 0.4654 0.2033
vn -0.8376 0.4843 -0.2527
vn 0.6255 0.4932 -0.6045
vn -0.6799 0.4863 0.5489
vn 0.6520 0.4934 -0.5757
vn -0.7659 0.4875 0.4191
vn 0.1893 0.5098 -0.8392
vn 0.1127 0.4313 0.8951
vn 0.2273 0.5073 -0.8313
vn 0.6470 0.4359 0.6256
vn 0.8618 0.4056 0.3046
vn -0.7420 0.2446 0.6242
vn 0.8009 0.4493 -0.3958
vn -0.7921 0.2474 0.5580
vn 0.1932 0.4446 -0.8746
vn -0.0803 0.2630 0.9614
vn 0.2806 0.4485 -0.8486
vn -0.3300 0.2412 0.9126
vn -0.6185 0.3534 -0.7018
vn 0.5194 0.3557 0.7770
vn -0.5641 0.3637 -0.7413
vn 0.4045 0.3369 0.8502
vn -0.9176 0.2957 -0.2655
vn 0.9033 0.4282 -0.0269
vn -0.8974 0.2997 -0.3239
vn 0.6673 0.4500 -0.5934
vn 0.8845 0.3763 -0.2758
vn -0.2047 -0.0560 0.9772
vn 0.4073 0.3608 -0.8390
vn -0.2828 -0.0688 0.9567
vn -0.4200 0.1977 -0.8857
vn 0.5369 0.1219 0.8348
vn -0.3232 0.2228 -0.9197
vn 0.3015 0.0505 0.9521
vn -0.9777 -0.0338 -0.2071
vn 0.9037 0.2960 0.3092
vn -0.9635 -0.0201 -0.2671
vn 0.8499 0.2592 0.4588
vn -0.9243 -0.1140 0.3641
vn 0.6948 0.3846 -0.6077
vn -0.9433 -0.1107 0.3129
vn 0.1517 0.3201 -0.9352
vn -0.4243 0.3115 -0.8502
vn -0.2992 0.1816 0.9368
vn 0.4172 0.3932 -0.8193
vn -0.2122 0.1897 0.9586
vn 0.8784 0.4038 -0.2554
vn 0.1286 0.3648 -0.9222
vn -0.9406 0.1542 0.3025
vn 0.6740 0.4028 -0.6192
vn -0.9196 0.1540 0.3615
vn 0.8168 0.3509 0.4579
vn -0.9457 0.2004 -0.2559
vn 0.8799 0.3760 0.2904
vn -0.9640 0.1904 -0.1857
vn 0.2714 0.2279 0.9351
vn -0.3082 0.3273 -0.8932
vn 0.5247 0.2716 0.8068
vn 0.7850 -0.0000 -0.6195
vn 0.9931 -0.0000 0.1170
vn 0.6195 -0.0000 0.7850
vn -0.1170 -0.0000 0.9931
vn -0.7850 -0.0000 0.6195
vn -0.9931 -0.0000 -0.1170
vn -0.6196 -0.0000 -0.7850
vn 0.1170 -0.0000 -0.9931
vn 0.7486 0.6413 0.1684
vn -0.5783 0.5684 0.5852
vn 0.6656 0.5930 -0.4531
vn -0.6272 0.5641 0.5370
vn 0.0664 0.5399 -0.8391
vn 0.0065 0.6103 0.7922
vn 0.1473 0.5447 -0.8256
vn -0.2133 0.5882 0.7801
vn -0.6501 0.4889 -0.5817
vn 0.4812 0.6637 0.5727
vn -0.6115 0.4925 -0.6193
vn 0.3829 0.6566 0.6498
vn -0.8536 0.5009 -0.1427
vn 0.7746 0.6167 -0.1402
vn -0.8471 0.4961 -0.1904
vn 0.5284 0.5679 -0.6310
vn 0.7642 0.4461 -0.4658
vn 0.0131 0.5156 0.8568
vn 0.1922 0.4358 -0.8793
vn -0.0668 0.5190 0.8522
vn -0.5494 0.4698 -0.6910
vn 0.6425 0.4786 0.5984
vn -0.4892 0.4654 -0.7376
vn 0.4381 0.4843 0.7574
vn -0.8698 0.4932 0.0130
vn 0.8714 0.4863 0.0647
vn -0.8694 0.4934 -0.0261
vn 0.8454 0.4875 0.2183
vn -0.7121 0.5098 0.4827
vn 0.5301 0.4313 -0.7300
vn -0.7345 0.5073 0.4508
vn -0.0440 0.4359 -0.8989
vn -0.4203 0.4056 -0.8117
vn 0.9682 0.2446 0.0523
vn -0.8550 0.4493 -0.2592
vn 0.9595 0.2474 0.1349
vn -0.7393 0.4446 0.5058
vn 0.7163 0.2630 -0.6464
vn -0.7852 0.4485 0.4271
vn 0.8650 0.2412 -0.4399
vn -0.0289 0.3534 0.9350
vn 0.1526 0.3557 -0.9220
vn -0.0957 0.3637 0.9266
vn 0.2866 0.3369 -0.8969
vn 0.4877 0.2957 0.8214
vn -0.6773 0.4282 -0.5983
vn 0.4330 0.2997 0.8501
vn -0.8927 0.4500 -0.0237
vn -0.8338 0.3763 -0.4039
vn 0.8178 -0.0560 -0.5727
vn -0.8710 0.3608 0.3333
vn 0.8607 -0.0688 -0.5044
vn -0.2996 0.1977 0.9334
vn 0.1795 0.1219 -0.9762
vn -0.3934 0.2228 0.8919
vn 0.4314 0.0505 -0.9008
vn 0.5715 -0.0338 0.8199
vn -0.4477 0.2960 -0.8438
vn 0.5200 -0.0201 0.8539
vn -0.3061 0.2591 -0.9161
vn 0.9233 -0.1140 0.3667
vn -0.9225 0.3846 -0.0320
vn 0.9021 -0.1107 0.4171
vn -0.7504 0.3201 0.5783
vn -0.2722 0.3115 0.9104
vn 0.8590 0.1816 -0.4786
vn -0.8648 0.3932 0.3123
vn 0.8106 0.1897 -0.5540
vn -0.8155 0.4038 -0.4146
vn -0.7246 0.3648 0.5847
vn 0.8930 0.1542 0.4228
vn -0.9152 0.4028 -0.0094
vn 0.9180 0.1540 0.3654
vn -0.2825 0.3509 -0.8928
vn 0.5148 0.2004 0.8336
vn -0.4432 0.3760 -0.8137
vn 0.5761 0.1904 0.7949
vn 0.4417 0.2279 -0.8677
vn -0.3862 0.3273 0.8624
vn 0.1692 0.2716 -0.9474
vn -0.9964 -0.0000 -0.0851
vn -0.6444 -0.0000 -0.7647
vn 0.0851 -0.0000 -0.9964
vn 0.7647 -0.0000 -0.6444
vn 0.9964 -0.0000 0.0851
vn 0.6444 -0.0000 0.7647
vn -0.0851 -0.0000 0.9964
vn -0.7647 -0.0000 0.6444
vn 0.3766 0.6413 -0.6685
vn 0.3940 0.5684 0.7222
vn -0.2425 0.5930 -0.7678
vn 0.3339 0.5641 0.7552
vn -0.7845 0.5399 -0.3050
vn 0.7605 0.6103 0.2217
vn -0.7483 0.5447 -0.3786
vn 0.6857 0.5882 0.4287
vn -0.7441 0.4889 0.4553
vn 0.6869 0.6637 -0.2960
vn -0.7690 0.4925 0.4075
vn 0.7325 0.6566 -0.1798
vn -0.3823 0.5009 0.7765
vn 0.0886 0.6167 -0.7822
vn -0.4261 0.4961 0.7565
vn -0.4523 0.5679 -0.6876
vn -0.2262 0.4461 -0.8659
vn 0.8243 0.5156 0.2340
vn -0.7868 0.4358 -0.4371
vn 0.7969 0.5190 0.3092
vn -0.8199 0.4698 0.3273
vn 0.7580 0.4786 -0.4432
vn -0.8472 0.4654 0.2563
vn 0.8514 0.4843 -0.2017
vn -0.2378 0.4932 0.8368
vn 0.3127 0.4863 -0.8159
vn -0.2752 0.4934 0.8251
vn 0.4523 0.4875 -0.7468
vn 0.2574 0.5098 0.8209
vn -0.5466 0.4313 -0.7178
vn 0.2204 0.5073 0.8331
vn -0.8735 0.4359 -0.2165
vn -0.8983 0.4056 0.1690
vn 0.3286 0.2446 -0.9122
vn -0.4942 0.4493 0.7442
vn 0.4052 0.2474 -0.8801
vn 0.2717 0.4446 0.8535
vn -0.4130 0.2630 -0.8720
vn 0.1831 0.4485 0.8748
vn -0.1725 0.2412 -0.9550
vn 0.8872 0.3534 0.2967
vn -0.8391 0.3557 -0.4114
vn 0.8599 0.3637 0.3582
vn -0.7765 0.3369 -0.5325
vn 0.9270 0.2957 -0.2307
vn -0.7678 0.4282 0.4765
vn 0.9387 0.2997 -0.1701
vn -0.2795 0.4500 0.8482
vn -0.6268 0.3763 0.6823
vn -0.3133 -0.0560 -0.9480
vn 0.0686 0.3608 0.9301
vn -0.2355 -0.0688 -0.9694
vn 0.8077 0.1977 0.5555
vn -0.8833 0.1219 -0.4527
vn 0.7410 0.2228 0.6334
vn -0.7386 0.0505 -0.6723
vn 0.9497 -0.0338 -0.3114
vn -0.9369 0.2960 0.1860
vn 0.9674 -0.0201 -0.2524
vn -0.9654 0.2591 0.0296
vn 0.6169 -0.1140 -0.7788
vn -0.2961 0.3846 0.8743
vn 0.6590 -0.1107 -0.7440
vn 0.3380 0.3201 0.8850
vn 0.7936 0.3115 0.5226
vn -0.2112 0.1816 -0.9604
vn 0.0503 0.3932 0.9181
vn -0.2974 0.1897 -0.9357
vn -0.6317 0.4038 0.6617
vn 0.3515 0.3648 0.8622
vn 0.6618 0.1542 -0.7336
vn -0.2723 0.4028 0.8738
vn 0.6141 0.1540 -0.7741
vn -0.9363 0.3509 0.0137
vn 0.9464 0.2004 -0.2532
vn -0.9068 0.3760 0.1904
vn 0.9270 0.1904 -0.3230
vn -0.7039 0.2279 -0.6727
vn 0.7148 0.3273 0.6180
vn -0.8587 0.2716 -0.4346
vn -0.3681 -0.0000 0.9298
vn -0.9178 -0.0000 0.3971
vn -0.9298 -0.0000 -0.3682
vn -0.3971 -0.0000 -0.9178
vn 0.3681 -0.0000 -0.9298
vn 0.9178 -0.0000 -0.3971
vn 0.9298 -0.0000 0.3682
vn 0.3971 -0.0000 0.9178
vn -0.6627 0.6413 0.3868
vn 0.0246 0.5684 -0.8224
vn -0.1785 0.5930 0.7852
vn 0.0932 0.5641 -0.8204
vn 0.5232 0.5399 0.6594
vn -0.5445 0.6103 -0.5754
vn 0.4547 0.5447 0.7046
vn -0.3754 0.5882 -0.7163
vn 0.8722 0.4889 -0.0172
vn -0.7424 0.6637 -0.0913
vn 0.8695 0.4925 0.0366
vn -0.7231 0.6566 -0.2148
vn 0.7221 0.5009 -0.4772
vn -0.4714 0.6167 0.6304
vn 0.7498 0.4961 -0.4378
vn 0.0432 0.5679 0.8219
vn -0.2420 0.4461 0.8616
vn -0.5933 0.5156 -0.6182
vn 0.4584 0.4358 0.7745
vn -0.5317 0.5190 -0.6693
vn 0.8729 0.4698 0.1315
vn -0.8780 0.4786 -0.0002
vn 0.8607 0.4654 0.2065
vn -0.8367 0.4843 -0.2559
vn 0.6278 0.4932 -0.6022
vn -0.6819 0.4863 0.5464
vn 0.6542 0.4934 -0.5733
vn -0.7675 0.4875 0.4163
vn 0.1924 0.5098 -0.8385
vn 0.1094 0.4313 0.8955
vn 0.2304 0.5073 -0.8304
vn 0.6446 0.4359 0.6280
vn 0.8607 0.4056 0.3078
vn -0.7443 0.2446 0.6214
vn 0.8024 0.4493 -0.3928
vn -0.7942 0.2474 0.5550
vn 0.1965 0.4447 -0.8739
vn -0.0839 0.2630 0.9611
vn 0.2837 0.4485 -0.8476
vn -0.3334 0.2412 0.9114
vn -0.6159 0.3534 -0.7041
vn 0.5165 0.3557 0.7789
vn -0.5613 0.3637 -0.7434
vn 0.4013 0.3369 0.8517
vn -0.9166 0.2957 -0.2690
vn 0.9034 0.4282 -0.0236
vn -0.8962 0.2997 -0.3272
vn 0.6695 0.4500 -0.5909
vn 0.8855 0.3763 -0.2725
vn -0.2083 -0.0560 0.9765
vn 0.4105 0.3608 -0.8375
vn -0.2863 -0.0688 0.9557
vn -0.4167 0.1977 -0.8873
vn 0.5338 0.1219 0.8368
vn -0.3198 0.2228 -0.9209
vn 0.2980 0.0505 0.9532
vn -0.9770 -0.0338 -0.2107
vn 0.9026 0.2960 0.3126
vn -0.9625 -0.0201 -0.2707
vn 0.8482 0.2591 0.4620
vn -0.9257 -0.1140 0.3607
vn 0.6971 0.3846 -0.6051
vn -0.9445 -0.1107 0.3094
vn 0.1552 0.3201 -0.9346
vn -0.4211 0.3115 -0.8518
vn -0.3027 0.1816 0.9356
vn 0.4202 0.3932 -0.8178
vn -0.2158 0.1897 0.9578
vn 0.8794 0.4038 -0.2522
vn 0.1320 0.3648 -0.9217
vn -0.9417 0.1542 0.2990
vn 0.6763 0.4028 -0.6167
vn -0.9209 0.1540 0.3581
vn 0.8151 0.3509 0.4610
vn -0.9448 0.2004 -0.2594
vn 0.8789 0.3760 0.2936
vn -0.9633 0.1904 -0.1893
vn 0.2679 0.2279 0.9361
vn -0.3049 0.3273 -0.8944
vn 0.5217 0.2716 0.8087
vn 0.7873 -0.0000 -0.6166
vn 0.9927 -0.0000 0.1207
vn 0.6166 -0.0000 0.7873
vn -0.1207 -0.0000 0.9927
vn -0.7873 -0.0000 0.6166
vn -0.9927 -0.0000 -0.1207
vn -0.6166 -0.0000 -0.7873
vn 0.1207 -0.0000 -0.9927
vn -0.1875 0.6413 -0.7440
vn 0.7832 0.5684 0.2520
vn -0.7047 0.5930 -0.3895
vn 0.7623 0.5641 0.3174
vn -0.7788 0.5399 0.3194
vn 0.7040 0.6103 -0.3632
vn -0.8032 0.5447 0.2411
vn 0.7924 0.5882 -0.1617
vn -0.2257 0.4889 0.8427
vn 0.2939 0.6637 -0.6878
vn -0.2767 0.4925 0.8251
vn 0.4071 0.6566 -0.6350
vn 0.2579 0.5009 0.8262
vn -0.4747 0.6167 -0.6280
vn 0.2124 0.4961 0.8419
vn -0.8016 0.5679 -0.1868
vn -0.7605 0.4461 -0.4718
vn 0.7587 0.5156 -0.3983
vn -0.8714 0.4358 0.2252
vn 0.7906 0.5190 -0.3249
vn -0.3687 0.4698 0.8021
vn 0.2441 0.4786 -0.8434
vn -0.4375 0.4654 0.7694
vn 0.4782 0.4843 -0.7327
vn 0.4042 0.4932 0.7703
vn -0.3355 0.4863 -0.8068
vn 0.3690 0.4934 0.7877
vn -0.1867 0.4875 -0.8529
vn 0.7521 0.5098 0.4177
vn -0.8907 0.4313 -0.1437
vn 0.7337 0.5073 0.4520
vn -0.7823 0.4359 0.4449
vn -0.5347 0.4056 0.7413
vn -0.3903 0.2446 -0.8876
vn 0.1545 0.4493 0.8799
vn -0.3126 0.2474 -0.9171
vn 0.7849 0.4446 0.4315
vn -0.9000 0.2630 -0.3475
vn 0.7354 0.4485 0.5080
vn -0.7829 0.2412 -0.5734
vn 0.8474 0.3534 -0.3961
vn -0.8917 0.3557 0.2799
vn 0.8701 0.3637 -0.3327
vn -0.9297 0.3369 0.1490
vn 0.5130 0.2957 -0.8059
vn -0.2283 0.4282 0.8744
vn 0.5632 0.2997 -0.7700
vn 0.3817 0.4500 0.8073
vn 0.0158 0.3763 0.9264
vn -0.8802 -0.0560 -0.4713
vn 0.6905 0.3608 0.6269
vn -0.8385 -0.0688 -0.5405
vn 0.9681 0.1977 -0.1538
vn -0.9521 0.1219 0.2804
vn 0.9735 0.2228 -0.0514
vn -0.9985 0.0505 0.0215
vn 0.4738 -0.0338 -0.8800
vn -0.5510 0.2960 0.7802
vn 0.5273 -0.0201 -0.8494
vn -0.6793 0.2592 0.6865
vn -0.0894 -0.1140 -0.9894
vn 0.3878 0.3846 0.8377
vn -0.0349 -0.1107 -0.9932
vn 0.8547 0.3201 0.4086
vn 0.9353 0.3115 -0.1680
vn -0.8148 0.1816 -0.5506
vn 0.6689 0.3932 0.6308
vn -0.8602 0.1897 -0.4733
vn -0.0020 0.4038 0.9148
vn 0.8488 0.3648 0.3828
vn -0.0257 0.1542 -0.9877
vn 0.4046 0.4028 0.8210
vn -0.0882 0.1540 -0.9841
vn -0.6692 0.3509 0.6550
vn 0.5116 0.2004 -0.8355
vn -0.5262 0.3760 0.7627
vn 0.4494 0.1904 -0.8728
vn -0.9737 0.2279 -0.0026
vn 0.9439 0.3273 -0.0445
vn -0.9218 0.2716 0.2766
vn 0.3737 -0.0000 0.9275
vn -0.3916 -0.0000 0.9201
vn -0.9276 -0.0000 0.3737
vn -0.9201 -0.0000 -0.3916
vn -0.3737 -0.0000 -0.9276
vn 0.3916 -0.0000 -0.9201
vn 0.9276 -0.0000 -0.3737
vn 0.9201 -0.0000 0.3916
vn -0.5916 0.6413 -0.4886
vn 0.7804 0.5684 -0.2605
vn -0.7986 0.5930 0.1033
vn 0.8022 0.5641 -0.1955
vn -0.4385 0.5399 0.7185
vn 0.3523 0.6103 -0.7095
vn -0.5046 0.5447 0.6699
vn 0.5429 0.5882 -0.5994
vn 0.3170 0.4889 0.8127
vn -0.1703 0.6637 -0.7283
vn 0.2655 0.4925 0.8288
vn -0.0478 0.6566 -0.7528
vn 0.6969 0.5009 0.5132
vn -0.7543 0.6167 -0.2251
vn 0.6696 0.4961 0.5527
vn -0.7566 0.5679 0.3240
vn -0.8922 0.4461 0.0700
vn 0.3756 0.5156 -0.7701
vn -0.5689 0.4358 0.6974
vn 0.4448 0.5190 -0.7299
vn 0.1777 0.4698 0.8647
vn -0.3026 0.4786 -0.8242
vn 0.1030 0.4654 0.8791
vn -0.0484 0.4843 -0.8736
vn 0.7818 0.4932 0.3815
vn -0.7480 0.4863 -0.4516
vn 0.7637 0.4934 0.4163
vn -0.6554 0.4875 -0.5768
vn 0.8534 0.5098 -0.1086
vn -0.8029 0.4313 0.4115
vn 0.8589 0.5073 -0.0701
vn -0.3671 0.4359 0.8217
vn 0.0079 0.4056 0.9140
vn -0.8400 0.2446 -0.4843
vn 0.6455 0.4493 0.6177
vn -0.7949 0.2474 -0.5540
vn 0.8880 0.4447 -0.1170
vn -0.9311 0.2630 0.2528
vn 0.8934 0.4485 -0.0260
vn -0.9705 0.2412 0.0014
vn 0.4485 0.3534 -0.8210
vn -0.5529 0.3557 0.7535
vn 0.5042 0.3637 -0.7833
vn -0.6611 0.3369 0.6705
vn -0.0637 0.2957 -0.9531
vn 0.3337 0.4282 0.8398
vn -0.0020 0.2997 -0.9540
vn 0.7856 0.4500 0.4246
vn 0.5612 0.3763 0.7372
vn -0.9884 -0.0560 0.1413
vn 0.9276 0.3608 0.0965
vn -0.9958 -0.0688 0.0608
vn 0.6891 0.1977 -0.6971
vn -0.6014 0.1219 0.7896
vn 0.7541 0.2228 -0.6177
vn -0.7919 0.0505 0.6085
vn -0.1392 -0.0338 -0.9897
vn 0.0179 0.2961 0.9550
vn -0.0779 -0.0201 -0.9968
vn -0.1410 0.2591 0.9555
vn -0.6578 -0.1140 -0.7445
vn 0.8084 0.3846 0.4456
vn -0.6162 -0.1107 -0.7798
vn 0.9308 0.3201 -0.1767
vn 0.6543 0.3115 -0.6891
vn -0.9826 0.1816 0.0386
vn 0.9125 0.3932 0.1124
vn -0.9735 0.1897 0.1278
vn 0.5400 0.4038 0.7385
vn 0.9107 0.3648 -0.1940
vn -0.6055 0.1542 -0.7808
vn 0.8121 0.4028 0.4221
vn -0.6537 0.1540 -0.7409
vn -0.1516 0.3509 0.9241
vn -0.0824 0.2004 -0.9763
vn 0.0275 0.3760 0.9262
vn -0.1545 0.1904 -0.9695
vn -0.7863 0.2279 0.5743
vn 0.7343 0.3272 -0.5947
vn -0.5792 0.2716 0.7686
vn 0.8503 -0.0000 0.5263
vn 0.2291 -0.0000 0.9734
vn -0.5263 -0.0000 0.8503
vn -0.9734 -0.0000 0.2291
vn -0.8503 -0.0000 -0.5263
vn -0.2291 -0.0000 -0.9734
vn 0.5263 -0.0000 -0.8503
vn 0.9734 -0.0000 -0.2291
vn 0.6337 0.6413 -0.4327
vn 0.0336 0.5684 0.8220
vn 0.1226 0.5930 -0.7958
vn -0.0350 0.5641 0.8250
vn -0.5684 0.5399 -0.6208
vn 0.5838 0.6103 0.5355
vn -0.5034 0.5447 -0.6708
vn 0.4250 0.5882 0.6880
vn -0.8688 0.4889 0.0788
vn 0.7470 0.6637 0.0387
vn -0.8699 0.4925 0.0249
vn 0.7364 0.6566 0.1631
vn -0.6865 0.5009 0.5270
vn 0.4257 0.6167 -0.6622
vn -0.7170 0.4961 0.4897
vn -0.1011 0.5679 -0.8168
vn 0.1805 0.4461 -0.8766
vn 0.6355 0.5156 0.5747
vn -0.5120 0.4358 -0.7402
vn 0.5777 0.5190 0.6300
vn -0.8800 0.4698 -0.0695
vn 0.8758 0.4786 -0.0618
vn -0.8731 0.4654 -0.1452
vn 0.8527 0.4843 0.1961
vn -0.5837 0.4932 0.6451
vn 0.6416 0.4863 -0.5932
vn -0.6120 0.4934 0.6180
vn 0.7362 0.4875 -0.4694
vn -0.1327 0.5098 0.8500
vn -0.1723 0.4313 -0.8856
vn -0.1712 0.5073 0.8446
vn -0.6874 0.4359 -0.5809
vn -0.8803 0.4056 -0.2462
vn 0.6986 0.2446 -0.6724
vn -0.7726 0.4493 0.4485
vn 0.7530 0.2474 -0.6097
vn -0.1343 0.4447 0.8856
vn 0.0158 0.2630 -0.9647
vn -0.2231 0.4485 0.8655
vn 0.2682 0.2412 -0.9327
vn 0.6641 0.3534 0.6588
vn -0.5703 0.3557 -0.7405
vn 0.6124 0.3637 0.7019
vn -0.4605 0.3369 -0.8213
vn 0.9333 0.2957 0.2035
vn -0.8994 0.4282 0.0873
vn 0.9170 0.2997 0.2631
vn -0.6261 0.4500 0.6368
vn -0.8641 0.3763 0.3343
vn 0.1388 -0.0560 -0.9887
vn -0.3503 0.3608 0.8644
vn 0.2181 -0.0688 -0.9735
vn 0.4783 0.1977 0.8557
vn -0.5916 0.1219 -0.7970
vn 0.3840 0.2228 0.8960
vn -0.3646 0.0505 -0.9298
vn 0.9894 -0.0339 0.1412
vn -0.9224 0.2960 -0.2481
vn 0.9792 -0.0201 0.2020
vn -0.8787 0.2591 -0.4009
vn 0.8979 -0.1140 -0.4252
vn -0.6526 0.3846 0.6529
vn 0.9203 -0.1107 -0.3753
vn -0.0888 0.3201 0.9432
vn 0.4803 0.3115 0.8199
vn 0.2358 0.1816 -0.9547
vn -0.3614 0.3932 0.8454
vn 0.1476 0.1897 -0.9707
vn -0.8594 0.4038 0.3137
vn -0.0666 0.3648 0.9287
vn 0.9182 0.1542 -0.3648
vn -0.6311 0.4028 0.6630
vn 0.8933 0.1540 -0.4222
vn -0.8456 0.3509 -0.4022
vn 0.9607 0.2004 0.1920
vn -0.8974 0.3760 -0.2308
vn 0.9742 0.1904 0.1208
vn -0.3333 0.2279 -0.9148
vn 0.3673 0.3272 0.8706
vn -0.5775 0.2716 -0.7699
vn -0.7417 -0.0000 0.6707
vn -0.9987 -0.0000 -0.0502
vn -0.6707 -0.0000 -0.7417
vn 0.0503 -0.0000 -0.9987
vn 0.7417 -0.0000 -0.6707
vn 0.9987 -0.0000 0.0502
vn 0.6707 -0.0000 0.7417
vn -0.0502 -0.0000 0.9987
vn -0.7654 0.6413 0.0534
vn 0.3862 0.5684 -0.7265
vn -0.5077 0.5930 0.6250
vn 0.4468 0.5641 -0.6944
vn 0.1772 0.5399 0.8229
vn -0.2335 0.6103 -0.7570
vn 0.0958 0.5447 0.8331
vn -0.0194 0.5882 -0.8085
vn 0.7897 0.4889 0.3707
vn -0.6252 0.6637 -0.4106
vn 0.7634 0.4925 0.4178
vn -0.5532 0.6566 -0.5127
vn 0.8587 0.5009 -0.1082
vn -0.7018 0.6167 0.3565
vn 0.8661 0.4961 -0.0606
vn -0.3252 0.5679 0.7561
vn -0.5985 0.4461 0.6655
vn -0.2583 0.5156 -0.8170
vn 0.0681 0.4358 0.8974
vn -0.1805 0.5190 -0.8355
vn 0.7245 0.4698 0.5044
vn -0.7872 0.4786 -0.3889
vn 0.6803 0.4654 0.5662
vn -0.6369 0.4843 -0.5998
vn 0.8295 0.4932 -0.2620
vn -0.8534 0.4863 0.1880
vn 0.8404 0.4934 -0.2244
vn -0.8725 0.4875 0.0334
vn 0.5437 0.5098 -0.6667
vn -0.2984 0.4313 0.8514
vn 0.5743 0.5073 -0.6426
vn 0.3000 0.4359 0.8485
vn 0.6355 0.4056 0.6570
vn -0.9425 0.2446 0.2277
vn 0.8934 0.4493 0.0030
vn -0.9579 0.2474 0.1460
vn 0.5631 0.4447 -0.6966
vn -0.5007 0.2630 0.8247
vn 0.6296 0.4485 -0.6344
vn -0.7025 0.2412 0.6696
vn -0.2405 0.3534 -0.9040
vn 0.1183 0.3557 0.9271
vn -0.1742 0.3637 -0.9151
vn -0.0172 0.3369 0.9414
vn -0.7028 0.2957 -0.6470
vn 0.8204 0.4282 0.3788
vn -0.6587 0.2997 -0.6902
vn 0.8620 0.4500 -0.2334
vn 0.9147 0.3763 0.1477
vn -0.6191 -0.0560 0.7833
vn 0.7388 0.3608 -0.5692
vn -0.6799 -0.0688 0.7301
vn 0.0192 0.1977 -0.9801
vn 0.1081 0.1219 0.9866
vn 0.1210 0.2228 -0.9673
vn -0.1548 0.0505 0.9866
vn -0.7827 -0.0339 -0.6215
vn 0.6709 0.2960 0.6799
vn -0.7431 -0.0201 -0.6688
vn 0.5560 0.2591 0.7897
vn -0.9897 -0.1140 -0.0864
vn 0.8929 0.3846 -0.2340
vn -0.9838 -0.1107 -0.1407
vn 0.5529 0.3201 -0.7693
vn -0.0005 0.3115 -0.9502
vn -0.6856 0.1816 0.7049
vn 0.7389 0.3932 -0.5472
vn -0.6176 0.1897 0.7633
vn 0.9001 0.4038 0.1632
vn 0.5264 0.3648 -0.7680
vn -0.9768 0.1542 -0.1488
vn 0.8795 0.4028 -0.2536
vn -0.9843 0.1540 -0.0867
vn 0.5268 0.3509 0.7742
vn -0.7323 0.2004 -0.6509
vn 0.6580 0.3760 0.6524
vn -0.7799 0.1904 -0.5962
vn -0.1743 0.2279 0.9580
vn 0.1226 0.3272 -0.9370
vn 0.1097 0.2716 0.9561
vn 0.9789 -0.0000 -0.2043
vn 0.8367 -0.0000 0.5477
vn 0.2043 -0.0000 0.9789
vn -0.5477 -0.0000 0.8367
vn -0.9789 -0.0000 0.2043
vn -0.8367 -0.0000 -0.5477
vn -0.2043 -0.0000 -0.9789
vn 0.5477 -0.0000 -0.8367
vn 0.1612 0.6413 -0.7502
vn 0.5907 0.5684 0.5727
vn -0.4594 0.5930 -0.6613
vn 0.5430 0.5641 0.6221
vn -0.8397 0.5399 -0.0584
vn 0.7921 0.6103 -0.0140
vn -0.8270 0.5447 -0.1394
vn 0.7821 0.5882 0.2059
vn -0.5755 0.4889 0.6556
vn 0.5681 0.6637 -0.4866
vn -0.6134 0.4925 0.6174
vn 0.6462 0.6566 -0.3891
vn -0.1346 0.5009 0.8550
vn -0.1476 0.6167 -0.7733
vn -0.1823 0.4961 0.8489
vn -0.6361 0.5679 -0.5224
vn -0.4731 0.4461 -0.7597
vn 0.8566 0.5156 -0.0212
vn -0.8811 0.4358 -0.1838
vn 0.8528 0.5190 0.0587
vn -0.6857 0.4698 0.5559
vn 0.5922 0.4786 -0.6482
vn -0.7329 0.4654 0.4962
vn 0.7531 0.4843 -0.4453
vn 0.0213 0.4932 0.8696
vn 0.0564 0.4863 -0.8720
vn -0.0178 0.4934 0.8696
vn 0.2102 0.4875 -0.8474
vn 0.4894 0.5098 0.7075
vn -0.7350 0.4313 -0.5232
vn 0.4578 0.5073 0.7302
vn -0.8984 0.4359 0.0525
vn -0.8077 0.4056 0.4280
vn 0.0431 0.2446 -0.9687
vn -0.2510 0.4493 0.8574
vn 0.1257 0.2474 -0.9607
vn 0.5128 0.4446 0.7344
vn -0.6532 0.2630 -0.7101
vn 0.4345 0.4485 0.7811
vn -0.4482 0.2412 -0.8608
vn 0.9352 0.3534 0.0200
vn -0.9235 0.3557 -0.1438
vn 0.9275 0.3637 0.0869
vn -0.8996 0.3369 -0.2780
vn 0.8167 0.2957 -0.4955
vn -0.5918 0.4282 0.6829
vn 0.8459 0.2997 -0.4411
vn -0.0151 0.4500 0.8929
vn -0.3960 0.3763 0.8376
vn -0.5805 -0.0560 -0.8123
vn 0.3416 0.3608 0.8678
vn -0.5126 -0.0688 -0.8559
vn 0.9362 0.1977 0.2907
vn -0.9779 0.1219 -0.1701
vn 0.8956 0.2228 0.3849
vn -0.9048 0.0505 -0.4227
vn 0.8144 -0.0338 -0.5793
vn -0.8395 0.2960 0.4557
vn 0.8489 -0.0201 -0.5282
vn -0.9131 0.2592 0.3148
vn 0.3579 -0.1140 -0.9268
vn -0.0232 0.3846 0.9228
vn 0.4084 -0.1107 -0.9061
vn 0.5855 0.3201 0.7448
vn 0.9130 0.3115 0.2635
vn -0.4868 0.1816 -0.8544
vn 0.3205 0.3932 0.8618
vn -0.5617 0.1897 -0.8053
vn -0.4068 0.4038 0.8194
vn 0.5916 0.3648 0.7190
vn 0.4142 0.1542 -0.8970
vn -0.0007 0.4028 0.9153
vn 0.3566 0.1540 -0.9215
vn -0.8900 0.3509 0.2910
vn 0.8286 0.2004 -0.5227
vn -0.8095 0.3760 0.4509
vn 0.7894 0.1904 -0.5836
vn -0.8719 0.2279 -0.4335
vn 0.8660 0.3272 0.3780
vn -0.9490 0.2716 -0.1601
vn -0.0756 -0.0000 0.9971
vn -0.7585 -0.0000 0.6516
vn -0.9971 -0.0000 -0.0756
vn -0.6516 -0.0000 -0.7585
vn 0.0756 -0.0000 -0.9971
vn 0.7585 -0.0000 -0.6516
vn 0.9971 -0.0000 0.0756
vn 0.6516 -0.0000 0.7585
vn 0.4242 0.6413 0.6394
vn -0.8224 0.5684 0.0226
vn 0.7941 0.5930 0.1331
vn -0.8244 0.5641 -0.0459
vn 0.6283 0.5399 -0.5601
vn -0.5432 0.6103 0.5766
vn 0.6774 0.5447 -0.4944
vn -0.6936 0.5882 0.4159
vn -0.0672 0.4889 -0.8698
vn -0.0486 0.6637 0.7464
vn -0.0133 0.4925 -0.8702
vn -0.1729 0.6566 0.7342
vn -0.5179 0.5009 -0.6935
vn 0.6564 0.6167 0.4345
vn -0.4802 0.4961 -0.7234
vn 0.8181 0.5679 -0.0903
vn 0.8741 0.4461 0.1921
vn -0.5831 0.5156 0.6278
vn 0.7470 0.4358 -0.5021
vn -0.6377 0.5190 0.5693
vn 0.0811 0.4698 -0.8790
vn 0.0502 0.4786 0.8766
vn 0.1568 0.4654 -0.8711
vn -0.2074 0.4843 0.8500
vn -0.6373 0.4932 -0.5922
vn 0.5846 0.4863 0.6494
vn -0.6099 0.4934 -0.6202
vn 0.4596 0.4875 0.7423
vn -0.8482 0.5098 -0.1439
vn 0.8878 0.4313 -0.1606
vn -0.8423 0.5073 -0.1824
vn 0.5900 0.4359 -0.6796
vn 0.2579 0.4056 -0.8769
vn 0.6631 0.2446 0.7074
vn -0.4382 0.4493 -0.7785
vn 0.5997 0.2474 0.7610
vn -0.8837 0.4446 -0.1460
vn 0.9644 0.2630 0.0286
vn -0.8625 0.4485 -0.2346
vn 0.9290 0.2412 0.2805
vn -0.6676 0.3534 0.6553
vn 0.7479 0.3557 -0.5604
vn -0.7100 0.3637 0.6031
vn 0.8273 0.3369 -0.4495
vn -0.2159 0.2957 0.9306
vn -0.0754 0.4282 -0.9005
vn -0.2752 0.2997 0.9135
vn -0.6284 0.4500 -0.6345
vn -0.3228 0.3763 -0.8684
vn 0.9868 -0.0560 0.1519
vn -0.8597 0.3608 -0.3617
vn 0.9705 -0.0688 0.2310
vn -0.8619 0.1977 0.4669
vn 0.8048 0.1219 -0.5809
vn -0.9010 0.2228 0.3721
vn 0.9346 0.0505 -0.3522
vn -0.1543 -0.0339 0.9874
vn 0.2603 0.2960 -0.9190
vn -0.2150 -0.0201 0.9764
vn 0.4125 0.2592 -0.8733
vn 0.4133 -0.1140 0.9035
vn -0.6442 0.3846 -0.6612
vn 0.3631 -0.1107 0.9252
vn -0.9419 0.3201 -0.1013
vn -0.8262 0.3115 0.4693
vn 0.9515 0.1816 0.2485
vn -0.8406 0.3932 -0.3726
vn 0.9686 0.1897 0.1605
vn -0.3022 0.4038 -0.8635
vn -0.9277 0.3648 -0.0789
vn 0.3526 0.1542 0.9230
vn -0.6545 0.4028 -0.6398
vn 0.4103 0.1540 0.8988
vn 0.4134 0.3509 -0.8402
vn -0.2048 0.2004 0.9581
vn 0.2427 0.3760 -0.8943
vn -0.1337 0.1904 0.9726
vn 0.9192 0.2279 -0.3212
vn -0.8754 0.3273 0.3557
vn 0.7774 0.2716 -0.5673
vn -0.6608 -0.0000 -0.7506
vn 0.0635 -0.0000 -0.9980
vn 0.7506 -0.0000 -0.6608
vn 0.9980 -0.0000 0.0635
vn 0.6608 -0.0000 0.7506
vn -0.0635 -0.0000 0.9980
vn -0.7506 -0.0000 0.6608
vn -0.9980 -0.0000 -0.0635
vn -0.7320 0.6413 0.2299
vn 0.2067 0.5684 -0.7964
vn -0.3484 0.5930 0.7259
vn 0.2731 0.5641 -0.7793
vn 0.3636 0.5399 0.7591
vn -0.4031 0.6103 -0.6820
vn 0.2868 0.5447 0.7880
vn -0.2069 0.5882 -0.7818
vn 0.8542 0.4889 0.1770
vn -0.7036 0.6637 -0.2540
vn 0.8397 0.4925 0.2289
vn -0.6573 0.6566 -0.3700
vn 0.8100 0.5009 -0.3049
vn -0.5997 0.6167 0.5100
vn 0.8283 0.4961 -0.2604
vn -0.1405 0.5679 0.8110
vn -0.4273 0.4461 0.7864
vn -0.4412 0.5156 -0.7345
vn 0.2749 0.4358 0.8570
vn -0.3698 0.5190 -0.7707
vn 0.8219 0.4698 0.3221
vn -0.8560 0.4786 -0.1952
vn 0.7933 0.4654 0.3926
vn -0.7589 0.4843 -0.4353
vn 0.7459 0.4932 -0.4477
vn -0.7863 0.4863 0.3812
vn 0.7652 0.4934 -0.4136
vn -0.8408 0.4875 0.2354
vn 0.3738 0.5098 -0.7748
vn -0.0923 0.4313 0.8975
vn 0.4091 0.5073 -0.7585
vn 0.4890 0.4359 0.7555
vn 0.7708 0.4056 0.4913
vn -0.8638 0.2446 0.4406
vn 0.8696 0.4493 -0.2048
vn -0.8977 0.2474 0.3647
vn 0.3857 0.4446 -0.8084
vn -0.2953 0.2630 0.9185
vn 0.4649 0.4485 -0.7634
vn -0.5275 0.2412 0.8146
vn -0.4441 0.3534 -0.8233
vn 0.3306 0.3557 0.8742
vn -0.3821 0.3637 -0.8495
vn 0.2021 0.3369 0.9196
vn -0.8340 0.2957 -0.4659
vn 0.8860 0.4282 0.1777
vn -0.8011 0.2997 -0.5181
vn 0.7841 0.4500 -0.4275
vn 0.9239 0.3763 -0.0690
vn -0.4200 -0.0560 0.9058
vn 0.5862 0.3608 -0.7254
vn -0.4915 -0.0688 0.8682
vn -0.2091 0.1977 -0.9577
vn 0.3346 0.1219 0.9345
vn -0.1072 0.2228 -0.9689
vn 0.0788 0.0505 0.9956
vn -0.9057 -0.0338 -0.4225
vn 0.8106 0.2960 0.5053
vn -0.8783 -0.0201 -0.4777
vn 0.7244 0.2592 0.6388
vn -0.9827 -0.1140 0.1461
vn 0.8141 0.3846 -0.4352
vn -0.9896 -0.1107 0.0919
vn 0.3589 0.3201 -0.8768
vn -0.2214 0.3115 -0.9241
vn -0.5029 0.1816 0.8450
vn 0.5914 0.3932 -0.7040
vn -0.4232 0.1897 0.8860
vn 0.9134 0.4038 -0.0505
vn 0.3334 0.3648 -0.8693
vn -0.9846 0.1542 0.0824
vn 0.7964 0.4028 -0.4511
vn -0.9774 0.1540 0.1446
vn 0.6923 0.3509 0.6305
vn -0.8635 0.2004 -0.4628
vn 0.7917 0.3760 0.4815
vn -0.8972 0.1904 -0.3986
vn 0.0533 0.2279 0.9722
vn -0.0986 0.3272 -0.9398
vn 0.3290 0.2716 0.9044
vn 0.9046 -0.0000 -0.4263
vn 0.9411 -0.0000 0.3382
vn 0.4263 -0.0000 0.9046
vn -0.3382 -0.0000 0.9411
vn -0.9046 -0.0000 0.4263
vn -0.9411 -0.0000 -0.3382
vn -0.4263 -0.0000 -0.9046
vn 0.3382 -0.0000 -0.9411
vn 0.7480 0.6413 0.1712
vn -0.5805 0.5684 0.5830
vn 0.6673 0.5930 -0.4506
vn -0.6292 0.5641 0.5347
vn 0.0695 0.5399 -0.8389
vn 0.0035 0.6103 0.7922
vn 0.1503 0.5447 -0.8250
vn -0.2162 0.5882 0.7793
vn -0.6479 0.4889 -0.5841
vn 0.4790 0.6637 0.5745
vn -0.6092 0.4925 -0.6216
vn 0.3805 0.6566 0.6513
vn -0.8531 0.5009 -0.1459
vn 0.7751 0.6167 -0.1373
vn -0.8464 0.4961 -0.1935
vn 0.5308 0.5679 -0.6291
vn 0.7659 0.4461 -0.4630
vn 0.0099 0.5156 0.8568
vn 0.1955 0.4358 -0.8785
vn -0.0700 0.5190 0.8519
vn -0.5468 0.4698 -0.6931
vn 0.6403 0.4786 0.6008
vn -0.4865 0.4654 -0.7394
vn 0.4352 0.4843 0.7590
vn -0.8699 0.4932 0.0098
vn 0.8712 0.4863 0.0680
vn -0.8693 0.4934 -0.0294
vn 0.8446 0.4875 0.2214
vn -0.7139 0.5098 0.4800
vn 0.5329 0.4313 -0.7280
vn -0.7362 0.5073 0.4481
vn -0.0406 0.4359 -0.8991
vn -0.4172 0.4056 -0.8133
vn 0.9680 0.2446 0.0559
vn -0.8540 0.4493 -0.2624
vn 0.9590 0.2474 0.1385
vn -0.7411 0.4447 0.5030
vn 0.7187 0.2630 -0.6437
vn -0.7868 0.4485 0.4241
vn 0.8667 0.2412 -0.4367
vn -0.0324 0.3534 0.9349
vn 0.1561 0.3557 -0.9215
vn -0.0992 0.3637 0.9262
vn 0.2899 0.3369 -0.8958
vn 0.4846 0.2957 0.8232
vn -0.6750 0.4282 -0.6008
vn 0.4298 0.2997 0.8517
vn -0.8926 0.4500 -0.0270
vn -0.8323 0.3763 -0.4070
vn 0.8199 -0.0560 -0.5697
vn -0.8723 0.3608 0.3300
vn 0.8626 -0.0688 -0.5012
vn -0.3031 0.1977 0.9322
vn 0.1831 0.1219 -0.9755
vn -0.3968 0.2228 0.8905
vn 0.4347 0.0505 -0.8992
vn 0.5684 -0.0339 0.8220
vn -0.4445 0.2961 -0.8455
vn 0.5169 -0.0201 0.8558
vn -0.3027 0.2592 -0.9172
vn 0.9219 -0.1140 0.3702
vn -0.9224 0.3846 -0.0354
vn 0.9006 -0.1107 0.4204
vn -0.7525 0.3201 0.5755
vn -0.2755 0.3115 0.9094
vn 0.8608 0.1816 -0.4754
vn -0.8659 0.3932 0.3090
vn 0.8127 0.1897 -0.5510
vn -0.8139 0.4038 -0.4176
vn -0.7268 0.3648 0.5820
vn 0.8914 0.1542 0.4261
vn -0.9152 0.4028 -0.0128
vn 0.9167 0.1540 0.3688
vn -0.2792 0.3509 -0.8938
vn 0.5116 0.2004 0.8355
vn -0.4402 0.3760 -0.8154
vn 0.5731 0.1904 0.7970
vn 0.4450 0.2279 -0.8661
vn -0.3894 0.3273 0.8610
vn 0.1727 0.2716 -0.9468
vn -0.9960 -0.0000 -0.0888
vn -0.6415 -0.0000 -0.7671
vn 0.0888 -0.0000 -0.9960
vn 0.7671 -0.0000 -0.6415
vn 0.9960 -0.0000 0.0888
vn 0.6415 -0.0000 0.7671
vn -0.0888 -0.0000 0.9960
vn -0.7671 -0.0000 0.6415
vn 0.5949 0.6413 0.4846
vn -0.7786 0.5684 0.2657
vn 0.7979 0.5930 -0.1086
vn -0.8009 0.5641 0.2009
vn 0.4337 0.5399 -0.7214
vn -0.3476 0.6103 0.7119
vn 0.5001 0.5447 -0.6732
vn -0.5389 0.5882 0.6030
vn -0.3224 0.4889 -0.8106
vn 0.1752 0.6637 0.7272
vn -0.2710 0.4925 -0.8270
vn 0.0528 0.6566 0.7524
vn -0.7004 0.5009 -0.5085
vn 0.7558 0.6167 0.2201
vn -0.6732 0.4961 -0.5483
vn 0.7544 0.5679 -0.3291
vn 0.8918 0.4461 -0.0760
vn -0.3705 0.5156 0.7726
vn 0.5643 0.4358 -0.7012
vn -0.4399 0.5190 0.7329
vn -0.1834 0.4698 -0.8635
vn 0.3081 0.4786 0.8222
vn -0.1088 0.4654 -0.8784
vn 0.0542 0.4843 0.8732
vn -0.7843 0.4932 -0.3763
vn 0.7510 0.4863 0.4466
vn -0.7665 0.4934 -0.4112
vn 0.6593 0.4875 0.5724
vn -0.8527 0.5098 0.1143
vn 0.8001 0.4313 -0.4169
vn -0.8585 0.5073 0.0758
vn 0.3616 0.4359 -0.8241
vn -0.0140 0.4056 -0.9140
vn 0.8432 0.2446 0.4787
vn -0.6496 0.4493 -0.6133
vn 0.7986 0.2474 0.5487
vn -0.8872 0.4446 0.1229
vn 0.9294 0.2630 -0.2590
vn -0.8932 0.4485 0.0320
vn 0.9704 0.2412 -0.0079
vn -0.4430 0.3534 0.8239
vn 0.5479 0.3557 -0.7571
vn -0.4990 0.3637 0.7866
vn 0.6566 0.3369 -0.6748
vn 0.0701 0.2957 0.9527
vn -0.3393 0.4282 -0.8376
vn 0.0083 0.2997 0.9540
vn -0.7884 0.4500 -0.4194
vn -0.5661 0.3763 -0.7335
vn 0.9874 -0.0560 -0.1478
vn -0.9283 0.3608 -0.0903
vn 0.9953 -0.0688 -0.0675
vn -0.6845 0.1977 0.7017
vn 0.5961 0.1219 -0.7936
vn -0.7500 0.2228 0.6228
vn 0.7879 0.0505 -0.6138
vn 0.1458 -0.0339 0.9887
vn -0.0242 0.2960 -0.9549
vn 0.0845 -0.0201 0.9962
vn 0.1346 0.2592 -0.9564
vn 0.6628 -0.1140 0.7401
vn -0.8114 0.3846 -0.4401
vn 0.6213 -0.1107 0.7757
vn -0.9296 0.3201 0.1829
vn -0.6497 0.3115 0.6934
vn 0.9823 0.1816 -0.0452
vn -0.9133 0.3932 -0.1063
vn 0.9726 0.1897 -0.1343
vn -0.5449 0.4038 -0.7348
vn -0.9093 0.3648 0.2000
vn 0.6107 0.1542 0.7767
vn -0.8149 0.4028 -0.4167
vn 0.6586 0.1540 0.7365
vn 0.1454 0.3509 -0.9251
vn 0.0889 0.2004 0.9757
vn -0.0337 0.3760 -0.9260
vn 0.1610 0.1904 0.9684
vn 0.7824 0.2279 -0.5796
vn -0.7304 0.3272 0.5996
vn 0.5740 0.2716 -0.7725
vn -0.8538 -0.0000 -0.5206
vn -0.2356 -0.0000 -0.9719
vn 0.5206 -0.0000 -0.8538
vn 0.9718 -0.0000 -0.2356
vn 0.8538 -0.0000 0.5206
vn 0.2356 -0.0000 0.9719
vn -0.5206 -0.0000 0.8538
vn -0.9719 -0.0000 0.2356
vn -0.6308 0.6413 0.4369
vn -0.0390 0.5684 -0.8218
vn -0.1172 0.5930 0.7966
vn 0.0295 0.5641 -0.8252
vn 0.5726 0.5399 0.6170
vn -0.5873 0.6103 -0.5316
vn 0.5078 0.5447 0.6674
vn -0.4296 0.5882 -0.6851
vn 0.8683 0.4889 -0.0846
vn -0.7472 0.6637 -0.0337
vn 0.8698 0.4925 -0.0307
vn -0.7375 0.6566 -0.1582
vn 0.6830 0.5009 -0.5316
vn -0.4213 0.6167 0.6650
vn 0.7137 0.4961 -0.4945
vn 0.1066 0.5679 0.8162
vn -0.1747 0.4461 0.8778
vn -0.6393 0.5156 -0.5705
vn 0.5169 0.4358 0.7368
vn -0.5819 0.5190 -0.6262
vn 0.8805 0.4698 0.0636
vn -0.8754 0.4786 0.0676
vn 0.8740 0.4654 0.1394
vn -0.8539 0.4843 -0.1904
vn 0.5793 0.4932 -0.6489
vn -0.6377 0.4863 0.5974
vn 0.6079 0.4934 -0.6221
vn -0.7330 0.4875 0.4743
vn 0.1270 0.5098 -0.8509
vn 0.1782 0.4313 0.8844
vn 0.1656 0.5073 -0.8457
vn 0.6913 0.4359 0.5763
vn 0.8819 0.4056 0.2404
vn -0.6941 0.2446 0.6771
vn 0.7696 0.4493 -0.4537
vn -0.7489 0.2474 0.6147
vn 0.1284 0.4446 -0.8865
vn -0.0093 0.2630 0.9647
vn 0.2174 0.4485 -0.8670
vn -0.2620 0.2412 0.9344
vn -0.6685 0.3534 -0.6544
vn 0.5752 0.3557 0.7366
vn -0.6171 0.3637 -0.6978
vn 0.4659 0.3369 0.8182
vn -0.9347 0.2957 -0.1973
vn 0.8988 0.4282 -0.0933
vn -0.9188 0.2997 -0.2570
vn 0.6219 0.4500 -0.6409
vn 0.8618 0.3763 -0.3401
vn -0.1323 -0.0560 0.9896
vn 0.3445 0.3608 -0.8667
vn -0.2116 -0.0688 0.9749
vn -0.4840 0.1977 -0.8525
vn 0.5969 0.1219 0.7930
vn -0.3900 0.2228 -0.8935
vn 0.3708 0.0505 0.9273
vn -0.9903 -0.0338 -0.1346
vn 0.9240 0.2960 0.2419
vn -0.9805 -0.0201 -0.1955
vn 0.8814 0.2592 0.3950
vn -0.8950 -0.1140 0.4312
vn 0.6482 0.3846 -0.6572
vn -0.9177 -0.1107 0.3815
vn 0.0825 0.3201 -0.9438
vn -0.4857 0.3115 -0.8167
vn -0.2295 0.1816 0.9562
vn 0.3558 0.3932 -0.8478
vn -0.1411 0.1897 0.9716
vn 0.8573 0.4038 -0.3194
vn 0.0604 0.3648 -0.9291
vn -0.9158 0.1542 0.3709
vn 0.6266 0.4028 -0.6672
vn -0.8905 0.1540 0.4282
vn 0.8483 0.3509 0.3966
vn -0.9620 0.2004 -0.1856
vn 0.8989 0.3760 0.2248
vn -0.9750 0.1904 -0.1143
vn 0.3394 0.2279 0.9126
vn -0.3731 0.3273 -0.8681
vn 0.5826 0.2716 0.7660
vn 0.7373 -0.0000 -0.6756
vn 0.9990 -0.0000 0.0436
vn 0.6756 -0.0000 0.7373
vn -0.0436 -0.0000 0.9990
vn -0.7373 -0.0000 0.6756
vn -0.9990 -0.0000 -0.0436
vn -0.6756 -0.0000 -0.7373
vn 0.0436 -0.0000 -0.9990
vt 0.000000 0.000000
vt 1.000000 0.000000
vt 1.000000 1.000000
vt 0.000000 1.000000
vt 1.000000 0.500000
vt 0.875000 1.000000
vt 0.875000 0.500000
vt 0.750000 1.000000
vt 0.750000 0.500000
vt 0.625000 1.000000
vt 0.625000 0.500000
vt 0.500000 1.000000
vt 0.500000 0.500000
vt 0.375000 1.000000
vt 0.375000 0.500000
vt 0.250000 1.000000
vt 0.250000 0.500000
vt 0.419706 0.419706
vt 0.250000 0.490000
vt 0.080294 0.419706
vt 0.010000 0.250000
vt 0.080294 0.080294
vt 0.250000 0.010000
vt 0.419706 0.080294
vt 0.490000 0.250000
vt 0.125000 1.000000
vt 0.125000 0.500000
vt 0.000000 0.500000
vt 0.750000 0.490000
vt 0.919706 0.419706
vt 0.990000 0.250000
vt 0.919706 0.080294
vt 0.750000 0.010000
vt 0.580294 0.080294
vt 0.510000 0.250000
vt 0.580294 0.419706
s 1
usemtl asphalt.003
f 14/1/1 16/1/1 2/1/1 4/1/1
f 13/1/3 17/1/3 8/1/3 3/1/3
f 3/1/3 1/1/3 15/1/3 13/1/3
f 1/1/3 5/1/3 19/1/3 15/1/3
usemtl Dark_Concrete.002
f 19/1/2 5/1/2 6/1/2 20/1/2
f 22/1/1 24/1/1 12/1/1 10/1/1
f 18/1/4 23/1/4 11/1/4 7/1/4
f 16/1/4 22/1/4 10/1/4 2/1/4
f 4/1/2 9/1/2 21/1/2 14/1/2
f 9/1/1 11/1/1 23/1/1 21/1/1
f 6/1/2 12/1/2 24/1/2 20/1/2
f 8/1/4 17/1/4 18/1/4 7/1/4
usemtl street_lines_yellow.002
f 27/1/1 28/1/1 25/1/1 26/1/1
s 0
usemtl Green
f 29/1/3 31/4/3 32/3/3 30/2/3
f 33/1/5 49/1/5 48/1/5
f 42/1/6 49/1/6 41/1/6
f 35/1/7 49/1/7 34/1/7
f 43/1/8 49/1/8 42/1/8
f 36/1/9 49/1/9 35/1/9
f 44/1/10 49/1/10 43/1/10
f 37/1/11 49/1/11 36/1/11
f 45/1/12 49/1/12 44/1/12
f 38/1/13 49/1/13 37/1/13
f 46/1/14 49/1/14 45/1/14
f 39/1/15 49/1/15 38/1/15
f 47/1/16 49/1/16 46/1/16
f 40/1/17 49/1/17 39/1/17
f 48/1/18 49/1/18 47/1/18
f 41/1/19 49/1/19 40/1/19
f 34/1/20 49/1/20 33/1/20
f 64/1/21 66/1/21 65/1/21
f 55/1/22 66/1/22 56/1/22
f 62/1/23 66/1/23 63/1/23
f 54/1/24 66/1/24 55/1/24
f 61/1/25 66/1/25 62/1/25
f 53/1/26 66/1/26 54/1/26
f 60/1/27 66/1/27 61/1/27
f 52/1/28 66/1/28 53/1/28
f 59/1/29 66/1/29 60/1/29
f 51/1/30 66/1/30 52/1/30
f 58/1/31 66/1/31 59/1/31
f 50/1/32 66/1/32 51/1/32
f 57/1/33 66/1/33 58/1/33
f 65/1/34 66/1/34 50/1/34
f 56/1/35 66/1/35 57/1/35
f 63/1/36 66/1/36 64/1/36
f 81/1/37 83/1/37 82/1/37
f 72/1/38 83/1/38 73/1/38
f 79/1/39 83/1/39 80/1/39
f 71/1/40 83/1/40 72/1/40
f 78/1/41 83/1/41 79/1/41
f 70/1/42 83/1/42 71/1/42
f 77/1/43 83/1/43 78/1/43
f 69/1/44 83/1/44 70/1/44
f 76/1/45 83/1/45 77/1/45
f 68/1/46 83/1/46 69/1/46
f 75/1/47 83/1/47 76/1/47
f 67/1/48 83/1/48 68/1/48
f 74/1/49 83/1/49 75/1/49
f 82/1/50 83/1/50 67/1/50
f 73/1/51 83/1/51 74/1/51
f 80/1/52 83/1/52 81/1/52
f 98/1/53 100/1/53 99/1/53
f 89/1/54 100/1/54 90/1/54
f 96/1/55 100/1/55 97/1/55
f 88/1/56 100/1/56 89/1/56
f 95/1/57 100/1/57 96/1/57
f 87/1/58 100/1/58 88/1/58
f 94/1/59 100/1/59 95/1/59
f 86/1/60 100/1/60 87/1/60
f 93/1/61 100/1/61 94/1/61
f 85/1/62 100/1/62 86/1/62
f 92/1/63 100/1/63 93/1/63
f 84/1/64 100/1/64 85/1/64
f 91/1/65 100/1/65 92/1/65
f 99/1/66 100/1/66 84/1/66
f 90/1/67 100/1/67 91/1/67
f 97/1/68 100/1/68 98/1/68
f 96/1/69 113/1/69 112/1/69 95/1/69
f 89/1/70 106/1/70 105/1/70 88/1/70
f 97/1/71 114/1/71 113/1/71 96/1/71
f 90/1/72 107/1/72 106/1/72 89/1/72
f 99/1/73 116/1/73 115/1/73 98/1/73
f 98/1/74 115/1/74 114/1/74 97/1/74
f 91/1/75 108/1/75 107/1/75 90/1/75
f 84/1/76 101/1/76 116/1/76 99/1/76
f 92/1/77 109/1/77 108/1/77 91/1/77
f 85/1/78 102/1/78 101/1/78 84/1/78
f 93/1/79 110/1/79 109/1/79 92/1/79
f 86/1/80 103/1/80 102/1/80 85/1/80
f 94/1/81 111/1/81 110/1/81 93/1/81
f 87/1/82 104/1/82 103/1/82 86/1/82
f 95/1/83 112/1/83 111/1/83 94/1/83
f 88/1/84 105/1/84 104/1/84 87/1/84
f 133/1/93 149/1/93 148/1/93
f 142/1/94 149/1/94 141/1/94
f 135/1/95 149/1/95 134/1/95
f 143/1/96 149/1/96 142/1/96
f 136/1/97 149/1/97 135/1/97
f 144/1/98 149/1/98 143/1/98
f 137/1/99 149/1/99 136/1/99
f 145/1/100 149/1/100 144/1/100
f 138/1/101 149/1/101 137/1/101
f 146/1/102 149/1/102 145/1/102
f 139/1/103 149/1/103 138/1/103
f 147/1/104 149/1/104 146/1/104
f 140/1/105 149/1/105 139/1/105
f 148/1/106 149/1/106 147/1/106
f 141/1/107 149/1/107 140/1/107
f 134/1/108 149/1/108 133/1/108
f 164/1/109 166/1/109 165/1/109
f 155/1/110 166/1/110 156/1/110
f 162/1/111 166/1/111 163/1/111
f 154/1/112 166/1/112 155/1/112
f 161/1/113 166/1/113 162/1/113
f 153/1/114 166/1/114 154/1/114
f 160/1/115 166/1/115 161/1/115
f 152/1/116 166/1/116 153/1/116
f 159/1/117 166/1/117 160/1/117
f 151/1/118 166/1/118 152/1/118
f 158/1/119 166/1/119 159/1/119
f 150/1/120 166/1/120 151/1/120
f 157/1/121 166/1/121 158/1/121
f 165/1/122 166/1/122 150/1/122
f 156/1/123 166/1/123 157/1/123
f 163/1/124 166/1/124 164/1/124
f 181/1/125 183/1/125 182/1/125
f 172/1/126 183/1/126 173/1/126
f 179/1/127 183/1/127 180/1/127
f 171/1/128 183/1/128 172/1/128
f 178/1/129 183/1/129 179/1/129
f 170/1/130 183/1/130 171/1/130
f 177/1/131 183/1/131 178/1/131
f 169/1/132 183/1/132 170/1/132
f 176/1/133 183/1/133 177/1/133
f 168/1/134 183/1/134 169/1/134
f 175/1/135 183/1/135 176/1/135
f 167/1/136 183/1/136 168/1/136
f 174/1/137 183/1/137 175/1/137
f 182/1/138 183/1/138 167/1/138
f 173/1/139 183/1/139 174/1/139
f 180/1/140 183/1/140 181/1/140
f 198/1/141 200/1/141 199/1/141
f 189/1/142 200/1/142 190/1/142
f 196/1/143 200/1/143 197/1/143
f 188/1/144 200/1/144 189/1/144
f 195/1/145 200/1/145 196/1/145
f 187/1/146 200/1/146 188/1/146
f 194/1/147 200/1/147 195/1/147
f 186/1/148 200/1/148 187/1/148
f 193/1/149 200/1/149 194/1/149
f 185/1/150 200/1/150 186/1/150
f 192/1/151 200/1/151 193/1/151
f 184/1/152 200/1/152 185/1/152
f 191/1/153 200/1/153 192/1/153
f 199/1/154 200/1/154 184/1/154
f 190/1/155 200/1/155 191/1/155
f 197/1/156 200/1/156 198/1/156
f 196/1/157 213/1/157 212/1/157 195/1/157
f 189/1/158 206/1/158 205/1/158 188/1/158
f 197/1/159 214/1/159 213/1/159 196/1/159
f 190/1/160 207/1/160 206/1/160 189/1/160
f 199/1/161 216/1/161 215/1/161 198/1/161
f 198/1/162 215/1/162 214/1/162 197/1/162
f 191/1/163 208/1/163 207/1/163 190/1/163
f 184/1/164 201/1/164 216/1/164 199/1/164
f 192/1/165 209/1/165 208/1/165 191/1/165
f 185/1/166 202/1/166 201/1/166 184/1/166
f 193/1/167 210/1/167 209/1/167 192/1/167
f 186/1/168 203/1/168 202/1/168 185/1/168
f 194/1/169 211/1/169 210/1/169 193/1/169
f 187/1/170 204/1/170 203/1/170 186/1/170
f 195/1/171 212/1/171 211/1/171 194/1/171
f 188/1/172 205/1/172 204/1/172 187/1/172
f 233/1/181 249/1/181 248/1/181
f 242/1/182 249/1/182 241/1/182
f 235/1/183 249/1/183 234/1/183
f 243/1/184 249/1/184 242/1/184
f 236/1/185 249/1/185 235/1/185
f 244/1/186 249/1/186 243/1/186
f 237/1/187 249/1/187 236/1/187
f 245/1/188 249/1/188 244/1/188
f 238/1/189 249/1/189 237/1/189
f 246/1/190 249/1/190 245/1/190
f 239/1/191 249/1/191 238/1/191
f 247/1/192 249/1/192 246/1/192
f 240/1/193 249/1/193 239/1/193
f 248/1/194 249/1/194 247/1/194
f 241/1/195 249/1/195 240/1/195
f 234/1/196 249/1/196 233/1/196
f 264/1/197 266/1/197 265/1/197
f 255/1/198 266/1/198 256/1/198
f 262/1/199 266/1/199 263/1/199
f 254/1/200 266/1/200 255/1/200
f 261/1/201 266/1/201 262/1/201
f 253/1/202 266/1/202 254/1/202
f 260/1/203 266/1/203 261/1/203
f 252/1/204 266/1/204 253/1/204
f 259/1/205 266/1/205 260/1/205
f 251/1/206 266/1/206 252/1/206
f 258/1/207 266/1/207 259/1/207
f 250/1/208 266/1/208 251/1/208
f 257/1/209 266/1/209 258/1/209
f 265/1/210 266/1/210 250/1/210
f 256/1/211 266/1/211 257/1/211
f 263/1/212 266/1/212 264/1/212
f 281/1/213 283/1/213 282/1/213
f 272/1/214 283/1/214 273/1/214
f 279/1/215 283/1/215 280/1/215
f 271/1/216 283/1/216 272/1/216
f 278/1/217 283/1/217 279/1/217
f 270/1/218 283/1/218 271/1/218
f 277/1/219 283/1/219 278/1/219
f 269/1/220 283/1/220 270/1/220
f 276/1/221 283/1/221 277/1/221
f 268/1/222 283/1/222 269/1/222
f 275/1/223 283/1/223 276/1/223
f 267/1/224 283/1/224 268/1/224
f 274/1/225 283/1/225 275/1/225
f 282/1/226 283/1/226 267/1/226
f 273/1/227 283/1/227 274/1/227
f 280/1/228 283/1/228 281/1/228
f 298/1/229 300/1/229 299/1/229
f 289/1/230 300/1/230 290/1/230
f 296/1/231 300/1/231 297/1/231
f 288/1/232 300/1/232 289/1/232
f 295/1/233 300/1/233 296/1/233
f 287/1/234 300/1/234 288/1/234
f 294/1/235 300/1/235 295/1/235
f 286/1/236 300/1/236 287/1/236
f 293/1/237 300/1/237 294/1/237
f 285/1/238 300/1/238 286/1/238
f 292/1/239 300/1/239 293/1/239
f 284/1/240 300/1/240 285/1/240
f 291/1/241 300/1/241 292/1/241
f 299/1/242 300/1/242 284/1/242
f 290/1/243 300/1/243 291/1/243
f 297/1/244 300/1/244 298/1/244
f 296/1/245 313/1/245 312/1/245 295/1/245
f 289/1/246 306/1/246 305/1/246 288/1/246
f 297/1/247 314/1/247 313/1/247 296/1/247
f 290/1/248 307/1/248 306/1/248 289/1/248
f 299/1/249 316/1/249 315/1/249 298/1/249
f 298/1/250 315/1/250 314/1/250 297/1/250
f 291/1/251 308/1/251 307/1/251 290/1/251
f 284/1/252 301/1/252 316/1/252 299/1/252
f 292/1/253 309/1/253 308/1/253 291/1/253
f 285/1/254 302/1/254 301/1/254 284/1/254
f 293/1/255 310/1/255 309/1/255 292/1/255
f 286/1/256 303/1/256 302/1/256 285/1/256
f 294/1/257 311/1/257 310/1/257 293/1/257
f 287/1/258 304/1/258 303/1/258 286/1/258
f 295/1/259 312/1/259 311/1/259 294/1/259
f 288/1/260 305/1/260 304/1/260 287/1/260
f 333/1/269 349/1/269 348/1/269
f 342/1/270 349/1/270 341/1/270
f 335/1/271 349/1/271 334/1/271
f 343/1/272 349/1/272 342/1/272
f 336/1/273 349/1/273 335/1/273
f 344/1/274 349/1/274 343/1/274
f 337/1/275 349/1/275 336/1/275
f 345/1/276 349/1/276 344/1/276
f 338/1/277 349/1/277 337/1/277
f 346/1/278 349/1/278 345/1/278
f 339/1/279 349/1/279 338/1/279
f 347/1/280 349/1/280 346/1/280
f 340/1/281 349/1/281 339/1/281
f 348/1/282 349/1/282 347/1/282
f 341/1/283 349/1/283 340/1/283
f 334/1/284 349/1/284 333/1/284
f 364/1/285 366/1/285 365/1/285
f 355/1/286 366/1/286 356/1/286
f 362/1/287 366/1/287 363/1/287
f 354/1/288 366/1/288 355/1/288
f 361/1/289 366/1/289 362/1/289
f 353/1/290 366/1/290 354/1/290
f 360/1/291 366/1/291 361/1/291
f 352/1/292 366/1/292 353/1/292
f 359/1/293 366/1/293 360/1/293
f 351/1/294 366/1/294 352/1/294
f 358/1/295 366/1/295 359/1/295
f 350/1/296 366/1/296 351/1/296
f 357/1/297 366/1/297 358/1/297
f 365/1/298 366/1/298 350/1/298
f 356/1/299 366/1/299 357/1/299
f 363/1/300 366/1/300 364/1/300
f 381/1/301 383/1/301 382/1/301
f 372/1/302 383/1/302 373/1/302
f 379/1/303 383/1/303 380/1/303
f 371/1/304 383/1/304 372/1/304
f 378/1/305 383/1/305 379/1/305
f 370/1/306 383/1/306 371/1/306
f 377/1/307 383/1/307 378/1/307
f 369/1/308 383/1/308 370/1/308
f 376/1/309 383/1/309 377/1/309
f 368/1/310 383/1/310 369/1/310
f 375/1/311 383/1/311 376/1/311
f 367/1/312 383/1/312 368/1/312
f 374/1/313 383/1/313 375/1/313
f 382/1/314 383/1/314 367/1/314
f 373/1/315 383/1/315 374/1/315
f 380/1/316 383/1/316 381/1/316
f 398/1/317 400/1/317 399/1/317
f 389/1/318 400/1/318 390/1/318
f 396/1/319 400/1/319 397/1/319
f 388/1/320 400/1/320 389/1/320
f 395/1/321 400/1/321 396/1/321
f 387/1/322 400/1/322 388/1/322
f 394/1/323 400/1/323 395/1/323
f 386/1/324 400/1/324 387/1/324
f 393/1/325 400/1/325 394/1/325
f 385/1/326 400/1/326 386/1/326
f 392/1/327 400/1/327 393/1/327
f 384/1/328 400/1/328 385/1/328
f 391/1/329 400/1/329 392/1/329
f 399/1/330 400/1/330 384/1/330
f 390/1/331 400/1/331 391/1/331
f 397/1/332 400/1/332 398/1/332
f 396/1/333 413/1/333 412/1/333 395/1/333
f 389/1/334 406/1/334 405/1/334 388/1/334
f 397/1/335 414/1/335 413/1/335 396/1/335
f 390/1/336 407/1/336 406/1/336 389/1/336
f 399/1/337 416/1/337 415/1/337 398/1/337
f 398/1/338 415/1/338 414/1/338 397/1/338
f 391/1/339 408/1/339 407/1/339 390/1/339
f 384/1/340 401/1/340 416/1/340 399/1/340
f 392/1/341 409/1/341 408/1/341 391/1/341
f 385/1/342 402/1/342 401/1/342 384/1/342
f 393/1/343 410/1/343 409/1/343 392/1/343
f 386/1/344 403/1/344 402/1/344 385/1/344
f 394/1/345 411/1/345 410/1/345 393/1/345
f 387/1/346 404/1/346 403/1/346 386/1/346
f 395/1/347 412/1/347 411/1/347 394/1/347
f 388/1/348 405/1/348 404/1/348 387/1/348
f 433/1/357 449/1/357 448/1/357
f 442/1/358 449/1/358 441/1/358
f 435/1/359 449/1/359 434/1/359
f 443/1/360 449/1/360 442/1/360
f 436/1/361 449/1/361 435/1/361
f 444/1/362 449/1/362 443/1/362
f 437/1/363 449/1/363 436/1/363
f 445/1/364 449/1/364 444/1/364
f 438/1/365 449/1/365 437/1/365
f 446/1/366 449/1/366 445/1/366
f 439/1/367 449/1/367 438/1/367
f 447/1/368 449/1/368 446/1/368
f 440/1/369 449/1/369 439/1/369
f 448/1/370 449/1/370 447/1/370
f 441/1/371 449/1/371 440/1/371
f 434/1/372 449/1/372 433/1/372
f 464/1/373 466/1/373 465/1/373
f 455/1/374 466/1/374 456/1/374
f 462/1/375 466/1/375 463/1/375
f 454/1/376 466/1/376 455/1/376
f 461/1/377 466/1/377 462/1/377
f 453/1/378 466/1/378 454/1/378
f 460/1/379 466/1/379 461/1/379
f 452/1/380 466/1/380 453/1/380
f 459/1/381 466/1/381 460/1/381
f 451/1/382 466/1/382 452/1/382
f 458/1/383 466/1/383 459/1/383
f 450/1/384 466/1/384 451/1/384
f 457/1/385 466/1/385 458/1/385
f 465/1/386 466/1/386 450/1/386
f 456/1/387 466/1/387 457/1/387
f 463/1/388 466/1/388 464/1/388
f 481/1/389 483/1/389 482/1/389
f 472/1/390 483/1/390 473/1/390
f 479/1/391 483/1/391 480/1/391
f 471/1/392 483/1/392 472/1/392
f 478/1/393 483/1/393 479/1/393
f 470/1/394 483/1/394 471/1/394
f 477/1/395 483/1/395 478/1/395
f 469/1/396 483/1/396 470/1/396
f 476/1/397 483/1/397 477/1/397
f 468/1/398 483/1/398 469/1/398
f 475/1/399 483/1/399 476/1/399
f 467/1/400 483/1/400 468/1/400
f 474/1/401 483/1/401 475/1/401
f 482/1/402 483/1/402 467/1/402
f 473/1/403 483/1/403 474/1/403
f 480/1/404 483/1/404 481/1/404
f 498/1/405 500/1/405 499/1/405
f 489/1/406 500/1/406 490/1/406
f 496/1/407 500/1/407 497/1/407
f 488/1/408 500/1/408 489/1/408
f 495/1/409 500/1/409 496/1/409
f 487/1/410 500/1/410 488/1/410
f 494/1/411 500/1/411 495/1/411
f 486/1/412 500/1/412 487/1/412
f 493/1/413 500/1/413 494/1/413
f 485/1/414 500/1/414 486/1/414
f 492/1/415 500/1/415 493/1/415
f 484/1/416 500/1/416 485/1/416
f 491/1/417 500/1/417 492/1/417
f 499/1/418 500/1/418 484/1/418
f 490/1/419 500/1/419 491/1/419
f 497/1/420 500/1/420 498/1/420
f 496/1/421 513/1/421 512/1/421 495/1/421
f 489/1/422 506/1/422 505/1/422 488/1/422
f 497/1/423 514/1/423 513/1/423 496/1/423
f 490/1/424 507/1/424 506/1/424 489/1/424
f 499/1/425 516/1/425 515/1/425 498/1/425
f 498/1/426 515/1/426 514/1/426 497/1/426
f 491/1/427 508/1/427 507/1/427 490/1/427
f 484/1/428 501/1/428 516/1/428 499/1/428
f 492/1/429 509/1/429 508/1/429 491/1/429
f 485/1/430 502/1/430 501/1/430 484/1/430
f 493/1/431 510/1/431 509/1/431 492/1/431
f 486/1/432 503/1/432 502/1/432 485/1/432
f 494/1/433 511/1/433 510/1/433 493/1/433
f 487/1/434 504/1/434 503/1/434 486/1/434
f 495/1/435 512/1/435 511/1/435 494/1/435
f 488/1/436 505/1/436 504/1/436 487/1/436
f 533/1/445 549/1/445 548/1/445
f 542/1/446 549/1/446 541/1/446
f 535/1/447 549/1/447 534/1/447
f 543/1/448 549/1/448 542/1/448
f 536/1/449 549/1/449 535/1/449
f 544/1/450 549/1/450 543/1/450
f 537/1/451 549/1/451 536/1/451
f 545/1/452 549/1/452 544/1/452
f 538/1/453 549/1/453 537/1/453
f 546/1/454 549/1/454 545/1/454
f 539/1/455 549/1/455 538/1/455
f 547/1/456 549/1/456 546/1/456
f 540/1/457 549/1/457 539/1/457
f 548/1/458 549/1/458 547/1/458
f 541/1/459 549/1/459 540/1/459
f 534/1/460 549/1/460 533/1/460
f 564/1/461 566/1/461 565/1/461
f 555/1/462 566/1/462 556/1/462
f 562/1/463 566/1/463 563/1/463
f 554/1/464 566/1/464 555/1/464
f 561/1/465 566/1/465 562/1/465
f 553/1/466 566/1/466 554/1/466
f 560/1/467 566/1/467 561/1/467
f 552/1/468 566/1/468 553/1/468
f 559/1/469 566/1/469 560/1/469
f 551/1/470 566/1/470 552/1/470
f 558/1/471 566/1/471 559/1/471
f 550/1/472 566/1/472 551/1/472
f 557/1/473 566/1/473 558/1/473
f 565/1/474 566/1/474 550/1/474
f 556/1/475 566/1/475 557/1/475
f 563/1/476 566/1/476 564/1/476
f 581/1/477 583/1/477 582/1/477
f 572/1/478 583/1/478 573/1/478
f 579/1/479 583/1/479 580/1/479
f 571/1/480 583/1/480 572/1/480
f 578/1/481 583/1/481 579/1/481
f 570/1/482 583/1/482 571/1/482
f 577/1/483 583/1/483 578/1/483
f 569/1/484 583/1/484 570/1/484
f 576/1/485 583/1/485 577/1/485
f 568/1/486 583/1/486 569/1/486
f 575/1/487 583/1/487 576/1/487
f 567/1/488 583/1/488 568/1/488
f 574/1/489 583/1/489 575/1/489
f 582/1/490 583/1/490 567/1/490
f 573/1/491 583/1/491 574/1/491
f 580/1/492 583/1/492 581/1/492
f 598/1/493 600/1/493 599/1/493
f 589/1/494 600/1/494 590/1/494
f 596/1/495 600/1/495 597/1/495
f 588/1/496 600/1/496 589/1/496
f 595/1/497 600/1/497 596/1/497
f 587/1/498 600/1/498 588/1/498
f 594/1/499 600/1/499 595/1/499
f 586/1/500 600/1/500 587/1/500
f 593/1/501 600/1/501 594/1/501
f 585/1/502 600/1/502 586/1/502
f 592/1/503 600/1/503 593/1/503
f 584/1/504 600/1/504 585/1/504
f 591/1/505 600/1/505 592/1/505
f 599/1/506 600/1/506 584/1/506
f 590/1/507 600/1/507 591/1/507
f 597/1/508 600/1/508 598/1/508
f 596/1/509 613/1/509 612/1/509 595/1/509
f 589/1/510 606/1/510 605/1/510 588/1/510
f 597/1/511 614/1/511 613/1/511 596/1/511
f 590/1/512 607/1/512 606/1/512 589/1/512
f 599/1/513 616/1/513 615/1/513 598/1/513
f 598/1/514 615/1/514 614/1/514 597/1/514
f 591/1/515 608/1/515 607/1/515 590/1/515
f 584/1/516 601/1/516 616/1/516 599/1/516
f 592/1/517 609/1/517 608/1/517 591/1/517
f 585/1/518 602/1/518 601/1/518 584/1/518
f 593/1/519 610/1/519 609/1/519 592/1/519
f 586/1/520 603/1/520 602/1/520 585/1/520
f 594/1/521 611/1/521 610/1/521 593/1/521
f 587/1/522 604/1/522 603/1/522 586/1/522
f 595/1/523 612/1/523 611/1/523 594/1/523
f 588/1/524 605/1/524 604/1/524 587/1/524
f 633/1/533 649/1/533 648/1/533
f 642/1/534 649/1/534 641/1/534
f 635/1/535 649/1/535 634/1/535
f 643/1/536 649/1/536 642/1/536
f 636/1/537 649/1/537 635/1/537
f 644/1/538 649/1/538 643/1/538
f 637/1/539 649/1/539 636/1/539
f 645/1/540 649/1/540 644/1/540
f 638/1/541 649/1/541 637/1/541
f 646/1/542 649/1/542 645/1/542
f 639/1/543 649/1/543 638/1/543
f 647/1/544 649/1/544 646/1/544
f 640/1/545 649/1/545 639/1/545
f 648/1/546 649/1/546 647/1/546
f 641/1/547 649/1/547 640/1/547
f 634/1/548 649/1/548 633/1/548
f 664/1/549 666/1/549 665/1/549
f 655/1/550 666/1/550 656/1/550
f 662/1/551 666/1/551 663/1/551
f 654/1/552 666/1/552 655/1/552
f 661/1/553 666/1/553 662/1/553
f 653/1/554 666/1/554 654/1/554
f 660/1/555 666/1/555 661/1/555
f 652/1/556 666/1/556 653/1/556
f 659/1/557 666/1/557 660/1/557
f 651/1/558 666/1/558 652/1/558
f 658/1/559 666/1/559 659/1/559
f 650/1/560 666/1/560 651/1/560
f 657/1/561 666/1/561 658/1/561
f 665/1/562 666/1/562 650/1/562
f 656/1/563 666/1/563 657/1/563
f 663/1/564 666/1/564 664/1/564
f 681/1/565 683/1/565 682/1/565
f 672/1/566 683/1/566 673/1/566
f 679/1/567 683/1/567 680/1/567
f 671/1/568 683/1/568 672/1/568
f 678/1/569 683/1/569 679/1/569
f 670/1/570 683/1/570 671/1/570
f 677/1/571 683/1/571 678/1/571
f 669/1/572 683/1/572 670/1/572
f 676/1/573 683/1/573 677/1/573
f 668/1/574 683/1/574 669/1/574
f 675/1/575 683/1/575 676/1/575
f 667/1/576 683/1/576 668/1/576
f 674/1/577 683/1/577 675/1/577
f 682/1/578 683/1/578 667/1/578
f 673/1/579 683/1/579 674/1/579
f 680/1/580 683/1/580 681/1/580
f 698/1/581 700/1/581 699/1/581
f 689/1/582 700/1/582 690/1/582
f 696/1/583 700/1/583 697/1/583
f 688/1/584 700/1/584 689/1/584
f 695/1/585 700/1/585 696/1/585
f 687/1/586 700/1/586 688/1/586
f 694/1/587 700/1/587 695/1/587
f 686/1/588 700/1/588 687/1/588
f 693/1/589 700/1/589 694/1/589
f 685/1/590 700/1/590 686/1/590
f 692/1/591 700/1/591 693/1/591
f 684/1/592 700/1/592 685/1/592
f 691/1/593 700/1/593 692/1/593
f 699/1/594 700/1/594 684/1/594
f 690/1/595 700/1/595 691/1/595
f 697/1/596 700/1/596 698/1/596
f 696/1/597 713/1/597 712/1/597 695/1/597
f 689/1/598 706/1/598 705/1/598 688/1/598
f 697/1/599 714/1/599 713/1/599 696/1/599
f 690/1/600 707/1/600 706/1/600 689/1/600
f 699/1/601 716/1/601 715/1/601 698/1/601
f 698/1/602 715/1/602 714/1/602 697/1/602
f 691/1/603 708/1/603 707/1/603 690/1/603
f 684/1/604 701/1/604 716/1/604 699/1/604
f 692/1/605 709/1/605 708/1/605 691/1/605
f 685/1/606 702/1/606 701/1/606 684/1/606
f 693/1/607 710/1/607 709/1/607 692/1/607
f 686/1/608 703/1/608 702/1/608 685/1/608
f 694/1/609 711/1/609 710/1/609 693/1/609
f 687/1/610 704/1/610 703/1/610 686/1/610
f 695/1/611 712/1/611 711/1/611 694/1/611
f 688/1/612 705/1/612 704/1/612 687/1/612
f 733/1/621 749/1/621 748/1/621
f 742/1/622 749/1/622 741/1/622
f 735/1/623 749/1/623 734/1/623
f 743/1/624 749/1/624 742/1/624
f 736/1/625 749/1/625 735/1/625
f 744/1/626 749/1/626 743/1/626
f 737/1/627 749/1/627 736/1/627
f 745/1/628 749/1/628 744/1/628
f 738/1/629 749/1/629 737/1/629
f 746/1/630 749/1/630 745/1/630
f 739/1/631 749/1/631 738/1/631
f 747/1/632 749/1/632 746/1/632
f 740/1/633 749/1/633 739/1/633
f 748/1/634 749/1/634 747/1/634
f 741/1/635 749/1/635 740/1/635
f 734/1/636 749/1/636 733/1/636
f 764/1/637 766/1/637 765/1/637
f 755/1/638 766/1/638 756/1/638
f 762/1/639 766/1/639 763/1/639
f 754/1/640 766/1/640 755/1/640
f 761/1/641 766/1/641 762/1/641
f 753/1/642 766/1/642 754/1/642
f 760/1/643 766/1/643 761/1/643
f 752/1/644 766/1/644 753/1/644
f 759/1/645 766/1/645 760/1/645
f 751/1/646 766/1/646 752/1/646
f 758/1/647 766/1/647 759/1/647
f 750/1/648 766/1/648 751/1/648
f 757/1/649 766/1/649 758/1/649
f 765/1/650 766/1/650 750/1/650
f 756/1/651 766/1/651 757/1/651
f 763/1/652 766/1/652 764/1/652
f 781/1/653 783/1/653 782/1/653
f 772/1/654 783/1/654 773/1/654
f 779/1/655 783/1/655 780/1/655
f 771/1/656 783/1/656 772/1/656
f 778/1/657 783/1/657 779/1/657
f 770/1/658 783/1/658 771/1/658
f 777/1/659 783/1/659 778/1/659
f 769/1/660 783/1/660 770/1/660
f 776/1/661 783/1/661 777/1/661
f 768/1/662 783/1/662 769/1/662
f 775/1/663 783/1/663 776/1/663
f 767/1/664 783/1/664 768/1/664
f 774/1/665 783/1/665 775/1/665
f 782/1/666 783/1/666 767/1/666
f 773/1/667 783/1/667 774/1/667
f 780/1/668 783/1/668 781/1/668
f 798/1/669 800/1/669 799/1/669
f 789/1/670 800/1/670 790/1/670
f 796/1/671 800/1/671 797/1/671
f 788/1/672 800/1/672 789/1/672
f 795/1/673 800/1/673 796/1/673
f 787/1/674 800/1/674 788/1/674
f 794/1/675 800/1/675 795/1/675
f 786/1/676 800/1/676 787/1/676
f 793/1/677 800/1/677 794/1/677
f 785/1/678 800/1/678 786/1/678
f 792/1/679 800/1/679 793/1/679
f 784/1/680 800/1/680 785/1/680
f 791/1/681 800/1/681 792/1/681
f 799/1/682 800/1/682 784/1/682
f 790/1/683 800/1/683 791/1/683
f 797/1/684 800/1/684 798/1/684
f 796/1/685 813/1/685 812/1/685 795/1/685
f 789/1/686 806/1/686 805/1/686 788/1/686
f 797/1/687 814/1/687 813/1/687 796/1/687
f 790/1/688 807/1/688 806/1/688 789/1/688
f 799/1/689 816/1/689 815/1/689 798/1/689
f 798/1/690 815/1/690 814/1/690 797/1/690
f 791/1/691 808/1/691 807/1/691 790/1/691
f 784/1/692 801/1/692 816/1/692 799/1/692
f 792/1/693 809/1/693 808/1/693 791/1/693
f 785/1/694 802/1/694 801/1/694 784/1/694
f 793/1/695 810/1/695 809/1/695 792/1/695
f 786/1/696 803/1/696 802/1/696 785/1/696
f 794/1/697 811/1/697 810/1/697 793/1/697
f 787/1/698 804/1/698 803/1/698 786/1/698
f 795/1/699 812/1/699 811/1/699 794/1/699
f 788/1/700 805/1/700 804/1/700 787/1/700
f 833/1/709 849/1/709 848/1/709
f 842/1/710 849/1/710 841/1/710
f 835/1/711 849/1/711 834/1/711
f 843/1/712 849/1/712 842/1/712
f 836/1/713 849/1/713 835/1/713
f 844/1/714 849/1/714 843/1/714
f 837/1/715 849/1/715 836/1/715
f 845/1/716 849/1/716 844/1/716
f 838/1/717 849/1/717 837/1/717
f 846/1/718 849/1/718 845/1/718
f 839/1/719 849/1/719 838/1/719
f 847/1/720 849/1/720 846/1/720
f 840/1/721 849/1/721 839/1/721
f 848/1/722 849/1/722 847/1/722
f 841/1/723 849/1/723 840/1/723
f 834/1/724 849/1/724 833/1/724
f 864/1/725 866/1/725 865/1/725
f 855/1/726 866/1/726 856/1/726
f 862/1/727 866/1/727 863/1/727
f 854/1/728 866/1/728 855/1/728
f 861/1/729 866/1/729 862/1/729
f 853/1/730 866/1/730 854/1/730
f 860/1/731 866/1/731 861/1/731
f 852/1/732 866/1/732 853/1/732
f 859/1/733 866/1/733 860/1/733
f 851/1/734 866/1/734 852/1/734
f 858/1/735 866/1/735 859/1/735
f 850/1/736 866/1/736 851/1/736
f 857/1/737 866/1/737 858/1/737
f 865/1/738 866/1/738 850/1/738
f 856/1/739 866/1/739 857/1/739
f 863/1/740 866/1/740 864/1/740
f 881/1/741 883/1/741 882/1/741
f 872/1/742 883/1/742 873/1/742
f 879/1/743 883/1/743 880/1/743
f 871/1/744 883/1/744 872/1/744
f 878/1/745 883/1/745 879/1/745
f 870/1/746 883/1/746 871/1/746
f 877/1/747 883/1/747 878/1/747
f 869/1/748 883/1/748 870/1/748
f 876/1/749 883/1/749 877/1/749
f 868/1/750 883/1/750 869/1/750
f 875/1/751 883/1/751 876/1/751
f 867/1/752 883/1/752 868/1/752
f 874/1/753 883/1/753 875/1/753
f 882/1/754 883/1/754 867/1/754
f 873/1/755 883/1/755 874/1/755
f 880/1/756 883/1/756 881/1/756
f 898/1/757 900/1/757 899/1/757
f 889/1/758 900/1/758 890/1/758
f 896/1/759 900/1/759 897/1/759
f 888/1/760 900/1/760 889/1/760
f 895/1/761 900/1/761 896/1/761
f 887/1/762 900/1/762 888/1/762
f 894/1/763 900/1/763 895/1/763
f 886/1/764 900/1/764 887/1/764
f 893/1/765 900/1/765 894/1/765
f 885/1/766 900/1/766 886/1/766
f 892/1/767 900/1/767 893/1/767
f 884/1/768 900/1/768 885/1/768
f 891/1/769 900/1/769 892/1/769
f 899/1/770 900/1/770 884/1/770
f 890/1/771 900/1/771 891/1/771
f 897/1/772 900/1/772 898/1/772
f 896/1/773 913/1/773 912/1/773 895/1/773
f 889/1/774 906/1/774 905/1/774 888/1/774
f 897/1/775 914/1/775 913/1/775 896/1/775
f 890/1/776 907/1/776 906/1/776 889/1/776
f 899/1/777 916/1/777 915/1/777 898/1/777
f 898/1/778 915/1/778 914/1/778 897/1/778
f 891/1/779 908/1/779 907/1/779 890/1/779
f 884/1/780 901/1/780 916/1/780 899/1/780
f 892/1/781 909/1/781 908/1/781 891/1/781
f 885/1/782 902/1/782 901/1/782 884/1/782
f 893/1/783 910/1/783 909/1/783 892/1/783
f 886/1/784 903/1/784 902/1/784 885/1/784
f 894/1/785 911/1/785 910/1/785 893/1/785
f 887/1/786 904/1/786 903/1/786 886/1/786
f 895/1/787 912/1/787 911/1/787 894/1/787
f 888/1/788 905/1/788 904/1/788 887/1/788
f 933/1/797 949/1/797 948/1/797
f 942/1/798 949/1/798 941/1/798
f 935/1/799 949/1/799 934/1/799
f 943/1/800 949/1/800 942/1/800
f 936/1/801 949/1/801 935/1/801
f 944/1/802 949/1/802 943/1/802
f 937/1/803 949/1/803 936/1/803
f 945/1/804 949/1/804 944/1/804
f 938/1/805 949/1/805 937/1/805
f 946/1/806 949/1/806 945/1/806
f 939/1/807 949/1/807 938/1/807
f 947/1/808 949/1/808 946/1/808
f 940/1/809 949/1/809 939/1/809
f 948/1/810 949/1/810 947/1/810
f 941/1/811 949/1/811 940/1/811
f 934/1/812 949/1/812 933/1/812
f 964/1/813 966/1/813 965/1/813
f 955/1/814 966/1/814 956/1/814
f 962/1/815 966/1/815 963/1/815
f 954/1/816 966/1/816 955/1/816
f 961/1/817 966/1/817 962/1/817
f 953/1/818 966/1/818 954/1/818
f 960/1/819 966/1/819 961/1/819
f 952/1/820 966/1/820 953/1/820
f 959/1/821 966/1/821 960/1/821
f 951/1/822 966/1/822 952/1/822
f 958/1/823 966/1/823 959/1/823
f 950/1/824 966/1/824 951/1/824
f 957/1/825 966/1/825 958/1/825
f 965/1/826 966/1/826 950/1/826
f 956/1/827 966/1/827 957/1/827
f 963/1/828 966/1/828 964/1/828
f 981/1/829 983/1/829 982/1/829
f 972/1/830 983/1/830 973/1/830
f 979/1/831 983/1/831 980/1/831
f 971/1/832 983/1/832 972/1/832
f 978/1/833 983/1/833 979/1/833
f 970/1/834 983/1/834 971/1/834
f 977/1/835 983/1/835 978/1/835
f 969/1/836 983/1/836 970/1/836
f 976/1/837 983/1/837 977/1/837
f 968/1/838 983/1/838 969/1/838
f 975/1/839 983/1/839 976/1/839
f 967/1/840 983/1/840 968/1/840
f 974/1/841 983/1/841 975/1/841
f 982/1/842 983/1/842 967/1/842
f 973/1/843 983/1/843 974/1/843
f 980/1/844 983/1/844 981/1/844
f 998/1/845 1000/1/845 999/1/845
f 989/1/846 1000/1/846 990/1/846
f 996/1/847 1000/1/847 997/1/847
f 988/1/848 1000/1/848 989/1/848
f 995/1/849 1000/1/849 996/1/849
f 987/1/850 1000/1/850 988/1/850
f 994/1/851 1000/1/851 995/1/851
f 986/1/852 1000/1/852 987/1/852
f 993/1/853 1000/1/853 994/1/853
f 985/1/854 1000/1/854 986/1/854
f 992/1/855 1000/1/855 993/1/855
f 984/1/856 1000/1/856 985/1/856
f 991/1/857 1000/1/857 992/1/857
f 999/1/858 1000/1/858 984/1/858
f 990/1/859 1000/1/859 991/1/859
f 997/1/860 1000/1/860 998/1/860
f 996/1/861 1013/1/861 1012/1/861 995/1/861
f 989/1/862 1006/1/862 1005/1/862 988/1/862
f 997/1/863 1014/1/863 1013/1/863 996/1/863
f 990/1/864 1007/1/864 1006/1/864 989/1/864
f 999/1/865 1016/1/865 1015/1/865 998/1/865
f 998/1/866 1015/1/866 1014/1/866 997/1/866
f 991/1/867 1008/1/867 1007/1/867 990/1/867
f 984/1/868 1001/1/868 1016/1/868 999/1/868
f 992/1/869 1009/1/869 1008/1/869 991/1/869
f 985/1/870 1002/1/870 1001/1/870 984/1/870
f 993/1/871 1010/1/871 1009/1/871 992/1/871
f 986/1/872 1003/1/872 1002/1/872 985/1/872
f 994/1/873 1011/1/873 1010/1/873 993/1/873
f 987/1/874 1004/1/874 1003/1/874 986/1/874
f 995/1/875 1012/1/875 1011/1/875 994/1/875
f 988/1/876 1005/1/876 1004/1/876 987/1/876
f 1033/1/885 1049/1/885 1048/1/885
f 1042/1/886 1049/1/886 1041/1/886
f 1035/1/887 1049/1/887 1034/1/887
f 1043/1/888 1049/1/888 1042/1/888
f 1036/1/889 1049/1/889 1035/1/889
f 1044/1/890 1049/1/890 1043/1/890
f 1037/1/891 1049/1/891 1036/1/891
f 1045/1/892 1049/1/892 1044/1/892
f 1038/1/893 1049/1/893 1037/1/893
f 1046/1/894 1049/1/894 1045/1/894
f 1039/1/895 1049/1/895 1038/1/895
f 1047/1/896 1049/1/896 1046/1/896
f 1040/1/897 1049/1/897 1039/1/897
f 1048/1/898 1049/1/898 1047/1/898
f 1041/1/899 1049/1/899 1040/1/899
f 1034/1/900 1049/1/900 1033/1/900
f 1064/1/901 1066/1/901 1065/1/901
f 1055/1/902 1066/1/902 1056/1/902
f 1062/1/903 1066/1/903 1063/1/903
f 1054/1/904 1066/1/904 1055/1/904
f 1061/1/905 1066/1/905 1062/1/905
f 1053/1/906 1066/1/906 1054/1/906
f 1060/1/907 1066/1/907 1061/1/907
f 1052/1/908 1066/1/908 1053/1/908
f 1059/1/909 1066/1/909 1060/1/909
f 1051/1/910 1066/1/910 1052/1/910
f 1058/1/911 1066/1/911 1059/1/911
f 1050/1/912 1066/1/912 1051/1/912
f 1057/1/913 1066/1/913 1058/1/913
f 1065/1/914 1066/1/914 1050/1/914
f 1056/1/915 1066/1/915 1057/1/915
f 1063/1/916 1066/1/916 1064/1/916
f 1081/1/917 1083/1/917 1082/1/917
f 1072/1/918 1083/1/918 1073/1/918
f 1079/1/919 1083/1/919 1080/1/919
f 1071/1/920 1083/1/920 1072/1/920
f 1078/1/921 1083/1/921 1079/1/921
f 1070/1/922 1083/1/922 1071/1/922
f 1077/1/923 1083/1/923 1078/1/923
f 1069/1/924 1083/1/924 1070/1/924
f 1076/1/925 1083/1/925 1077/1/925
f 1068/1/926 1083/1/926 1069/1/926
f 1075/1/927 1083/1/927 1076/1/927
f 1067/1/928 1083/1/928 1068/1/928
f 1074/1/929 1083/1/929 1075/1/929
f 1082/1/930 1083/1/930 1067/1/930
f 1073/1/931 1083/1/931 1074/1/931
f 1080/1/932 1083/1/932 1081/1/932
f 1098/1/933 1100/1/933 1099/1/933
f 1089/1/934 1100/1/934 1090/1/934
f 1096/1/935 1100/1/935 1097/1/935
f 1088/1/936 1100/1/936 1089/1/936
f 1095/1/937 1100/1/937 1096/1/937
f 1087/1/938 1100/1/938 1088/1/938
f 1094/1/939 1100/1/939 1095/1/939
f 1086/1/940 1100/1/940 1087/1/940
f 1093/1/941 1100/1/941 1094/1/941
f 1085/1/942 1100/1/942 1086/1/942
f 1092/1/943 1100/1/943 1093/1/943
f 1084/1/944 1100/1/944 1085/1/944
f 1091/1/945 1100/1/945 1092/1/945
f 1099/1/946 1100/1/946 1084/1/946
f 1090/1/947 1100/1/947 1091/1/947
f 1097/1/948 1100/1/948 1098/1/948
f 1096/1/949 1113/1/949 1112/1/949 1095/1/949
f 1089/1/950 1106/1/950 1105/1/950 1088/1/950
f 1097/1/951 1114/1/951 1113/1/951 1096/1/951
f 1090/1/952 1107/1/952 1106/1/952 1089/1/952
f 1099/1/953 1116/1/953 1115/1/953 1098/1/953
f 1098/1/954 1115/1/954 1114/1/954 1097/1/954
f 1091/1/955 1108/1/955 1107/1/955 1090/1/955
f 1084/1/956 1101/1/956 1116/1/956 1099/1/956
f 1092/1/957 1109/1/957 1108/1/957 1091/1/957
f 1085/1/958 1102/1/958 1101/1/958 1084/1/958
f 1093/1/959 1110/1/959 1109/1/959 1092/1/959
f 1086/1/960 1103/1/960 1102/1/960 1085/1/960
f 1094/1/961 1111/1/961 1110/1/961 1093/1/961
f 1087/1/962 1104/1/962 1103/1/962 1086/1/962
f 1095/1/963 1112/1/963 1111/1/963 1094/1/963
f 1088/1/964 1105/1/964 1104/1/964 1087/1/964
f 1133/1/973 1149/1/973 1148/1/973
f 1142/1/974 1149/1/974 1141/1/974
f 1135/1/975 1149/1/975 1134/1/975
f 1143/1/976 1149/1/976 1142/1/976
f 1136/1/977 1149/1/977 1135/1/977
f 1144/1/978 1149/1/978 1143/1/978
f 1137/1/979 1149/1/979 1136/1/979
f 1145/1/980 1149/1/980 1144/1/980
f 1138/1/981 1149/1/981 1137/1/981
f 1146/1/982 1149/1/982 1145/1/982
f 1139/1/983 1149/1/983 1138/1/983
f 1147/1/984 1149/1/984 1146/1/984
f 1140/1/985 1149/1/985 1139/1/985
f 1148/1/986 1149/1/986 1147/1/986
f 1141/1/987 1149/1/987 1140/1/987
f 1134/1/988 1149/1/988 1133/1/988
f 1164/1/989 1166/1/989 1165/1/989
f 1155/1/990 1166/1/990 1156/1/990
f 1162/1/991 1166/1/991 1163/1/991
f 1154/1/992 1166/1/992 1155/1/992
f 1161/1/993 1166/1/993 1162/1/993
f 1153/1/994 1166/1/994 1154/1/994
f 1160/1/995 1166/1/995 1161/1/995
f 1152/1/996 1166/1/996 1153/1/996
f 1159/1/997 1166/1/997 1160/1/997
f 1151/1/998 1166/1/998 1152/1/998
f 1158/1/999 1166/1/999 1159/1/999
f 1150/1/1000 1166/1/1000 1151/1/1000
f 1157/1/1001 1166/1/1001 1158/1/1001
f 1165/1/1002 1166/1/1002 1150/1/1002
f 1156/1/1003 1166/1/1003 1157/1/1003
f 1163/1/1004 1166/1/1004 1164/1/1004
f 1181/1/1005 1183/1/1005 1182/1/1005
f 1172/1/1006 1183/1/1006 1173/1/1006
f 1179/1/1007 1183/1/1007 1180/1/1007
f 1171/1/1008 1183/1/1008 1172/1/1008
f 1178/1/1009 1183/1/1009 1179/1/1009
f 1170/1/1010 1183/1/1010 1171/1/1010
f 1177/1/1011 1183/1/1011 1178/1/1011
f 1169/1/1012 1183/1/1012 1170/1/1012
f 1176/1/1013 1183/1/1013 1177/1/1013
f 1168/1/1014 1183/1/1014 1169/1/1014
f 1175/1/1015 1183/1/1015 1176/1/1015
f 1167/1/1016 1183/1/1016 1168/1/1016
f 1174/1/1017 1183/1/1017 1175/1/1017
f 1182/1/1018 1183/1/1018 1167/1/1018
f 1173/1/1019 1183/1/1019 1174/1/1019
f 1180/1/1020 1183/1/1020 1181/1/1020
f 1198/1/1021 1200/1/1021 1199/1/1021
f 1189/1/1022 1200/1/1022 1190/1/1022
f 1196/1/1023 1200/1/1023 1197/1/1023
f 1188/1/1024 1200/1/1024 1189/1/1024
f 1195/1/1025 1200/1/1025 1196/1/1025
f 1187/1/1026 1200/1/1026 1188/1/1026
f 1194/1/1027 1200/1/1027 1195/1/1027
f 1186/1/1028 1200/1/1028 1187/1/1028
f 1193/1/1029 1200/1/1029 1194/1/1029
f 1185/1/1030 1200/1/1030 1186/1/1030
f 1192/1/1031 1200/1/1031 1193/1/1031
f 1184/1/1032 1200/1/1032 1185/1/1032
f 1191/1/1033 1200/1/1033 1192/1/1033
f 1199/1/1034 1200/1/1034 1184/1/1034
f 1190/1/1035 1200/1/1035 1191/1/1035
f 1197/1/1036 1200/1/1036 1198/1/1036
f 1196/1/1037 1213/1/1037 1212/1/1037 1195/1/1037
f 1189/1/1038 1206/1/1038 1205/1/1038 1188/1/1038
f 1197/1/1039 1214/1/1039 1213/1/1039 1196/1/1039
f 1190/1/1040 1207/1/1040 1206/1/1040 1189/1/1040
f 1199/1/1041 1216/1/1041 1215/1/1041 1198/1/1041
f 1198/1/1042 1215/1/1042 1214/1/1042 1197/1/1042
f 1191/1/1043 1208/1/1043 1207/1/1043 1190/1/1043
f 1184/1/1044 1201/1/1044 1216/1/1044 1199/1/1044
f 1192/1/1045 1209/1/1045 1208/1/1045 1191/1/1045
f 1185/1/1046 1202/1/1046 1201/1/1046 1184/1/1046
f 1193/1/1047 1210/1/1047 1209/1/1047 1192/1/1047
f 1186/1/1048 1203/1/1048 1202/1/1048 1185/1/1048
f 1194/1/1049 1211/1/1049 1210/1/1049 1193/1/1049
f 1187/1/1050 1204/1/1050 1203/1/1050 1186/1/1050
f 1195/1/1051 1212/1/1051 1211/1/1051 1194/1/1051
f 1188/1/1052 1205/1/1052 1204/1/1052 1187/1/1052
f 1233/1/1061 1249/1/1061 1248/1/1061
f 1242/1/1062 1249/1/1062 1241/1/1062
f 1235/1/1063 1249/1/1063 1234/1/1063
f 1243/1/1064 1249/1/1064 1242/1/1064
f 1236/1/1065 1249/1/1065 1235/1/1065
f 1244/1/1066 1249/1/1066 1243/1/1066
f 1237/1/1067 1249/1/1067 1236/1/1067
f 1245/1/1068 1249/1/1068 1244/1/1068
f 1238/1/1069 1249/1/1069 1237/1/1069
f 1246/1/1070 1249/1/1070 1245/1/1070
f 1239/1/1071 1249/1/1071 1238/1/1071
f 1247/1/1072 1249/1/1072 1246/1/1072
f 1240/1/1073 1249/1/1073 1239/1/1073
f 1248/1/1074 1249/1/1074 1247/1/1074
f 1241/1/1075 1249/1/1075 1240/1/1075
f 1234/1/1076 1249/1/1076 1233/1/1076
f 1264/1/1077 1266/1/1077 1265/1/1077
f 1255/1/1078 1266/1/1078 1256/1/1078
f 1262/1/1079 1266/1/1079 1263/1/1079
f 1254/1/1080 1266/1/1080 1255/1/1080
f 1261/1/1081 1266/1/1081 1262/1/1081
f 1253/1/1082 1266/1/1082 1254/1/1082
f 1260/1/1083 1266/1/1083 1261/1/1083
f 1252/1/1084 1266/1/1084 1253/1/1084
f 1259/1/1085 1266/1/1085 1260/1/1085
f 1251/1/1086 1266/1/1086 1252/1/1086
f 1258/1/1087 1266/1/1087 1259/1/1087
f 1250/1/1088 1266/1/1088 1251/1/1088
f 1257/1/1089 1266/1/1089 1258/1/1089
f 1265/1/1090 1266/1/1090 1250/1/1090
f 1256/1/1091 1266/1/1091 1257/1/1091
f 1263/1/1092 1266/1/1092 1264/1/1092
f 1281/1/1093 1283/1/1093 1282/1/1093
f 1272/1/1094 1283/1/1094 1273/1/1094
f 1279/1/1095 1283/1/1095 1280/1/1095
f 1271/1/1096 1283/1/1096 1272/1/1096
f 1278/1/1097 1283/1/1097 1279/1/1097
f 1270/1/1098 1283/1/1098 1271/1/1098
f 1277/1/1099 1283/1/1099 1278/1/1099
f 1269/1/1100 1283/1/1100 1270/1/1100
f 1276/1/1101 1283/1/1101 1277/1/1101
f 1268/1/1102 1283/1/1102 1269/1/1102
f 1275/1/1103 1283/1/1103 1276/1/1103
f 1267/1/1104 1283/1/1104 1268/1/1104
f 1274/1/1105 1283/1/1105 1275/1/1105
f 1282/1/1106 1283/1/1106 1267/1/1106
f 1273/1/1107 1283/1/1107 1274/1/1107
f 1280/1/1108 1283/1/1108 1281/1/1108
f 1298/1/1109 1300/1/1109 1299/1/1109
f 1289/1/1110 1300/1/1110 1290/1/1110
f 1296/1/1111 1300/1/1111 1297/1/1111
f 1288/1/1112 1300/1/1112 1289/1/1112
f 1295/1/1113 1300/1/1113 1296/1/1113
f 1287/1/1114 1300/1/1114 1288/1/1114
f 1294/1/1115 1300/1/1115 1295/1/1115
f 1286/1/1116 1300/1/1116 1287/1/1116
f 1293/1/1117 1300/1/1117 1294/1/1117
f 1285/1/1118 1300/1/1118 1286/1/1118
f 1292/1/1119 1300/1/1119 1293/1/1119
f 1284/1/1120 1300/1/1120 1285/1/1120
f 1291/1/1121 1300/1/1121 1292/1/1121
f 1299/1/1122 1300/1/1122 1284/1/1122
f 1290/1/1123 1300/1/1123 1291/1/1123
f 1297/1/1124 1300/1/1124 1298/1/1124
f 1296/1/1125 1313/1/1125 1312/1/1125 1295/1/1125
f 1289/1/1126 1306/1/1126 1305/1/1126 1288/1/1126
f 1297/1/1127 1314/1/1127 1313/1/1127 1296/1/1127
f 1290/1/1128 1307/1/1128 1306/1/1128 1289/1/1128
f 1299/1/1129 1316/1/1129 1315/1/1129 1298/1/1129
f 1298/1/1130 1315/1/1130 1314/1/1130 1297/1/1130
f 1291/1/1131 1308/1/1131 1307/1/1131 1290/1/1131
f 1284/1/1132 1301/1/1132 1316/1/1132 1299/1/1132
f 1292/1/1133 1309/1/1133 1308/1/1133 1291/1/1133
f 1285/1/1134 1302/1/1134 1301/1/1134 1284/1/1134
f 1293/1/1135 1310/1/1135 1309/1/1135 1292/1/1135
f 1286/1/1136 1303/1/1136 1302/1/1136 1285/1/1136
f 1294/1/1137 1311/1/1137 1310/1/1137 1293/1/1137
f 1287/1/1138 1304/1/1138 1303/1/1138 1286/1/1138
f 1295/1/1139 1312/1/1139 1311/1/1139 1294/1/1139
f 1288/1/1140 1305/1/1140 1304/1/1140 1287/1/1140
f 1333/1/1149 1349/1/1149 1348/1/1149
f 1342/1/1150 1349/1/1150 1341/1/1150
f 1335/1/1151 1349/1/1151 1334/1/1151
f 1343/1/1152 1349/1/1152 1342/1/1152
f 1336/1/1153 1349/1/1153 1335/1/1153
f 1344/1/1154 1349/1/1154 1343/1/1154
f 1337/1/1155 1349/1/1155 1336/1/1155
f 1345/1/1156 1349/1/1156 1344/1/1156
f 1338/1/1157 1349/1/1157 1337/1/1157
f 1346/1/1158 1349/1/1158 1345/1/1158
f 1339/1/1159 1349/1/1159 1338/1/1159
f 1347/1/1160 1349/1/1160 1346/1/1160
f 1340/1/1161 1349/1/1161 1339/1/1161
f 1348/1/1162 1349/1/1162 1347/1/1162
f 1341/1/1163 1349/1/1163 1340/1/1163
f 1334/1/1164 1349/1/1164 1333/1/1164
f 1364/1/1165 1366/1/1165 1365/1/1165
f 1355/1/1166 1366/1/1166 1356/1/1166
f 1362/1/1167 1366/1/1167 1363/1/1167
f 1354/1/1168 1366/1/1168 1355/1/1168
f 1361/1/1169 1366/1/1169 1362/1/1169
f 1353/1/1170 1366/1/1170 1354/1/1170
f 1360/1/1171 1366/1/1171 1361/1/1171
f 1352/1/1172 1366/1/1172 1353/1/1172
f 1359/1/1173 1366/1/1173 1360/1/1173
f 1351/1/1174 1366/1/1174 1352/1/1174
f 1358/1/1175 1366/1/1175 1359/1/1175
f 1350/1/1176 1366/1/1176 1351/1/1176
f 1357/1/1177 1366/1/1177 1358/1/1177
f 1365/1/1178 1366/1/1178 1350/1/1178
f 1356/1/1179 1366/1/1179 1357/1/1179
f 1363/1/1180 1366/1/1180 1364/1/1180
f 1381/1/1181 1383/1/1181 1382/1/1181
f 1372/1/1182 1383/1/1182 1373/1/1182
f 1379/1/1183 1383/1/1183 1380/1/1183
f 1371/1/1184 1383/1/1184 1372/1/1184
f 1378/1/1185 1383/1/1185 1379/1/1185
f 1370/1/1186 1383/1/1186 1371/1/1186
f 1377/1/1187 1383/1/1187 1378/1/1187
f 1369/1/1188 1383/1/1188 1370/1/1188
f 1376/1/1189 1383/1/1189 1377/1/1189
f 1368/1/1190 1383/1/1190 1369/1/1190
f 1375/1/1191 1383/1/1191 1376/1/1191
f 1367/1/1192 1383/1/1192 1368/1/1192
f 1374/1/1193 1383/1/1193 1375/1/1193
f 1382/1/1194 1383/1/1194 1367/1/1194
f 1373/1/1195 1383/1/1195 1374/1/1195
f 1380/1/1196 1383/1/1196 1381/1/1196
f 1398/1/1197 1400/1/1197 1399/1/1197
f 1389/1/1198 1400/1/1198 1390/1/1198
f 1396/1/1199 1400/1/1199 1397/1/1199
f 1388/1/1200 1400/1/1200 1389/1/1200
f 1395/1/1201 1400/1/1201 1396/1/1201
f 1387/1/1202 1400/1/1202 1388/1/1202
f 1394/1/1203 1400/1/1203 1395/1/1203
f 1386/1/1204 1400/1/1204 1387/1/1204
f 1393/1/1205 1400/1/1205 1394/1/1205
f 1385/1/1206 1400/1/1206 1386/1/1206
f 1392/1/1207 1400/1/1207 1393/1/1207
f 1384/1/1208 1400/1/1208 1385/1/1208
f 1391/1/1209 1400/1/1209 1392/1/1209
f 1399/1/1210 1400/1/1210 1384/1/1210
f 1390/1/1211 1400/1/1211 1391/1/1211
f 1397/1/1212 1400/1/1212 1398/1/1212
f 1396/1/1213 1413/1/1213 1412/1/1213 1395/1/1213
f 1389/1/1214 1406/1/1214 1405/1/1214 1388/1/1214
f 1397/1/1215 1414/1/1215 1413/1/1215 1396/1/1215
f 1390/1/1216 1407/1/1216 1406/1/1216 1389/1/1216
f 1399/1/1217 1416/1/1217 1415/1/1217 1398/1/1217
f 1398/1/1218 1415/1/1218 1414/1/1218 1397/1/1218
f 1391/1/1219 1408/1/1219 1407/1/1219 1390/1/1219
f 1384/1/1220 1401/1/1220 1416/1/1220 1399/1/1220
f 1392/1/1221 1409/1/1221 1408/1/1221 1391/1/1221
f 1385/1/1222 1402/1/1222 1401/1/1222 1384/1/1222
f 1393/1/1223 1410/1/1223 1409/1/1223 1392/1/1223
f 1386/1/1224 1403/1/1224 1402/1/1224 1385/1/1224
f 1394/1/1225 1411/1/1225 1410/1/1225 1393/1/1225
f 1387/1/1226 1404/1/1226 1403/1/1226 1386/1/1226
f 1395/1/1227 1412/1/1227 1411/1/1227 1394/1/1227
f 1388/1/1228 1405/1/1228 1404/1/1228 1387/1/1228
f 1433/1/1237 1449/1/1237 1448/1/1237
f 1442/1/1238 1449/1/1238 1441/1/1238
f 1435/1/1239 1449/1/1239 1434/1/1239
f 1443/1/1240 1449/1/1240 1442/1/1240
f 1436/1/1241 1449/1/1241 1435/1/1241
f 1444/1/1242 1449/1/1242 1443/1/1242
f 1437/1/1243 1449/1/1243 1436/1/1243
f 1445/1/1244 1449/1/1244 1444/1/1244
f 1438/1/1245 1449/1/1245 1437/1/1245
f 1446/1/1246 1449/1/1246 1445/1/1246
f 1439/1/1247 1449/1/1247 1438/1/1247
f 1447/1/1248 1449/1/1248 1446/1/1248
f 1440/1/1249 1449/1/1249 1439/1/1249
f 1448/1/1250 1449/1/1250 1447/1/1250
f 1441/1/1251 1449/1/1251 1440/1/1251
f 1434/1/1252 1449/1/1252 1433/1/1252
f 1464/1/1253 1466/1/1253 1465/1/1253
f 1455/1/1254 1466/1/1254 1456/1/1254
f 1462/1/1255 1466/1/1255 1463/1/1255
f 1454/1/1256 1466/1/1256 1455/1/1256
f 1461/1/1257 1466/1/1257 1462/1/1257
f 1453/1/1258 1466/1/1258 1454/1/1258
f 1460/1/1259 1466/1/1259 1461/1/1259
f 1452/1/1260 1466/1/1260 1453/1/1260
f 1459/1/1261 1466/1/1261 1460/1/1261
f 1451/1/1262 1466/1/1262 1452/1/1262
f 1458/1/1263 1466/1/1263 1459/1/1263
f 1450/1/1264 1466/1/1264 1451/1/1264
f 1457/1/1265 1466/1/1265 1458/1/1265
f 1465/1/1266 1466/1/1266 1450/1/1266
f 1456/1/1267 1466/1/1267 1457/1/1267
f 1463/1/1268 1466/1/1268 1464/1/1268
f 1481/1/1269 1483/1/1269 1482/1/1269
f 1472/1/1270 1483/1/1270 1473/1/1270
f 1479/1/1271 1483/1/1271 1480/1/1271
f 1471/1/1272 1483/1/1272 1472/1/1272
f 1478/1/1273 1483/1/1273 1479/1/1273
f 1470/1/1274 1483/1/1274 1471/1/1274
f 1477/1/1275 1483/1/1275 1478/1/1275
f 1469/1/1276 1483/1/1276 1470/1/1276
f 1476/1/1277 1483/1/1277 1477/1/1277
f 1468/1/1278 1483/1/1278 1469/1/1278
f 1475/1/1279 1483/1/1279 1476/1/1279
f 1467/1/1280 1483/1/1280 1468/1/1280
f 1474/1/1281 1483/1/1281 1475/1/1281
f 1482/1/1282 1483/1/1282 1467/1/1282
f 1473/1/1283 1483/1/1283 1474/1/1283
f 1480/1/1284 1483/1/1284 1481/1/1284
f 1498/1/1285 1500/1/1285 1499/1/1285
f 1489/1/1286 1500/1/1286 1490/1/1286
f 1496/1/1287 1500/1/1287 1497/1/1287
f 1488/1/1288 1500/1/1288 1489/1/1288
f 1495/1/1289 1500/1/1289 1496/1/1289
f 1487/1/1290 1500/1/1290 1488/1/1290
f 1494/1/1291 1500/1/1291 1495/1/1291
f 1486/1/1292 1500/1/1292 1487/1/1292
f 1493/1/1293 1500/1/1293 1494/1/1293
f 1485/1/1294 1500/1/1294 1486/1/1294
f 1492/1/1295 1500/1/1295 1493/1/1295
f 1484/1/1296 1500/1/1296 1485/1/1296
f 1491/1/1297 1500/1/1297 1492/1/1297
f 1499/1/1298 1500/1/1298 1484/1/1298
f 1490/1/1299 1500/1/1299 1491/1/1299
f 1497/1/1300 1500/1/1300 1498/1/1300
f 1496/1/1301 1513/1/1301 1512/1/1301 1495/1/1301
f 1489/1/1302 1506/1/1302 1505/1/1302 1488/1/1302
f 1497/1/1303 1514/1/1303 1513/1/1303 1496/1/1303
f 1490/1/1304 1507/1/1304 1506/1/1304 1489/1/1304
f 1499/1/1305 1516/1/1305 1515/1/1305 1498/1/1305
f 1498/1/1306 1515/1/1306 1514/1/1306 1497/1/1306
f 1491/1/1307 1508/1/1307 1507/1/1307 1490/1/1307
f 1484/1/1308 1501/1/1308 1516/1/1308 1499/1/1308
f 1492/1/1309 1509/1/1309 1508/1/1309 1491/1/1309
f 1485/1/1310 1502/1/1310 1501/1/1310 1484/1/1310
f 1493/1/1311 1510/1/1311 1509/1/1311 1492/1/1311
f 1486/1/1312 1503/1/1312 1502/1/1312 1485/1/1312
f 1494/1/1313 1511/1/1313 1510/1/1313 1493/1/1313
f 1487/1/1314 1504/1/1314 1503/1/1314 1486/1/1314
f 1495/1/1315 1512/1/1315 1511/1/1315 1494/1/1315
f 1488/1/1316 1505/1/1316 1504/1/1316 1487/1/1316
f 1533/1/1325 1549/1/1325 1548/1/1325
f 1542/1/1326 1549/1/1326 1541/1/1326
f 1535/1/1327 1549/1/1327 1534/1/1327
f 1543/1/1328 1549/1/1328 1542/1/1328
f 1536/1/1329 1549/1/1329 1535/1/1329
f 1544/1/1330 1549/1/1330 1543/1/1330
f 1537/1/1331 1549/1/1331 1536/1/1331
f 1545/1/1332 1549/1/1332 1544/1/1332
f 1538/1/1333 1549/1/1333 1537/1/1333
f 1546/1/1334 1549/1/1334 1545/1/1334
f 1539/1/1335 1549/1/1335 1538/1/1335
f 1547/1/1336 1549/1/1336 1546/1/1336
f 1540/1/1337 1549/1/1337 1539/1/1337
f 1548/1/1338 1549/1/1338 1547/1/1338
f 1541/1/1339 1549/1/1339 1540/1/1339
f 1534/1/1340 1549/1/1340 1533/1/1340
f 1564/1/1341 1566/1/1341 1565/1/1341
f 1555/1/1342 1566/1/1342 1556/1/1342
f 1562/1/1343 1566/1/1343 1563/1/1343
f 1554/1/1344 1566/1/1344 1555/1/1344
f 1561/1/1345 1566/1/1345 1562/1/1345
f 1553/1/1346 1566/1/1346 1554/1/1346
f 1560/1/1347 1566/1/1347 1561/1/1347
f 1552/1/1348 1566/1/1348 1553/1/1348
f 1559/1/1349 1566/1/1349 1560/1/1349
f 1551/1/1350 1566/1/1350 1552/1/1350
f 1558/1/1351 1566/1/1351 1559/1/1351
f 1550/1/1352 1566/1/1352 1551/1/1352
f 1557/1/1353 1566/1/1353 1558/1/1353
f 1565/1/1354 1566/1/1354 1550/1/1354
f 1556/1/1355 1566/1/1355 1557/1/1355
f 1563/1/1356 1566/1/1356 1564/1/1356
f 1581/1/1357 1583/1/1357 1582/1/1357
f 1572/1/1358 1583/1/1358 1573/1/1358
f 1579/1/1359 1583/1/1359 1580/1/1359
f 1571/1/1360 1583/1/1360 1572/1/1360
f 1578/1/1361 1583/1/1361 1579/1/1361
f 1570/1/1362 1583/1/1362 1571/1/1362
f 1577/1/1363 1583/1/1363 1578/1/1363
f 1569/1/1364 1583/1/1364 1570/1/1364
f 1576/1/1365 1583/1/1365 1577/1/1365
f 1568/1/1366 1583/1/1366 1569/1/1366
f 1575/1/1367 1583/1/1367 1576/1/1367
f 1567/1/1368 1583/1/1368 1568/1/1368
f 1574/1/1369 1583/1/1369 1575/1/1369
f 1582/1/1370 1583/1/1370 1567/1/1370
f 1573/1/1371 1583/1/1371 1574/1/1371
f 1580/1/1372 1583/1/1372 1581/1/1372
f 1598/1/1373 1600/1/1373 1599/1/1373
f 1589/1/1374 1600/1/1374 1590/1/1374
f 1596/1/1375 1600/1/1375 1597/1/1375
f 1588/1/1376 1600/1/1376 1589/1/1376
f 1595/1/1377 1600/1/1377 1596/1/1377
f 1587/1/1378 1600/1/1378 1588/1/1378
f 1594/1/1379 1600/1/1379 1595/1/1379
f 1586/1/1380 1600/1/1380 1587/1/1380
f 1593/1/1381 1600/1/1381 1594/1/1381
f 1585/1/1382 1600/1/1382 1586/1/1382
f 1592/1/1383 1600/1/1383 1593/1/1383
f 1584/1/1384 1600/1/1384 1585/1/1384
f 1591/1/1385 1600/1/1385 1592/1/1385
f 1599/1/1386 1600/1/1386 1584/1/1386
f 1590/1/1387 1600/1/1387 1591/1/1387
f 1597/1/1388 1600/1/1388 1598/1/1388
f 1596/1/1389 1613/1/1389 1612/1/1389 1595/1/1389
f 1589/1/1390 1606/1/1390 1605/1/1390 1588/1/1390
f 1597/1/1391 1614/1/1391 1613/1/1391 1596/1/1391
f 1590/1/1392 1607/1/1392 1606/1/1392 1589/1/1392
f 1599/1/1393 1616/1/1393 1615/1/1393 1598/1/1393
f 1598/1/1394 1615/1/1394 1614/1/1394 1597/1/1394
f 1591/1/1395 1608/1/1395 1607/1/1395 1590/1/1395
f 1584/1/1396 1601/1/1396 1616/1/1396 1599/1/1396
f 1592/1/1397 1609/1/1397 1608/1/1397 1591/1/1397
f 1585/1/1398 1602/1/1398 1601/1/1398 1584/1/1398
f 1593/1/1399 1610/1/1399 1609/1/1399 1592/1/1399
f 1586/1/1400 1603/1/1400 1602/1/1400 1585/1/1400
f 1594/1/1401 1611/1/1401 1610/1/1401 1593/1/1401
f 1587/1/1402 1604/1/1402 1603/1/1402 1586/1/1402
f 1595/1/1403 1612/1/1403 1611/1/1403 1594/1/1403
f 1588/1/1404 1605/1/1404 1604/1/1404 1587/1/1404
f 1633/1/1413 1649/1/1413 1648/1/1413
f 1642/1/1414 1649/1/1414 1641/1/1414
f 1635/1/1415 1649/1/1415 1634/1/1415
f 1643/1/1416 1649/1/1416 1642/1/1416
f 1636/1/1417 1649/1/1417 1635/1/1417
f 1644/1/1418 1649/1/1418 1643/1/1418
f 1637/1/1419 1649/1/1419 1636/1/1419
f 1645/1/1420 1649/1/1420 1644/1/1420
f 1638/1/1421 1649/1/1421 1637/1/1421
f 1646/1/1422 1649/1/1422 1645/1/1422
f 1639/1/1423 1649/1/1423 1638/1/1423
f 1647/1/1424 1649/1/1424 1646/1/1424
f 1640/1/1425 1649/1/1425 1639/1/1425
f 1648/1/1426 1649/1/1426 1647/1/1426
f 1641/1/1427 1649/1/1427 1640/1/1427
f 1634/1/1428 1649/1/1428 1633/1/1428
f 1664/1/1429 1666/1/1429 1665/1/1429
f 1655/1/1430 1666/1/1430 1656/1/1430
f 1662/1/1431 1666/1/1431 1663/1/1431
f 1654/1/1432 1666/1/1432 1655/1/1432
f 1661/1/1433 1666/1/1433 1662/1/1433
f 1653/1/1434 1666/1/1434 1654/1/1434
f 1660/1/1435 1666/1/1435 1661/1/1435
f 1652/1/1436 1666/1/1436 1653/1/1436
f 1659/1/1437 1666/1/1437 1660/1/1437
f 1651/1/1438 1666/1/1438 1652/1/1438
f 1658/1/1439 1666/1/1439 1659/1/1439
f 1650/1/1440 1666/1/1440 1651/1/1440
f 1657/1/1441 1666/1/1441 1658/1/1441
f 1665/1/1442 1666/1/1442 1650/1/1442
f 1656/1/1443 1666/1/1443 1657/1/1443
f 1663/1/1444 1666/1/1444 1664/1/1444
f 1681/1/1445 1683/1/1445 1682/1/1445
f 1672/1/1446 1683/1/1446 1673/1/1446
f 1679/1/1447 1683/1/1447 1680/1/1447
f 1671/1/1448 1683/1/1448 1672/1/1448
f 1678/1/1449 1683/1/1449 1679/1/1449
f 1670/1/1450 1683/1/1450 1671/1/1450
f 1677/1/1451 1683/1/1451 1678/1/1451
f 1669/1/1452 1683/1/1452 1670/1/1452
f 1676/1/1453 1683/1/1453 1677/1/1453
f 1668/1/1454 1683/1/1454 1669/1/1454
f 1675/1/1455 1683/1/1455 1676/1/1455
f 1667/1/1456 1683/1/1456 1668/1/1456
f 1674/1/1457 1683/1/1457 1675/1/1457
f 1682/1/1458 1683/1/1458 1667/1/1458
f 1673/1/1459 1683/1/1459 1674/1/1459
f 1680/1/1460 1683/1/1460 1681/1/1460
f 1698/1/1461 1700/1/1461 1699/1/1461
f 1689/1/1462 1700/1/1462 1690/1/1462
f 1696/1/1463 1700/1/1463 1697/1/1463
f 1688/1/1464 1700/1/1464 1689/1/1464
f 1695/1/1465 1700/1/1465 1696/1/1465
f 1687/1/1466 1700/1/1466 1688/1/1466
f 1694/1/1467 1700/1/1467 1695/1/1467
f 1686/1/1468 1700/1/1468 1687/1/1468
f 1693/1/1469 1700/1/1469 1694/1/1469
f 1685/1/1470 1700/1/1470 1686/1/1470
f 1692/1/1471 1700/1/1471 1693/1/1471
f 1684/1/1472 1700/1/1472 1685/1/1472
f 1691/1/1473 1700/1/1473 1692/1/1473
f 1699/1/1474 1700/1/1474 1684/1/1474
f 1690/1/1475 1700/1/1475 1691/1/1475
f 1697/1/1476 1700/1/1476 1698/1/1476
f 1696/1/1477 1713/1/1477 1712/1/1477 1695/1/1477
f 1689/1/1478 1706/1/1478 1705/1/1478 1688/1/1478
f 1697/1/1479 1714/1/1479 1713/1/1479 1696/1/1479
f 1690/1/1480 1707/1/1480 1706/1/1480 1689/1/1480
f 1699/1/1481 1716/1/1481 1715/1/1481 1698/1/1481
f 1698/1/1482 1715/1/1482 1714/1/1482 1697/1/1482
f 1691/1/1483 1708/1/1483 1707/1/1483 1690/1/1483
f 1684/1/1484 1701/1/1484 1716/1/1484 1699/1/1484
f 1692/1/1485 1709/1/1485 1708/1/1485 1691/1/1485
f 1685/1/1486 1702/1/1486 1701/1/1486 1684/1/1486
f 1693/1/1487 1710/1/1487 1709/1/1487 1692/1/1487
f 1686/1/1488 1703/1/1488 1702/1/1488 1685/1/1488
f 1694/1/1489 1711/1/1489 1710/1/1489 1693/1/1489
f 1687/1/1490 1704/1/1490 1703/1/1490 1686/1/1490
f 1695/1/1491 1712/1/1491 1711/1/1491 1694/1/1491
f 1688/1/1492 1705/1/1492 1704/1/1492 1687/1/1492
f 1733/1/357 1749/1/357 1748/1/357
f 1742/1/358 1749/1/358 1741/1/358
f 1735/1/359 1749/1/359 1734/1/359
f 1743/1/360 1749/1/360 1742/1/360
f 1736/1/361 1749/1/361 1735/1/361
f 1744/1/362 1749/1/362 1743/1/362
f 1737/1/363 1749/1/363 1736/1/363
f 1745/1/364 1749/1/364 1744/1/364
f 1738/1/365 1749/1/365 1737/1/365
f 1746/1/366 1749/1/366 1745/1/366
f 1739/1/1501 1749/1/1501 1738/1/1501
f 1747/1/368 1749/1/368 1746/1/368
f 1740/1/369 1749/1/369 1739/1/369
f 1748/1/370 1749/1/370 1747/1/370
f 1741/1/371 1749/1/371 1740/1/371
f 1734/1/372 1749/1/372 1733/1/372
f 1764/1/373 1766/1/373 1765/1/373
f 1755/1/374 1766/1/374 1756/1/374
f 1762/1/375 1766/1/375 1763/1/375
f 1754/1/376 1766/1/376 1755/1/376
f 1761/1/1502 1766/1/1502 1762/1/1502
f 1753/1/378 1766/1/378 1754/1/378
f 1760/1/379 1766/1/379 1761/1/379
f 1752/1/380 1766/1/380 1753/1/380
f 1759/1/1503 1766/1/1503 1760/1/1503
f 1751/1/382 1766/1/382 1752/1/382
f 1758/1/383 1766/1/383 1759/1/383
f 1750/1/384 1766/1/384 1751/1/384
f 1757/1/385 1766/1/385 1758/1/385
f 1765/1/1504 1766/1/1504 1750/1/1504
f 1756/1/387 1766/1/387 1757/1/387
f 1763/1/388 1766/1/388 1764/1/388
f 1781/1/389 1783/1/389 1782/1/389
f 1772/1/390 1783/1/390 1773/1/390
f 1779/1/391 1783/1/391 1780/1/391
f 1771/1/392 1783/1/392 1772/1/392
f 1778/1/393 1783/1/393 1779/1/393
f 1770/1/394 1783/1/394 1771/1/394
f 1777/1/395 1783/1/395 1778/1/395
f 1769/1/396 1783/1/396 1770/1/396
f 1776/1/397 1783/1/397 1777/1/397
f 1768/1/398 1783/1/398 1769/1/398
f 1775/1/399 1783/1/399 1776/1/399
f 1767/1/400 1783/1/400 1768/1/400
f 1774/1/401 1783/1/401 1775/1/401
f 1782/1/402 1783/1/402 1767/1/402
f 1773/1/403 1783/1/403 1774/1/403
f 1780/1/404 1783/1/404 1781/1/404
f 1798/1/405 1800/1/405 1799/1/405
f 1789/1/406 1800/1/406 1790/1/406
f 1796/1/1505 1800/1/1505 1797/1/1505
f 1788/1/1506 1800/1/1506 1789/1/1506
f 1795/1/409 1800/1/409 1796/1/409
f 1787/1/410 1800/1/410 1788/1/410
f 1794/1/411 1800/1/411 1795/1/411
f 1786/1/1507 1800/1/1507 1787/1/1507
f 1793/1/413 1800/1/413 1794/1/413
f 1785/1/1508 1800/1/1508 1786/1/1508
f 1792/1/415 1800/1/415 1793/1/415
f 1784/1/416 1800/1/416 1785/1/416
f 1791/1/417 1800/1/417 1792/1/417
f 1799/1/418 1800/1/418 1784/1/418
f 1790/1/419 1800/1/419 1791/1/419
f 1797/1/420 1800/1/420 1798/1/420
f 1796/1/421 1813/1/421 1812/1/421 1795/1/421
f 1789/1/422 1806/1/422 1805/1/422 1788/1/422
f 1797/1/423 1814/1/423 1813/1/423 1796/1/423
f 1790/1/424 1807/1/424 1806/1/424 1789/1/424
f 1799/1/425 1816/1/425 1815/1/425 1798/1/425
f 1798/1/426 1815/1/426 1814/1/426 1797/1/426
f 1791/1/427 1808/1/427 1807/1/427 1790/1/427
f 1784/1/428 1801/1/428 1816/1/428 1799/1/428
f 1792/1/429 1809/1/429 1808/1/429 1791/1/429
f 1785/1/430 1802/1/430 1801/1/430 1784/1/430
f 1793/1/431 1810/1/431 1809/1/431 1792/1/431
f 1786/1/432 1803/1/432 1802/1/432 1785/1/432
f 1794/1/433 1811/1/433 1810/1/433 1793/1/433
f 1787/1/434 1804/1/434 1803/1/434 1786/1/434
f 1795/1/1509 1812/1/1509 1811/1/1509 1794/1/1509
f 1788/1/436 1805/1/436 1804/1/436 1787/1/436
f 1833/1/1510 1849/1/1510 1848/1/1510
f 1842/1/1511 1849/1/1511 1841/1/1511
f 1835/1/1512 1849/1/1512 1834/1/1512
f 1843/1/1513 1849/1/1513 1842/1/1513
f 1836/1/1514 1849/1/1514 1835/1/1514
f 1844/1/1515 1849/1/1515 1843/1/1515
f 1837/1/1516 1849/1/1516 1836/1/1516
f 1845/1/1517 1849/1/1517 1844/1/1517
f 1838/1/1518 1849/1/1518 1837/1/1518
f 1846/1/1519 1849/1/1519 1845/1/1519
f 1839/1/1520 1849/1/1520 1838/1/1520
f 1847/1/1521 1849/1/1521 1846/1/1521
f 1840/1/1522 1849/1/1522 1839/1/1522
f 1848/1/1523 1849/1/1523 1847/1/1523
f 1841/1/1524 1849/1/1524 1840/1/1524
f 1834/1/1525 1849/1/1525 1833/1/1525
f 1864/1/1526 1866/1/1526 1865/1/1526
f 1855/1/1527 1866/1/1527 1856/1/1527
f 1862/1/1528 1866/1/1528 1863/1/1528
f 1854/1/1529 1866/1/1529 1855/1/1529
f 1861/1/1530 1866/1/1530 1862/1/1530
f 1853/1/1531 1866/1/1531 1854/1/1531
f 1860/1/1532 1866/1/1532 1861/1/1532
f 1852/1/1533 1866/1/1533 1853/1/1533
f 1859/1/1534 1866/1/1534 1860/1/1534
f 1851/1/1535 1866/1/1535 1852/1/1535
f 1858/1/1536 1866/1/1536 1859/1/1536
f 1850/1/1537 1866/1/1537 1851/1/1537
f 1857/1/1538 1866/1/1538 1858/1/1538
f 1865/1/1539 1866/1/1539 1850/1/1539
f 1856/1/1540 1866/1/1540 1857/1/1540
f 1863/1/1541 1866/1/1541 1864/1/1541
f 1881/1/1542 1883/1/1542 1882/1/1542
f 1872/1/1543 1883/1/1543 1873/1/1543
f 1879/1/1544 1883/1/1544 1880/1/1544
f 1871/1/1545 1883/1/1545 1872/1/1545
f 1878/1/1546 1883/1/1546 1879/1/1546
f 1870/1/1547 1883/1/1547 1871/1/1547
f 1877/1/1548 1883/1/1548 1878/1/1548
f 1869/1/1549 1883/1/1549 1870/1/1549
f 1876/1/1550 1883/1/1550 1877/1/1550
f 1868/1/1551 1883/1/1551 1869/1/1551
f 1875/1/1552 1883/1/1552 1876/1/1552
f 1867/1/1553 1883/1/1553 1868/1/1553
f 1874/1/1554 1883/1/1554 1875/1/1554
f 1882/1/1555 1883/1/1555 1867/1/1555
f 1873/1/1556 1883/1/1556 1874/1/1556
f 1880/1/1557 1883/1/1557 1881/1/1557
f 1898/1/1558 1900/1/1558 1899/1/1558
f 1889/1/1559 1900/1/1559 1890/1/1559
f 1896/1/1560 1900/1/1560 1897/1/1560
f 1888/1/1561 1900/1/1561 1889/1/1561
f 1895/1/1562 1900/1/1562 1896/1/1562
f 1887/1/1563 1900/1/1563 1888/1/1563
f 1894/1/1564 1900/1/1564 1895/1/1564
f 1886/1/1565 1900/1/1565 1887/1/1565
f 1893/1/1566 1900/1/1566 1894/1/1566
f 1885/1/1567 1900/1/1567 1886/1/1567
f 1892/1/1568 1900/1/1568 1893/1/1568
f 1884/1/1569 1900/1/1569 1885/1/1569
f 1891/1/1570 1900/1/1570 1892/1/1570
f 1899/1/1571 1900/1/1571 1884/1/1571
f 1890/1/1572 1900/1/1572 1891/1/1572
f 1897/1/1573 1900/1/1573 1898/1/1573
f 1896/1/1574 1913/1/1574 1912/1/1574 1895/1/1574
f 1889/1/1575 1906/1/1575 1905/1/1575 1888/1/1575
f 1897/1/1576 1914/1/1576 1913/1/1576 1896/1/1576
f 1890/1/1577 1907/1/1577 1906/1/1577 1889/1/1577
f 1899/1/1578 1916/1/1578 1915/1/1578 1898/1/1578
f 1898/1/1579 1915/1/1579 1914/1/1579 1897/1/1579
f 1891/1/1580 1908/1/1580 1907/1/1580 1890/1/1580
f 1884/1/1581 1901/1/1581 1916/1/1581 1899/1/1581
f 1892/1/1582 1909/1/1582 1908/1/1582 1891/1/1582
f 1885/1/1583 1902/1/1583 1901/1/1583 1884/1/1583
f 1893/1/1584 1910/1/1584 1909/1/1584 1892/1/1584
f 1886/1/1585 1903/1/1585 1902/1/1585 1885/1/1585
f 1894/1/1586 1911/1/1586 1910/1/1586 1893/1/1586
f 1887/1/1587 1904/1/1587 1903/1/1587 1886/1/1587
f 1895/1/1588 1912/1/1588 1911/1/1588 1894/1/1588
f 1888/1/1589 1905/1/1589 1904/1/1589 1887/1/1589
f 1933/1/1598 1949/1/1598 1948/1/1598
f 1942/1/1599 1949/1/1599 1941/1/1599
f 1935/1/1600 1949/1/1600 1934/1/1600
f 1943/1/1601 1949/1/1601 1942/1/1601
f 1936/1/1602 1949/1/1602 1935/1/1602
f 1944/1/1603 1949/1/1603 1943/1/1603
f 1937/1/1604 1949/1/1604 1936/1/1604
f 1945/1/1605 1949/1/1605 1944/1/1605
f 1938/1/1606 1949/1/1606 1937/1/1606
f 1946/1/1607 1949/1/1607 1945/1/1607
f 1939/1/1608 1949/1/1608 1938/1/1608
f 1947/1/1609 1949/1/1609 1946/1/1609
f 1940/1/1610 1949/1/1610 1939/1/1610
f 1948/1/1611 1949/1/1611 1947/1/1611
f 1941/1/1612 1949/1/1612 1940/1/1612
f 1934/1/1613 1949/1/1613 1933/1/1613
f 1964/1/1614 1966/1/1614 1965/1/1614
f 1955/1/1615 1966/1/1615 1956/1/1615
f 1962/1/1616 1966/1/1616 1963/1/1616
f 1954/1/1617 1966/1/1617 1955/1/1617
f 1961/1/1618 1966/1/1618 1962/1/1618
f 1953/1/1619 1966/1/1619 1954/1/1619
f 1960/1/1620 1966/1/1620 1961/1/1620
f 1952/1/1621 1966/1/1621 1953/1/1621
f 1959/1/1622 1966/1/1622 1960/1/1622
f 1951/1/1623 1966/1/1623 1952/1/1623
f 1958/1/1624 1966/1/1624 1959/1/1624
f 1950/1/1625 1966/1/1625 1951/1/1625
f 1957/1/1626 1966/1/1626 1958/1/1626
f 1965/1/1627 1966/1/1627 1950/1/1627
f 1956/1/1628 1966/1/1628 1957/1/1628
f 1963/1/1629 1966/1/1629 1964/1/1629
f 1981/1/1630 1983/1/1630 1982/1/1630
f 1972/1/1631 1983/1/1631 1973/1/1631
f 1979/1/1632 1983/1/1632 1980/1/1632
f 1971/1/1633 1983/1/1633 1972/1/1633
f 1978/1/1634 1983/1/1634 1979/1/1634
f 1970/1/1635 1983/1/1635 1971/1/1635
f 1977/1/1636 1983/1/1636 1978/1/1636
f 1969/1/1637 1983/1/1637 1970/1/1637
f 1976/1/1638 1983/1/1638 1977/1/1638
f 1968/1/1639 1983/1/1639 1969/1/1639
f 1975/1/1640 1983/1/1640 1976/1/1640
f 1967/1/1641 1983/1/1641 1968/1/1641
f 1974/1/1642 1983/1/1642 1975/1/1642
f 1982/1/1643 1983/1/1643 1967/1/1643
f 1973/1/1644 1983/1/1644 1974/1/1644
f 1980/1/1645 1983/1/1645 1981/1/1645
f 1998/1/1646 2000/1/1646 1999/1/1646
f 1989/1/1647 2000/1/1647 1990/1/1647
f 1996/1/1648 2000/1/1648 1997/1/1648
f 1988/1/1649 2000/1/1649 1989/1/1649
f 1995/1/1650 2000/1/1650 1996/1/1650
f 1987/1/1651 2000/1/1651 1988/1/1651
f 1994/1/1652 2000/1/1652 1995/1/1652
f 1986/1/1653 2000/1/1653 1987/1/1653
f 1993/1/1654 2000/1/1654 1994/1/1654
f 1985/1/1655 2000/1/1655 1986/1/1655
f 1992/1/1656 2000/1/1656 1993/1/1656
f 1984/1/1657 2000/1/1657 1985/1/1657
f 1991/1/1658 2000/1/1658 1992/1/1658
f 1999/1/1659 2000/1/1659 1984/1/1659
f 1990/1/1660 2000/1/1660 1991/1/1660
f 1997/1/1661 2000/1/1661 1998/1/1661
f 1996/1/1662 2013/1/1662 2012/1/1662 1995/1/1662
f 1989/1/1663 2006/1/1663 2005/1/1663 1988/1/1663
f 1997/1/1664 2014/1/1664 2013/1/1664 1996/1/1664
f 1990/1/1665 2007/1/1665 2006/1/1665 1989/1/1665
f 1999/1/1666 2016/1/1666 2015/1/1666 1998/1/1666
f 1998/1/1667 2015/1/1667 2014/1/1667 1997/1/1667
f 1991/1/1668 2008/1/1668 2007/1/1668 1990/1/1668
f 1984/1/1669 2001/1/1669 2016/1/1669 1999/1/1669
f 1992/1/1670 2009/1/1670 2008/1/1670 1991/1/1670
f 1985/1/1671 2002/1/1671 2001/1/1671 1984/1/1671
f 1993/1/1672 2010/1/1672 2009/1/1672 1992/1/1672
f 1986/1/1673 2003/1/1673 2002/1/1673 1985/1/1673
f 1994/1/1674 2011/1/1674 2010/1/1674 1993/1/1674
f 1987/1/1675 2004/1/1675 2003/1/1675 1986/1/1675
f 1995/1/1676 2012/1/1676 2011/1/1676 1994/1/1676
f 1988/1/1677 2005/1/1677 2004/1/1677 1987/1/1677
f 2033/1/1686 2049/1/1686 2048/1/1686
f 2042/1/1687 2049/1/1687 2041/1/1687
f 2035/1/1688 2049/1/1688 2034/1/1688
f 2043/1/1689 2049/1/1689 2042/1/1689
f 2036/1/1690 2049/1/1690 2035/1/1690
f 2044/1/1691 2049/1/1691 2043/1/1691
f 2037/1/1692 2049/1/1692 2036/1/1692
f 2045/1/1693 2049/1/1693 2044/1/1693
f 2038/1/1694 2049/1/1694 2037/1/1694
f 2046/1/1695 2049/1/1695 2045/1/1695
f 2039/1/1696 2049/1/1696 2038/1/1696
f 2047/1/1697 2049/1/1697 2046/1/1697
f 2040/1/1698 2049/1/1698 2039/1/1698
f 2048/1/1699 2049/1/1699 2047/1/1699
f 2041/1/1700 2049/1/1700 2040/1/1700
f 2034/1/1701 2049/1/1701 2033/1/1701
f 2064/1/1702 2066/1/1702 2065/1/1702
f 2055/1/1703 2066/1/1703 2056/1/1703
f 2062/1/1704 2066/1/1704 2063/1/1704
f 2054/1/1705 2066/1/1705 2055/1/1705
f 2061/1/1706 2066/1/1706 2062/1/1706
f 2053/1/1707 2066/1/1707 2054/1/1707
f 2060/1/1708 2066/1/1708 2061/1/1708
f 2052/1/1709 2066/1/1709 2053/1/1709
f 2059/1/1710 2066/1/1710 2060/1/1710
f 2051/1/1711 2066/1/1711 2052/1/1711
f 2058/1/1712 2066/1/1712 2059/1/1712
f 2050/1/1713 2066/1/1713 2051/1/1713
f 2057/1/1714 2066/1/1714 2058/1/1714
f 2065/1/1715 2066/1/1715 2050/1/1715
f 2056/1/1716 2066/1/1716 2057/1/1716
f 2063/1/1717 2066/1/1717 2064/1/1717
f 2081/1/1718 2083/1/1718 2082/1/1718
f 2072/1/1719 2083/1/1719 2073/1/1719
f 2079/1/1720 2083/1/1720 2080/1/1720
f 2071/1/1721 2083/1/1721 2072/1/1721
f 2078/1/1722 2083/1/1722 2079/1/1722
f 2070/1/1723 2083/1/1723 2071/1/1723
f 2077/1/1724 2083/1/1724 2078/1/1724
f 2069/1/1725 2083/1/1725 2070/1/1725
f 2076/1/1726 2083/1/1726 2077/1/1726
f 2068/1/1727 2083/1/1727 2069/1/1727
f 2075/1/1728 2083/1/1728 2076/1/1728
f 2067/1/1729 2083/1/1729 2068/1/1729
f 2074/1/1730 2083/1/1730 2075/1/1730
f 2082/1/1731 2083/1/1731 2067/1/1731
f 2073/1/1732 2083/1/1732 2074/1/1732
f 2080/1/1733 2083/1/1733 2081/1/1733
f 2098/1/1734 2100/1/1734 2099/1/1734
f 2089/1/1735 2100/1/1735 2090/1/1735
f 2096/1/1736 2100/1/1736 2097/1/1736
f 2088/1/1737 2100/1/1737 2089/1/1737
f 2095/1/1738 2100/1/1738 2096/1/1738
f 2087/1/1739 2100/1/1739 2088/1/1739
f 2094/1/1740 2100/1/1740 2095/1/1740
f 2086/1/1741 2100/1/1741 2087/1/1741
f 2093/1/1742 2100/1/1742 2094/1/1742
f 2085/1/1743 2100/1/1743 2086/1/1743
f 2092/1/1744 2100/1/1744 2093/1/1744
f 2084/1/1745 2100/1/1745 2085/1/1745
f 2091/1/1746 2100/1/1746 2092/1/1746
f 2099/1/1747 2100/1/1747 2084/1/1747
f 2090/1/1748 2100/1/1748 2091/1/1748
f 2097/1/1749 2100/1/1749 2098/1/1749
f 2096/1/1750 2113/1/1750 2112/1/1750 2095/1/1750
f 2089/1/1751 2106/1/1751 2105/1/1751 2088/1/1751
f 2097/1/1752 2114/1/1752 2113/1/1752 2096/1/1752
f 2090/1/1753 2107/1/1753 2106/1/1753 2089/1/1753
f 2099/1/1754 2116/1/1754 2115/1/1754 2098/1/1754
f 2098/1/1755 2115/1/1755 2114/1/1755 2097/1/1755
f 2091/1/1756 2108/1/1756 2107/1/1756 2090/1/1756
f 2084/1/1757 2101/1/1757 2116/1/1757 2099/1/1757
f 2092/1/1758 2109/1/1758 2108/1/1758 2091/1/1758
f 2085/1/1759 2102/1/1759 2101/1/1759 2084/1/1759
f 2093/1/1760 2110/1/1760 2109/1/1760 2092/1/1760
f 2086/1/1761 2103/1/1761 2102/1/1761 2085/1/1761
f 2094/1/1762 2111/1/1762 2110/1/1762 2093/1/1762
f 2087/1/1763 2104/1/1763 2103/1/1763 2086/1/1763
f 2095/1/1764 2112/1/1764 2111/1/1764 2094/1/1764
f 2088/1/1765 2105/1/1765 2104/1/1765 2087/1/1765
f 2133/1/1774 2149/1/1774 2148/1/1774
f 2142/1/1775 2149/1/1775 2141/1/1775
f 2135/1/1776 2149/1/1776 2134/1/1776
f 2143/1/1777 2149/1/1777 2142/1/1777
f 2136/1/1778 2149/1/1778 2135/1/1778
f 2144/1/1779 2149/1/1779 2143/1/1779
f 2137/1/1780 2149/1/1780 2136/1/1780
f 2145/1/1781 2149/1/1781 2144/1/1781
f 2138/1/1782 2149/1/1782 2137/1/1782
f 2146/1/1783 2149/1/1783 2145/1/1783
f 2139/1/1784 2149/1/1784 2138/1/1784
f 2147/1/1785 2149/1/1785 2146/1/1785
f 2140/1/1786 2149/1/1786 2139/1/1786
f 2148/1/1787 2149/1/1787 2147/1/1787
f 2141/1/1788 2149/1/1788 2140/1/1788
f 2134/1/1789 2149/1/1789 2133/1/1789
f 2164/1/1790 2166/1/1790 2165/1/1790
f 2155/1/1791 2166/1/1791 2156/1/1791
f 2162/1/1792 2166/1/1792 2163/1/1792
f 2154/1/1793 2166/1/1793 2155/1/1793
f 2161/1/1794 2166/1/1794 2162/1/1794
f 2153/1/1795 2166/1/1795 2154/1/1795
f 2160/1/1796 2166/1/1796 2161/1/1796
f 2152/1/1797 2166/1/1797 2153/1/1797
f 2159/1/1798 2166/1/1798 2160/1/1798
f 2151/1/1799 2166/1/1799 2152/1/1799
f 2158/1/1800 2166/1/1800 2159/1/1800
f 2150/1/1801 2166/1/1801 2151/1/1801
f 2157/1/1802 2166/1/1802 2158/1/1802
f 2165/1/1803 2166/1/1803 2150/1/1803
f 2156/1/1804 2166/1/1804 2157/1/1804
f 2163/1/1805 2166/1/1805 2164/1/1805
f 2181/1/1806 2183/1/1806 2182/1/1806
f 2172/1/1807 2183/1/1807 2173/1/1807
f 2179/1/1808 2183/1/1808 2180/1/1808
f 2171/1/1809 2183/1/1809 2172/1/1809
f 2178/1/1810 2183/1/1810 2179/1/1810
f 2170/1/1811 2183/1/1811 2171/1/1811
f 2177/1/1812 2183/1/1812 2178/1/1812
f 2169/1/1813 2183/1/1813 2170/1/1813
f 2176/1/1814 2183/1/1814 2177/1/1814
f 2168/1/1815 2183/1/1815 2169/1/1815
f 2175/1/1816 2183/1/1816 2176/1/1816
f 2167/1/1817 2183/1/1817 2168/1/1817
f 2174/1/1818 2183/1/1818 2175/1/1818
f 2182/1/1819 2183/1/1819 2167/1/1819
f 2173/1/1820 2183/1/1820 2174/1/1820
f 2180/1/1821 2183/1/1821 2181/1/1821
f 2198/1/1822 2200/1/1822 2199/1/1822
f 2189/1/1823 2200/1/1823 2190/1/1823
f 2196/1/1824 2200/1/1824 2197/1/1824
f 2188/1/1825 2200/1/1825 2189/1/1825
f 2195/1/1826 2200/1/1826 2196/1/1826
f 2187/1/1827 2200/1/1827 2188/1/1827
f 2194/1/1828 2200/1/1828 2195/1/1828
f 2186/1/1829 2200/1/1829 2187/1/1829
f 2193/1/1830 2200/1/1830 2194/1/1830
f 2185/1/1831 2200/1/1831 2186/1/1831
f 2192/1/1832 2200/1/1832 2193/1/1832
f 2184/1/1833 2200/1/1833 2185/1/1833
f 2191/1/1834 2200/1/1834 2192/1/1834
f 2199/1/1835 2200/1/1835 2184/1/1835
f 2190/1/1836 2200/1/1836 2191/1/1836
f 2197/1/1837 2200/1/1837 2198/1/1837
f 2196/1/1838 2213/1/1838 2212/1/1838 2195/1/1838
f 2189/1/1839 2206/1/1839 2205/1/1839 2188/1/1839
f 2197/1/1840 2214/1/1840 2213/1/1840 2196/1/1840
f 2190/1/1841 2207/1/1841 2206/1/1841 2189/1/1841
f 2199/1/1842 2216/1/1842 2215/1/1842 2198/1/1842
f 2198/1/1843 2215/1/1843 2214/1/1843 2197/1/1843
f 2191/1/1844 2208/1/1844 2207/1/1844 2190/1/1844
f 2184/1/1845 2201/1/1845 2216/1/1845 2199/1/1845
f 2192/1/1846 2209/1/1846 2208/1/1846 2191/1/1846
f 2185/1/1847 2202/1/1847 2201/1/1847 2184/1/1847
f 2193/1/1848 2210/1/1848 2209/1/1848 2192/1/1848
f 2186/1/1849 2203/1/1849 2202/1/1849 2185/1/1849
f 2194/1/1850 2211/1/1850 2210/1/1850 2193/1/1850
f 2187/1/1851 2204/1/1851 2203/1/1851 2186/1/1851
f 2195/1/1852 2212/1/1852 2211/1/1852 2194/1/1852
f 2188/1/1853 2205/1/1853 2204/1/1853 2187/1/1853
f 2233/1/1862 2249/1/1862 2248/1/1862
f 2242/1/1863 2249/1/1863 2241/1/1863
f 2235/1/1864 2249/1/1864 2234/1/1864
f 2243/1/1865 2249/1/1865 2242/1/1865
f 2236/1/1866 2249/1/1866 2235/1/1866
f 2244/1/1867 2249/1/1867 2243/1/1867
f 2237/1/1868 2249/1/1868 2236/1/1868
f 2245/1/1869 2249/1/1869 2244/1/1869
f 2238/1/1870 2249/1/1870 2237/1/1870
f 2246/1/1871 2249/1/1871 2245/1/1871
f 2239/1/1872 2249/1/1872 2238/1/1872
f 2247/1/1873 2249/1/1873 2246/1/1873
f 2240/1/1874 2249/1/1874 2239/1/1874
f 2248/1/1875 2249/1/1875 2247/1/1875
f 2241/1/1876 2249/1/1876 2240/1/1876
f 2234/1/1877 2249/1/1877 2233/1/1877
f 2264/1/1878 2266/1/1878 2265/1/1878
f 2255/1/1879 2266/1/1879 2256/1/1879
f 2262/1/1880 2266/1/1880 2263/1/1880
f 2254/1/1881 2266/1/1881 2255/1/1881
f 2261/1/1882 2266/1/1882 2262/1/1882
f 2253/1/1883 2266/1/1883 2254/1/1883
f 2260/1/1884 2266/1/1884 2261/1/1884
f 2252/1/1885 2266/1/1885 2253/1/1885
f 2259/1/1886 2266/1/1886 2260/1/1886
f 2251/1/1887 2266/1/1887 2252/1/1887
f 2258/1/1888 2266/1/1888 2259/1/1888
f 2250/1/1889 2266/1/1889 2251/1/1889
f 2257/1/1890 2266/1/1890 2258/1/1890
f 2265/1/1891 2266/1/1891 2250/1/1891
f 2256/1/1892 2266/1/1892 2257/1/1892
f 2263/1/1893 2266/1/1893 2264/1/1893
f 2281/1/1894 2283/1/1894 2282/1/1894
f 2272/1/1895 2283/1/1895 2273/1/1895
f 2279/1/1896 2283/1/1896 2280/1/1896
f 2271/1/1897 2283/1/1897 2272/1/1897
f 2278/1/1898 2283/1/1898 2279/1/1898
f 2270/1/1899 2283/1/1899 2271/1/1899
f 2277/1/1900 2283/1/1900 2278/1/1900
f 2269/1/1901 2283/1/1901 2270/1/1901
f 2276/1/1902 2283/1/1902 2277/1/1902
f 2268/1/1903 2283/1/1903 2269/1/1903
f 2275/1/1904 2283/1/1904 2276/1/1904
f 2267/1/1905 2283/1/1905 2268/1/1905
f 2274/1/1906 2283/1/1906 2275/1/1906
f 2282/1/1907 2283/1/1907 2267/1/1907
f 2273/1/1908 2283/1/1908 2274/1/1908
f 2280/1/1909 2283/1/1909 2281/1/1909
f 2298/1/1910 2300/1/1910 2299/1/1910
f 2289/1/1911 2300/1/1911 2290/1/1911
f 2296/1/1912 2300/1/1912 2297/1/1912
f 2288/1/1913 2300/1/1913 2289/1/1913
f 2295/1/1914 2300/1/1914 2296/1/1914
f 2287/1/1915 2300/1/1915 2288/1/1915
f 2294/1/1916 2300/1/1916 2295/1/1916
f 2286/1/1917 2300/1/1917 2287/1/1917
f 2293/1/1918 2300/1/1918 2294/1/1918
f 2285/1/1919 2300/1/1919 2286/1/1919
f 2292/1/1920 2300/1/1920 2293/1/1920
f 2284/1/1921 2300/1/1921 2285/1/1921
f 2291/1/1922 2300/1/1922 2292/1/1922
f 2299/1/1923 2300/1/1923 2284/1/1923
f 2290/1/1924 2300/1/1924 2291/1/1924
f 2297/1/1925 2300/1/1925 2298/1/1925
f 2296/1/1926 2313/1/1926 2312/1/1926 2295/1/1926
f 2289/1/1927 2306/1/1927 2305/1/1927 2288/1/1927
f 2297/1/1928 2314/1/1928 2313/1/1928 2296/1/1928
f 2290/1/1929 2307/1/1929 2306/1/1929 2289/1/1929
f 2299/1/1930 2316/1/1930 2315/1/1930 2298/1/1930
f 2298/1/1931 2315/1/1931 2314/1/1931 2297/1/1931
f 2291/1/1932 2308/1/1932 2307/1/1932 2290/1/1932
f 2284/1/1933 2301/1/1933 2316/1/1933 2299/1/1933
f 2292/1/1934 2309/1/1934 2308/1/1934 2291/1/1934
f 2285/1/1935 2302/1/1935 2301/1/1935 2284/1/1935
f 2293/1/1936 2310/1/1936 2309/1/1936 2292/1/1936
f 2286/1/1937 2303/1/1937 2302/1/1937 2285/1/1937
f 2294/1/1938 2311/1/1938 2310/1/1938 2293/1/1938
f 2287/1/1939 2304/1/1939 2303/1/1939 2286/1/1939
f 2295/1/1940 2312/1/1940 2311/1/1940 2294/1/1940
f 2288/1/1941 2305/1/1941 2304/1/1941 2287/1/1941
f 2333/1/1950 2349/1/1950 2348/1/1950
f 2342/1/1951 2349/1/1951 2341/1/1951
f 2335/1/1952 2349/1/1952 2334/1/1952
f 2343/1/1953 2349/1/1953 2342/1/1953
f 2336/1/1954 2349/1/1954 2335/1/1954
f 2344/1/1955 2349/1/1955 2343/1/1955
f 2337/1/1956 2349/1/1956 2336/1/1956
f 2345/1/1957 2349/1/1957 2344/1/1957
f 2338/1/1958 2349/1/1958 2337/1/1958
f 2346/1/1959 2349/1/1959 2345/1/1959
f 2339/1/1960 2349/1/1960 2338/1/1960
f 2347/1/1961 2349/1/1961 2346/1/1961
f 2340/1/1962 2349/1/1962 2339/1/1962
f 2348/1/1963 2349/1/1963 2347/1/1963
f 2341/1/1964 2349/1/1964 2340/1/1964
f 2334/1/1965 2349/1/1965 2333/1/1965
f 2364/1/1966 2366/1/1966 2365/1/1966
f 2355/1/1967 2366/1/1967 2356/1/1967
f 2362/1/1968 2366/1/1968 2363/1/1968
f 2354/1/1969 2366/1/1969 2355/1/1969
f 2361/1/1970 2366/1/1970 2362/1/1970
f 2353/1/1971 2366/1/1971 2354/1/1971
f 2360/1/1972 2366/1/1972 2361/1/1972
f 2352/1/1973 2366/1/1973 2353/1/1973
f 2359/1/1974 2366/1/1974 2360/1/1974
f 2351/1/1975 2366/1/1975 2352/1/1975
f 2358/1/1976 2366/1/1976 2359/1/1976
f 2350/1/1977 2366/1/1977 2351/1/1977
f 2357/1/1978 2366/1/1978 2358/1/1978
f 2365/1/1979 2366/1/1979 2350/1/1979
f 2356/1/1980 2366/1/1980 2357/1/1980
f 2363/1/1981 2366/1/1981 2364/1/1981
f 2381/1/1982 2383/1/1982 2382/1/1982
f 2372/1/1983 2383/1/1983 2373/1/1983
f 2379/1/1984 2383/1/1984 2380/1/1984
f 2371/1/1985 2383/1/1985 2372/1/1985
f 2378/1/1986 2383/1/1986 2379/1/1986
f 2370/1/1987 2383/1/1987 2371/1/1987
f 2377/1/1988 2383/1/1988 2378/1/1988
f 2369/1/1989 2383/1/1989 2370/1/1989
f 2376/1/1990 2383/1/1990 2377/1/1990
f 2368/1/1991 2383/1/1991 2369/1/1991
f 2375/1/1992 2383/1/1992 2376/1/1992
f 2367/1/1993 2383/1/1993 2368/1/1993
f 2374/1/1994 2383/1/1994 2375/1/1994
f 2382/1/1995 2383/1/1995 2367/1/1995
f 2373/1/1996 2383/1/1996 2374/1/1996
f 2380/1/1997 2383/1/1997 2381/1/1997
f 2398/1/1998 2400/1/1998 2399/1/1998
f 2389/1/1999 2400/1/1999 2390/1/1999
f 2396/1/2000 2400/1/2000 2397/1/2000
f 2388/1/2001 2400/1/2001 2389/1/2001
f 2395/1/2002 2400/1/2002 2396/1/2002
f 2387/1/2003 2400/1/2003 2388/1/2003
f 2394/1/2004 2400/1/2004 2395/1/2004
f 2386/1/2005 2400/1/2005 2387/1/2005
f 2393/1/2006 2400/1/2006 2394/1/2006
f 2385/1/2007 2400/1/2007 2386/1/2007
f 2392/1/2008 2400/1/2008 2393/1/2008
f 2384/1/2009 2400/1/2009 2385/1/2009
f 2391/1/2010 2400/1/2010 2392/1/2010
f 2399/1/2011 2400/1/2011 2384/1/2011
f 2390/1/2012 2400/1/2012 2391/1/2012
f 2397/1/2013 2400/1/2013 2398/1/2013
f 2396/1/2014 2413/1/2014 2412/1/2014 2395/1/2014
f 2389/1/2015 2406/1/2015 2405/1/2015 2388/1/2015
f 2397/1/2016 2414/1/2016 2413/1/2016 2396/1/2016
f 2390/1/2017 2407/1/2017 2406/1/2017 2389/1/2017
f 2399/1/2018 2416/1/2018 2415/1/2018 2398/1/2018
f 2398/1/2019 2415/1/2019 2414/1/2019 2397/1/2019
f 2391/1/2020 2408/1/2020 2407/1/2020 2390/1/2020
f 2384/1/2021 2401/1/2021 2416/1/2021 2399/1/2021
f 2392/1/2022 2409/1/2022 2408/1/2022 2391/1/2022
f 2385/1/2023 2402/1/2023 2401/1/2023 2384/1/2023
f 2393/1/2024 2410/1/2024 2409/1/2024 2392/1/2024
f 2386/1/2025 2403/1/2025 2402/1/2025 2385/1/2025
f 2394/1/2026 2411/1/2026 2410/1/2026 2393/1/2026
f 2387/1/2027 2404/1/2027 2403/1/2027 2386/1/2027
f 2395/1/2028 2412/1/2028 2411/1/2028 2394/1/2028
f 2388/1/2029 2405/1/2029 2404/1/2029 2387/1/2029
f 2433/1/2038 2449/1/2038 2448/1/2038
f 2442/1/2039 2449/1/2039 2441/1/2039
f 2435/1/2040 2449/1/2040 2434/1/2040
f 2443/1/2041 2449/1/2041 2442/1/2041
f 2436/1/2042 2449/1/2042 2435/1/2042
f 2444/1/2043 2449/1/2043 2443/1/2043
f 2437/1/2044 2449/1/2044 2436/1/2044
f 2445/1/2045 2449/1/2045 2444/1/2045
f 2438/1/2046 2449/1/2046 2437/1/2046
f 2446/1/2047 2449/1/2047 2445/1/2047
f 2439/1/2048 2449/1/2048 2438/1/2048
f 2447/1/2049 2449/1/2049 2446/1/2049
f 2440/1/2050 2449/1/2050 2439/1/2050
f 2448/1/2051 2449/1/2051 2447/1/2051
f 2441/1/2052 2449/1/2052 2440/1/2052
f 2434/1/2053 2449/1/2053 2433/1/2053
f 2464/1/2054 2466/1/2054 2465/1/2054
f 2455/1/2055 2466/1/2055 2456/1/2055
f 2462/1/2056 2466/1/2056 2463/1/2056
f 2454/1/2057 2466/1/2057 2455/1/2057
f 2461/1/2058 2466/1/2058 2462/1/2058
f 2453/1/2059 2466/1/2059 2454/1/2059
f 2460/1/2060 2466/1/2060 2461/1/2060
f 2452/1/2061 2466/1/2061 2453/1/2061
f 2459/1/2062 2466/1/2062 2460/1/2062
f 2451/1/2063 2466/1/2063 2452/1/2063
f 2458/1/2064 2466/1/2064 2459/1/2064
f 2450/1/2065 2466/1/2065 2451/1/2065
f 2457/1/2066 2466/1/2066 2458/1/2066
f 2465/1/2067 2466/1/2067 2450/1/2067
f 2456/1/2068 2466/1/2068 2457/1/2068
f 2463/1/2069 2466/1/2069 2464/1/2069
f 2481/1/2070 2483/1/2070 2482/1/2070
f 2472/1/2071 2483/1/2071 2473/1/2071
f 2479/1/2072 2483/1/2072 2480/1/2072
f 2471/1/2073 2483/1/2073 2472/1/2073
f 2478/1/2074 2483/1/2074 2479/1/2074
f 2470/1/2075 2483/1/2075 2471/1/2075
f 2477/1/2076 2483/1/2076 2478/1/2076
f 2469/1/2077 2483/1/2077 2470/1/2077
f 2476/1/2078 2483/1/2078 2477/1/2078
f 2468/1/2079 2483/1/2079 2469/1/2079
f 2475/1/2080 2483/1/2080 2476/1/2080
f 2467/1/2081 2483/1/2081 2468/1/2081
f 2474/1/2082 2483/1/2082 2475/1/2082
f 2482/1/2083 2483/1/2083 2467/1/2083
f 2473/1/2084 2483/1/2084 2474/1/2084
f 2480/1/2085 2483/1/2085 2481/1/2085
f 2498/1/2086 2500/1/2086 2499/1/2086
f 2489/1/2087 2500/1/2087 2490/1/2087
f 2496/1/2088 2500/1/2088 2497/1/2088
f 2488/1/2089 2500/1/2089 2489/1/2089
f 2495/1/2090 2500/1/2090 2496/1/2090
f 2487/1/2091 2500/1/2091 2488/1/2091
f 2494/1/2092 2500/1/2092 2495/1/2092
f 2486/1/2093 2500/1/2093 2487/1/2093
f 2493/1/2094 2500/1/2094 2494/1/2094
f 2485/1/2095 2500/1/2095 2486/1/2095
f 2492/1/2096 2500/1/2096 2493/1/2096
f 2484/1/2097 2500/1/2097 2485/1/2097
f 2491/1/2098 2500/1/2098 2492/1/2098
f 2499/1/2099 2500/1/2099 2484/1/2099
f 2490/1/2100 2500/1/2100 2491/1/2100
f 2497/1/2101 2500/1/2101 2498/1/2101
f 2496/1/2102 2513/1/2102 2512/1/2102 2495/1/2102
f 2489/1/2103 2506/1/2103 2505/1/2103 2488/1/2103
f 2497/1/2104 2514/1/2104 2513/1/2104 2496/1/2104
f 2490/1/2105 2507/1/2105 2506/1/2105 2489/1/2105
f 2499/1/2106 2516/1/2106 2515/1/2106 2498/1/2106
f 2498/1/2107 2515/1/2107 2514/1/2107 2497/1/2107
f 2491/1/2108 2508/1/2108 2507/1/2108 2490/1/2108
f 2484/1/2109 2501/1/2109 2516/1/2109 2499/1/2109
f 2492/1/2110 2509/1/2110 2508/1/2110 2491/1/2110
f 2485/1/2111 2502/1/2111 2501/1/2111 2484/1/2111
f 2493/1/2112 2510/1/2112 2509/1/2112 2492/1/2112
f 2486/1/2113 2503/1/2113 2502/1/2113 2485/1/2113
f 2494/1/2114 2511/1/2114 2510/1/2114 2493/1/2114
f 2487/1/2115 2504/1/2115 2503/1/2115 2486/1/2115
f 2495/1/2116 2512/1/2116 2511/1/2116 2494/1/2116
f 2488/1/2117 2505/1/2117 2504/1/2117 2487/1/2117
f 2533/1/2126 2549/1/2126 2548/1/2126
f 2542/1/2127 2549/1/2127 2541/1/2127
f 2535/1/2128 2549/1/2128 2534/1/2128
f 2543/1/2129 2549/1/2129 2542/1/2129
f 2536/1/2130 2549/1/2130 2535/1/2130
f 2544/1/2131 2549/1/2131 2543/1/2131
f 2537/1/2132 2549/1/2132 2536/1/2132
f 2545/1/2133 2549/1/2133 2544/1/2133
f 2538/1/2134 2549/1/2134 2537/1/2134
f 2546/1/2135 2549/1/2135 2545/1/2135
f 2539/1/2136 2549/1/2136 2538/1/2136
f 2547/1/2137 2549/1/2137 2546/1/2137
f 2540/1/2138 2549/1/2138 2539/1/2138
f 2548/1/2139 2549/1/2139 2547/1/2139
f 2541/1/2140 2549/1/2140 2540/1/2140
f 2534/1/2141 2549/1/2141 2533/1/2141
f 2564/1/2142 2566/1/2142 2565/1/2142
f 2555/1/2143 2566/1/2143 2556/1/2143
f 2562/1/2144 2566/1/2144 2563/1/2144
f 2554/1/2145 2566/1/2145 2555/1/2145
f 2561/1/2146 2566/1/2146 2562/1/2146
f 2553/1/2147 2566/1/2147 2554/1/2147
f 2560/1/2148 2566/1/2148 2561/1/2148
f 2552/1/2149 2566/1/2149 2553/1/2149
f 2559/1/2150 2566/1/2150 2560/1/2150
f 2551/1/2151 2566/1/2151 2552/1/2151
f 2558/1/2152 2566/1/2152 2559/1/2152
f 2550/1/2153 2566/1/2153 2551/1/2153
f 2557/1/2154 2566/1/2154 2558/1/2154
f 2565/1/2155 2566/1/2155 2550/1/2155
f 2556/1/2156 2566/1/2156 2557/1/2156
f 2563/1/2157 2566/1/2157 2564/1/2157
f 2581/1/2158 2583/1/2158 2582/1/2158
f 2572/1/2159 2583/1/2159 2573/1/2159
f 2579/1/2160 2583/1/2160 2580/1/2160
f 2571/1/2161 2583/1/2161 2572/1/2161
f 2578/1/2162 2583/1/2162 2579/1/2162
f 2570/1/2163 2583/1/2163 2571/1/2163
f 2577/1/2164 2583/1/2164 2578/1/2164
f 2569/1/2165 2583/1/2165 2570/1/2165
f 2576/1/2166 2583/1/2166 2577/1/2166
f 2568/1/2167 2583/1/2167 2569/1/2167
f 2575/1/2168 2583/1/2168 2576/1/2168
f 2567/1/2169 2583/1/2169 2568/1/2169
f 2574/1/2170 2583/1/2170 2575/1/2170
f 2582/1/2171 2583/1/2171 2567/1/2171
f 2573/1/2172 2583/1/2172 2574/1/2172
f 2580/1/2173 2583/1/2173 2581/1/2173
f 2598/1/2174 2600/1/2174 2599/1/2174
f 2589/1/2175 2600/1/2175 2590/1/2175
f 2596/1/2176 2600/1/2176 2597/1/2176
f 2588/1/2177 2600/1/2177 2589/1/2177
f 2595/1/2178 2600/1/2178 2596/1/2178
f 2587/1/2179 2600/1/2179 2588/1/2179
f 2594/1/2180 2600/1/2180 2595/1/2180
f 2586/1/2181 2600/1/2181 2587/1/2181
f 2593/1/2182 2600/1/2182 2594/1/2182
f 2585/1/2183 2600/1/2183 2586/1/2183
f 2592/1/2184 2600/1/2184 2593/1/2184
f 2584/1/2185 2600/1/2185 2585/1/2185
f 2591/1/2186 2600/1/2186 2592/1/2186
f 2599/1/2187 2600/1/2187 2584/1/2187
f 2590/1/2188 2600/1/2188 2591/1/2188
f 2597/1/2189 2600/1/2189 2598/1/2189
f 2596/1/2190 2613/1/2190 2612/1/2190 2595/1/2190
f 2589/1/2191 2606/1/2191 2605/1/2191 2588/1/2191
f 2597/1/2192 2614/1/2192 2613/1/2192 2596/1/2192
f 2590/1/2193 2607/1/2193 2606/1/2193 2589/1/2193
f 2599/1/2194 2616/1/2194 2615/1/2194 2598/1/2194
f 2598/1/2195 2615/1/2195 2614/1/2195 2597/1/2195
f 2591/1/2196 2608/1/2196 2607/1/2196 2590/1/2196
f 2584/1/2197 2601/1/2197 2616/1/2197 2599/1/2197
f 2592/1/2198 2609/1/2198 2608/1/2198 2591/1/2198
f 2585/1/2199 2602/1/2199 2601/1/2199 2584/1/2199
f 2593/1/2200 2610/1/2200 2609/1/2200 2592/1/2200
f 2586/1/2201 2603/1/2201 2602/1/2201 2585/1/2201
f 2594/1/2202 2611/1/2202 2610/1/2202 2593/1/2202
f 2587/1/2203 2604/1/2203 2603/1/2203 2586/1/2203
f 2595/1/2204 2612/1/2204 2611/1/2204 2594/1/2204
f 2588/1/2205 2605/1/2205 2604/1/2205 2587/1/2205
f 2633/1/2214 2649/1/2214 2648/1/2214
f 2642/1/2215 2649/1/2215 2641/1/2215
f 2635/1/2216 2649/1/2216 2634/1/2216
f 2643/1/2217 2649/1/2217 2642/1/2217
f 2636/1/2218 2649/1/2218 2635/1/2218
f 2644/1/2219 2649/1/2219 2643/1/2219
f 2637/1/2220 2649/1/2220 2636/1/2220
f 2645/1/2221 2649/1/2221 2644/1/2221
f 2638/1/2222 2649/1/2222 2637/1/2222
f 2646/1/2223 2649/1/2223 2645/1/2223
f 2639/1/2224 2649/1/2224 2638/1/2224
f 2647/1/2225 2649/1/2225 2646/1/2225
f 2640/1/2226 2649/1/2226 2639/1/2226
f 2648/1/2227 2649/1/2227 2647/1/2227
f 2641/1/2228 2649/1/2228 2640/1/2228
f 2634/1/2229 2649/1/2229 2633/1/2229
f 2664/1/2230 2666/1/2230 2665/1/2230
f 2655/1/2231 2666/1/2231 2656/1/2231
f 2662/1/2232 2666/1/2232 2663/1/2232
f 2654/1/2233 2666/1/2233 2655/1/2233
f 2661/1/2234 2666/1/2234 2662/1/2234
f 2653/1/2235 2666/1/2235 2654/1/2235
f 2660/1/2236 2666/1/2236 2661/1/2236
f 2652/1/2237 2666/1/2237 2653/1/2237
f 2659/1/2238 2666/1/2238 2660/1/2238
f 2651/1/2239 2666/1/2239 2652/1/2239
f 2658/1/2240 2666/1/2240 2659/1/2240
f 2650/1/2241 2666/1/2241 2651/1/2241
f 2657/1/2242 2666/1/2242 2658/1/2242
f 2665/1/2243 2666/1/2243 2650/1/2243
f 2656/1/2244 2666/1/2244 2657/1/2244
f 2663/1/2245 2666/1/2245 2664/1/2245
f 2681/1/2246 2683/1/2246 2682/1/2246
f 2672/1/2247 2683/1/2247 2673/1/2247
f 2679/1/2248 2683/1/2248 2680/1/2248
f 2671/1/2249 2683/1/2249 2672/1/2249
f 2678/1/2250 2683/1/2250 2679/1/2250
f 2670/1/2251 2683/1/2251 2671/1/2251
f 2677/1/2252 2683/1/2252 2678/1/2252
f 2669/1/2253 2683/1/2253 2670/1/2253
f 2676/1/2254 2683/1/2254 2677/1/2254
f 2668/1/2255 2683/1/2255 2669/1/2255
f 2675/1/2256 2683/1/2256 2676/1/2256
f 2667/1/2257 2683/1/2257 2668/1/2257
f 2674/1/2258 2683/1/2258 2675/1/2258
f 2682/1/2259 2683/1/2259 2667/1/2259
f 2673/1/2260 2683/1/2260 2674/1/2260
f 2680/1/2261 2683/1/2261 2681/1/2261
f 2698/1/2262 2700/1/2262 2699/1/2262
f 2689/1/2263 2700/1/2263 2690/1/2263
f 2696/1/2264 2700/1/2264 2697/1/2264
f 2688/1/2265 2700/1/2265 2689/1/2265
f 2695/1/2266 2700/1/2266 2696/1/2266
f 2687/1/2267 2700/1/2267 2688/1/2267
f 2694/1/2268 2700/1/2268 2695/1/2268
f 2686/1/2269 2700/1/2269 2687/1/2269
f 2693/1/2270 2700/1/2270 2694/1/2270
f 2685/1/2271 2700/1/2271 2686/1/2271
f 2692/1/2272 2700/1/2272 2693/1/2272
f 2684/1/2273 2700/1/2273 2685/1/2273
f 2691/1/2274 2700/1/2274 2692/1/2274
f 2699/1/2275 2700/1/2275 2684/1/2275
f 2690/1/2276 2700/1/2276 2691/1/2276
f 2697/1/2277 2700/1/2277 2698/1/2277
f 2696/1/2278 2713/1/2278 2712/1/2278 2695/1/2278
f 2689/1/2279 2706/1/2279 2705/1/2279 2688/1/2279
f 2697/1/2280 2714/1/2280 2713/1/2280 2696/1/2280
f 2690/1/2281 2707/1/2281 2706/1/2281 2689/1/2281
f 2699/1/2282 2716/1/2282 2715/1/2282 2698/1/2282
f 2698/1/2283 2715/1/2283 2714/1/2283 2697/1/2283
f 2691/1/2284 2708/1/2284 2707/1/2284 2690/1/2284
f 2684/1/2285 2701/1/2285 2716/1/2285 2699/1/2285
f 2692/1/2286 2709/1/2286 2708/1/2286 2691/1/2286
f 2685/1/2287 2702/1/2287 2701/1/2287 2684/1/2287
f 2693/1/2288 2710/1/2288 2709/1/2288 2692/1/2288
f 2686/1/2289 2703/1/2289 2702/1/2289 2685/1/2289
f 2694/1/2290 2711/1/2290 2710/1/2290 2693/1/2290
f 2687/1/2291 2704/1/2291 2703/1/2291 2686/1/2291
f 2695/1/2292 2712/1/2292 2711/1/2292 2694/1/2292
f 2688/1/2293 2705/1/2293 2704/1/2293 2687/1/2293
f 2733/1/2302 2749/1/2302 2748/1/2302
f 2742/1/2303 2749/1/2303 2741/1/2303
f 2735/1/2304 2749/1/2304 2734/1/2304
f 2743/1/2305 2749/1/2305 2742/1/2305
f 2736/1/2306 2749/1/2306 2735/1/2306
f 2744/1/2307 2749/1/2307 2743/1/2307
f 2737/1/2308 2749/1/2308 2736/1/2308
f 2745/1/2309 2749/1/2309 2744/1/2309
f 2738/1/2310 2749/1/2310 2737/1/2310
f 2746/1/2311 2749/1/2311 2745/1/2311
f 2739/1/2312 2749/1/2312 2738/1/2312
f 2747/1/2313 2749/1/2313 2746/1/2313
f 2740/1/2314 2749/1/2314 2739/1/2314
f 2748/1/2315 2749/1/2315 2747/1/2315
f 2741/1/2316 2749/1/2316 2740/1/2316
f 2734/1/2317 2749/1/2317 2733/1/2317
f 2764/1/2318 2766/1/2318 2765/1/2318
f 2755/1/2319 2766/1/2319 2756/1/2319
f 2762/1/2320 2766/1/2320 2763/1/2320
f 2754/1/2321 2766/1/2321 2755/1/2321
f 2761/1/2322 2766/1/2322 2762/1/2322
f 2753/1/2323 2766/1/2323 2754/1/2323
f 2760/1/2324 2766/1/2324 2761/1/2324
f 2752/1/2325 2766/1/2325 2753/1/2325
f 2759/1/2326 2766/1/2326 2760/1/2326
f 2751/1/2327 2766/1/2327 2752/1/2327
f 2758/1/2328 2766/1/2328 2759/1/2328
f 2750/1/2329 2766/1/2329 2751/1/2329
f 2757/1/2330 2766/1/2330 2758/1/2330
f 2765/1/2331 2766/1/2331 2750/1/2331
f 2756/1/2332 2766/1/2332 2757/1/2332
f 2763/1/2333 2766/1/2333 2764/1/2333
f 2781/1/2334 2783/1/2334 2782/1/2334
f 2772/1/2335 2783/1/2335 2773/1/2335
f 2779/1/2336 2783/1/2336 2780/1/2336
f 2771/1/2337 2783/1/2337 2772/1/2337
f 2778/1/2338 2783/1/2338 2779/1/2338
f 2770/1/2339 2783/1/2339 2771/1/2339
f 2777/1/2340 2783/1/2340 2778/1/2340
f 2769/1/2341 2783/1/2341 2770/1/2341
f 2776/1/2342 2783/1/2342 2777/1/2342
f 2768/1/2343 2783/1/2343 2769/1/2343
f 2775/1/2344 2783/1/2344 2776/1/2344
f 2767/1/2345 2783/1/2345 2768/1/2345
f 2774/1/2346 2783/1/2346 2775/1/2346
f 2782/1/2347 2783/1/2347 2767/1/2347
f 2773/1/2348 2783/1/2348 2774/1/2348
f 2780/1/2349 2783/1/2349 2781/1/2349
f 2798/1/2350 2800/1/2350 2799/1/2350
f 2789/1/2351 2800/1/2351 2790/1/2351
f 2796/1/2352 2800/1/2352 2797/1/2352
f 2788/1/2353 2800/1/2353 2789/1/2353
f 2795/1/2354 2800/1/2354 2796/1/2354
f 2787/1/2355 2800/1/2355 2788/1/2355
f 2794/1/2356 2800/1/2356 2795/1/2356
f 2786/1/2357 2800/1/2357 2787/1/2357
f 2793/1/2358 2800/1/2358 2794/1/2358
f 2785/1/2359 2800/1/2359 2786/1/2359
f 2792/1/2360 2800/1/2360 2793/1/2360
f 2784/1/2361 2800/1/2361 2785/1/2361
f 2791/1/2362 2800/1/2362 2792/1/2362
f 2799/1/2363 2800/1/2363 2784/1/2363
f 2790/1/2364 2800/1/2364 2791/1/2364
f 2797/1/2365 2800/1/2365 2798/1/2365
f 2796/1/2366 2813/1/2366 2812/1/2366 2795/1/2366
f 2789/1/2367 2806/1/2367 2805/1/2367 2788/1/2367
f 2797/1/2368 2814/1/2368 2813/1/2368 2796/1/2368
f 2790/1/2369 2807/1/2369 2806/1/2369 2789/1/2369
f 2799/1/2370 2816/1/2370 2815/1/2370 2798/1/2370
f 2798/1/2371 2815/1/2371 2814/1/2371 2797/1/2371
f 2791/1/2372 2808/1/2372 2807/1/2372 2790/1/2372
f 2784/1/2373 2801/1/2373 2816/1/2373 2799/1/2373
f 2792/1/2374 2809/1/2374 2808/1/2374 2791/1/2374
f 2785/1/2375 2802/1/2375 2801/1/2375 2784/1/2375
f 2793/1/2376 2810/1/2376 2809/1/2376 2792/1/2376
f 2786/1/2377 2803/1/2377 2802/1/2377 2785/1/2377
f 2794/1/2378 2811/1/2378 2810/1/2378 2793/1/2378
f 2787/1/2379 2804/1/2379 2803/1/2379 2786/1/2379
f 2795/1/2380 2812/1/2380 2811/1/2380 2794/1/2380
f 2788/1/2381 2805/1/2381 2804/1/2381 2787/1/2381
f 2833/1/2390 2849/1/2390 2848/1/2390
f 2842/1/2391 2849/1/2391 2841/1/2391
f 2835/1/2392 2849/1/2392 2834/1/2392
f 2843/1/2393 2849/1/2393 2842/1/2393
f 2836/1/2394 2849/1/2394 2835/1/2394
f 2844/1/2395 2849/1/2395 2843/1/2395
f 2837/1/2396 2849/1/2396 2836/1/2396
f 2845/1/2397 2849/1/2397 2844/1/2397
f 2838/1/2398 2849/1/2398 2837/1/2398
f 2846/1/2399 2849/1/2399 2845/1/2399
f 2839/1/2400 2849/1/2400 2838/1/2400
f 2847/1/2401 2849/1/2401 2846/1/2401
f 2840/1/2402 2849/1/2402 2839/1/2402
f 2848/1/2403 2849/1/2403 2847/1/2403
f 2841/1/2404 2849/1/2404 2840/1/2404
f 2834/1/2405 2849/1/2405 2833/1/2405
f 2864/1/2406 2866/1/2406 2865/1/2406
f 2855/1/2407 2866/1/2407 2856/1/2407
f 2862/1/2408 2866/1/2408 2863/1/2408
f 2854/1/2409 2866/1/2409 2855/1/2409
f 2861/1/2410 2866/1/2410 2862/1/2410
f 2853/1/2411 2866/1/2411 2854/1/2411
f 2860/1/2412 2866/1/2412 2861/1/2412
f 2852/1/2413 2866/1/2413 2853/1/2413
f 2859/1/2414 2866/1/2414 2860/1/2414
f 2851/1/2415 2866/1/2415 2852/1/2415
f 2858/1/2416 2866/1/2416 2859/1/2416
f 2850/1/2417 2866/1/2417 2851/1/2417
f 2857/1/2418 2866/1/2418 2858/1/2418
f 2865/1/2419 2866/1/2419 2850/1/2419
f 2856/1/2420 2866/1/2420 2857/1/2420
f 2863/1/2421 2866/1/2421 2864/1/2421
f 2881/1/2422 2883/1/2422 2882/1/2422
f 2872/1/2423 2883/1/2423 2873/1/2423
f 2879/1/2424 2883/1/2424 2880/1/2424
f 2871/1/2425 2883/1/2425 2872/1/2425
f 2878/1/2426 2883/1/2426 2879/1/2426
f 2870/1/2427 2883/1/2427 2871/1/2427
f 2877/1/2428 2883/1/2428 2878/1/2428
f 2869/1/2429 2883/1/2429 2870/1/2429
f 2876/1/2430 2883/1/2430 2877/1/2430
f 2868/1/2431 2883/1/2431 2869/1/2431
f 2875/1/2432 2883/1/2432 2876/1/2432
f 2867/1/2433 2883/1/2433 2868/1/2433
f 2874/1/2434 2883/1/2434 2875/1/2434
f 2882/1/2435 2883/1/2435 2867/1/2435
f 2873/1/2436 2883/1/2436 2874/1/2436
f 2880/1/2437 2883/1/2437 2881/1/2437
f 2898/1/2438 2900/1/2438 2899/1/2438
f 2889/1/2439 2900/1/2439 2890/1/2439
f 2896/1/2440 2900/1/2440 2897/1/2440
f 2888/1/2441 2900/1/2441 2889/1/2441
f 2895/1/2442 2900/1/2442 2896/1/2442
f 2887/1/2443 2900/1/2443 2888/1/2443
f 2894/1/2444 2900/1/2444 2895/1/2444
f 2886/1/2445 2900/1/2445 2887/1/2445
f 2893/1/2446 2900/1/2446 2894/1/2446
f 2885/1/2447 2900/1/2447 2886/1/2447
f 2892/1/2448 2900/1/2448 2893/1/2448
f 2884/1/2449 2900/1/2449 2885/1/2449
f 2891/1/2450 2900/1/2450 2892/1/2450
f 2899/1/2451 2900/1/2451 2884/1/2451
f 2890/1/2452 2900/1/2452 2891/1/2452
f 2897/1/2453 2900/1/2453 2898/1/2453
f 2896/1/2454 2913/1/2454 2912/1/2454 2895/1/2454
f 2889/1/2455 2906/1/2455 2905/1/2455 2888/1/2455
f 2897/1/2456 2914/1/2456 2913/1/2456 2896/1/2456
f 2890/1/2457 2907/1/2457 2906/1/2457 2889/1/2457
f 2899/1/2458 2916/1/2458 2915/1/2458 2898/1/2458
f 2898/1/2459 2915/1/2459 2914/1/2459 2897/1/2459
f 2891/1/2460 2908/1/2460 2907/1/2460 2890/1/2460
f 2884/1/2461 2901/1/2461 2916/1/2461 2899/1/2461
f 2892/1/2462 2909/1/2462 2908/1/2462 2891/1/2462
f 2885/1/2463 2902/1/2463 2901/1/2463 2884/1/2463
f 2893/1/2464 2910/1/2464 2909/1/2464 2892/1/2464
f 2886/1/2465 2903/1/2465 2902/1/2465 2885/1/2465
f 2894/1/2466 2911/1/2466 2910/1/2466 2893/1/2466
f 2887/1/2467 2904/1/2467 2903/1/2467 2886/1/2467
f 2895/1/2468 2912/1/2468 2911/1/2468 2894/1/2468
f 2888/1/2469 2905/1/2469 2904/1/2469 2887/1/2469
f 2933/1/2478 2949/1/2478 2948/1/2478
f 2942/1/2479 2949/1/2479 2941/1/2479
f 2935/1/2480 2949/1/2480 2934/1/2480
f 2943/1/2481 2949/1/2481 2942/1/2481
f 2936/1/2482 2949/1/2482 2935/1/2482
f 2944/1/2483 2949/1/2483 2943/1/2483
f 2937/1/2484 2949/1/2484 2936/1/2484
f 2945/1/2485 2949/1/2485 2944/1/2485
f 2938/1/2486 2949/1/2486 2937/1/2486
f 2946/1/2487 2949/1/2487 2945/1/2487
f 2939/1/2488 2949/1/2488 2938/1/2488
f 2947/1/2489 2949/1/2489 2946/1/2489
f 2940/1/2490 2949/1/2490 2939/1/2490
f 2948/1/2491 2949/1/2491 2947/1/2491
f 2941/1/2492 2949/1/2492 2940/1/2492
f 2934/1/2493 2949/1/2493 2933/1/2493
f 2964/1/2494 2966/1/2494 2965/1/2494
f 2955/1/2495 2966/1/2495 2956/1/2495
f 2962/1/2496 2966/1/2496 2963/1/2496
f 2954/1/2497 2966/1/2497 2955/1/2497
f 2961/1/2498 2966/1/2498 2962/1/2498
f 2953/1/2499 2966/1/2499 2954/1/2499
f 2960/1/2500 2966/1/2500 2961/1/2500
f 2952/1/2501 2966/1/2501 2953/1/2501
f 2959/1/2502 2966/1/2502 2960/1/2502
f 2951/1/2503 2966/1/2503 2952/1/2503
f 2958/1/2504 2966/1/2504 2959/1/2504
f 2950/1/2505 2966/1/2505 2951/1/2505
f 2957/1/2506 2966/1/2506 2958/1/2506
f 2965/1/2507 2966/1/2507 2950/1/2507
f 2956/1/2508 2966/1/2508 2957/1/2508
f 2963/1/2509 2966/1/2509 2964/1/2509
f 2981/1/2510 2983/1/2510 2982/1/2510
f 2972/1/2511 2983/1/2511 2973/1/2511
f 2979/1/2512 2983/1/2512 2980/1/2512
f 2971/1/2513 2983/1/2513 2972/1/2513
f 2978/1/2514 2983/1/2514 2979/1/2514
f 2970/1/2515 2983/1/2515 2971/1/2515
f 2977/1/2516 2983/1/2516 2978/1/2516
f 2969/1/2517 2983/1/2517 2970/1/2517
f 2976/1/2518 2983/1/2518 2977/1/2518
f 2968/1/2519 2983/1/2519 2969/1/2519
f 2975/1/2520 2983/1/2520 2976/1/2520
f 2967/1/2521 2983/1/2521 2968/1/2521
f 2974/1/2522 2983/1/2522 2975/1/2522
f 2982/1/2523 2983/1/2523 2967/1/2523
f 2973/1/2524 2983/1/2524 2974/1/2524
f 2980/1/2525 2983/1/2525 2981/1/2525
f 2998/1/2526 3000/1/2526 2999/1/2526
f 2989/1/2527 3000/1/2527 2990/1/2527
f 2996/1/2528 3000/1/2528 2997/1/2528
f 2988/1/2529 3000/1/2529 2989/1/2529
f 2995/1/2530 3000/1/2530 2996/1/2530
f 2987/1/2531 3000/1/2531 2988/1/2531
f 2994/1/2532 3000/1/2532 2995/1/2532
f 2986/1/2533 3000/1/2533 2987/1/2533
f 2993/1/2534 3000/1/2534 2994/1/2534
f 2985/1/2535 3000/1/2535 2986/1/2535
f 2992/1/2536 3000/1/2536 2993/1/2536
f 2984/1/2537 3000/1/2537 2985/1/2537
f 2991/1/2538 3000/1/2538 2992/1/2538
f 2999/1/2539 3000/1/2539 2984/1/2539
f 2990/1/2540 3000/1/2540 2991/1/2540
f 2997/1/2541 3000/1/2541 2998/1/2541
f 2996/1/2542 3013/1/2542 3012/1/2542 2995/1/2542
f 2989/1/2543 3006/1/2543 3005/1/2543 2988/1/2543
f 2997/1/2544 3014/1/2544 3013/1/2544 2996/1/2544
f 2990/1/2545 3007/1/2545 3006/1/2545 2989/1/2545
f 2999/1/2546 3016/1/2546 3015/1/2546 2998/1/2546
f 2998/1/2547 3015/1/2547 3014/1/2547 2997/1/2547
f 2991/1/2548 3008/1/2548 3007/1/2548 2990/1/2548
f 2984/1/2549 3001/1/2549 3016/1/2549 2999/1/2549
f 2992/1/2550 3009/1/2550 3008/1/2550 2991/1/2550
f 2985/1/2551 3002/1/2551 3001/1/2551 2984/1/2551
f 2993/1/2552 3010/1/2552 3009/1/2552 2992/1/2552
f 2986/1/2553 3003/1/2553 3002/1/2553 2985/1/2553
f 2994/1/2554 3011/1/2554 3010/1/2554 2993/1/2554
f 2987/1/2555 3004/1/2555 3003/1/2555 2986/1/2555
f 2995/1/2556 3012/1/2556 3011/1/2556 2994/1/2556
f 2988/1/2557 3005/1/2557 3004/1/2557 2987/1/2557
f 3033/1/2566 3049/1/2566 3048/1/2566
f 3042/1/2567 3049/1/2567 3041/1/2567
f 3035/1/2568 3049/1/2568 3034/1/2568
f 3043/1/2569 3049/1/2569 3042/1/2569
f 3036/1/2570 3049/1/2570 3035/1/2570
f 3044/1/2571 3049/1/2571 3043/1/2571
f 3037/1/2572 3049/1/2572 3036/1/2572
f 3045/1/2573 3049/1/2573 3044/1/2573
f 3038/1/2574 3049/1/2574 3037/1/2574
f 3046/1/2575 3049/1/2575 3045/1/2575
f 3039/1/2576 3049/1/2576 3038/1/2576
f 3047/1/2577 3049/1/2577 3046/1/2577
f 3040/1/2578 3049/1/2578 3039/1/2578
f 3048/1/2579 3049/1/2579 3047/1/2579
f 3041/1/2580 3049/1/2580 3040/1/2580
f 3034/1/2581 3049/1/2581 3033/1/2581
f 3064/1/2582 3066/1/2582 3065/1/2582
f 3055/1/2583 3066/1/2583 3056/1/2583
f 3062/1/2584 3066/1/2584 3063/1/2584
f 3054/1/2585 3066/1/2585 3055/1/2585
f 3061/1/2586 3066/1/2586 3062/1/2586
f 3053/1/2587 3066/1/2587 3054/1/2587
f 3060/1/2588 3066/1/2588 3061/1/2588
f 3052/1/2589 3066/1/2589 3053/1/2589
f 3059/1/2590 3066/1/2590 3060/1/2590
f 3051/1/2591 3066/1/2591 3052/1/2591
f 3058/1/2592 3066/1/2592 3059/1/2592
f 3050/1/2593 3066/1/2593 3051/1/2593
f 3057/1/2594 3066/1/2594 3058/1/2594
f 3065/1/2595 3066/1/2595 3050/1/2595
f 3056/1/2596 3066/1/2596 3057/1/2596
f 3063/1/2597 3066/1/2597 3064/1/2597
f 3081/1/2598 3083/1/2598 3082/1/2598
f 3072/1/2599 3083/1/2599 3073/1/2599
f 3079/1/2600 3083/1/2600 3080/1/2600
f 3071/1/2601 3083/1/2601 3072/1/2601
f 3078/1/2602 3083/1/2602 3079/1/2602
f 3070/1/2603 3083/1/2603 3071/1/2603
f 3077/1/2604 3083/1/2604 3078/1/2604
f 3069/1/2605 3083/1/2605 3070/1/2605
f 3076/1/2606 3083/1/2606 3077/1/2606
f 3068/1/2607 3083/1/2607 3069/1/2607
f 3075/1/2608 3083/1/2608 3076/1/2608
f 3067/1/2609 3083/1/2609 3068/1/2609
f 3074/1/2610 3083/1/2610 3075/1/2610
f 3082/1/2611 3083/1/2611 3067/1/2611
f 3073/1/2612 3083/1/2612 3074/1/2612
f 3080/1/2613 3083/1/2613 3081/1/2613
f 3098/1/2614 3100/1/2614 3099/1/2614
f 3089/1/2615 3100/1/2615 3090/1/2615
f 3096/1/2616 3100/1/2616 3097/1/2616
f 3088/1/2617 3100/1/2617 3089/1/2617
f 3095/1/2618 3100/1/2618 3096/1/2618
f 3087/1/2619 3100/1/2619 3088/1/2619
f 3094/1/2620 3100/1/2620 3095/1/2620
f 3086/1/2621 3100/1/2621 3087/1/2621
f 3093/1/2622 3100/1/2622 3094/1/2622
f 3085/1/2623 3100/1/2623 3086/1/2623
f 3092/1/2624 3100/1/2624 3093/1/2624
f 3084/1/2625 3100/1/2625 3085/1/2625
f 3091/1/2626 3100/1/2626 3092/1/2626
f 3099/1/2627 3100/1/2627 3084/1/2627
f 3090/1/2628 3100/1/2628 3091/1/2628
f 3097/1/2629 3100/1/2629 3098/1/2629
f 3096/1/2630 3113/1/2630 3112/1/2630 3095/1/2630
f 3089/1/2631 3106/1/2631 3105/1/2631 3088/1/2631
f 3097/1/2632 3114/1/2632 3113/1/2632 3096/1/2632
f 3090/1/2633 3107/1/2633 3106/1/2633 3089/1/2633
f 3099/1/2634 3116/1/2634 3115/1/2634 3098/1/2634
f 3098/1/2635 3115/1/2635 3114/1/2635 3097/1/2635
f 3091/1/2636 3108/1/2636 3107/1/2636 3090/1/2636
f 3084/1/2637 3101/1/2637 3116/1/2637 3099/1/2637
f 3092/1/2638 3109/1/2638 3108/1/2638 3091/1/2638
f 3085/1/2639 3102/1/2639 3101/1/2639 3084/1/2639
f 3093/1/2640 3110/1/2640 3109/1/2640 3092/1/2640
f 3086/1/2641 3103/1/2641 3102/1/2641 3085/1/2641
f 3094/1/2642 3111/1/2642 3110/1/2642 3093/1/2642
f 3087/1/2643 3104/1/2643 3103/1/2643 3086/1/2643
f 3095/1/2644 3112/1/2644 3111/1/2644 3094/1/2644
f 3088/1/2645 3105/1/2645 3104/1/2645 3087/1/2645
f 3133/1/2654 3149/1/2654 3148/1/2654
f 3142/1/2655 3149/1/2655 3141/1/2655
f 3135/1/2656 3149/1/2656 3134/1/2656
f 3143/1/2657 3149/1/2657 3142/1/2657
f 3136/1/2658 3149/1/2658 3135/1/2658
f 3144/1/2659 3149/1/2659 3143/1/2659
f 3137/1/2660 3149/1/2660 3136/1/2660
f 3145/1/2661 3149/1/2661 3144/1/2661
f 3138/1/2662 3149/1/2662 3137/1/2662
f 3146/1/2663 3149/1/2663 3145/1/2663
f 3139/1/2664 3149/1/2664 3138/1/2664
f 3147/1/2665 3149/1/2665 3146/1/2665
f 3140/1/2666 3149/1/2666 3139/1/2666
f 3148/1/2667 3149/1/2667 3147/1/2667
f 3141/1/2668 3149/1/2668 3140/1/2668
f 3134/1/2669 3149/1/2669 3133/1/2669
f 3164/1/2670 3166/1/2670 3165/1/2670
f 3155/1/2671 3166/1/2671 3156/1/2671
f 3162/1/2672 3166/1/2672 3163/1/2672
f 3154/1/2673 3166/1/2673 3155/1/2673
f 3161/1/2674 3166/1/2674 3162/1/2674
f 3153/1/2675 3166/1/2675 3154/1/2675
f 3160/1/2676 3166/1/2676 3161/1/2676
f 3152/1/2677 3166/1/2677 3153/1/2677
f 3159/1/2678 3166/1/2678 3160/1/2678
f 3151/1/2679 3166/1/2679 3152/1/2679
f 3158/1/2680 3166/1/2680 3159/1/2680
f 3150/1/2681 3166/1/2681 3151/1/2681
f 3157/1/2682 3166/1/2682 3158/1/2682
f 3165/1/2683 3166/1/2683 3150/1/2683
f 3156/1/2684 3166/1/2684 3157/1/2684
f 3163/1/2685 3166/1/2685 3164/1/2685
f 3181/1/2686 3183/1/2686 3182/1/2686
f 3172/1/2687 3183/1/2687 3173/1/2687
f 3179/1/2688 3183/1/2688 3180/1/2688
f 3171/1/2689 3183/1/2689 3172/1/2689
f 3178/1/2690 3183/1/2690 3179/1/2690
f 3170/1/2691 3183/1/2691 3171/1/2691
f 3177/1/2692 3183/1/2692 3178/1/2692
f 3169/1/2693 3183/1/2693 3170/1/2693
f 3176/1/2694 3183/1/2694 3177/1/2694
f 3168/1/2695 3183/1/2695 3169/1/2695
f 3175/1/2696 3183/1/2696 3176/1/2696
f 3167/1/2697 3183/1/2697 3168/1/2697
f 3174/1/2698 3183/1/2698 3175/1/2698
f 3182/1/2699 3183/1/2699 3167/1/2699
f 3173/1/2700 3183/1/2700 3174/1/2700
f 3180/1/2701 3183/1/2701 3181/1/2701
f 3198/1/2702 3200/1/2702 3199/1/2702
f 3189/1/2703 3200/1/2703 3190/1/2703
f 3196/1/2704 3200/1/2704 3197/1/2704
f 3188/1/2705 3200/1/2705 3189/1/2705
f 3195/1/2706 3200/1/2706 3196/1/2706
f 3187/1/2707 3200/1/2707 3188/1/2707
f 3194/1/2708 3200/1/2708 3195/1/2708
f 3186/1/2709 3200/1/2709 3187/1/2709
f 3193/1/2710 3200/1/2710 3194/1/2710
f 3185/1/2711 3200/1/2711 3186/1/2711
f 3192/1/2712 3200/1/2712 3193/1/2712
f 3184/1/2713 3200/1/2713 3185/1/2713
f 3191/1/2714 3200/1/2714 3192/1/2714
f 3199/1/2715 3200/1/2715 3184/1/2715
f 3190/1/2716 3200/1/2716 3191/1/2716
f 3197/1/2717 3200/1/2717 3198/1/2717
f 3196/1/2718 3213/1/2718 3212/1/2718 3195/1/2718
f 3189/1/2719 3206/1/2719 3205/1/2719 3188/1/2719
f 3197/1/2720 3214/1/2720 3213/1/2720 3196/1/2720
f 3190/1/2721 3207/1/2721 3206/1/2721 3189/1/2721
f 3199/1/2722 3216/1/2722 3215/1/2722 3198/1/2722
f 3198/1/2723 3215/1/2723 3214/1/2723 3197/1/2723
f 3191/1/2724 3208/1/2724 3207/1/2724 3190/1/2724
f 3184/1/2725 3201/1/2725 3216/1/2725 3199/1/2725
f 3192/1/2726 3209/1/2726 3208/1/2726 3191/1/2726
f 3185/1/2727 3202/1/2727 3201/1/2727 3184/1/2727
f 3193/1/2728 3210/1/2728 3209/1/2728 3192/1/2728
f 3186/1/2729 3203/1/2729 3202/1/2729 3185/1/2729
f 3194/1/2730 3211/1/2730 3210/1/2730 3193/1/2730
f 3187/1/2731 3204/1/2731 3203/1/2731 3186/1/2731
f 3195/1/2732 3212/1/2732 3211/1/2732 3194/1/2732
f 3188/1/2733 3205/1/2733 3204/1/2733 3187/1/2733
f 3233/1/2742 3249/1/2742 3248/1/2742
f 3242/1/2743 3249/1/2743 3241/1/2743
f 3235/1/2744 3249/1/2744 3234/1/2744
f 3243/1/2745 3249/1/2745 3242/1/2745
f 3236/1/2746 3249/1/2746 3235/1/2746
f 3244/1/2747 3249/1/2747 3243/1/2747
f 3237/1/2748 3249/1/2748 3236/1/2748
f 3245/1/2749 3249/1/2749 3244/1/2749
f 3238/1/2750 3249/1/2750 3237/1/2750
f 3246/1/2751 3249/1/2751 3245/1/2751
f 3239/1/2752 3249/1/2752 3238/1/2752
f 3247/1/2753 3249/1/2753 3246/1/2753
f 3240/1/2754 3249/1/2754 3239/1/2754
f 3248/1/2755 3249/1/2755 3247/1/2755
f 3241/1/2756 3249/1/2756 3240/1/2756
f 3234/1/2757 3249/1/2757 3233/1/2757
f 3264/1/2758 3266/1/2758 3265/1/2758
f 3255/1/2759 3266/1/2759 3256/1/2759
f 3262/1/2760 3266/1/2760 3263/1/2760
f 3254/1/2761 3266/1/2761 3255/1/2761
f 3261/1/2762 3266/1/2762 3262/1/2762
f 3253/1/2763 3266/1/2763 3254/1/2763
f 3260/1/2764 3266/1/2764 3261/1/2764
f 3252/1/2765 3266/1/2765 3253/1/2765
f 3259/1/2766 3266/1/2766 3260/1/2766
f 3251/1/2767 3266/1/2767 3252/1/2767
f 3258/1/2768 3266/1/2768 3259/1/2768
f 3250/1/2769 3266/1/2769 3251/1/2769
f 3257/1/2770 3266/1/2770 3258/1/2770
f 3265/1/2771 3266/1/2771 3250/1/2771
f 3256/1/2772 3266/1/2772 3257/1/2772
f 3263/1/2773 3266/1/2773 3264/1/2773
f 3281/1/2774 3283/1/2774 3282/1/2774
f 3272/1/2775 3283/1/2775 3273/1/2775
f 3279/1/2776 3283/1/2776 3280/1/2776
f 3271/1/2777 3283/1/2777 3272/1/2777
f 3278/1/2778 3283/1/2778 3279/1/2778
f 3270/1/2779 3283/1/2779 3271/1/2779
f 3277/1/2780 3283/1/2780 3278/1/2780
f 3269/1/2781 3283/1/2781 3270/1/2781
f 3276/1/2782 3283/1/2782 3277/1/2782
f 3268/1/2783 3283/1/2783 3269/1/2783
f 3275/1/2784 3283/1/2784 3276/1/2784
f 3267/1/2785 3283/1/2785 3268/1/2785
f 3274/1/2786 3283/1/2786 3275/1/2786
f 3282/1/2787 3283/1/2787 3267/1/2787
f 3273/1/2788 3283/1/2788 3274/1/2788
f 3280/1/2789 3283/1/2789 3281/1/2789
f 3298/1/2790 3300/1/2790 3299/1/2790
f 3289/1/2791 3300/1/2791 3290/1/2791
f 3296/1/2792 3300/1/2792 3297/1/2792
f 3288/1/2793 3300/1/2793 3289/1/2793
f 3295/1/2794 3300/1/2794 3296/1/2794
f 3287/1/2795 3300/1/2795 3288/1/2795
f 3294/1/2796 3300/1/2796 3295/1/2796
f 3286/1/2797 3300/1/2797 3287/1/2797
f 3293/1/2798 3300/1/2798 3294/1/2798
f 3285/1/2799 3300/1/2799 3286/1/2799
f 3292/1/2800 3300/1/2800 3293/1/2800
f 3284/1/2801 3300/1/2801 3285/1/2801
f 3291/1/2802 3300/1/2802 3292/1/2802
f 3299/1/2803 3300/1/2803 3284/1/2803
f 3290/1/2804 3300/1/2804 3291/1/2804
f 3297/1/2805 3300/1/2805 3298/1/2805
f 3296/1/2806 3313/1/2806 3312/1/2806 3295/1/2806
f 3289/1/2807 3306/1/2807 3305/1/2807 3288/1/2807
f 3297/1/2808 3314/1/2808 3313/1/2808 3296/1/2808
f 3290/1/2809 3307/1/2809 3306/1/2809 3289/1/2809
f 3299/1/2810 3316/1/2810 3315/1/2810 3298/1/2810
f 3298/1/2811 3315/1/2811 3314/1/2811 3297/1/2811
f 3291/1/2812 3308/1/2812 3307/1/2812 3290/1/2812
f 3284/1/2813 3301/1/2813 3316/1/2813 3299/1/2813
f 3292/1/2814 3309/1/2814 3308/1/2814 3291/1/2814
f 3285/1/2815 3302/1/2815 3301/1/2815 3284/1/2815
f 3293/1/2816 3310/1/2816 3309/1/2816 3292/1/2816
f 3286/1/2817 3303/1/2817 3302/1/2817 3285/1/2817
f 3294/1/2818 3311/1/2818 3310/1/2818 3293/1/2818
f 3287/1/2819 3304/1/2819 3303/1/2819 3286/1/2819
f 3295/1/2820 3312/1/2820 3311/1/2820 3294/1/2820
f 3288/1/2821 3305/1/2821 3304/1/2821 3287/1/2821
f 3333/1/2830 3349/1/2830 3348/1/2830
f 3342/1/2831 3349/1/2831 3341/1/2831
f 3335/1/2832 3349/1/2832 3334/1/2832
f 3343/1/2833 3349/1/2833 3342/1/2833
f 3336/1/2834 3349/1/2834 3335/1/2834
f 3344/1/2835 3349/1/2835 3343/1/2835
f 3337/1/2836 3349/1/2836 3336/1/2836
f 3345/1/2837 3349/1/2837 3344/1/2837
f 3338/1/2838 3349/1/2838 3337/1/2838
f 3346/1/2839 3349/1/2839 3345/1/2839
f 3339/1/2840 3349/1/2840 3338/1/2840
f 3347/1/2841 3349/1/2841 3346/1/2841
f 3340/1/2842 3349/1/2842 3339/1/2842
f 3348/1/2843 3349/1/2843 3347/1/2843
f 3341/1/2844 3349/1/2844 3340/1/2844
f 3334/1/2845 3349/1/2845 3333/1/2845
f 3364/1/2846 3366/1/2846 3365/1/2846
f 3355/1/2847 3366/1/2847 3356/1/2847
f 3362/1/2848 3366/1/2848 3363/1/2848
f 3354/1/2849 3366/1/2849 3355/1/2849
f 3361/1/2850 3366/1/2850 3362/1/2850
f 3353/1/2851 3366/1/2851 3354/1/2851
f 3360/1/2852 3366/1/2852 3361/1/2852
f 3352/1/2853 3366/1/2853 3353/1/2853
f 3359/1/2854 3366/1/2854 3360/1/2854
f 3351/1/2855 3366/1/2855 3352/1/2855
f 3358/1/2856 3366/1/2856 3359/1/2856
f 3350/1/2857 3366/1/2857 3351/1/2857
f 3357/1/2858 3366/1/2858 3358/1/2858
f 3365/1/2859 3366/1/2859 3350/1/2859
f 3356/1/2860 3366/1/2860 3357/1/2860
f 3363/1/2861 3366/1/2861 3364/1/2861
f 3381/1/2862 3383/1/2862 3382/1/2862
f 3372/1/2863 3383/1/2863 3373/1/2863
f 3379/1/2864 3383/1/2864 3380/1/2864
f 3371/1/2865 3383/1/2865 3372/1/2865
f 3378/1/2866 3383/1/2866 3379/1/2866
f 3370/1/2867 3383/1/2867 3371/1/2867
f 3377/1/2868 3383/1/2868 3378/1/2868
f 3369/1/2869 3383/1/2869 3370/1/2869
f 3376/1/2870 3383/1/2870 3377/1/2870
f 3368/1/2871 3383/1/2871 3369/1/2871
f 3375/1/2872 3383/1/2872 3376/1/2872
f 3367/1/2873 3383/1/2873 3368/1/2873
f 3374/1/2874 3383/1/2874 3375/1/2874
f 3382/1/2875 3383/1/2875 3367/1/2875
f 3373/1/2876 3383/1/2876 3374/1/2876
f 3380/1/2877 3383/1/2877 3381/1/2877
f 3398/1/2878 3400/1/2878 3399/1/2878
f 3389/1/2879 3400/1/2879 3390/1/2879
f 3396/1/2880 3400/1/2880 3397/1/2880
f 3388/1/2881 3400/1/2881 3389/1/2881
f 3395/1/2882 3400/1/2882 3396/1/2882
f 3387/1/2883 3400/1/2883 3388/1/2883
f 3394/1/2884 3400/1/2884 3395/1/2884
f 3386/1/2885 3400/1/2885 3387/1/2885
f 3393/1/2886 3400/1/2886 3394/1/2886
f 3385/1/2887 3400/1/2887 3386/1/2887
f 3392/1/2888 3400/1/2888 3393/1/2888
f 3384/1/2889 3400/1/2889 3385/1/2889
f 3391/1/2890 3400/1/2890 3392/1/2890
f 3399/1/2891 3400/1/2891 3384/1/2891
f 3390/1/2892 3400/1/2892 3391/1/2892
f 3397/1/2893 3400/1/2893 3398/1/2893
f 3396/1/2894 3413/1/2894 3412/1/2894 3395/1/2894
f 3389/1/2895 3406/1/2895 3405/1/2895 3388/1/2895
f 3397/1/2896 3414/1/2896 3413/1/2896 3396/1/2896
f 3390/1/2897 3407/1/2897 3406/1/2897 3389/1/2897
f 3399/1/2898 3416/1/2898 3415/1/2898 3398/1/2898
f 3398/1/2899 3415/1/2899 3414/1/2899 3397/1/2899
f 3391/1/2900 3408/1/2900 3407/1/2900 3390/1/2900
f 3384/1/2901 3401/1/2901 3416/1/2901 3399/1/2901
f 3392/1/2902 3409/1/2902 3408/1/2902 3391/1/2902
f 3385/1/2903 3402/1/2903 3401/1/2903 3384/1/2903
f 3393/1/2904 3410/1/2904 3409/1/2904 3392/1/2904
f 3386/1/2905 3403/1/2905 3402/1/2905 3385/1/2905
f 3394/1/2906 3411/1/2906 3410/1/2906 3393/1/2906
f 3387/1/2907 3404/1/2907 3403/1/2907 3386/1/2907
f 3395/1/2908 3412/1/2908 3411/1/2908 3394/1/2908
f 3388/1/2909 3405/1/2909 3404/1/2909 3387/1/2909
f 3433/1/2918 3449/1/2918 3448/1/2918
f 3442/1/2919 3449/1/2919 3441/1/2919
f 3435/1/2920 3449/1/2920 3434/1/2920
f 3443/1/2921 3449/1/2921 3442/1/2921
f 3436/1/2922 3449/1/2922 3435/1/2922
f 3444/1/2923 3449/1/2923 3443/1/2923
f 3437/1/2924 3449/1/2924 3436/1/2924
f 3445/1/2925 3449/1/2925 3444/1/2925
f 3438/1/2926 3449/1/2926 3437/1/2926
f 3446/1/2927 3449/1/2927 3445/1/2927
f 3439/1/2928 3449/1/2928 3438/1/2928
f 3447/1/2929 3449/1/2929 3446/1/2929
f 3440/1/2930 3449/1/2930 3439/1/2930
f 3448/1/2931 3449/1/2931 3447/1/2931
f 3441/1/2932 3449/1/2932 3440/1/2932
f 3434/1/2933 3449/1/2933 3433/1/2933
f 3464/1/2934 3466/1/2934 3465/1/2934
f 3455/1/2935 3466/1/2935 3456/1/2935
f 3462/1/2936 3466/1/2936 3463/1/2936
f 3454/1/2937 3466/1/2937 3455/1/2937
f 3461/1/2938 3466/1/2938 3462/1/2938
f 3453/1/2939 3466/1/2939 3454/1/2939
f 3460/1/2940 3466/1/2940 3461/1/2940
f 3452/1/2941 3466/1/2941 3453/1/2941
f 3459/1/2942 3466/1/2942 3460/1/2942
f 3451/1/2943 3466/1/2943 3452/1/2943
f 3458/1/2944 3466/1/2944 3459/1/2944
f 3450/1/2945 3466/1/2945 3451/1/2945
f 3457/1/2946 3466/1/2946 3458/1/2946
f 3465/1/2947 3466/1/2947 3450/1/2947
f 3456/1/2948 3466/1/2948 3457/1/2948
f 3463/1/2949 3466/1/2949 3464/1/2949
f 3481/1/2950 3483/1/2950 3482/1/2950
f 3472/1/2951 3483/1/2951 3473/1/2951
f 3479/1/2952 3483/1/2952 3480/1/2952
f 3471/1/2953 3483/1/2953 3472/1/2953
f 3478/1/2954 3483/1/2954 3479/1/2954
f 3470/1/2955 3483/1/2955 3471/1/2955
f 3477/1/2956 3483/1/2956 3478/1/2956
f 3469/1/2957 3483/1/2957 3470/1/2957
f 3476/1/2958 3483/1/2958 3477/1/2958
f 3468/1/2959 3483/1/2959 3469/1/2959
f 3475/1/2960 3483/1/2960 3476/1/2960
f 3467/1/2961 3483/1/2961 3468/1/2961
f 3474/1/2962 3483/1/2962 3475/1/2962
f 3482/1/2963 3483/1/2963 3467/1/2963
f 3473/1/2964 3483/1/2964 3474/1/2964
f 3480/1/2965 3483/1/2965 3481/1/2965
f 3498/1/2966 3500/1/2966 3499/1/2966
f 3489/1/2967 3500/1/2967 3490/1/2967
f 3496/1/2968 3500/1/2968 3497/1/2968
f 3488/1/2969 3500/1/2969 3489/1/2969
f 3495/1/2970 3500/1/2970 3496/1/2970
f 3487/1/2971 3500/1/2971 3488/1/2971
f 3494/1/2972 3500/1/2972 3495/1/2972
f 3486/1/2973 3500/1/2973 3487/1/2973
f 3493/1/2974 3500/1/2974 3494/1/2974
f 3485/1/2975 3500/1/2975 3486/1/2975
f 3492/1/2976 3500/1/2976 3493/1/2976
f 3484/1/2977 3500/1/2977 3485/1/2977
f 3491/1/2978 3500/1/2978 3492/1/2978
f 3499/1/2979 3500/1/2979 3484/1/2979
f 3490/1/2980 3500/1/2980 3491/1/2980
f 3497/1/2981 3500/1/2981 3498/1/2981
f 3496/1/2982 3513/1/2982 3512/1/2982 3495/1/2982
f 3489/1/2983 3506/1/2983 3505/1/2983 3488/1/2983
f 3497/1/2984 3514/1/2984 3513/1/2984 3496/1/2984
f 3490/1/2985 3507/1/2985 3506/1/2985 3489/1/2985
f 3499/1/2986 3516/1/2986 3515/1/2986 3498/1/2986
f 3498/1/2987 3515/1/2987 3514/1/2987 3497/1/2987
f 3491/1/2988 3508/1/2988 3507/1/2988 3490/1/2988
f 3484/1/2989 3501/1/2989 3516/1/2989 3499/1/2989
f 3492/1/2990 3509/1/2990 3508/1/2990 3491/1/2990
f 3485/1/2991 3502/1/2991 3501/1/2991 3484/1/2991
f 3493/1/2992 3510/1/2992 3509/1/2992 3492/1/2992
f 3486/1/2993 3503/1/2993 3502/1/2993 3485/1/2993
f 3494/1/2994 3511/1/2994 3510/1/2994 3493/1/2994
f 3487/1/2995 3504/1/2995 3503/1/2995 3486/1/2995
f 3495/1/2996 3512/1/2996 3511/1/2996 3494/1/2996
f 3488/1/2997 3505/1/2997 3504/1/2997 3487/1/2997
f 3533/1/3006 3549/1/3006 3548/1/3006
f 3542/1/3007 3549/1/3007 3541/1/3007
f 3535/1/3008 3549/1/3008 3534/1/3008
f 3543/1/3009 3549/1/3009 3542/1/3009
f 3536/1/3010 3549/1/3010 3535/1/3010
f 3544/1/3011 3549/1/3011 3543/1/3011
f 3537/1/3012 3549/1/3012 3536/1/3012
f 3545/1/3013 3549/1/3013 3544/1/3013
f 3538/1/3014 3549/1/3014 3537/1/3014
f 3546/1/3015 3549/1/3015 3545/1/3015
f 3539/1/3016 3549/1/3016 3538/1/3016
f 3547/1/3017 3549/1/3017 3546/1/3017
f 3540/1/3018 3549/1/3018 3539/1/3018
f 3548/1/3019 3549/1/3019 3547/1/3019
f 3541/1/3020 3549/1/3020 3540/1/3020
f 3534/1/3021 3549/1/3021 3533/1/3021
f 3564/1/3022 3566/1/3022 3565/1/3022
f 3555/1/3023 3566/1/3023 3556/1/3023
f 3562/1/3024 3566/1/3024 3563/1/3024
f 3554/1/3025 3566/1/3025 3555/1/3025
f 3561/1/3026 3566/1/3026 3562/1/3026
f 3553/1/3027 3566/1/3027 3554/1/3027
f 3560/1/3028 3566/1/3028 3561/1/3028
f 3552/1/3029 3566/1/3029 3553/1/3029
f 3559/1/3030 3566/1/3030 3560/1/3030
f 3551/1/3031 3566/1/3031 3552/1/3031
f 3558/1/3032 3566/1/3032 3559/1/3032
f 3550/1/3033 3566/1/3033 3551/1/3033
f 3557/1/3034 3566/1/3034 3558/1/3034
f 3565/1/3035 3566/1/3035 3550/1/3035
f 3556/1/3036 3566/1/3036 3557/1/3036
f 3563/1/3037 3566/1/3037 3564/1/3037
f 3581/1/3038 3583/1/3038 3582/1/3038
f 3572/1/3039 3583/1/3039 3573/1/3039
f 3579/1/3040 3583/1/3040 3580/1/3040
f 3571/1/3041 3583/1/3041 3572/1/3041
f 3578/1/3042 3583/1/3042 3579/1/3042
f 3570/1/3043 3583/1/3043 3571/1/3043
f 3577/1/3044 3583/1/3044 3578/1/3044
f 3569/1/3045 3583/1/3045 3570/1/3045
f 3576/1/3046 3583/1/3046 3577/1/3046
f 3568/1/3047 3583/1/3047 3569/1/3047
f 3575/1/3048 3583/1/3048 3576/1/3048
f 3567/1/3049 3583/1/3049 3568/1/3049
f 3574/1/3050 3583/1/3050 3575/1/3050
f 3582/1/3051 3583/1/3051 3567/1/3051
f 3573/1/3052 3583/1/3052 3574/1/3052
f 3580/1/3053 3583/1/3053 3581/1/3053
f 3598/1/3054 3600/1/3054 3599/1/3054
f 3589/1/3055 3600/1/3055 3590/1/3055
f 3596/1/3056 3600/1/3056 3597/1/3056
f 3588/1/3057 3600/1/3057 3589/1/3057
f 3595/1/3058 3600/1/3058 3596/1/3058
f 3587/1/3059 3600/1/3059 3588/1/3059
f 3594/1/3060 3600/1/3060 3595/1/3060
f 3586/1/3061 3600/1/3061 3587/1/3061
f 3593/1/3062 3600/1/3062 3594/1/3062
f 3585/1/3063 3600/1/3063 3586/1/3063
f 3592/1/3064 3600/1/3064 3593/1/3064
f 3584/1/3065 3600/1/3065 3585/1/3065
f 3591/1/3066 3600/1/3066 3592/1/3066
f 3599/1/3067 3600/1/3067 3584/1/3067
f 3590/1/3068 3600/1/3068 3591/1/3068
f 3597/1/3069 3600/1/3069 3598/1/3069
f 3596/1/3070 3613/1/3070 3612/1/3070 3595/1/3070
f 3589/1/3071 3606/1/3071 3605/1/3071 3588/1/3071
f 3597/1/3072 3614/1/3072 3613/1/3072 3596/1/3072
f 3590/1/3073 3607/1/3073 3606/1/3073 3589/1/3073
f 3599/1/3074 3616/1/3074 3615/1/3074 3598/1/3074
f 3598/1/3075 3615/1/3075 3614/1/3075 3597/1/3075
f 3591/1/3076 3608/1/3076 3607/1/3076 3590/1/3076
f 3584/1/3077 3601/1/3077 3616/1/3077 3599/1/3077
f 3592/1/3078 3609/1/3078 3608/1/3078 3591/1/3078
f 3585/1/3079 3602/1/3079 3601/1/3079 3584/1/3079
f 3593/1/3080 3610/1/3080 3609/1/3080 3592/1/3080
f 3586/1/3081 3603/1/3081 3602/1/3081 3585/1/3081
f 3594/1/3082 3611/1/3082 3610/1/3082 3593/1/3082
f 3587/1/3083 3604/1/3083 3603/1/3083 3586/1/3083
f 3595/1/3084 3612/1/3084 3611/1/3084 3594/1/3084
f 3588/1/3085 3605/1/3085 3604/1/3085 3587/1/3085
f 3633/1/3094 3649/1/3094 3648/1/3094
f 3642/1/3095 3649/1/3095 3641/1/3095
f 3635/1/3096 3649/1/3096 3634/1/3096
f 3643/1/3097 3649/1/3097 3642/1/3097
f 3636/1/3098 3649/1/3098 3635/1/3098
f 3644/1/3099 3649/1/3099 3643/1/3099
f 3637/1/3100 3649/1/3100 3636/1/3100
f 3645/1/3101 3649/1/3101 3644/1/3101
f 3638/1/3102 3649/1/3102 3637/1/3102
f 3646/1/3103 3649/1/3103 3645/1/3103
f 3639/1/3104 3649/1/3104 3638/1/3104
f 3647/1/3105 3649/1/3105 3646/1/3105
f 3640/1/3106 3649/1/3106 3639/1/3106
f 3648/1/3107 3649/1/3107 3647/1/3107
f 3641/1/3108 3649/1/3108 3640/1/3108
f 3634/1/3109 3649/1/3109 3633/1/3109
f 3664/1/3110 3666/1/3110 3665/1/3110
f 3655/1/3111 3666/1/3111 3656/1/3111
f 3662/1/3112 3666/1/3112 3663/1/3112
f 3654/1/3113 3666/1/3113 3655/1/3113
f 3661/1/3114 3666/1/3114 3662/1/3114
f 3653/1/3115 3666/1/3115 3654/1/3115
f 3660/1/3116 3666/1/3116 3661/1/3116
f 3652/1/3117 3666/1/3117 3653/1/3117
f 3659/1/3118 3666/1/3118 3660/1/3118
f 3651/1/3119 3666/1/3119 3652/1/3119
f 3658/1/3120 3666/1/3120 3659/1/3120
f 3650/1/3121 3666/1/3121 3651/1/3121
f 3657/1/3122 3666/1/3122 3658/1/3122
f 3665/1/3123 3666/1/3123 3650/1/3123
f 3656/1/3124 3666/1/3124 3657/1/3124
f 3663/1/3125 3666/1/3125 3664/1/3125
f 3681/1/3126 3683/1/3126 3682/1/3126
f 3672/1/3127 3683/1/3127 3673/1/3127
f 3679/1/3128 3683/1/3128 3680/1/3128
f 3671/1/3129 3683/1/3129 3672/1/3129
f 3678/1/3130 3683/1/3130 3679/1/3130
f 3670/1/3131 3683/1/3131 3671/1/3131
f 3677/1/3132 3683/1/3132 3678/1/3132
f 3669/1/3133 3683/1/3133 3670/1/3133
f 3676/1/3134 3683/1/3134 3677/1/3134
f 3668/1/3135 3683/1/3135 3669/1/3135
f 3675/1/3136 3683/1/3136 3676/1/3136
f 3667/1/3137 3683/1/3137 3668/1/3137
f 3674/1/3138 3683/1/3138 3675/1/3138
f 3682/1/3139 3683/1/3139 3667/1/3139
f 3673/1/3140 3683/1/3140 3674/1/3140
f 3680/1/3141 3683/1/3141 3681/1/3141
f 3698/1/3142 3700/1/3142 3699/1/3142
f 3689/1/3143 3700/1/3143 3690/1/3143
f 3696/1/3144 3700/1/3144 3697/1/3144
f 3688/1/3145 3700/1/3145 3689/1/3145
f 3695/1/3146 3700/1/3146 3696/1/3146
f 3687/1/3147 3700/1/3147 3688/1/3147
f 3694/1/3148 3700/1/3148 3695/1/3148
f 3686/1/3149 3700/1/3149 3687/1/3149
f 3693/1/3150 3700/1/3150 3694/1/3150
f 3685/1/3151 3700/1/3151 3686/1/3151
f 3692/1/3152 3700/1/3152 3693/1/3152
f 3684/1/3153 3700/1/3153 3685/1/3153
f 3691/1/3154 3700/1/3154 3692/1/3154
f 3699/1/3155 3700/1/3155 3684/1/3155
f 3690/1/3156 3700/1/3156 3691/1/3156
f 3697/1/3157 3700/1/3157 3698/1/3157
f 3696/1/3158 3713/1/3158 3712/1/3158 3695/1/3158
f 3689/1/3159 3706/1/3159 3705/1/3159 3688/1/3159
f 3697/1/3160 3714/1/3160 3713/1/3160 3696/1/3160
f 3690/1/3161 3707/1/3161 3706/1/3161 3689/1/3161
f 3699/1/3162 3716/1/3162 3715/1/3162 3698/1/3162
f 3698/1/3163 3715/1/3163 3714/1/3163 3697/1/3163
f 3691/1/3164 3708/1/3164 3707/1/3164 3690/1/3164
f 3684/1/3165 3701/1/3165 3716/1/3165 3699/1/3165
f 3692/1/3166 3709/1/3166 3708/1/3166 3691/1/3166
f 3685/1/3167 3702/1/3167 3701/1/3167 3684/1/3167
f 3693/1/3168 3710/1/3168 3709/1/3168 3692/1/3168
f 3686/1/3169 3703/1/3169 3702/1/3169 3685/1/3169
f 3694/1/3170 3711/1/3170 3710/1/3170 3693/1/3170
f 3687/1/3171 3704/1/3171 3703/1/3171 3686/1/3171
f 3695/1/3172 3712/1/3172 3711/1/3172 3694/1/3172
f 3688/1/3173 3705/1/3173 3704/1/3173 3687/1/3173
f 3733/1/3182 3749/1/3182 3748/1/3182
f 3742/1/3183 3749/1/3183 3741/1/3183
f 3735/1/3184 3749/1/3184 3734/1/3184
f 3743/1/3185 3749/1/3185 3742/1/3185
f 3736/1/3186 3749/1/3186 3735/1/3186
f 3744/1/3187 3749/1/3187 3743/1/3187
f 3737/1/3188 3749/1/3188 3736/1/3188
f 3745/1/3189 3749/1/3189 3744/1/3189
f 3738/1/3190 3749/1/3190 3737/1/3190
f 3746/1/3191 3749/1/3191 3745/1/3191
f 3739/1/3192 3749/1/3192 3738/1/3192
f 3747/1/3193 3749/1/3193 3746/1/3193
f 3740/1/3194 3749/1/3194 3739/1/3194
f 3748/1/3195 3749/1/3195 3747/1/3195
f 3741/1/3196 3749/1/3196 3740/1/3196
f 3734/1/3197 3749/1/3197 3733/1/3197
f 3764/1/3198 3766/1/3198 3765/1/3198
f 3755/1/3199 3766/1/3199 3756/1/3199
f 3762/1/3200 3766/1/3200 3763/1/3200
f 3754/1/3201 3766/1/3201 3755/1/3201
f 3761/1/3202 3766/1/3202 3762/1/3202
f 3753/1/3203 3766/1/3203 3754/1/3203
f 3760/1/3204 3766/1/3204 3761/1/3204
f 3752/1/3205 3766/1/3205 3753/1/3205
f 3759/1/3206 3766/1/3206 3760/1/3206
f 3751/1/3207 3766/1/3207 3752/1/3207
f 3758/1/3208 3766/1/3208 3759/1/3208
f 3750/1/3209 3766/1/3209 3751/1/3209
f 3757/1/3210 3766/1/3210 3758/1/3210
f 3765/1/3211 3766/1/3211 3750/1/3211
f 3756/1/3212 3766/1/3212 3757/1/3212
f 3763/1/3213 3766/1/3213 3764/1/3213
f 3781/1/3214 3783/1/3214 3782/1/3214
f 3772/1/3215 3783/1/3215 3773/1/3215
f 3779/1/3216 3783/1/3216 3780/1/3216
f 3771/1/3217 3783/1/3217 3772/1/3217
f 3778/1/3218 3783/1/3218 3779/1/3218
f 3770/1/3219 3783/1/3219 3771/1/3219
f 3777/1/3220 3783/1/3220 3778/1/3220
f 3769/1/3221 3783/1/3221 3770/1/3221
f 3776/1/3222 3783/1/3222 3777/1/3222
f 3768/1/3223 3783/1/3223 3769/1/3223
f 3775/1/3224 3783/1/3224 3776/1/3224
f 3767/1/3225 3783/1/3225 3768/1/3225
f 3774/1/3226 3783/1/3226 3775/1/3226
f 3782/1/3227 3783/1/3227 3767/1/3227
f 3773/1/3228 3783/1/3228 3774/1/3228
f 3780/1/3229 3783/1/3229 3781/1/3229
f 3798/1/3230 3800/1/3230 3799/1/3230
f 3789/1/3231 3800/1/3231 3790/1/3231
f 3796/1/3232 3800/1/3232 3797/1/3232
f 3788/1/3233 3800/1/3233 3789/1/3233
f 3795/1/3234 3800/1/3234 3796/1/3234
f 3787/1/3235 3800/1/3235 3788/1/3235
f 3794/1/3236 3800/1/3236 3795/1/3236
f 3786/1/3237 3800/1/3237 3787/1/3237
f 3793/1/3238 3800/1/3238 3794/1/3238
f 3785/1/3239 3800/1/3239 3786/1/3239
f 3792/1/3240 3800/1/3240 3793/1/3240
f 3784/1/3241 3800/1/3241 3785/1/3241
f 3791/1/3242 3800/1/3242 3792/1/3242
f 3799/1/3243 3800/1/3243 3784/1/3243
f 3790/1/3244 3800/1/3244 3791/1/3244
f 3797/1/3245 3800/1/3245 3798/1/3245
f 3796/1/3246 3813/1/3246 3812/1/3246 3795/1/3246
f 3789/1/3247 3806/1/3247 3805/1/3247 3788/1/3247
f 3797/1/3248 3814/1/3248 3813/1/3248 3796/1/3248
f 3790/1/3249 3807/1/3249 3806/1/3249 3789/1/3249
f 3799/1/3250 3816/1/3250 3815/1/3250 3798/1/3250
f 3798/1/3251 3815/1/3251 3814/1/3251 3797/1/3251
f 3791/1/3252 3808/1/3252 3807/1/3252 3790/1/3252
f 3784/1/3253 3801/1/3253 3816/1/3253 3799/1/3253
f 3792/1/3254 3809/1/3254 3808/1/3254 3791/1/3254
f 3785/1/3255 3802/1/3255 3801/1/3255 3784/1/3255
f 3793/1/3256 3810/1/3256 3809/1/3256 3792/1/3256
f 3786/1/3257 3803/1/3257 3802/1/3257 3785/1/3257
f 3794/1/3258 3811/1/3258 3810/1/3258 3793/1/3258
f 3787/1/3259 3804/1/3259 3803/1/3259 3786/1/3259
f 3795/1/3260 3812/1/3260 3811/1/3260 3794/1/3260
f 3788/1/3261 3805/1/3261 3804/1/3261 3787/1/3261
f 3833/1/3270 3849/1/3270 3848/1/3270
f 3842/1/3271 3849/1/3271 3841/1/3271
f 3835/1/3272 3849/1/3272 3834/1/3272
f 3843/1/3273 3849/1/3273 3842/1/3273
f 3836/1/3274 3849/1/3274 3835/1/3274
f 3844/1/3275 3849/1/3275 3843/1/3275
f 3837/1/3276 3849/1/3276 3836/1/3276
f 3845/1/3277 3849/1/3277 3844/1/3277
f 3838/1/3278 3849/1/3278 3837/1/3278
f 3846/1/3279 3849/1/3279 3845/1/3279
f 3839/1/3280 3849/1/3280 3838/1/3280
f 3847/1/3281 3849/1/3281 3846/1/3281
f 3840/1/3282 3849/1/3282 3839/1/3282
f 3848/1/3283 3849/1/3283 3847/1/3283
f 3841/1/3284 3849/1/3284 3840/1/3284
f 3834/1/3285 3849/1/3285 3833/1/3285
f 3864/1/3286 3866/1/3286 3865/1/3286
f 3855/1/3287 3866/1/3287 3856/1/3287
f 3862/1/3288 3866/1/3288 3863/1/3288
f 3854/1/3289 3866/1/3289 3855/1/3289
f 3861/1/3290 3866/1/3290 3862/1/3290
f 3853/1/3291 3866/1/3291 3854/1/3291
f 3860/1/3292 3866/1/3292 3861/1/3292
f 3852/1/3293 3866/1/3293 3853/1/3293
f 3859/1/3294 3866/1/3294 3860/1/3294
f 3851/1/3295 3866/1/3295 3852/1/3295
f 3858/1/3296 3866/1/3296 3859/1/3296
f 3850/1/3297 3866/1/3297 3851/1/3297
f 3857/1/3298 3866/1/3298 3858/1/3298
f 3865/1/3299 3866/1/3299 3850/1/3299
f 3856/1/3300 3866/1/3300 3857/1/3300
f 3863/1/3301 3866/1/3301 3864/1/3301
f 3881/1/3302 3883/1/3302 3882/1/3302
f 3872/1/3303 3883/1/3303 3873/1/3303
f 3879/1/3304 3883/1/3304 3880/1/3304
f 3871/1/3305 3883/1/3305 3872/1/3305
f 3878/1/3306 3883/1/3306 3879/1/3306
f 3870/1/3307 3883/1/3307 3871/1/3307
f 3877/1/3308 3883/1/3308 3878/1/3308
f 3869/1/3309 3883/1/3309 3870/1/3309
f 3876/1/3310 3883/1/3310 3877/1/3310
f 3868/1/3311 3883/1/3311 3869/1/3311
f 3875/1/3312 3883/1/3312 3876/1/3312
f 3867/1/3313 3883/1/3313 3868/1/3313
f 3874/1/3314 3883/1/3314 3875/1/3314
f 3882/1/3315 3883/1/3315 3867/1/3315
f 3873/1/3316 3883/1/3316 3874/1/3316
f 3880/1/3317 3883/1/3317 3881/1/3317
f 3898/1/3318 3900/1/3318 3899/1/3318
f 3889/1/3319 3900/1/3319 3890/1/3319
f 3896/1/3320 3900/1/3320 3897/1/3320
f 3888/1/3321 3900/1/3321 3889/1/3321
f 3895/1/3322 3900/1/3322 3896/1/3322
f 3887/1/3323 3900/1/3323 3888/1/3323
f 3894/1/3324 3900/1/3324 3895/1/3324
f 3886/1/3325 3900/1/3325 3887/1/3325
f 3893/1/3326 3900/1/3326 3894/1/3326
f 3885/1/3327 3900/1/3327 3886/1/3327
f 3892/1/3328 3900/1/3328 3893/1/3328
f 3884/1/3329 3900/1/3329 3885/1/3329
f 3891/1/3330 3900/1/3330 3892/1/3330
f 3899/1/3331 3900/1/3331 3884/1/3331
f 3890/1/3332 3900/1/3332 3891/1/3332
f 3897/1/3333 3900/1/3333 3898/1/3333
f 3896/1/3334 3913/1/3334 3912/1/3334 3895/1/3334
f 3889/1/3335 3906/1/3335 3905/1/3335 3888/1/3335
f 3897/1/3336 3914/1/3336 3913/1/3336 3896/1/3336
f 3890/1/3337 3907/1/3337 3906/1/3337 3889/1/3337
f 3899/1/3338 3916/1/3338 3915/1/3338 3898/1/3338
f 3898/1/3339 3915/1/3339 3914/1/3339 3897/1/3339
f 3891/1/3340 3908/1/3340 3907/1/3340 3890/1/3340
f 3884/1/3341 3901/1/3341 3916/1/3341 3899/1/3341
f 3892/1/3342 3909/1/3342 3908/1/3342 3891/1/3342
f 3885/1/3343 3902/1/3343 3901/1/3343 3884/1/3343
f 3893/1/3344 3910/1/3344 3909/1/3344 3892/1/3344
f 3886/1/3345 3903/1/3345 3902/1/3345 3885/1/3345
f 3894/1/3346 3911/1/3346 3910/1/3346 3893/1/3346
f 3887/1/3347 3904/1/3347 3903/1/3347 3886/1/3347
f 3895/1/3348 3912/1/3348 3911/1/3348 3894/1/3348
f 3888/1/3349 3905/1/3349 3904/1/3349 3887/1/3349
f 3933/1/3358 3949/1/3358 3948/1/3358
f 3942/1/3359 3949/1/3359 3941/1/3359
f 3935/1/3360 3949/1/3360 3934/1/3360
f 3943/1/3361 3949/1/3361 3942/1/3361
f 3936/1/3362 3949/1/3362 3935/1/3362
f 3944/1/3363 3949/1/3363 3943/1/3363
f 3937/1/3364 3949/1/3364 3936/1/3364
f 3945/1/3365 3949/1/3365 3944/1/3365
f 3938/1/3366 3949/1/3366 3937/1/3366
f 3946/1/3367 3949/1/3367 3945/1/3367
f 3939/1/3368 3949/1/3368 3938/1/3368
f 3947/1/3369 3949/1/3369 3946/1/3369
f 3940/1/3370 3949/1/3370 3939/1/3370
f 3948/1/3371 3949/1/3371 3947/1/3371
f 3941/1/3372 3949/1/3372 3940/1/3372
f 3934/1/3373 3949/1/3373 3933/1/3373
f 3964/1/3374 3966/1/3374 3965/1/3374
f 3955/1/3375 3966/1/3375 3956/1/3375
f 3962/1/3376 3966/1/3376 3963/1/3376
f 3954/1/3377 3966/1/3377 3955/1/3377
f 3961/1/3378 3966/1/3378 3962/1/3378
f 3953/1/3379 3966/1/3379 3954/1/3379
f 3960/1/3380 3966/1/3380 3961/1/3380
f 3952/1/3381 3966/1/3381 3953/1/3381
f 3959/1/3382 3966/1/3382 3960/1/3382
f 3951/1/3383 3966/1/3383 3952/1/3383
f 3958/1/3384 3966/1/3384 3959/1/3384
f 3950/1/3385 3966/1/3385 3951/1/3385
f 3957/1/3386 3966/1/3386 3958/1/3386
f 3965/1/3387 3966/1/3387 3950/1/3387
f 3956/1/3388 3966/1/3388 3957/1/3388
f 3963/1/3389 3966/1/3389 3964/1/3389
f 3981/1/3390 3983/1/3390 3982/1/3390
f 3972/1/3391 3983/1/3391 3973/1/3391
f 3979/1/3392 3983/1/3392 3980/1/3392
f 3971/1/3393 3983/1/3393 3972/1/3393
f 3978/1/3394 3983/1/3394 3979/1/3394
f 3970/1/3395 3983/1/3395 3971/1/3395
f 3977/1/3396 3983/1/3396 3978/1/3396
f 3969/1/3397 3983/1/3397 3970/1/3397
f 3976/1/3398 3983/1/3398 3977/1/3398
f 3968/1/3399 3983/1/3399 3969/1/3399
f 3975/1/3400 3983/1/3400 3976/1/3400
f 3967/1/3401 3983/1/3401 3968/1/3401
f 3974/1/3402 3983/1/3402 3975/1/3402
f 3982/1/3403 3983/1/3403 3967/1/3403
f 3973/1/3404 3983/1/3404 3974/1/3404
f 3980/1/3405 3983/1/3405 3981/1/3405
f 3998/1/3406 4000/1/3406 3999/1/3406
f 3989/1/3407 4000/1/3407 3990/1/3407
f 3996/1/3408 4000/1/3408 3997/1/3408
f 3988/1/3409 4000/1/3409 3989/1/3409
f 3995/1/3410 4000/1/3410 3996/1/3410
f 3987/1/3411 4000/1/3411 3988/1/3411
f 3994/1/3412 4000/1/3412 3995/1/3412
f 3986/1/3413 4000/1/3413 3987/1/3413
f 3993/1/3414 4000/1/3414 3994/1/3414
f 3985/1/3415 4000/1/3415 3986/1/3415
f 3992/1/3416 4000/1/3416 3993/1/3416
f 3984/1/3417 4000/1/3417 3985/1/3417
f 3991/1/3418 4000/1/3418 3992/1/3418
f 3999/1/3419 4000/1/3419 3984/1/3419
f 3990/1/3420 4000/1/3420 3991/1/3420
f 3997/1/3421 4000/1/3421 3998/1/3421
f 3996/1/3422 4013/1/3422 4012/1/3422 3995/1/3422
f 3989/1/3423 4006/1/3423 4005/1/3423 3988/1/3423
f 3997/1/3424 4014/1/3424 4013/1/3424 3996/1/3424
f 3990/1/3425 4007/1/3425 4006/1/3425 3989/1/3425
f 3999/1/3426 4016/1/3426 4015/1/3426 3998/1/3426
f 3998/1/3427 4015/1/3427 4014/1/3427 3997/1/3427
f 3991/1/3428 4008/1/3428 4007/1/3428 3990/1/3428
f 3984/1/3429 4001/1/3429 4016/1/3429 3999/1/3429
f 3992/1/3430 4009/1/3430 4008/1/3430 3991/1/3430
f 3985/1/3431 4002/1/3431 4001/1/3431 3984/1/3431
f 3993/1/3432 4010/1/3432 4009/1/3432 3992/1/3432
f 3986/1/3433 4003/1/3433 4002/1/3433 3985/1/3433
f 3994/1/3434 4011/1/3434 4010/1/3434 3993/1/3434
f 3987/1/3435 4004/1/3435 4003/1/3435 3986/1/3435
f 3995/1/3436 4012/1/3436 4011/1/3436 3994/1/3436
f 3988/1/3437 4005/1/3437 4004/1/3437 3987/1/3437
f 4033/1/3446 4049/1/3446 4048/1/3446
f 4042/1/3447 4049/1/3447 4041/1/3447
f 4035/1/3448 4049/1/3448 4034/1/3448
f 4043/1/3449 4049/1/3449 4042/1/3449
f 4036/1/3450 4049/1/3450 4035/1/3450
f 4044/1/3451 4049/1/3451 4043/1/3451
f 4037/1/3452 4049/1/3452 4036/1/3452
f 4045/1/3453 4049/1/3453 4044/1/3453
f 4038/1/3454 4049/1/3454 4037/1/3454
f 4046/1/3455 4049/1/3455 4045/1/3455
f 4039/1/3456 4049/1/3456 4038/1/3456
f 4047/1/3457 4049/1/3457 4046/1/3457
f 4040/1/3458 4049/1/3458 4039/1/3458
f 4048/1/3459 4049/1/3459 4047/1/3459
f 4041/1/3460 4049/1/3460 4040/1/3460
f 4034/1/3461 4049/1/3461 4033/1/3461
f 4064/1/3462 4066/1/3462 4065/1/3462
f 4055/1/3463 4066/1/3463 4056/1/3463
f 4062/1/3464 4066/1/3464 4063/1/3464
f 4054/1/3465 4066/1/3465 4055/1/3465
f 4061/1/3466 4066/1/3466 4062/1/3466
f 4053/1/3467 4066/1/3467 4054/1/3467
f 4060/1/3468 4066/1/3468 4061/1/3468
f 4052/1/3469 4066/1/3469 4053/1/3469
f 4059/1/3470 4066/1/3470 4060/1/3470
f 4051/1/3471 4066/1/3471 4052/1/3471
f 4058/1/3472 4066/1/3472 4059/1/3472
f 4050/1/3473 4066/1/3473 4051/1/3473
f 4057/1/3474 4066/1/3474 4058/1/3474
f 4065/1/3475 4066/1/3475 4050/1/3475
f 4056/1/3476 4066/1/3476 4057/1/3476
f 4063/1/3477 4066/1/3477 4064/1/3477
f 4081/1/3478 4083/1/3478 4082/1/3478
f 4072/1/3479 4083/1/3479 4073/1/3479
f 4079/1/3480 4083/1/3480 4080/1/3480
f 4071/1/3481 4083/1/3481 4072/1/3481
f 4078/1/3482 4083/1/3482 4079/1/3482
f 4070/1/3483 4083/1/3483 4071/1/3483
f 4077/1/3484 4083/1/3484 4078/1/3484
f 4069/1/3485 4083/1/3485 4070/1/3485
f 4076/1/3486 4083/1/3486 4077/1/3486
f 4068/1/3487 4083/1/3487 4069/1/3487
f 4075/1/3488 4083/1/3488 4076/1/3488
f 4067/1/3489 4083/1/3489 4068/1/3489
f 4074/1/3490 4083/1/3490 4075/1/3490
f 4082/1/3491 4083/1/3491 4067/1/3491
f 4073/1/3492 4083/1/3492 4074/1/3492
f 4080/1/3493 4083/1/3493 4081/1/3493
f 4098/1/3494 4100/1/3494 4099/1/3494
f 4089/1/3495 4100/1/3495 4090/1/3495
f 4096/1/3496 4100/1/3496 4097/1/3496
f 4088/1/3497 4100/1/3497 4089/1/3497
f 4095/1/3498 4100/1/3498 4096/1/3498
f 4087/1/3499 4100/1/3499 4088/1/3499
f 4094/1/3500 4100/1/3500 4095/1/3500
f 4086/1/3501 4100/1/3501 4087/1/3501
f 4093/1/3502 4100/1/3502 4094/1/3502
f 4085/1/3503 4100/1/3503 4086/1/3503
f 4092/1/3504 4100/1/3504 4093/1/3504
f 4084/1/3505 4100/1/3505 4085/1/3505
f 4091/1/3506 4100/1/3506 4092/1/3506
f 4099/1/3507 4100/1/3507 4084/1/3507
f 4090/1/3508 4100/1/3508 4091/1/3508
f 4097/1/3509 4100/1/3509 4098/1/3509
f 4096/1/3510 4113/1/3510 4112/1/3510 4095/1/3510
f 4089/1/3511 4106/1/3511 4105/1/3511 4088/1/3511
f 4097/1/3512 4114/1/3512 4113/1/3512 4096/1/3512
f 4090/1/3513 4107/1/3513 4106/1/3513 4089/1/3513
f 4099/1/3514 4116/1/3514 4115/1/3514 4098/1/3514
f 4098/1/3515 4115/1/3515 4114/1/3515 4097/1/3515
f 4091/1/3516 4108/1/3516 4107/1/3516 4090/1/3516
f 4084/1/3517 4101/1/3517 4116/1/3517 4099/1/3517
f 4092/1/3518 4109/1/3518 4108/1/3518 4091/1/3518
f 4085/1/3519 4102/1/3519 4101/1/3519 4084/1/3519
f 4093/1/3520 4110/1/3520 4109/1/3520 4092/1/3520
f 4086/1/3521 4103/1/3521 4102/1/3521 4085/1/3521
f 4094/1/3522 4111/1/3522 4110/1/3522 4093/1/3522
f 4087/1/3523 4104/1/3523 4103/1/3523 4086/1/3523
f 4095/1/3524 4112/1/3524 4111/1/3524 4094/1/3524
f 4088/1/3525 4105/1/3525 4104/1/3525 4087/1/3525
f 4133/1/3534 4149/1/3534 4148/1/3534
f 4142/1/3535 4149/1/3535 4141/1/3535
f 4135/1/3536 4149/1/3536 4134/1/3536
f 4143/1/3537 4149/1/3537 4142/1/3537
f 4136/1/3538 4149/1/3538 4135/1/3538
f 4144/1/3539 4149/1/3539 4143/1/3539
f 4137/1/3540 4149/1/3540 4136/1/3540
f 4145/1/3541 4149/1/3541 4144/1/3541
f 4138/1/3542 4149/1/3542 4137/1/3542
f 4146/1/3543 4149/1/3543 4145/1/3543
f 4139/1/3544 4149/1/3544 4138/1/3544
f 4147/1/3545 4149/1/3545 4146/1/3545
f 4140/1/3546 4149/1/3546 4139/1/3546
f 4148/1/3547 4149/1/3547 4147/1/3547
f 4141/1/3548 4149/1/3548 4140/1/3548
f 4134/1/3549 4149/1/3549 4133/1/3549
f 4164/1/3550 4166/1/3550 4165/1/3550
f 4155/1/3551 4166/1/3551 4156/1/3551
f 4162/1/3552 4166/1/3552 4163/1/3552
f 4154/1/3553 4166/1/3553 4155/1/3553
f 4161/1/3554 4166/1/3554 4162/1/3554
f 4153/1/3555 4166/1/3555 4154/1/3555
f 4160/1/3556 4166/1/3556 4161/1/3556
f 4152/1/3557 4166/1/3557 4153/1/3557
f 4159/1/3558 4166/1/3558 4160/1/3558
f 4151/1/3559 4166/1/3559 4152/1/3559
f 4158/1/3560 4166/1/3560 4159/1/3560
f 4150/1/3561 4166/1/3561 4151/1/3561
f 4157/1/3562 4166/1/3562 4158/1/3562
f 4165/1/3563 4166/1/3563 4150/1/3563
f 4156/1/3564 4166/1/3564 4157/1/3564
f 4163/1/3565 4166/1/3565 4164/1/3565
f 4181/1/3566 4183/1/3566 4182/1/3566
f 4172/1/3567 4183/1/3567 4173/1/3567
f 4179/1/3568 4183/1/3568 4180/1/3568
f 4171/1/3569 4183/1/3569 4172/1/3569
f 4178/1/3570 4183/1/3570 4179/1/3570
f 4170/1/3571 4183/1/3571 4171/1/3571
f 4177/1/3572 4183/1/3572 4178/1/3572
f 4169/1/3573 4183/1/3573 4170/1/3573
f 4176/1/3574 4183/1/3574 4177/1/3574
f 4168/1/3575 4183/1/3575 4169/1/3575
f 4175/1/3576 4183/1/3576 4176/1/3576
f 4167/1/3577 4183/1/3577 4168/1/3577
f 4174/1/3578 4183/1/3578 4175/1/3578
f 4182/1/3579 4183/1/3579 4167/1/3579
f 4173/1/3580 4183/1/3580 4174/1/3580
f 4180/1/3581 4183/1/3581 4181/1/3581
f 4198/1/3582 4200/1/3582 4199/1/3582
f 4189/1/3583 4200/1/3583 4190/1/3583
f 4196/1/3584 4200/1/3584 4197/1/3584
f 4188/1/3585 4200/1/3585 4189/1/3585
f 4195/1/3586 4200/1/3586 4196/1/3586
f 4187/1/3587 4200/1/3587 4188/1/3587
f 4194/1/3588 4200/1/3588 4195/1/3588
f 4186/1/3589 4200/1/3589 4187/1/3589
f 4193/1/3590 4200/1/3590 4194/1/3590
f 4185/1/3591 4200/1/3591 4186/1/3591
f 4192/1/3592 4200/1/3592 4193/1/3592
f 4184/1/3593 4200/1/3593 4185/1/3593
f 4191/1/3594 4200/1/3594 4192/1/3594
f 4199/1/3595 4200/1/3595 4184/1/3595
f 4190/1/3596 4200/1/3596 4191/1/3596
f 4197/1/3597 4200/1/3597 4198/1/3597
f 4196/1/3598 4213/1/3598 4212/1/3598 4195/1/3598
f 4189/1/3599 4206/1/3599 4205/1/3599 4188/1/3599
f 4197/1/3600 4214/1/3600 4213/1/3600 4196/1/3600
f 4190/1/3601 4207/1/3601 4206/1/3601 4189/1/3601
f 4199/1/3602 4216/1/3602 4215/1/3602 4198/1/3602
f 4198/1/3603 4215/1/3603 4214/1/3603 4197/1/3603
f 4191/1/3604 4208/1/3604 4207/1/3604 4190/1/3604
f 4184/1/3605 4201/1/3605 4216/1/3605 4199/1/3605
f 4192/1/3606 4209/1/3606 4208/1/3606 4191/1/3606
f 4185/1/3607 4202/1/3607 4201/1/3607 4184/1/3607
f 4193/1/3608 4210/1/3608 4209/1/3608 4192/1/3608
f 4186/1/3609 4203/1/3609 4202/1/3609 4185/1/3609
f 4194/1/3610 4211/1/3610 4210/1/3610 4193/1/3610
f 4187/1/3611 4204/1/3611 4203/1/3611 4186/1/3611
f 4195/1/3612 4212/1/3612 4211/1/3612 4194/1/3612
f 4188/1/3613 4205/1/3613 4204/1/3613 4187/1/3613
f 4233/1/3622 4249/1/3622 4248/1/3622
f 4242/1/3623 4249/1/3623 4241/1/3623
f 4235/1/3624 4249/1/3624 4234/1/3624
f 4243/1/3625 4249/1/3625 4242/1/3625
f 4236/1/3626 4249/1/3626 4235/1/3626
f 4244/1/3627 4249/1/3627 4243/1/3627
f 4237/1/3628 4249/1/3628 4236/1/3628
f 4245/1/3629 4249/1/3629 4244/1/3629
f 4238/1/3630 4249/1/3630 4237/1/3630
f 4246/1/3631 4249/1/3631 4245/1/3631
f 4239/1/3632 4249/1/3632 4238/1/3632
f 4247/1/3633 4249/1/3633 4246/1/3633
f 4240/1/3634 4249/1/3634 4239/1/3634
f 4248/1/3635 4249/1/3635 4247/1/3635
f 4241/1/3636 4249/1/3636 4240/1/3636
f 4234/1/3637 4249/1/3637 4233/1/3637
f 4264/1/3638 4266/1/3638 4265/1/3638
f 4255/1/3639 4266/1/3639 4256/1/3639
f 4262/1/3640 4266/1/3640 4263/1/3640
f 4254/1/3641 4266/1/3641 4255/1/3641
f 4261/1/3642 4266/1/3642 4262/1/3642
f 4253/1/3643 4266/1/3643 4254/1/3643
f 4260/1/3644 4266/1/3644 4261/1/3644
f 4252/1/3645 4266/1/3645 4253/1/3645
f 4259/1/3646 4266/1/3646 4260/1/3646
f 4251/1/3647 4266/1/3647 4252/1/3647
f 4258/1/3648 4266/1/3648 4259/1/3648
f 4250/1/3649 4266/1/3649 4251/1/3649
f 4257/1/3650 4266/1/3650 4258/1/3650
f 4265/1/3651 4266/1/3651 4250/1/3651
f 4256/1/3652 4266/1/3652 4257/1/3652
f 4263/1/3653 4266/1/3653 4264/1/3653
f 4281/1/3654 4283/1/3654 4282/1/3654
f 4272/1/3655 4283/1/3655 4273/1/3655
f 4279/1/3656 4283/1/3656 4280/1/3656
f 4271/1/3657 4283/1/3657 4272/1/3657
f 4278/1/3658 4283/1/3658 4279/1/3658
f 4270/1/3659 4283/1/3659 4271/1/3659
f 4277/1/3660 4283/1/3660 4278/1/3660
f 4269/1/3661 4283/1/3661 4270/1/3661
f 4276/1/3662 4283/1/3662 4277/1/3662
f 4268/1/3663 4283/1/3663 4269/1/3663
f 4275/1/3664 4283/1/3664 4276/1/3664
f 4267/1/3665 4283/1/3665 4268/1/3665
f 4274/1/3666 4283/1/3666 4275/1/3666
f 4282/1/3667 4283/1/3667 4267/1/3667
f 4273/1/3668 4283/1/3668 4274/1/3668
f 4280/1/3669 4283/1/3669 4281/1/3669
f 4298/1/3670 4300/1/3670 4299/1/3670
f 4289/1/3671 4300/1/3671 4290/1/3671
f 4296/1/3672 4300/1/3672 4297/1/3672
f 4288/1/3673 4300/1/3673 4289/1/3673
f 4295/1/3674 4300/1/3674 4296/1/3674
f 4287/1/3675 4300/1/3675 4288/1/3675
f 4294/1/3676 4300/1/3676 4295/1/3676
f 4286/1/3677 4300/1/3677 4287/1/3677
f 4293/1/3678 4300/1/3678 4294/1/3678
f 4285/1/3679 4300/1/3679 4286/1/3679
f 4292/1/3680 4300/1/3680 4293/1/3680
f 4284/1/3681 4300/1/3681 4285/1/3681
f 4291/1/3682 4300/1/3682 4292/1/3682
f 4299/1/3683 4300/1/3683 4284/1/3683
f 4290/1/3684 4300/1/3684 4291/1/3684
f 4297/1/3685 4300/1/3685 4298/1/3685
f 4296/1/3686 4313/1/3686 4312/1/3686 4295/1/3686
f 4289/1/3687 4306/1/3687 4305/1/3687 4288/1/3687
f 4297/1/3688 4314/1/3688 4313/1/3688 4296/1/3688
f 4290/1/3689 4307/1/3689 4306/1/3689 4289/1/3689
f 4299/1/3690 4316/1/3690 4315/1/3690 4298/1/3690
f 4298/1/3691 4315/1/3691 4314/1/3691 4297/1/3691
f 4291/1/3692 4308/1/3692 4307/1/3692 4290/1/3692
f 4284/1/3693 4301/1/3693 4316/1/3693 4299/1/3693
f 4292/1/3694 4309/1/3694 4308/1/3694 4291/1/3694
f 4285/1/3695 4302/1/3695 4301/1/3695 4284/1/3695
f 4293/1/3696 4310/1/3696 4309/1/3696 4292/1/3696
f 4286/1/3697 4303/1/3697 4302/1/3697 4285/1/3697
f 4294/1/3698 4311/1/3698 4310/1/3698 4293/1/3698
f 4287/1/3699 4304/1/3699 4303/1/3699 4286/1/3699
f 4295/1/3700 4312/1/3700 4311/1/3700 4294/1/3700
f 4288/1/3701 4305/1/3701 4304/1/3701 4287/1/3701
f 4333/1/3710 4349/1/3710 4348/1/3710
f 4342/1/3711 4349/1/3711 4341/1/3711
f 4335/1/3712 4349/1/3712 4334/1/3712
f 4343/1/3713 4349/1/3713 4342/1/3713
f 4336/1/3714 4349/1/3714 4335/1/3714
f 4344/1/3715 4349/1/3715 4343/1/3715
f 4337/1/3716 4349/1/3716 4336/1/3716
f 4345/1/3717 4349/1/3717 4344/1/3717
f 4338/1/3718 4349/1/3718 4337/1/3718
f 4346/1/3719 4349/1/3719 4345/1/3719
f 4339/1/3720 4349/1/3720 4338/1/3720
f 4347/1/3721 4349/1/3721 4346/1/3721
f 4340/1/3722 4349/1/3722 4339/1/3722
f 4348/1/3723 4349/1/3723 4347/1/3723
f 4341/1/3724 4349/1/3724 4340/1/3724
f 4334/1/3725 4349/1/3725 4333/1/3725
f 4364/1/3726 4366/1/3726 4365/1/3726
f 4355/1/3727 4366/1/3727 4356/1/3727
f 4362/1/3728 4366/1/3728 4363/1/3728
f 4354/1/3729 4366/1/3729 4355/1/3729
f 4361/1/3730 4366/1/3730 4362/1/3730
f 4353/1/3731 4366/1/3731 4354/1/3731
f 4360/1/3732 4366/1/3732 4361/1/3732
f 4352/1/3733 4366/1/3733 4353/1/3733
f 4359/1/3734 4366/1/3734 4360/1/3734
f 4351/1/3735 4366/1/3735 4352/1/3735
f 4358/1/3736 4366/1/3736 4359/1/3736
f 4350/1/3737 4366/1/3737 4351/1/3737
f 4357/1/3738 4366/1/3738 4358/1/3738
f 4365/1/3739 4366/1/3739 4350/1/3739
f 4356/1/3740 4366/1/3740 4357/1/3740
f 4363/1/3741 4366/1/3741 4364/1/3741
f 4381/1/3742 4383/1/3742 4382/1/3742
f 4372/1/3743 4383/1/3743 4373/1/3743
f 4379/1/3744 4383/1/3744 4380/1/3744
f 4371/1/3745 4383/1/3745 4372/1/3745
f 4378/1/3746 4383/1/3746 4379/1/3746
f 4370/1/3747 4383/1/3747 4371/1/3747
f 4377/1/3748 4383/1/3748 4378/1/3748
f 4369/1/3749 4383/1/3749 4370/1/3749
f 4376/1/3750 4383/1/3750 4377/1/3750
f 4368/1/3751 4383/1/3751 4369/1/3751
f 4375/1/3752 4383/1/3752 4376/1/3752
f 4367/1/3753 4383/1/3753 4368/1/3753
f 4374/1/3754 4383/1/3754 4375/1/3754
f 4382/1/3755 4383/1/3755 4367/1/3755
f 4373/1/3756 4383/1/3756 4374/1/3756
f 4380/1/3757 4383/1/3757 4381/1/3757
f 4398/1/3758 4400/1/3758 4399/1/3758
f 4389/1/3759 4400/1/3759 4390/1/3759
f 4396/1/3760 4400/1/3760 4397/1/3760
f 4388/1/3761 4400/1/3761 4389/1/3761
f 4395/1/3762 4400/1/3762 4396/1/3762
f 4387/1/3763 4400/1/3763 4388/1/3763
f 4394/1/3764 4400/1/3764 4395/1/3764
f 4386/1/3765 4400/1/3765 4387/1/3765
f 4393/1/3766 4400/1/3766 4394/1/3766
f 4385/1/3767 4400/1/3767 4386/1/3767
f 4392/1/3768 4400/1/3768 4393/1/3768
f 4384/1/3769 4400/1/3769 4385/1/3769
f 4391/1/3770 4400/1/3770 4392/1/3770
f 4399/1/3771 4400/1/3771 4384/1/3771
f 4390/1/3772 4400/1/3772 4391/1/3772
f 4397/1/3773 4400/1/3773 4398/1/3773
f 4396/1/3774 4413/1/3774 4412/1/3774 4395/1/3774
f 4389/1/3775 4406/1/3775 4405/1/3775 4388/1/3775
f 4397/1/3776 4414/1/3776 4413/1/3776 4396/1/3776
f 4390/1/3777 4407/1/3777 4406/1/3777 4389/1/3777
f 4399/1/3778 4416/1/3778 4415/1/3778 4398/1/3778
f 4398/1/3779 4415/1/3779 4414/1/3779 4397/1/3779
f 4391/1/3780 4408/1/3780 4407/1/3780 4390/1/3780
f 4384/1/3781 4401/1/3781 4416/1/3781 4399/1/3781
f 4392/1/3782 4409/1/3782 4408/1/3782 4391/1/3782
f 4385/1/3783 4402/1/3783 4401/1/3783 4384/1/3783
f 4393/1/3784 4410/1/3784 4409/1/3784 4392/1/3784
f 4386/1/3785 4403/1/3785 4402/1/3785 4385/1/3785
f 4394/1/3786 4411/1/3786 4410/1/3786 4393/1/3786
f 4387/1/3787 4404/1/3787 4403/1/3787 4386/1/3787
f 4395/1/3788 4412/1/3788 4411/1/3788 4394/1/3788
f 4388/1/3789 4405/1/3789 4404/1/3789 4387/1/3789
f 4433/1/3798 4449/1/3798 4448/1/3798
f 4442/1/3799 4449/1/3799 4441/1/3799
f 4435/1/3800 4449/1/3800 4434/1/3800
f 4443/1/3801 4449/1/3801 4442/1/3801
f 4436/1/3802 4449/1/3802 4435/1/3802
f 4444/1/3803 4449/1/3803 4443/1/3803
f 4437/1/3804 4449/1/3804 4436/1/3804
f 4445/1/3805 4449/1/3805 4444/1/3805
f 4438/1/3806 4449/1/3806 4437/1/3806
f 4446/1/3807 4449/1/3807 4445/1/3807
f 4439/1/3808 4449/1/3808 4438/1/3808
f 4447/1/3809 4449/1/3809 4446/1/3809
f 4440/1/3810 4449/1/3810 4439/1/3810
f 4448/1/3811 4449/1/3811 4447/1/3811
f 4441/1/3812 4449/1/3812 4440/1/3812
f 4434/1/3813 4449/1/3813 4433/1/3813
f 4464/1/3814 4466/1/3814 4465/1/3814
f 4455/1/3815 4466/1/3815 4456/1/3815
f 4462/1/3816 4466/1/3816 4463/1/3816
f 4454/1/3817 4466/1/3817 4455/1/3817
f 4461/1/3818 4466/1/3818 4462/1/3818
f 4453/1/3819 4466/1/3819 4454/1/3819
f 4460/1/3820 4466/1/3820 4461/1/3820
f 4452/1/3821 4466/1/3821 4453/1/3821
f 4459/1/3822 4466/1/3822 4460/1/3822
f 4451/1/3823 4466/1/3823 4452/1/3823
f 4458/1/3824 4466/1/3824 4459/1/3824
f 4450/1/3825 4466/1/3825 4451/1/3825
f 4457/1/3826 4466/1/3826 4458/1/3826
f 4465/1/3827 4466/1/3827 4450/1/3827
f 4456/1/3828 4466/1/3828 4457/1/3828
f 4463/1/3829 4466/1/3829 4464/1/3829
f 4481/1/3830 4483/1/3830 4482/1/3830
f 4472/1/3831 4483/1/3831 4473/1/3831
f 4479/1/3832 4483/1/3832 4480/1/3832
f 4471/1/3833 4483/1/3833 4472/1/3833
f 4478/1/3834 4483/1/3834 4479/1/3834
f 4470/1/3835 4483/1/3835 4471/1/3835
f 4477/1/3836 4483/1/3836 4478/1/3836
f 4469/1/3837 4483/1/3837 4470/1/3837
f 4476/1/3838 4483/1/3838 4477/1/3838
f 4468/1/3839 4483/1/3839 4469/1/3839
f 4475/1/3840 4483/1/3840 4476/1/3840
f 4467/1/3841 4483/1/3841 4468/1/3841
f 4474/1/3842 4483/1/3842 4475/1/3842
f 4482/1/3843 4483/1/3843 4467/1/3843
f 4473/1/3844 4483/1/3844 4474/1/3844
f 4480/1/3845 4483/1/3845 4481/1/3845
f 4498/1/3846 4500/1/3846 4499/1/3846
f 4489/1/3847 4500/1/3847 4490/1/3847
f 4496/1/3848 4500/1/3848 4497/1/3848
f 4488/1/3849 4500/1/3849 4489/1/3849
f 4495/1/3850 4500/1/3850 4496/1/3850
f 4487/1/3851 4500/1/3851 4488/1/3851
f 4494/1/3852 4500/1/3852 4495/1/3852
f 4486/1/3853 4500/1/3853 4487/1/3853
f 4493/1/3854 4500/1/3854 4494/1/3854
f 4485/1/3855 4500/1/3855 4486/1/3855
f 4492/1/3856 4500/1/3856 4493/1/3856
f 4484/1/3857 4500/1/3857 4485/1/3857
f 4491/1/3858 4500/1/3858 4492/1/3858
f 4499/1/3859 4500/1/3859 4484/1/3859
f 4490/1/3860 4500/1/3860 4491/1/3860
f 4497/1/3861 4500/1/3861 4498/1/3861
f 4496/1/3862 4513/1/3862 4512/1/3862 4495/1/3862
f 4489/1/3863 4506/1/3863 4505/1/3863 4488/1/3863
f 4497/1/3864 4514/1/3864 4513/1/3864 4496/1/3864
f 4490/1/3865 4507/1/3865 4506/1/3865 4489/1/3865
f 4499/1/3866 4516/1/3866 4515/1/3866 4498/1/3866
f 4498/1/3867 4515/1/3867 4514/1/3867 4497/1/3867
f 4491/1/3868 4508/1/3868 4507/1/3868 4490/1/3868
f 4484/1/3869 4501/1/3869 4516/1/3869 4499/1/3869
f 4492/1/3870 4509/1/3870 4508/1/3870 4491/1/3870
f 4485/1/3871 4502/1/3871 4501/1/3871 4484/1/3871
f 4493/1/3872 4510/1/3872 4509/1/3872 4492/1/3872
f 4486/1/3873 4503/1/3873 4502/1/3873 4485/1/3873
f 4494/1/3874 4511/1/3874 4510/1/3874 4493/1/3874
f 4487/1/3875 4504/1/3875 4503/1/3875 4486/1/3875
f 4495/1/3876 4512/1/3876 4511/1/3876 4494/1/3876
f 4488/1/3877 4505/1/3877 4504/1/3877 4487/1/3877
f 4533/1/3886 4549/1/3886 4548/1/3886
f 4542/1/3887 4549/1/3887 4541/1/3887
f 4535/1/3888 4549/1/3888 4534/1/3888
f 4543/1/3889 4549/1/3889 4542/1/3889
f 4536/1/3890 4549/1/3890 4535/1/3890
f 4544/1/3891 4549/1/3891 4543/1/3891
f 4537/1/3892 4549/1/3892 4536/1/3892
f 4545/1/3893 4549/1/3893 4544/1/3893
f 4538/1/3894 4549/1/3894 4537/1/3894
f 4546/1/3895 4549/1/3895 4545/1/3895
f 4539/1/3896 4549/1/3896 4538/1/3896
f 4547/1/3897 4549/1/3897 4546/1/3897
f 4540/1/3898 4549/1/3898 4539/1/3898
f 4548/1/3899 4549/1/3899 4547/1/3899
f 4541/1/3900 4549/1/3900 4540/1/3900
f 4534/1/3901 4549/1/3901 4533/1/3901
f 4564/1/3902 4566/1/3902 4565/1/3902
f 4555/1/3903 4566/1/3903 4556/1/3903
f 4562/1/3904 4566/1/3904 4563/1/3904
f 4554/1/3905 4566/1/3905 4555/1/3905
f 4561/1/3906 4566/1/3906 4562/1/3906
f 4553/1/3907 4566/1/3907 4554/1/3907
f 4560/1/3908 4566/1/3908 4561/1/3908
f 4552/1/3909 4566/1/3909 4553/1/3909
f 4559/1/3910 4566/1/3910 4560/1/3910
f 4551/1/3911 4566/1/3911 4552/1/3911
f 4558/1/3912 4566/1/3912 4559/1/3912
f 4550/1/3913 4566/1/3913 4551/1/3913
f 4557/1/3914 4566/1/3914 4558/1/3914
f 4565/1/3915 4566/1/3915 4550/1/3915
f 4556/1/3916 4566/1/3916 4557/1/3916
f 4563/1/3917 4566/1/3917 4564/1/3917
f 4581/1/3918 4583/1/3918 4582/1/3918
f 4572/1/3919 4583/1/3919 4573/1/3919
f 4579/1/3920 4583/1/3920 4580/1/3920
f 4571/1/3921 4583/1/3921 4572/1/3921
f 4578/1/3922 4583/1/3922 4579/1/3922
f 4570/1/3923 4583/1/3923 4571/1/3923
f 4577/1/3924 4583/1/3924 4578/1/3924
f 4569/1/3925 4583/1/3925 4570/1/3925
f 4576/1/3926 4583/1/3926 4577/1/3926
f 4568/1/3927 4583/1/3927 4569/1/3927
f 4575/1/3928 4583/1/3928 4576/1/3928
f 4567/1/3929 4583/1/3929 4568/1/3929
f 4574/1/3930 4583/1/3930 4575/1/3930
f 4582/1/3931 4583/1/3931 4567/1/3931
f 4573/1/3932 4583/1/3932 4574/1/3932
f 4580/1/3933 4583/1/3933 4581/1/3933
f 4598/1/3934 4600/1/3934 4599/1/3934
f 4589/1/3935 4600/1/3935 4590/1/3935
f 4596/1/3936 4600/1/3936 4597/1/3936
f 4588/1/3937 4600/1/3937 4589/1/3937
f 4595/1/3938 4600/1/3938 4596/1/3938
f 4587/1/3939 4600/1/3939 4588/1/3939
f 4594/1/3940 4600/1/3940 4595/1/3940
f 4586/1/3941 4600/1/3941 4587/1/3941
f 4593/1/3942 4600/1/3942 4594/1/3942
f 4585/1/3943 4600/1/3943 4586/1/3943
f 4592/1/3944 4600/1/3944 4593/1/3944
f 4584/1/3945 4600/1/3945 4585/1/3945
f 4591/1/3946 4600/1/3946 4592/1/3946
f 4599/1/3947 4600/1/3947 4584/1/3947
f 4590/1/3948 4600/1/3948 4591/1/3948
f 4597/1/3949 4600/1/3949 4598/1/3949
f 4596/1/3950 4613/1/3950 4612/1/3950 4595/1/3950
f 4589/1/3951 4606/1/3951 4605/1/3951 4588/1/3951
f 4597/1/3952 4614/1/3952 4613/1/3952 4596/1/3952
f 4590/1/3953 4607/1/3953 4606/1/3953 4589/1/3953
f 4599/1/3954 4616/1/3954 4615/1/3954 4598/1/3954
f 4598/1/3955 4615/1/3955 4614/1/3955 4597/1/3955
f 4591/1/3956 4608/1/3956 4607/1/3956 4590/1/3956
f 4584/1/3957 4601/1/3957 4616/1/3957 4599/1/3957
f 4592/1/3958 4609/1/3958 4608/1/3958 4591/1/3958
f 4585/1/3959 4602/1/3959 4601/1/3959 4584/1/3959
f 4593/1/3960 4610/1/3960 4609/1/3960 4592/1/3960
f 4586/1/3961 4603/1/3961 4602/1/3961 4585/1/3961
f 4594/1/3962 4611/1/3962 4610/1/3962 4593/1/3962
f 4587/1/3963 4604/1/3963 4603/1/3963 4586/1/3963
f 4595/1/3964 4612/1/3964 4611/1/3964 4594/1/3964
f 4588/1/3965 4605/1/3965 4604/1/3965 4587/1/3965
f 4633/1/3974 4649/1/3974 4648/1/3974
f 4642/1/3975 4649/1/3975 4641/1/3975
f 4635/1/3976 4649/1/3976 4634/1/3976
f 4643/1/3977 4649/1/3977 4642/1/3977
f 4636/1/3978 4649/1/3978 4635/1/3978
f 4644/1/3979 4649/1/3979 4643/1/3979
f 4637/1/3980 4649/1/3980 4636/1/3980
f 4645/1/3981 4649/1/3981 4644/1/3981
f 4638/1/3982 4649/1/3982 4637/1/3982
f 4646/1/3983 4649/1/3983 4645/1/3983
f 4639/1/3984 4649/1/3984 4638/1/3984
f 4647/1/3985 4649/1/3985 4646/1/3985
f 4640/1/3986 4649/1/3986 4639/1/3986
f 4648/1/3987 4649/1/3987 4647/1/3987
f 4641/1/3988 4649/1/3988 4640/1/3988
f 4634/1/3989 4649/1/3989 4633/1/3989
f 4664/1/3990 4666/1/3990 4665/1/3990
f 4655/1/3991 4666/1/3991 4656/1/3991
f 4662/1/3992 4666/1/3992 4663/1/3992
f 4654/1/3993 4666/1/3993 4655/1/3993
f 4661/1/3994 4666/1/3994 4662/1/3994
f 4653/1/3995 4666/1/3995 4654/1/3995
f 4660/1/3996 4666/1/3996 4661/1/3996
f 4652/1/3997 4666/1/3997 4653/1/3997
f 4659/1/3998 4666/1/3998 4660/1/3998
f 4651/1/3999 4666/1/3999 4652/1/3999
f 4658/1/4000 4666/1/4000 4659/1/4000
f 4650/1/4001 4666/1/4001 4651/1/4001
f 4657/1/4002 4666/1/4002 4658/1/4002
f 4665/1/4003 4666/1/4003 4650/1/4003
f 4656/1/4004 4666/1/4004 4657/1/4004
f 4663/1/4005 4666/1/4005 4664/1/4005
f 4681/1/4006 4683/1/4006 4682/1/4006
f 4672/1/4007 4683/1/4007 4673/1/4007
f 4679/1/4008 4683/1/4008 4680/1/4008
f 4671/1/4009 4683/1/4009 4672/1/4009
f 4678/1/4010 4683/1/4010 4679/1/4010
f 4670/1/4011 4683/1/4011 4671/1/4011
f 4677/1/4012 4683/1/4012 4678/1/4012
f 4669/1/4013 4683/1/4013 4670/1/4013
f 4676/1/4014 4683/1/4014 4677/1/4014
f 4668/1/4015 4683/1/4015 4669/1/4015
f 4675/1/4016 4683/1/4016 4676/1/4016
f 4667/1/4017 4683/1/4017 4668/1/4017
f 4674/1/4018 4683/1/4018 4675/1/4018
f 4682/1/4019 4683/1/4019 4667/1/4019
f 4673/1/4020 4683/1/4020 4674/1/4020
f 4680/1/4021 4683/1/4021 4681/1/4021
f 4698/1/4022 4700/1/4022 4699/1/4022
f 4689/1/4023 4700/1/4023 4690/1/4023
f 4696/1/4024 4700/1/4024 4697/1/4024
f 4688/1/4025 4700/1/4025 4689/1/4025
f 4695/1/4026 4700/1/4026 4696/1/4026
f 4687/1/4027 4700/1/4027 4688/1/4027
f 4694/1/4028 4700/1/4028 4695/1/4028
f 4686/1/4029 4700/1/4029 4687/1/4029
f 4693/1/4030 4700/1/4030 4694/1/4030
f 4685/1/4031 4700/1/4031 4686/1/4031
f 4692/1/4032 4700/1/4032 4693/1/4032
f 4684/1/4033 4700/1/4033 4685/1/4033
f 4691/1/4034 4700/1/4034 4692/1/4034
f 4699/1/4035 4700/1/4035 4684/1/4035
f 4690/1/4036 4700/1/4036 4691/1/4036
f 4697/1/4037 4700/1/4037 4698/1/4037
f 4696/1/4038 4713/1/4038 4712/1/4038 4695/1/4038
f 4689/1/4039 4706/1/4039 4705/1/4039 4688/1/4039
f 4697/1/4040 4714/1/4040 4713/1/4040 4696/1/4040
f 4690/1/4041 4707/1/4041 4706/1/4041 4689/1/4041
f 4699/1/4042 4716/1/4042 4715/1/4042 4698/1/4042
f 4698/1/4043 4715/1/4043 4714/1/4043 4697/1/4043
f 4691/1/4044 4708/1/4044 4707/1/4044 4690/1/4044
f 4684/1/4045 4701/1/4045 4716/1/4045 4699/1/4045
f 4692/1/4046 4709/1/4046 4708/1/4046 4691/1/4046
f 4685/1/4047 4702/1/4047 4701/1/4047 4684/1/4047
f 4693/1/4048 4710/1/4048 4709/1/4048 4692/1/4048
f 4686/1/4049 4703/1/4049 4702/1/4049 4685/1/4049
f 4694/1/4050 4711/1/4050 4710/1/4050 4693/1/4050
f 4687/1/4051 4704/1/4051 4703/1/4051 4686/1/4051
f 4695/1/4052 4712/1/4052 4711/1/4052 4694/1/4052
f 4688/1/4053 4705/1/4053 4704/1/4053 4687/1/4053
f 4733/1/4062 4749/1/4062 4748/1/4062
f 4742/1/4063 4749/1/4063 4741/1/4063
f 4735/1/4064 4749/1/4064 4734/1/4064
f 4743/1/4065 4749/1/4065 4742/1/4065
f 4736/1/4066 4749/1/4066 4735/1/4066
f 4744/1/4067 4749/1/4067 4743/1/4067
f 4737/1/4068 4749/1/4068 4736/1/4068
f 4745/1/4069 4749/1/4069 4744/1/4069
f 4738/1/4070 4749/1/4070 4737/1/4070
f 4746/1/4071 4749/1/4071 4745/1/4071
f 4739/1/4072 4749/1/4072 4738/1/4072
f 4747/1/4073 4749/1/4073 4746/1/4073
f 4740/1/4074 4749/1/4074 4739/1/4074
f 4748/1/4075 4749/1/4075 4747/1/4075
f 4741/1/4076 4749/1/4076 4740/1/4076
f 4734/1/4077 4749/1/4077 4733/1/4077
f 4764/1/4078 4766/1/4078 4765/1/4078
f 4755/1/4079 4766/1/4079 4756/1/4079
f 4762/1/4080 4766/1/4080 4763/1/4080
f 4754/1/4081 4766/1/4081 4755/1/4081
f 4761/1/4082 4766/1/4082 4762/1/4082
f 4753/1/4083 4766/1/4083 4754/1/4083
f 4760/1/4084 4766/1/4084 4761/1/4084
f 4752/1/4085 4766/1/4085 4753/1/4085
f 4759/1/4086 4766/1/4086 4760/1/4086
f 4751/1/4087 4766/1/4087 4752/1/4087
f 4758/1/4088 4766/1/4088 4759/1/4088
f 4750/1/4089 4766/1/4089 4751/1/4089
f 4757/1/4090 4766/1/4090 4758/1/4090
f 4765/1/4091 4766/1/4091 4750/1/4091
f 4756/1/4092 4766/1/4092 4757/1/4092
f 4763/1/4093 4766/1/4093 4764/1/4093
f 4781/1/4094 4783/1/4094 4782/1/4094
f 4772/1/4095 4783/1/4095 4773/1/4095
f 4779/1/4096 4783/1/4096 4780/1/4096
f 4771/1/4097 4783/1/4097 4772/1/4097
f 4778/1/4098 4783/1/4098 4779/1/4098
f 4770/1/4099 4783/1/4099 4771/1/4099
f 4777/1/4100 4783/1/4100 4778/1/4100
f 4769/1/4101 4783/1/4101 4770/1/4101
f 4776/1/4102 4783/1/4102 4777/1/4102
f 4768/1/4103 4783/1/4103 4769/1/4103
f 4775/1/4104 4783/1/4104 4776/1/4104
f 4767/1/4105 4783/1/4105 4768/1/4105
f 4774/1/4106 4783/1/4106 4775/1/4106
f 4782/1/4107 4783/1/4107 4767/1/4107
f 4773/1/4108 4783/1/4108 4774/1/4108
f 4780/1/4109 4783/1/4109 4781/1/4109
f 4798/1/4110 4800/1/4110 4799/1/4110
f 4789/1/4111 4800/1/4111 4790/1/4111
f 4796/1/4112 4800/1/4112 4797/1/4112
f 4788/1/4113 4800/1/4113 4789/1/4113
f 4795/1/4114 4800/1/4114 4796/1/4114
f 4787/1/4115 4800/1/4115 4788/1/4115
f 4794/1/4116 4800/1/4116 4795/1/4116
f 4786/1/4117 4800/1/4117 4787/1/4117
f 4793/1/4118 4800/1/4118 4794/1/4118
f 4785/1/4119 4800/1/4119 4786/1/4119
f 4792/1/4120 4800/1/4120 4793/1/4120
f 4784/1/4121 4800/1/4121 4785/1/4121
f 4791/1/4122 4800/1/4122 4792/1/4122
f 4799/1/4123 4800/1/4123 4784/1/4123
f 4790/1/4124 4800/1/4124 4791/1/4124
f 4797/1/4125 4800/1/4125 4798/1/4125
f 4796/1/4126 4813/1/4126 4812/1/4126 4795/1/4126
f 4789/1/4127 4806/1/4127 4805/1/4127 4788/1/4127
f 4797/1/4128 4814/1/4128 4813/1/4128 4796/1/4128
f 4790/1/4129 4807/1/4129 4806/1/4129 4789/1/4129
f 4799/1/4130 4816/1/4130 4815/1/4130 4798/1/4130
f 4798/1/4131 4815/1/4131 4814/1/4131 4797/1/4131
f 4791/1/4132 4808/1/4132 4807/1/4132 4790/1/4132
f 4784/1/4133 4801/1/4133 4816/1/4133 4799/1/4133
f 4792/1/4134 4809/1/4134 4808/1/4134 4791/1/4134
f 4785/1/4135 4802/1/4135 4801/1/4135 4784/1/4135
f 4793/1/4136 4810/1/4136 4809/1/4136 4792/1/4136
f 4786/1/4137 4803/1/4137 4802/1/4137 4785/1/4137
f 4794/1/4138 4811/1/4138 4810/1/4138 4793/1/4138
f 4787/1/4139 4804/1/4139 4803/1/4139 4786/1/4139
f 4795/1/4140 4812/1/4140 4811/1/4140 4794/1/4140
f 4788/1/4141 4805/1/4141 4804/1/4141 4787/1/4141
f 4833/1/4150 4849/1/4150 4848/1/4150
f 4842/1/4151 4849/1/4151 4841/1/4151
f 4835/1/4152 4849/1/4152 4834/1/4152
f 4843/1/4153 4849/1/4153 4842/1/4153
f 4836/1/4154 4849/1/4154 4835/1/4154
f 4844/1/4155 4849/1/4155 4843/1/4155
f 4837/1/4156 4849/1/4156 4836/1/4156
f 4845/1/4157 4849/1/4157 4844/1/4157
f 4838/1/4158 4849/1/4158 4837/1/4158
f 4846/1/4159 4849/1/4159 4845/1/4159
f 4839/1/4160 4849/1/4160 4838/1/4160
f 4847/1/4161 4849/1/4161 4846/1/4161
f 4840/1/4162 4849/1/4162 4839/1/4162
f 4848/1/4163 4849/1/4163 4847/1/4163
f 4841/1/4164 4849/1/4164 4840/1/4164
f 4834/1/4165 4849/1/4165 4833/1/4165
f 4864/1/4166 4866/1/4166 4865/1/4166
f 4855/1/4167 4866/1/4167 4856/1/4167
f 4862/1/4168 4866/1/4168 4863/1/4168
f 4854/1/4169 4866/1/4169 4855/1/4169
f 4861/1/4170 4866/1/4170 4862/1/4170
f 4853/1/4171 4866/1/4171 4854/1/4171
f 4860/1/4172 4866/1/4172 4861/1/4172
f 4852/1/4173 4866/1/4173 4853/1/4173
f 4859/1/4174 4866/1/4174 4860/1/4174
f 4851/1/4175 4866/1/4175 4852/1/4175
f 4858/1/4176 4866/1/4176 4859/1/4176
f 4850/1/4177 4866/1/4177 4851/1/4177
f 4857/1/4178 4866/1/4178 4858/1/4178
f 4865/1/4179 4866/1/4179 4850/1/4179
f 4856/1/4180 4866/1/4180 4857/1/4180
f 4863/1/4181 4866/1/4181 4864/1/4181
f 4881/1/4182 4883/1/4182 4882/1/4182
f 4872/1/4183 4883/1/4183 4873/1/4183
f 4879/1/4184 4883/1/4184 4880/1/4184
f 4871/1/4185 4883/1/4185 4872/1/4185
f 4878/1/4186 4883/1/4186 4879/1/4186
f 4870/1/4187 4883/1/4187 4871/1/4187
f 4877/1/4188 4883/1/4188 4878/1/4188
f 4869/1/4189 4883/1/4189 4870/1/4189
f 4876/1/4190 4883/1/4190 4877/1/4190
f 4868/1/4191 4883/1/4191 4869/1/4191
f 4875/1/4192 4883/1/4192 4876/1/4192
f 4867/1/4193 4883/1/4193 4868/1/4193
f 4874/1/4194 4883/1/4194 4875/1/4194
f 4882/1/4195 4883/1/4195 4867/1/4195
f 4873/1/4196 4883/1/4196 4874/1/4196
f 4880/1/4197 4883/1/4197 4881/1/4197
f 4898/1/4198 4900/1/4198 4899/1/4198
f 4889/1/4199 4900/1/4199 4890/1/4199
f 4896/1/4200 4900/1/4200 4897/1/4200
f 4888/1/4201 4900/1/4201 4889/1/4201
f 4895/1/4202 4900/1/4202 4896/1/4202
f 4887/1/4203 4900/1/4203 4888/1/4203
f 4894/1/4204 4900/1/4204 4895/1/4204
f 4886/1/4205 4900/1/4205 4887/1/4205
f 4893/1/4206 4900/1/4206 4894/1/4206
f 4885/1/4207 4900/1/4207 4886/1/4207
f 4892/1/4208 4900/1/4208 4893/1/4208
f 4884/1/4209 4900/1/4209 4885/1/4209
f 4891/1/4210 4900/1/4210 4892/1/4210
f 4899/1/4211 4900/1/4211 4884/1/4211
f 4890/1/4212 4900/1/4212 4891/1/4212
f 4897/1/4213 4900/1/4213 4898/1/4213
f 4896/1/4214 4913/1/4214 4912/1/4214 4895/1/4214
f 4889/1/4215 4906/1/4215 4905/1/4215 4888/1/4215
f 4897/1/4216 4914/1/4216 4913/1/4216 4896/1/4216
f 4890/1/4217 4907/1/4217 4906/1/4217 4889/1/4217
f 4899/1/4218 4916/1/4218 4915/1/4218 4898/1/4218
f 4898/1/4219 4915/1/4219 4914/1/4219 4897/1/4219
f 4891/1/4220 4908/1/4220 4907/1/4220 4890/1/4220
f 4884/1/4221 4901/1/4221 4916/1/4221 4899/1/4221
f 4892/1/4222 4909/1/4222 4908/1/4222 4891/1/4222
f 4885/1/4223 4902/1/4223 4901/1/4223 4884/1/4223
f 4893/1/4224 4910/1/4224 4909/1/4224 4892/1/4224
f 4886/1/4225 4903/1/4225 4902/1/4225 4885/1/4225
f 4894/1/4226 4911/1/4226 4910/1/4226 4893/1/4226
f 4887/1/4227 4904/1/4227 4903/1/4227 4886/1/4227
f 4895/1/4228 4912/1/4228 4911/1/4228 4894/1/4228
f 4888/1/4229 4905/1/4229 4904/1/4229 4887/1/4229
usemtl Brown
f 117/5/85 119/7/85 120/6/85 118/3/85
f 119/7/86 121/9/86 122/8/86 120/6/86
f 121/9/87 123/11/87 124/10/87 122/8/87
f 123/11/88 125/13/88 126/12/88 124/10/88
f 125/13/89 127/15/89 128/14/89 126/12/89
f 127/15/90 129/17/90 130/16/90 128/14/90
f 120/18/3 122/25/3 124/24/3 126/23/3 128/22/3 130/21/3 132/20/3 118/19/3
f 129/17/91 131/27/91 132/26/91 130/16/91
f 131/27/92 117/28/92 118/4/92 132/26/92
f 117/29/1 131/36/1 129/35/1 127/34/1 125/33/1 123/32/1 121/31/1 119/30/1
f 217/5/173 219/7/173 220/6/173 218/3/173
f 219/7/174 221/9/174 222/8/174 220/6/174
f 221/9/175 223/11/175 224/10/175 222/8/175
f 223/11/176 225/13/176 226/12/176 224/10/176
f 225/13/177 227/15/177 228/14/177 226/12/177
f 227/15/178 229/17/178 230/16/178 228/14/178
f 220/18/3 222/25/3 224/24/3 226/23/3 228/22/3 230/21/3 232/20/3 218/19/3
f 229/17/179 231/27/179 232/26/179 230/16/179
f 231/27/180 217/28/180 218/4/180 232/26/180
f 217/29/1 231/36/1 229/35/1 227/34/1 225/33/1 223/32/1 221/31/1 219/30/1
f 317/5/261 319/7/261 320/6/261 318/3/261
f 319/7/262 321/9/262 322/8/262 320/6/262
f 321/9/263 323/11/263 324/10/263 322/8/263
f 323/11/264 325/13/264 326/12/264 324/10/264
f 325/13/265 327/15/265 328/14/265 326/12/265
f 327/15/266 329/17/266 330/16/266 328/14/266
f 320/18/3 322/25/3 324/24/3 326/23/3 328/22/3 330/21/3 332/20/3 318/19/3
f 329/17/267 331/27/267 332/26/267 330/16/267
f 331/27/268 317/28/268 318/4/268 332/26/268
f 317/29/1 331/36/1 329/35/1 327/34/1 325/33/1 323/32/1 321/31/1 319/30/1
f 417/5/349 419/7/349 420/6/349 418/3/349
f 419/7/350 421/9/350 422/8/350 420/6/350
f 421/9/351 423/11/351 424/10/351 422/8/351
f 423/11/352 425/13/352 426/12/352 424/10/352
f 425/13/353 427/15/353 428/14/353 426/12/353
f 427/15/354 429/17/354 430/16/354 428/14/354
f 420/18/3 422/25/3 424/24/3 426/23/3 428/22/3 430/21/3 432/20/3 418/19/3
f 429/17/355 431/27/355 432/26/355 430/16/355
f 431/27/356 417/28/356 418/4/356 432/26/356
f 417/29/1 431/36/1 429/35/1 427/34/1 425/33/1 423/32/1 421/31/1 419/30/1
f 517/5/437 519/7/437 520/6/437 518/3/437
f 519/7/438 521/9/438 522/8/438 520/6/438
f 521/9/439 523/11/439 524/10/439 522/8/439
f 523/11/440 525/13/440 526/12/440 524/10/440
f 525/13/441 527/15/441 528/14/441 526/12/441
f 527/15/442 529/17/442 530/16/442 528/14/442
f 520/18/3 522/25/3 524/24/3 526/23/3 528/22/3 530/21/3 532/20/3 518/19/3
f 529/17/443 531/27/443 532/26/443 530/16/443
f 531/27/444 517/28/444 518/4/444 532/26/444
f 517/29/1 531/36/1 529/35/1 527/34/1 525/33/1 523/32/1 521/31/1 519/30/1
f 617/5/525 619/7/525 620/6/525 618/3/525
f 619/7/526 621/9/526 622/8/526 620/6/526
f 621/9/527 623/11/527 624/10/527 622/8/527
f 623/11/528 625/13/528 626/12/528 624/10/528
f 625/13/529 627/15/529 628/14/529 626/12/529
f 627/15/530 629/17/530 630/16/530 628/14/530
f 620/18/3 622/25/3 624/24/3 626/23/3 628/22/3 630/21/3 632/20/3 618/19/3
f 629/17/531 631/27/531 632/26/531 630/16/531
f 631/27/532 617/28/532 618/4/532 632/26/532
f 617/29/1 631/36/1 629/35/1 627/34/1 625/33/1 623/32/1 621/31/1 619/30/1
f 717/5/613 719/7/613 720/6/613 718/3/613
f 719/7/614 721/9/614 722/8/614 720/6/614
f 721/9/615 723/11/615 724/10/615 722/8/615
f 723/11/616 725/13/616 726/12/616 724/10/616
f 725/13/617 727/15/617 728/14/617 726/12/617
f 727/15/618 729/17/618 730/16/618 728/14/618
f 720/18/3 722/25/3 724/24/3 726/23/3 728/22/3 730/21/3 732/20/3 718/19/3
f 729/17/619 731/27/619 732/26/619 730/16/619
f 731/27/620 717/28/620 718/4/620 732/26/620
f 717/29/1 731/36/1 729/35/1 727/34/1 725/33/1 723/32/1 721/31/1 719/30/1
f 817/5/701 819/7/701 820/6/701 818/3/701
f 819/7/702 821/9/702 822/8/702 820/6/702
f 821/9/703 823/11/703 824/10/703 822/8/703
f 823/11/704 825/13/704 826/12/704 824/10/704
f 825/13/705 827/15/705 828/14/705 826/12/705
f 827/15/706 829/17/706 830/16/706 828/14/706
f 820/18/3 822/25/3 824/24/3 826/23/3 828/22/3 830/21/3 832/20/3 818/19/3
f 829/17/707 831/27/707 832/26/707 830/16/707
f 831/27/708 817/28/708 818/4/708 832/26/708
f 817/29/1 831/36/1 829/35/1 827/34/1 825/33/1 823/32/1 821/31/1 819/30/1
f 917/5/789 919/7/789 920/6/789 918/3/789
f 919/7/790 921/9/790 922/8/790 920/6/790
f 921/9/791 923/11/791 924/10/791 922/8/791
f 923/11/792 925/13/792 926/12/792 924/10/792
f 925/13/793 927/15/793 928/14/793 926/12/793
f 927/15/794 929/17/794 930/16/794 928/14/794
f 920/18/3 922/25/3 924/24/3 926/23/3 928/22/3 930/21/3 932/20/3 918/19/3
f 929/17/795 931/27/795 932/26/795 930/16/795
f 931/27/796 917/28/796 918/4/796 932/26/796
f 917/29/1 931/36/1 929/35/1 927/34/1 925/33/1 923/32/1 921/31/1 919/30/1
f 1017/5/877 1019/7/877 1020/6/877 1018/3/877
f 1019/7/878 1021/9/878 1022/8/878 1020/6/878
f 1021/9/879 1023/11/879 1024/10/879 1022/8/879
f 1023/11/880 1025/13/880 1026/12/880 1024/10/880
f 1025/13/881 1027/15/881 1028/14/881 1026/12/881
f 1027/15/882 1029/17/882 1030/16/882 1028/14/882
f 1020/18/3 1022/25/3 1024/24/3 1026/23/3 1028/22/3 1030/21/3 1032/20/3 1018/19/3
f 1029/17/883 1031/27/883 1032/26/883 1030/16/883
f 1031/27/884 1017/28/884 1018/4/884 1032/26/884
f 1017/29/1 1031/36/1 1029/35/1 1027/34/1 1025/33/1 1023/32/1 1021/31/1 1019/30/1
f 1117/5/965 1119/7/965 1120/6/965 1118/3/965
f 1119/7/966 1121/9/966 1122/8/966 1120/6/966
f 1121/9/967 1123/11/967 1124/10/967 1122/8/967
f 1123/11/968 1125/13/968 1126/12/968 1124/10/968
f 1125/13/969 1127/15/969 1128/14/969 1126/12/969
f 1127/15/970 1129/17/970 1130/16/970 1128/14/970
f 1120/18/3 1122/25/3 1124/24/3 1126/23/3 1128/22/3 1130/21/3 1132/20/3 1118/19/3
f 1129/17/971 1131/27/971 1132/26/971 1130/16/971
f 1131/27/972 1117/28/972 1118/4/972 1132/26/972
f 1117/29/1 1131/36/1 1129/35/1 1127/34/1 1125/33/1 1123/32/1 1121/31/1 1119/30/1
f 1217/5/1053 1219/7/1053 1220/6/1053 1218/3/1053
f 1219/7/1054 1221/9/1054 1222/8/1054 1220/6/1054
f 1221/9/1055 1223/11/1055 1224/10/1055 1222/8/1055
f 1223/11/1056 1225/13/1056 1226/12/1056 1224/10/1056
f 1225/13/1057 1227/15/1057 1228/14/1057 1226/12/1057
f 1227/15/1058 1229/17/1058 1230/16/1058 1228/14/1058
f 1220/18/3 1222/25/3 1224/24/3 1226/23/3 1228/22/3 1230/21/3 1232/20/3 1218/19/3
f 1229/17/1059 1231/27/1059 1232/26/1059 1230/16/1059
f 1231/27/1060 1217/28/1060 1218/4/1060 1232/26/1060
f 1217/29/1 1231/36/1 1229/35/1 1227/34/1 1225/33/1 1223/32/1 1221/31/1 1219/30/1
f 1317/5/1141 1319/7/1141 1320/6/1141 1318/3/1141
f 1319/7/1142 1321/9/1142 1322/8/1142 1320/6/1142
f 1321/9/1143 1323/11/1143 1324/10/1143 1322/8/1143
f 1323/11/1144 1325/13/1144 1326/12/1144 1324/10/1144
f 1325/13/1145 1327/15/1145 1328/14/1145 1326/12/1145
f 1327/15/1146 1329/17/1146 1330/16/1146 1328/14/1146
f 1320/18/3 1322/25/3 1324/24/3 1326/23/3 1328/22/3 1330/21/3 1332/20/3 1318/19/3
f 1329/17/1147 1331/27/1147 1332/26/1147 1330/16/1147
f 1331/27/1148 1317/28/1148 1318/4/1148 1332/26/1148
f 1317/29/1 1331/36/1 1329/35/1 1327/34/1 1325/33/1 1323/32/1 1321/31/1 1319/30/1
f 1417/5/1229 1419/7/1229 1420/6/1229 1418/3/1229
f 1419/7/1230 1421/9/1230 1422/8/1230 1420/6/1230
f 1421/9/1231 1423/11/1231 1424/10/1231 1422/8/1231
f 1423/11/1232 1425/13/1232 1426/12/1232 1424/10/1232
f 1425/13/1233 1427/15/1233 1428/14/1233 1426/12/1233
f 1427/15/1234 1429/17/1234 1430/16/1234 1428/14/1234
f 1420/18/3 1422/25/3 1424/24/3 1426/23/3 1428/22/3 1430/21/3 1432/20/3 1418/19/3
f 1429/17/1235 1431/27/1235 1432/26/1235 1430/16/1235
f 1431/27/1236 1417/28/1236 1418/4/1236 1432/26/1236
f 1417/29/1 1431/36/1 1429/35/1 1427/34/1 1425/33/1 1423/32/1 1421/31/1 1419/30/1
f 1517/5/1317 1519/7/1317 1520/6/1317 1518/3/1317
f 1519/7/1318 1521/9/1318 1522/8/1318 1520/6/1318
f 1521/9/1319 1523/11/1319 1524/10/1319 1522/8/1319
f 1523/11/1320 1525/13/1320 1526/12/1320 1524/10/1320
f 1525/13/1321 1527/15/1321 1528/14/1321 1526/12/1321
f 1527/15/1322 1529/17/1322 1530/16/1322 1528/14/1322
f 1520/18/3 1522/25/3 1524/24/3 1526/23/3 1528/22/3 1530/21/3 1532/20/3 1518/19/3
f 1529/17/1323 1531/27/1323 1532/26/1323 1530/16/1323
f 1531/27/1324 1517/28/1324 1518/4/1324 1532/26/1324
f 1517/29/1 1531/36/1 1529/35/1 1527/34/1 1525/33/1 1523/32/1 1521/31/1 1519/30/1
f 1617/5/1405 1619/7/1405 1620/6/1405 1618/3/1405
f 1619/7/1406 1621/9/1406 1622/8/1406 1620/6/1406
f 1621/9/1407 1623/11/1407 1624/10/1407 1622/8/1407
f 1623/11/1408 1625/13/1408 1626/12/1408 1624/10/1408
f 1625/13/1409 1627/15/1409 1628/14/1409 1626/12/1409
f 1627/15/1410 1629/17/1410 1630/16/1410 1628/14/1410
f 1620/18/3 1622/25/3 1624/24/3 1626/23/3 1628/22/3 1630/21/3 1632/20/3 1618/19/3
f 1629/17/1411 1631/27/1411 1632/26/1411 1630/16/1411
f 1631/27/1412 1617/28/1412 1618/4/1412 1632/26/1412
f 1617/29/1 1631/36/1 1629/35/1 1627/34/1 1625/33/1 1623/32/1 1621/31/1 1619/30/1
f 1717/5/1493 1719/7/1493 1720/6/1493 1718/3/1493
f 1719/7/1494 1721/9/1494 1722/8/1494 1720/6/1494
f 1721/9/1495 1723/11/1495 1724/10/1495 1722/8/1495
f 1723/11/1496 1725/13/1496 1726/12/1496 1724/10/1496
f 1725/13/1497 1727/15/1497 1728/14/1497 1726/12/1497
f 1727/15/1498 1729/17/1498 1730/16/1498 1728/14/1498
f 1720/18/3 1722/25/3 1724/24/3 1726/23/3 1728/22/3 1730/21/3 1732/20/3 1718/19/3
f 1729/17/1499 1731/27/1499 1732/26/1499 1730/16/1499
f 1731/27/1500 1717/28/1500 1718/4/1500 1732/26/1500
f 1717/29/1 1731/36/1 1729/35/1 1727/34/1 1725/33/1 1723/32/1 1721/31/1 1719/30/1
f 1817/5/437 1819/7/437 1820/6/437 1818/3/437
f 1819/7/438 1821/9/438 1822/8/438 1820/6/438
f 1821/9/439 1823/11/439 1824/10/439 1822/8/439
f 1823/11/440 1825/13/440 1826/12/440 1824/10/440
f 1825/13/441 1827/15/441 1828/14/441 1826/12/441
f 1827/15/442 1829/17/442 1830/16/442 1828/14/442
f 1820/18/3 1822/25/3 1824/24/3 1826/23/3 1828/22/3 1830/21/3 1832/20/3 1818/19/3
f 1829/17/443 1831/27/443 1832/26/443 1830/16/443
f 1831/27/444 1817/28/444 1818/4/444 1832/26/444
f 1817/29/1 1831/36/1 1829/35/1 1827/34/1 1825/33/1 1823/32/1 1821/31/1 1819/30/1
f 1917/5/1590 1919/7/1590 1920/6/1590 1918/3/1590
f 1919/7/1591 1921/9/1591 1922/8/1591 1920/6/1591
f 1921/9/1592 1923/11/1592 1924/10/1592 1922/8/1592
f 1923/11/1593 1925/13/1593 1926/12/1593 1924/10/1593
f 1925/13/1594 1927/15/1594 1928/14/1594 1926/12/1594
f 1927/15/1595 1929/17/1595 1930/16/1595 1928/14/1595
f 1920/18/3 1922/25/3 1924/24/3 1926/23/3 1928/22/3 1930/21/3 1932/20/3 1918/19/3
f 1929/17/1596 1931/27/1596 1932/26/1596 1930/16/1596
f 1931/27/1597 1917/28/1597 1918/4/1597 1932/26/1597
f 1917/29/1 1931/36/1 1929/35/1 1927/34/1 1925/33/1 1923/32/1 1921/31/1 1919/30/1
f 2017/5/1678 2019/7/1678 2020/6/1678 2018/3/1678
f 2019/7/1679 2021/9/1679 2022/8/1679 2020/6/1679
f 2021/9/1680 2023/11/1680 2024/10/1680 2022/8/1680
f 2023/11/1681 2025/13/1681 2026/12/1681 2024/10/1681
f 2025/13/1682 2027/15/1682 2028/14/1682 2026/12/1682
f 2027/15/1683 2029/17/1683 2030/16/1683 2028/14/1683
f 2020/18/3 2022/25/3 2024/24/3 2026/23/3 2028/22/3 2030/21/3 2032/20/3 2018/19/3
f 2029/17/1684 2031/27/1684 2032/26/1684 2030/16/1684
f 2031/27/1685 2017/28/1685 2018/4/1685 2032/26/1685
f 2017/29/1 2031/36/1 2029/35/1 2027/34/1 2025/33/1 2023/32/1 2021/31/1 2019/30/1
f 2117/5/1766 2119/7/1766 2120/6/1766 2118/3/1766
f 2119/7/1767 2121/9/1767 2122/8/1767 2120/6/1767
f 2121/9/1768 2123/11/1768 2124/10/1768 2122/8/1768
f 2123/11/1769 2125/13/1769 2126/12/1769 2124/10/1769
f 2125/13/1770 2127/15/1770 2128/14/1770 2126/12/1770
f 2127/15/1771 2129/17/1771 2130/16/1771 2128/14/1771
f 2120/18/3 2122/25/3 2124/24/3 2126/23/3 2128/22/3 2130/21/3 2132/20/3 2118/19/3
f 2129/17/1772 2131/27/1772 2132/26/1772 2130/16/1772
f 2131/27/1773 2117/28/1773 2118/4/1773 2132/26/1773
f 2117/29/1 2131/36/1 2129/35/1 2127/34/1 2125/33/1 2123/32/1 2121/31/1 2119/30/1
f 2217/5/1854 2219/7/1854 2220/6/1854 2218/3/1854
f 2219/7/1855 2221/9/1855 2222/8/1855 2220/6/1855
f 2221/9/1856 2223/11/1856 2224/10/1856 2222/8/1856
f 2223/11/1857 2225/13/1857 2226/12/1857 2224/10/1857
f 2225/13/1858 2227/15/1858 2228/14/1858 2226/12/1858
f 2227/15/1859 2229/17/1859 2230/16/1859 2228/14/1859
f 2220/18/3 2222/25/3 2224/24/3 2226/23/3 2228/22/3 2230/21/3 2232/20/3 2218/19/3
f 2229/17/1860 2231/27/1860 2232/26/1860 2230/16/1860
f 2231/27/1861 2217/28/1861 2218/4/1861 2232/26/1861
f 2217/29/1 2231/36/1 2229/35/1 2227/34/1 2225/33/1 2223/32/1 2221/31/1 2219/30/1
f 2317/5/1942 2319/7/1942 2320/6/1942 2318/3/1942
f 2319/7/1943 2321/9/1943 2322/8/1943 2320/6/1943
f 2321/9/1944 2323/11/1944 2324/10/1944 2322/8/1944
f 2323/11/1945 2325/13/1945 2326/12/1945 2324/10/1945
f 2325/13/1946 2327/15/1946 2328/14/1946 2326/12/1946
f 2327/15/1947 2329/17/1947 2330/16/1947 2328/14/1947
f 2320/18/3 2322/25/3 2324/24/3 2326/23/3 2328/22/3 2330/21/3 2332/20/3 2318/19/3
f 2329/17/1948 2331/27/1948 2332/26/1948 2330/16/1948
f 2331/27/1949 2317/28/1949 2318/4/1949 2332/26/1949
f 2317/29/1 2331/36/1 2329/35/1 2327/34/1 2325/33/1 2323/32/1 2321/31/1 2319/30/1
f 2417/5/2030 2419/7/2030 2420/6/2030 2418/3/2030
f 2419/7/2031 2421/9/2031 2422/8/2031 2420/6/2031
f 2421/9/2032 2423/11/2032 2424/10/2032 2422/8/2032
f 2423/11/2033 2425/13/2033 2426/12/2033 2424/10/2033
f 2425/13/2034 2427/15/2034 2428/14/2034 2426/12/2034
f 2427/15/2035 2429/17/2035 2430/16/2035 2428/14/2035
f 2420/18/3 2422/25/3 2424/24/3 2426/23/3 2428/22/3 2430/21/3 2432/20/3 2418/19/3
f 2429/17/2036 2431/27/2036 2432/26/2036 2430/16/2036
f 2431/27/2037 2417/28/2037 2418/4/2037 2432/26/2037
f 2417/29/1 2431/36/1 2429/35/1 2427/34/1 2425/33/1 2423/32/1 2421/31/1 2419/30/1
f 2517/5/2118 2519/7/2118 2520/6/2118 2518/3/2118
f 2519/7/2119 2521/9/2119 2522/8/2119 2520/6/2119
f 2521/9/2120 2523/11/2120 2524/10/2120 2522/8/2120
f 2523/11/2121 2525/13/2121 2526/12/2121 2524/10/2121
f 2525/13/2122 2527/15/2122 2528/14/2122 2526/12/2122
f 2527/15/2123 2529/17/2123 2530/16/2123 2528/14/2123
f 2520/18/3 2522/25/3 2524/24/3 2526/23/3 2528/22/3 2530/21/3 2532/20/3 2518/19/3
f 2529/17/2124 2531/27/2124 2532/26/2124 2530/16/2124
f 2531/27/2125 2517/28/2125 2518/4/2125 2532/26/2125
f 2517/29/1 2531/36/1 2529/35/1 2527/34/1 2525/33/1 2523/32/1 2521/31/1 2519/30/1
f 2617/5/2206 2619/7/2206 2620/6/2206 2618/3/2206
f 2619/7/2207 2621/9/2207 2622/8/2207 2620/6/2207
f 2621/9/2208 2623/11/2208 2624/10/2208 2622/8/2208
f 2623/11/2209 2625/13/2209 2626/12/2209 2624/10/2209
f 2625/13/2210 2627/15/2210 2628/14/2210 2626/12/2210
f 2627/15/2211 2629/17/2211 2630/16/2211 2628/14/2211
f 2620/18/3 2622/25/3 2624/24/3 2626/23/3 2628/22/3 2630/21/3 2632/20/3 2618/19/3
f 2629/17/2212 2631/27/2212 2632/26/2212 2630/16/2212
f 2631/27/2213 2617/28/2213 2618/4/2213 2632/26/2213
f 2617/29/1 2631/36/1 2629/35/1 2627/34/1 2625/33/1 2623/32/1 2621/31/1 2619/30/1
f 2717/5/2294 2719/7/2294 2720/6/2294 2718/3/2294
f 2719/7/2295 2721/9/2295 2722/8/2295 2720/6/2295
f 2721/9/2296 2723/11/2296 2724/10/2296 2722/8/2296
f 2723/11/2297 2725/13/2297 2726/12/2297 2724/10/2297
f 2725/13/2298 2727/15/2298 2728/14/2298 2726/12/2298
f 2727/15/2299 2729/17/2299 2730/16/2299 2728/14/2299
f 2720/18/3 2722/25/3 2724/24/3 2726/23/3 2728/22/3 2730/21/3 2732/20/3 2718/19/3
f 2729/17/2300 2731/27/2300 2732/26/2300 2730/16/2300
f 2731/27/2301 2717/28/2301 2718/4/2301 2732/26/2301
f 2717/29/1 2731/36/1 2729/35/1 2727/34/1 2725/33/1 2723/32/1 2721/31/1 2719/30/1
f 2817/5/2382 2819/7/2382 2820/6/2382 2818/3/2382
f 2819/7/2383 2821/9/2383 2822/8/2383 2820/6/2383
f 2821/9/2384 2823/11/2384 2824/10/2384 2822/8/2384
f 2823/11/2385 2825/13/2385 2826/12/2385 2824/10/2385
f 2825/13/2386 2827/15/2386 2828/14/2386 2826/12/2386
f 2827/15/2387 2829/17/2387 2830/16/2387 2828/14/2387
f 2820/18/3 2822/25/3 2824/24/3 2826/23/3 2828/22/3 2830/21/3 2832/20/3 2818/19/3
f 2829/17/2388 2831/27/2388 2832/26/2388 2830/16/2388
f 2831/27/2389 2817/28/2389 2818/4/2389 2832/26/2389
f 2817/29/1 2831/36/1 2829/35/1 2827/34/1 2825/33/1 2823/32/1 2821/31/1 2819/30/1
f 2917/5/2470 2919/7/2470 2920/6/2470 2918/3/2470
f 2919/7/2471 2921/9/2471 2922/8/2471 2920/6/2471
f 2921/9/2472 2923/11/2472 2924/10/2472 2922/8/2472
f 2923/11/2473 2925/13/2473 2926/12/2473 2924/10/2473
f 2925/13/2474 2927/15/2474 2928/14/2474 2926/12/2474
f 2927/15/2475 2929/17/2475 2930/16/2475 2928/14/2475
f 2920/18/3 2922/25/3 2924/24/3 2926/23/3 2928/22/3 2930/21/3 2932/20/3 2918/19/3
f 2929/17/2476 2931/27/2476 2932/26/2476 2930/16/2476
f 2931/27/2477 2917/28/2477 2918/4/2477 2932/26/2477
f 2917/29/1 2931/36/1 2929/35/1 2927/34/1 2925/33/1 2923/32/1 2921/31/1 2919/30/1
f 3017/5/2558 3019/7/2558 3020/6/2558 3018/3/2558
f 3019/7/2559 3021/9/2559 3022/8/2559 3020/6/2559
f 3021/9/2560 3023/11/2560 3024/10/2560 3022/8/2560
f 3023/11/2561 3025/13/2561 3026/12/2561 3024/10/2561
f 3025/13/2562 3027/15/2562 3028/14/2562 3026/12/2562
f 3027/15/2563 3029/17/2563 3030/16/2563 3028/14/2563
f 3020/18/3 3022/25/3 3024/24/3 3026/23/3 3028/22/3 3030/21/3 3032/20/3 3018/19/3
f 3029/17/2564 3031/27/2564 3032/26/2564 3030/16/2564
f 3031/27/2565 3017/28/2565 3018/4/2565 3032/26/2565
f 3017/29/1 3031/36/1 3029/35/1 3027/34/1 3025/33/1 3023/32/1 3021/31/1 3019/30/1
f 3117/5/2646 3119/7/2646 3120/6/2646 3118/3/2646
f 3119/7/2647 3121/9/2647 3122/8/2647 3120/6/2647
f 3121/9/2648 3123/11/2648 3124/10/2648 3122/8/2648
f 3123/11/2649 3125/13/2649 3126/12/2649 3124/10/2649
f 3125/13/2650 3127/15/2650 3128/14/2650 3126/12/2650
f 3127/15/2651 3129/17/2651 3130/16/2651 3128/14/2651
f 3120/18/3 3122/25/3 3124/24/3 3126/23/3 3128/22/3 3130/21/3 3132/20/3 3118/19/3
f 3129/17/2652 3131/27/2652 3132/26/2652 3130/16/2652
f 3131/27/2653 3117/28/2653 3118/4/2653 3132/26/2653
f 3117/29/1 3131/36/1 3129/35/1 3127/34/1 3125/33/1 3123/32/1 3121/31/1 3119/30/1
f 3217/5/2734 3219/7/2734 3220/6/2734 3218/3/2734
f 3219/7/2735 3221/9/2735 3222/8/2735 3220/6/2735
f 3221/9/2736 3223/11/2736 3224/10/2736 3222/8/2736
f 3223/11/2737 3225/13/2737 3226/12/2737 3224/10/2737
f 3225/13/2738 3227/15/2738 3228/14/2738 3226/12/2738
f 3227/15/2739 3229/17/2739 3230/16/2739 3228/14/2739
f 3220/18/3 3222/25/3 3224/24/3 3226/23/3 3228/22/3 3230/21/3 3232/20/3 3218/19/3
f 3229/17/2740 3231/27/2740 3232/26/2740 3230/16/2740
f 3231/27/2741 3217/28/2741 3218/4/2741 3232/26/2741
f 3217/29/1 3231/36/1 3229/35/1 3227/34/1 3225/33/1 3223/32/1 3221/31/1 3219/30/1
f 3317/5/2822 3319/7/2822 3320/6/2822 3318/3/2822
f 3319/7/2823 3321/9/2823 3322/8/2823 3320/6/2823
f 3321/9/2824 3323/11/2824 3324/10/2824 3322/8/2824
f 3323/11/2825 3325/13/2825 3326/12/2825 3324/10/2825
f 3325/13/2826 3327/15/2826 3328/14/2826 3326/12/2826
f 3327/15/2827 3329/17/2827 3330/16/2827 3328/14/2827
f 3320/18/3 3322/25/3 3324/24/3 3326/23/3 3328/22/3 3330/21/3 3332/20/3 3318/19/3
f 3329/17/2828 3331/27/2828 3332/26/2828 3330/16/2828
f 3331/27/2829 3317/28/2829 3318/4/2829 3332/26/2829
f 3317/29/1 3331/36/1 3329/35/1 3327/34/1 3325/33/1 3323/32/1 3321/31/1 3319/30/1
f 3417/5/2910 3419/7/2910 3420/6/2910 3418/3/2910
f 3419/7/2911 3421/9/2911 3422/8/2911 3420/6/2911
f 3421/9/2912 3423/11/2912 3424/10/2912 3422/8/2912
f 3423/11/2913 3425/13/2913 3426/12/2913 3424/10/2913
f 3425/13/2914 3427/15/2914 3428/14/2914 3426/12/2914
f 3427/15/2915 3429/17/2915 3430/16/2915 3428/14/2915
f 3420/18/3 3422/25/3 3424/24/3 3426/23/3 3428/22/3 3430/21/3 3432/20/3 3418/19/3
f 3429/17/2916 3431/27/2916 3432/26/2916 3430/16/2916
f 3431/27/2917 3417/28/2917 3418/4/2917 3432/26/2917
f 3417/29/1 3431/36/1 3429/35/1 3427/34/1 3425/33/1 3423/32/1 3421/31/1 3419/30/1
f 3517/5/2998 3519/7/2998 3520/6/2998 3518/3/2998
f 3519/7/2999 3521/9/2999 3522/8/2999 3520/6/2999
f 3521/9/3000 3523/11/3000 3524/10/3000 3522/8/3000
f 3523/11/3001 3525/13/3001 3526/12/3001 3524/10/3001
f 3525/13/3002 3527/15/3002 3528/14/3002 3526/12/3002
f 3527/15/3003 3529/17/3003 3530/16/3003 3528/14/3003
f 3520/18/3 3522/25/3 3524/24/3 3526/23/3 3528/22/3 3530/21/3 3532/20/3 3518/19/3
f 3529/17/3004 3531/27/3004 3532/26/3004 3530/16/3004
f 3531/27/3005 3517/28/3005 3518/4/3005 3532/26/3005
f 3517/29/1 3531/36/1 3529/35/1 3527/34/1 3525/33/1 3523/32/1 3521/31/1 3519/30/1
f 3617/5/3086 3619/7/3086 3620/6/3086 3618/3/3086
f 3619/7/3087 3621/9/3087 3622/8/3087 3620/6/3087
f 3621/9/3088 3623/11/3088 3624/10/3088 3622/8/3088
f 3623/11/3089 3625/13/3089 3626/12/3089 3624/10/3089
f 3625/13/3090 3627/15/3090 3628/14/3090 3626/12/3090
f 3627/15/3091 3629/17/3091 3630/16/3091 3628/14/3091
f 3620/18/3 3622/25/3 3624/24/3 3626/23/3 3628/22/3 3630/21/3 3632/20/3 3618/19/3
f 3629/17/3092 3631/27/3092 3632/26/3092 3630/16/3092
f 3631/27/3093 3617/28/3093 3618/4/3093 3632/26/3093
f 3617/29/1 3631/36/1 3629/35/1 3627/34/1 3625/33/1 3623/32/1 3621/31/1 3619/30/1
f 3717/5/3174 3719/7/3174 3720/6/3174 3718/3/3174
f 3719/7/3175 3721/9/3175 3722/8/3175 3720/6/3175
f 3721/9/3176 3723/11/3176 3724/10/3176 3722/8/3176
f 3723/11/3177 3725/13/3177 3726/12/3177 3724/10/3177
f 3725/13/3178 3727/15/3178 3728/14/3178 3726/12/3178
f 3727/15/3179 3729/17/3179 3730/16/3179 3728/14/3179
f 3720/18/3 3722/25/3 3724/24/3 3726/23/3 3728/22/3 3730/21/3 3732/20/3 3718/19/3
f 3729/17/3180 3731/27/3180 3732/26/3180 3730/16/3180
f 3731/27/3181 3717/28/3181 3718/4/3181 3732/26/3181
f 3717/29/1 3731/36/1 3729/35/1 3727/34/1 3725/33/1 3723/32/1 3721/31/1 3719/30/1
f 3817/5/3262 3819/7/3262 3820/6/3262 3818/3/3262
f 3819/7/3263 3821/9/3263 3822/8/3263 3820/6/3263
f 3821/9/3264 3823/11/3264 3824/10/3264 3822/8/3264
f 3823/11/3265 3825/13/3265 3826/12/3265 3824/10/3265
f 3825/13/3266 3827/15/3266 3828/14/3266 3826/12/3266
f 3827/15/3267 3829/17/3267 3830/16/3267 3828/14/3267
f 3820/18/3 3822/25/3 3824/24/3 3826/23/3 3828/22/3 3830/21/3 3832/20/3 3818/19/3
f 3829/17/3268 3831/27/3268 3832/26/3268 3830/16/3268
f 3831/27/3269 3817/28/3269 3818/4/3269 3832/26/3269
f 3817/29/1 3831/36/1 3829/35/1 3827/34/1 3825/33/1 3823/32/1 3821/31/1 3819/30/1
f 3917/5/3350 3919/7/3350 3920/6/3350 3918/3/3350
f 3919/7/3351 3921/9/3351 3922/8/3351 3920/6/3351
f 3921/9/3352 3923/11/3352 3924/10/3352 3922/8/3352
f 3923/11/3353 3925/13/3353 3926/12/3353 3924/10/3353
f 3925/13/3354 3927/15/3354 3928/14/3354 3926/12/3354
f 3927/15/3355 3929/17/3355 3930/16/3355 3928/14/3355
f 3920/18/3 3922/25/3 3924/24/3 3926/23/3 3928/22/3 3930/21/3 3932/20/3 3918/19/3
f 3929/17/3356 3931/27/3356 3932/26/3356 3930/16/3356
f 3931/27/3357 3917/28/3357 3918/4/3357 3932/26/3357
f 3917/29/1 3931/36/1 3929/35/1 3927/34/1 3925/33/1 3923/32/1 3921/31/1 3919/30/1
f 4017/5/3438 4019/7/3438 4020/6/3438 4018/3/3438
f 4019/7/3439 4021/9/3439 4022/8/3439 4020/6/3439
f 4021/9/3440 4023/11/3440 4024/10/3440 4022/8/3440
f 4023/11/3441 4025/13/3441 4026/12/3441 4024/10/3441
f 4025/13/3442 4027/15/3442 4028/14/3442 4026/12/3442
f 4027/15/3443 4029/17/3443 4030/16/3443 4028/14/3443
f 4020/18/3 4022/25/3 4024/24/3 4026/23/3 4028/22/3 4030/21/3 4032/20/3 4018/19/3
f 4029/17/3444 4031/27/3444 4032/26/3444 4030/16/3444
f 4031/27/3445 4017/28/3445 4018/4/3445 4032/26/3445
f 4017/29/1 4031/36/1 4029/35/1 4027/34/1 4025/33/1 4023/32/1 4021/31/1 4019/30/1
f 4117/5/3526 4119/7/3526 4120/6/3526 4118/3/3526
f 4119/7/3527 4121/9/3527 4122/8/3527 4120/6/3527
f 4121/9/3528 4123/11/3528 4124/10/3528 4122/8/3528
f 4123/11/3529 4125/13/3529 4126/12/3529 4124/10/3529
f 4125/13/3530 4127/15/3530 4128/14/3530 4126/12/3530
f 4127/15/3531 4129/17/3531 4130/16/3531 4128/14/3531
f 4120/18/3 4122/25/3 4124/24/3 4126/23/3 4128/22/3 4130/21/3 4132/20/3 4118/19/3
f 4129/17/3532 4131/27/3532 4132/26/3532 4130/16/3532
f 4131/27/3533 4117/28/3533 4118/4/3533 4132/26/3533
f 4117/29/1 4131/36/1 4129/35/1 4127/34/1 4125/33/1 4123/32/1 4121/31/1 4119/30/1
f 4217/5/3614 4219/7/3614 4220/6/3614 4218/3/3614
f 4219/7/3615 4221/9/3615 4222/8/3615 4220/6/3615
f 4221/9/3616 4223/11/3616 4224/10/3616 4222/8/3616
f 4223/11/3617 4225/13/3617 4226/12/3617 4224/10/3617
f 4225/13/3618 4227/15/3618 4228/14/3618 4226/12/3618
f 4227/15/3619 4229/17/3619 4230/16/3619 4228/14/3619
f 4220/18/3 4222/25/3 4224/24/3 4226/23/3 4228/22/3 4230/21/3 4232/20/3 4218/19/3
f 4229/17/3620 4231/27/3620 4232/26/3620 4230/16/3620
f 4231/27/3621 4217/28/3621 4218/4/3621 4232/26/3621
f 4217/29/1 4231/36/1 4229/35/1 4227/34/1 4225/33/1 4223/32/1 4221/31/1 4219/30/1
f 4317/5/3702 4319/7/3702 4320/6/3702 4318/3/3702
f 4319/7/3703 4321/9/3703 4322/8/3703 4320/6/3703
f 4321/9/3704 4323/11/3704 4324/10/3704 4322/8/3704
f 4323/11/3705 4325/13/3705 4326/12/3705 4324/10/3705
f 4325/13/3706 4327/15/3706 4328/14/3706 4326/12/3706
f 4327/15/3707 4329/17/3707 4330/16/3707 4328/14/3707
f 4320/18/3 4322/25/3 4324/24/3 4326/23/3 4328/22/3 4330/21/3 4332/20/3 4318/19/3
f 4329/17/3708 4331/27/3708 4332/26/3708 4330/16/3708
f 4331/27/3709 4317/28/3709 4318/4/3709 4332/26/3709
f 4317/29/1 4331/36/1 4329/35/1 4327/34/1 4325/33/1 4323/32/1 4321/31/1 4319/30/1
f 4417/5/3790 4419/7/3790 4420/6/3790 4418/3/3790
f 4419/7/3791 4421/9/3791 4422/8/3791 4420/6/3791
f 4421/9/3792 4423/11/3792 4424/10/3792 4422/8/3792
f 4423/11/3793 4425/13/3793 4426/12/3793 4424/10/3793
f 4425/13/3794 4427/15/3794 4428/14/3794 4426/12/3794
f 4427/15/3795 4429/17/3795 4430/16/3795 4428/14/3795
f 4420/18/3 4422/25/3 4424/24/3 4426/23/3 4428/22/3 4430/21/3 4432/20/3 4418/19/3
f 4429/17/3796 4431/27/3796 4432/26/3796 4430/16/3796
f 4431/27/3797 4417/28/3797 4418/4/3797 4432/26/3797
f 4417/29/1 4431/36/1 4429/35/1 4427/34/1 4425/33/1 4423/32/1 4421/31/1 4419/30/1
f 4517/5/3878 4519/7/3878 4520/6/3878 4518/3/3878
f 4519/7/3879 4521/9/3879 4522/8/3879 4520/6/3879
f 4521/9/3880 4523/11/3880 4524/10/3880 4522/8/3880
f 4523/11/3881 4525/13/3881 4526/12/3881 4524/10/3881
f 4525/13/3882 4527/15/3882 4528/14/3882 4526/12/3882
f 4527/15/3883 4529/17/3883 4530/16/3883 4528/14/3883
f 4520/18/3 4522/25/3 4524/24/3 4526/23/3 4528/22/3 4530/21/3 4532/20/3 4518/19/3
f 4529/17/3884 4531/27/3884 4532/26/3884 4530/16/3884
f 4531/27/3885 4517/28/3885 4518/4/3885 4532/26/3885
f 4517/29/1 4531/36/1 4529/35/1 4527/34/1 4525/33/1 4523/32/1 4521/31/1 4519/30/1
f 4617/5/3966 4619/7/3966 4620/6/3966 4618/3/3966
f 4619/7/3967 4621/9/3967 4622/8/3967 4620/6/3967
f 4621/9/3968 4623/11/3968 4624/10/3968 4622/8/3968
f 4623/11/3969 4625/13/3969 4626/12/3969 4624/10/3969
f 4625/13/3970 4627/15/3970 4628/14/3970 4626/12/3970
f 4627/15/3971 4629/17/3971 4630/16/3971 4628/14/3971
f 4620/18/3 4622/25/3 4624/24/3 4626/23/3 4628/22/3 4630/21/3 4632/20/3 4618/19/3
f 4629/17/3972 4631/27/3972 4632/26/3972 4630/16/3972
f 4631/27/3973 4617/28/3973 4618/4/3973 4632/26/3973
f 4617/29/1 4631/36/1 4629/35/1 4627/34/1 4625/33/1 4623/32/1 4621/31/1 4619/30/1
f 4717/5/4054 4719/7/4054 4720/6/4054 4718/3/4054
f 4719/7/4055 4721/9/4055 4722/8/4055 4720/6/4055
f 4721/9/4056 4723/11/4056 4724/10/4056 4722/8/4056
f 4723/11/4057 4725/13/4057 4726/12/4057 4724/10/4057
f 4725/13/4058 4727/15/4058 4728/14/4058 4726/12/4058
f 4727/15/4059 4729/17/4059 4730/16/4059 4728/14/4059
f 4720/18/3 4722/25/3 4724/24/3 4726/23/3 4728/22/3 4730/21/3 4732/20/3 4718/19/3
f 4729/17/4060 4731/27/4060 4732/26/4060 4730/16/4060
f 4731/27/4061 4717/28/4061 4718/4/4061 4732/26/4061
f 4717/29/1 4731/36/1 4729/35/1 4727/34/1 4725/33/1 4723/32/1 4721/31/1 4719/30/1
f 4817/5/4142 4819/7/4142 4820/6/4142 4818/3/4142
f 4819/7/4143 4821/9/4143 4822/8/4143 4820/6/4143
f 4821/9/4144 4823/11/4144 4824/10/4144 4822/8/4144
f 4823/11/4145 4825/13/4145 4826/12/4145 4824/10/4145
f 4825/13/4146 4827/15/4146 4828/14/4146 4826/12/4146
f 4827/15/4147 4829/17/4147 4830/16/4147 4828/14/4147
f 4820/18/3 4822/25/3 4824/24/3 4826/23/3 4828/22/3 4830/21/3 4832/20/3 4818/19/3
f 4829/17/4148 4831/27/4148 4832/26/4148 4830/16/4148
f 4831/27/4149 4817/28/4149 4818/4/4149 4832/26/4149
f 4817/29/1 4831/36/1 4829/35/1 4827/34/1 4825/33/1 4823/32/1 4821/31/1 4819/30/1
f 4917/5/4230 4919/7/4230 4920/6/4230 4918/3/4230
f 4919/7/4231 4921/9/4231 4922/8/4231 4920/6/4231
f 4921/9/4232 4923/11/4232 4924/10/4232 4922/8/4232
f 4923/11/4233 4925/13/4233 4926/12/4233 4924/10/4233
f 4925/13/4234 4927/15/4234 4928/14/4234 4926/12/4234
f 4927/15/4235 4929/17/4235 4930/16/4235 4928/14/4235
f 4920/18/3 4922/25/3 4924/24/3 4926/23/3 4928/22/3 4930/21/3 4932/20/3 4918/19/3
f 4929/17/4236 4931/27/4236 4932/26/4236 4930/16/4236
f 4931/27/4237 4917/28/4237 4918/4/4237 4932/26/4237
f 4917/29/1 4931/36/1 4929/35/1 4927/34/1 4925/33/1 4923/32/1 4921/31/1 4919/30/1
