# Blender 5.0.1
# www.blender.org
mtllib vkray.mtl
o Text
v 1.187286 0.100000 -0.180439
v 1.193693 0.100000 -0.189436
v 1.200608 0.100000 -0.197649
v 1.208031 0.100000 -0.205081
v 1.215963 0.100000 -0.211730
v 1.224403 0.100000 -0.217597
v 1.233352 0.100000 -0.222682
v 1.242810 0.100000 -0.226985
v 1.252777 0.100000 -0.230505
v 1.263252 0.100000 -0.233243
v 1.274235 0.100000 -0.235198
v 1.285727 0.100000 -0.236372
v 1.297728 0.100000 -0.236763
v 1.309636 0.100000 -0.236372
v 1.321049 0.100000 -0.235198
v 1.331965 0.100000 -0.233243
v 1.342385 0.100000 -0.230505
v 1.352308 0.100000 -0.226985
v 1.361735 0.100000 -0.222682
v 1.370666 0.100000 -0.217597
v 1.379100 0.100000 -0.211730
v 1.387038 0.100000 -0.205081
v 1.394480 0.100000 -0.197649
v 1.401426 0.100000 -0.189436
v 1.407875 0.100000 -0.180439
v 1.413817 0.100000 -0.170745
v 1.419243 0.100000 -0.160435
v 1.424152 0.100000 -0.149511
v 1.428545 0.100000 -0.137972
v 1.432420 0.100000 -0.125818
v 1.435779 0.100000 -0.113050
v 1.438621 0.100000 -0.099666
v 1.440947 0.100000 -0.085668
v 1.442755 0.100000 -0.071055
v 1.444047 0.100000 -0.055828
v 1.444822 0.100000 -0.039985
v 1.445081 0.100000 -0.023528
v 1.444822 0.100000 -0.007019
v 1.444047 0.100000 0.008878
v 1.442755 0.100000 0.024165
v 1.440947 0.100000 0.038842
v 1.438621 0.100000 0.052907
v 1.435779 0.100000 0.066362
v 1.432420 0.100000 0.079206
v 1.428545 0.100000 0.091440
v 1.424152 0.100000 0.103062
v 1.419243 0.100000 0.114074
v 1.413817 0.100000 0.124476
v 1.407875 0.100000 0.134266
v 1.401426 0.100000 0.143357
v 1.394480 0.100000 0.151656
v 1.387038 0.100000 0.159165
v 1.379100 0.100000 0.165884
v 1.370666 0.100000 0.171812
v 1.361735 0.100000 0.176950
v 1.352308 0.100000 0.181298
v 1.342384 0.100000 0.184855
v 1.331964 0.100000 0.187621
v 1.321048 0.100000 0.189597
v 1.309636 0.100000 0.190783
v 1.297728 0.100000 0.191178
v 1.285727 0.100000 0.190783
v 1.274235 0.100000 0.189597
v 1.263252 0.100000 0.187621
v 1.252777 0.100000 0.184855
v 1.242810 0.100000 0.181298
v 1.233352 0.100000 0.176950
v 1.224403 0.100000 0.171812
v 1.215963 0.100000 0.165884
v 1.208031 0.100000 0.159165
v 1.200608 0.100000 0.151656
v 1.193693 0.100000 0.143357
v 1.187286 0.100000 0.134266
v 1.181391 0.100000 0.124476
v 1.176008 0.100000 0.114074
v 1.171138 0.100000 0.103062
v 1.166780 0.100000 0.091440
v 1.162935 0.100000 0.079206
v 1.159603 0.100000 0.066362
v 1.156783 0.100000 0.052907
v 1.154476 0.100000 0.038842
v 1.152682 0.100000 0.024165
v 1.151400 0.100000 0.008878
v 1.150631 0.100000 -0.007019
v 1.150375 0.100000 -0.023528
v 1.150631 0.100000 -0.039985
v 1.151400 0.100000 -0.055827
v 1.152682 0.100000 -0.071055
v 1.154476 0.100000 -0.085668
v 1.156783 0.100000 -0.099666
v 1.159603 0.100000 -0.113050
v 1.162935 0.100000 -0.125818
v 1.166780 0.100000 -0.137972
v 1.171138 0.100000 -0.149511
v 1.176008 0.100000 -0.160435
v 1.181391 0.100000 -0.170745
v 1.323169 0.100000 -0.165145
v 1.321397 0.100000 -0.165826
v 1.319562 0.100000 -0.166448
v 1.317663 0.100000 -0.167011
v 1.315701 0.100000 -0.167515
v 1.313676 0.100000 -0.167959
v 1.311588 0.100000 -0.168344
v 1.309436 0.100000 -0.168670
v 1.307221 0.100000 -0.168936
v 1.304943 0.100000 -0.169143
v 1.302601 0.100000 -0.169292
v 1.300196 0.100000 -0.169380
v 1.297728 0.100000 -0.169410
v 1.292648 0.100000 -0.169178
v 1.287801 0.100000 -0.168483
v 1.283187 0.100000 -0.167324
v 1.278806 0.100000 -0.165701
v 1.274658 0.100000 -0.163614
v 1.270742 0.100000 -0.161064
v 1.267060 0.100000 -0.158051
v 1.263610 0.100000 -0.154573
v 1.260393 0.100000 -0.150632
v 1.257409 0.100000 -0.146228
v 1.254658 0.100000 -0.141360
v 1.252139 0.100000 -0.136028
v 1.249837 0.100000 -0.130146
v 1.247736 0.100000 -0.123630
v 1.245834 0.100000 -0.116478
v 1.244133 0.100000 -0.108691
v 1.242631 0.100000 -0.100269
v 1.241330 0.100000 -0.091211
v 1.240230 0.100000 -0.081519
v 1.239329 0.100000 -0.071191
v 1.238628 0.100000 -0.060228
v 1.238128 0.100000 -0.048630
v 1.237828 0.100000 -0.036396
v 1.237728 0.100000 -0.023528
v 1.237734 0.100000 -0.019254
v 1.237752 0.100000 -0.015060
v 1.237783 0.100000 -0.010945
v 1.237826 0.100000 -0.006910
v 1.237881 0.100000 -0.002955
v 1.237948 0.100000 0.000921
v 1.238028 0.100000 0.004717
v 1.238120 0.100000 0.008433
v 1.238224 0.100000 0.012070
v 1.238341 0.100000 0.015627
v 1.238469 0.100000 0.019104
v 1.238610 0.100000 0.022502
v 1.238763 0.100000 0.025828
v 1.238929 0.100000 0.029091
v 1.239106 0.100000 0.032290
v 1.239296 0.100000 0.035427
v 1.239498 0.100000 0.038499
v 1.239713 0.100000 0.041509
v 1.239939 0.100000 0.044455
v 1.240178 0.100000 0.047338
v 1.240430 0.100000 0.050158
v 1.240693 0.100000 0.052914
v 1.240969 0.100000 0.055607
v 1.241257 0.100000 0.058237
v 1.340669 0.100000 -0.149704
v 1.339469 0.100000 -0.151519
v 1.338222 0.100000 -0.153238
v 1.336928 0.100000 -0.154860
v 1.335587 0.100000 -0.156387
v 1.334199 0.100000 -0.157818
v 1.332765 0.100000 -0.159153
v 1.331283 0.100000 -0.160391
v 1.329754 0.100000 -0.161534
v 1.328178 0.100000 -0.162581
v 1.326556 0.100000 -0.163532
v 1.324886 0.100000 -0.164387
v 1.350963 0.100000 0.063384
v 1.351949 0.100000 0.057815
v 1.352850 0.100000 0.051942
v 1.353665 0.100000 0.045765
v 1.354394 0.100000 0.039283
v 1.355038 0.100000 0.032497
v 1.355595 0.100000 0.025406
v 1.356067 0.100000 0.018011
v 1.356453 0.100000 0.010312
v 1.356753 0.100000 0.002309
v 1.356968 0.100000 -0.005999
v 1.357096 0.100000 -0.014611
v 1.357139 0.100000 -0.023528
v 1.357129 0.100000 -0.029091
v 1.357098 0.100000 -0.034508
v 1.357047 0.100000 -0.039778
v 1.356976 0.100000 -0.044900
v 1.356884 0.100000 -0.049876
v 1.356772 0.100000 -0.054704
v 1.356639 0.100000 -0.059385
v 1.356486 0.100000 -0.063920
v 1.356312 0.100000 -0.068307
v 1.356118 0.100000 -0.072547
v 1.355903 0.100000 -0.076640
v 1.355669 0.100000 -0.080586
v 1.261845 0.100000 0.113237
v 1.262941 0.100000 0.114240
v 1.264072 0.100000 0.115190
v 1.265237 0.100000 0.116086
v 1.266437 0.100000 0.116930
v 1.267672 0.100000 0.117720
v 1.268941 0.100000 0.118458
v 1.270245 0.100000 0.119142
v 1.271584 0.100000 0.119773
v 1.272958 0.100000 0.120351
v 1.274366 0.100000 0.120876
v 1.275809 0.100000 0.121348
v 1.277287 0.100000 0.121766
v 1.278799 0.100000 0.122142
v 1.280346 0.100000 0.122485
v 1.281928 0.100000 0.122796
v 1.283545 0.100000 0.123074
v 1.285196 0.100000 0.123319
v 1.286882 0.100000 0.123531
v 1.288603 0.100000 0.123711
v 1.290359 0.100000 0.123858
v 1.292149 0.100000 0.123972
v 1.293974 0.100000 0.124054
v 1.295833 0.100000 0.124103
v 1.297728 0.100000 0.124119
v 1.301154 0.100000 0.124021
v 1.304472 0.100000 0.123727
v 1.307682 0.100000 0.123237
v 1.310783 0.100000 0.122551
v 1.313777 0.100000 0.121668
v 1.316662 0.100000 0.120590
v 1.319439 0.100000 0.119315
v 1.322107 0.100000 0.117845
v 1.324667 0.100000 0.116178
v 1.327119 0.100000 0.114315
v 1.329463 0.100000 0.112257
v 1.331698 0.100000 0.110002
v 1.333832 0.100000 0.107521
v 1.335869 0.100000 0.104785
v 1.337811 0.100000 0.101794
v 1.339656 0.100000 0.098547
v 1.341405 0.100000 0.095046
v 1.343059 0.100000 0.091289
v 1.344616 0.100000 0.087276
v 1.346078 0.100000 0.083008
v 1.347443 0.100000 0.078485
v 1.348712 0.100000 0.073707
v 1.349886 0.100000 0.068673
v 0.989670 0.100000 0.158237
v 0.988261 0.100000 0.155719
v 0.986974 0.100000 0.153164
v 0.985810 0.100000 0.150572
v 0.984768 0.100000 0.147943
v 0.983849 0.100000 0.145277
v 0.983052 0.100000 0.142575
v 0.982378 0.100000 0.139836
v 0.981827 0.100000 0.137061
v 0.981398 0.100000 0.134248
v 0.981092 0.100000 0.131399
v 0.980908 0.100000 0.128513
v 0.980846 0.100000 0.125590
v 0.980908 0.100000 0.122621
v 0.981091 0.100000 0.119695
v 0.981398 0.100000 0.116812
v 0.981827 0.100000 0.113972
v 0.982378 0.100000 0.111175
v 0.983052 0.100000 0.108421
v 0.983849 0.100000 0.105709
v 0.984768 0.100000 0.103041
v 0.985810 0.100000 0.100415
v 0.986974 0.100000 0.097833
v 0.988261 0.100000 0.095293
v 0.989670 0.100000 0.092796
v 0.991184 0.100000 0.090361
v 0.992783 0.100000 0.088008
v 0.994468 0.100000 0.085737
v 0.996239 0.100000 0.083548
v 0.998095 0.100000 0.081440
v 1.000038 0.100000 0.079414
v 1.002066 0.100000 0.077469
v 1.004180 0.100000 0.075606
v 1.006380 0.100000 0.073825
v 1.008665 0.100000 0.072126
v 1.011036 0.100000 0.070508
v 1.013494 0.100000 0.068972
v 1.016014 0.100000 0.067540
v 1.018575 0.100000 0.066231
v 1.021177 0.100000 0.065048
v 1.023820 0.100000 0.063989
v 1.026504 0.100000 0.063054
v 1.029229 0.100000 0.062244
v 1.031994 0.100000 0.061559
v 1.034801 0.100000 0.060998
v 1.037648 0.100000 0.060562
v 1.040536 0.100000 0.060251
v 1.043465 0.100000 0.060064
v 1.046435 0.100000 0.060002
v 1.049450 0.100000 0.060064
v 1.052419 0.100000 0.060251
v 1.055341 0.100000 0.060562
v 1.058216 0.100000 0.060998
v 1.061044 0.100000 0.061559
v 1.063825 0.100000 0.062244
v 1.066559 0.100000 0.063054
v 1.069246 0.100000 0.063989
v 1.071886 0.100000 0.065048
v 1.074478 0.100000 0.066231
v 1.077024 0.100000 0.067540
v 1.079523 0.100000 0.068972
v 1.081956 0.100000 0.070508
v 1.084306 0.100000 0.072126
v 1.086572 0.100000 0.073825
v 1.088755 0.100000 0.075606
v 1.090853 0.100000 0.077469
v 1.092868 0.100000 0.079414
v 1.094800 0.100000 0.081440
v 1.096647 0.100000 0.083548
v 1.098411 0.100000 0.085737
v 1.100091 0.100000 0.088008
v 1.101687 0.100000 0.090361
v 1.103199 0.100000 0.092796
v 1.104609 0.100000 0.095293
v 1.105896 0.100000 0.097833
v 1.107060 0.100000 0.100415
v 1.108101 0.100000 0.103041
v 1.109020 0.100000 0.105709
v 1.109817 0.100000 0.108421
v 1.110491 0.100000 0.111175
v 1.111042 0.100000 0.113972
v 1.111471 0.100000 0.116812
v 1.111778 0.100000 0.119695
v 1.111962 0.100000 0.122621
v 1.112023 0.100000 0.125590
v 1.111962 0.100000 0.128513
v 1.111778 0.100000 0.131399
v 1.111471 0.100000 0.134248
v 1.111042 0.100000 0.137061
v 1.110491 0.100000 0.139836
v 1.109817 0.100000 0.142575
v 1.109020 0.100000 0.145277
v 1.108101 0.100000 0.147943
v 1.107060 0.100000 0.150572
v 1.105896 0.100000 0.153164
v 1.104609 0.100000 0.155719
v 1.103199 0.100000 0.158237
v 1.101687 0.100000 0.160695
v 1.100091 0.100000 0.163070
v 1.098411 0.100000 0.165360
v 1.096647 0.100000 0.167567
v 1.094800 0.100000 0.169690
v 1.092868 0.100000 0.171730
v 1.090853 0.100000 0.173685
v 1.088755 0.100000 0.175557
v 1.086572 0.100000 0.177345
v 1.084306 0.100000 0.179050
v 1.081956 0.100000 0.180671
v 1.079523 0.100000 0.182208
v 1.077024 0.100000 0.183640
v 1.074478 0.100000 0.184949
v 1.071885 0.100000 0.186132
v 1.069245 0.100000 0.187191
v 1.066558 0.100000 0.188126
v 1.063824 0.100000 0.188936
v 1.061044 0.100000 0.189621
v 1.058216 0.100000 0.190181
v 1.055341 0.100000 0.190618
v 1.052419 0.100000 0.190929
v 1.049450 0.100000 0.191116
v 1.046435 0.100000 0.191178
v 1.043465 0.100000 0.191116
v 1.040536 0.100000 0.190929
v 1.037648 0.100000 0.190618
v 1.034801 0.100000 0.190181
v 1.031994 0.100000 0.189621
v 1.029229 0.100000 0.188936
v 1.026504 0.100000 0.188126
v 1.023820 0.100000 0.187191
v 1.021178 0.100000 0.186132
v 1.018575 0.100000 0.184949
v 1.016014 0.100000 0.183640
v 1.013494 0.100000 0.182208
v 1.011036 0.100000 0.180671
v 1.008665 0.100000 0.179050
v 1.006380 0.100000 0.177345
v 1.004180 0.100000 0.175557
v 1.002066 0.100000 0.173685
v 1.000038 0.100000 0.171730
v 0.998095 0.100000 0.169690
v 0.996239 0.100000 0.167567
v 0.994468 0.100000 0.165360
v 0.992783 0.100000 0.163070
v 0.991184 0.100000 0.160695
v 0.841887 0.100000 0.110884
v 0.918063 0.100000 0.110884
v 0.918063 0.100000 0.181178
v 0.653063 0.100000 0.181178
v 0.653063 0.100000 0.110884
v 0.751299 0.100000 0.110884
v 0.751299 0.100000 -0.134998
v 0.667475 0.100000 -0.082645
v 0.628063 0.100000 -0.146469
v 0.759534 0.100000 -0.226469
v 0.841887 0.100000 -0.226469
v 0.332536 0.100000 -0.131175
v 0.427830 0.100000 -0.131175
v 0.323713 0.100000 0.181178
v 0.320135 0.100000 0.191315
v 0.316266 0.100000 0.201039
v 0.312104 0.100000 0.210351
v 0.307650 0.100000 0.219250
v 0.302905 0.100000 0.227737
v 0.297867 0.100000 0.235811
v 0.292537 0.100000 0.243472
v 0.286915 0.100000 0.250721
v 0.281001 0.100000 0.257557
v 0.274795 0.100000 0.263981
v 0.268297 0.100000 0.269992
v 0.261507 0.100000 0.275590
v 0.254365 0.100000 0.280786
v 0.246813 0.100000 0.285590
v 0.238850 0.100000 0.290002
v 0.230477 0.100000 0.294021
v 0.221694 0.100000 0.297649
v 0.212499 0.100000 0.300884
v 0.202894 0.100000 0.303727
v 0.192879 0.100000 0.306178
v 0.182453 0.100000 0.308237
v 0.171617 0.100000 0.309904
v 0.160370 0.100000 0.311178
v 0.148713 0.100000 0.312061
v 0.138124 0.100000 0.246472
v 0.143189 0.100000 0.245809
v 0.148088 0.100000 0.245092
v 0.152821 0.100000 0.244322
v 0.157389 0.100000 0.243498
v 0.161792 0.100000 0.242622
v 0.166029 0.100000 0.241693
v 0.170100 0.100000 0.240710
v 0.174007 0.100000 0.239675
v 0.177747 0.100000 0.238586
v 0.181323 0.100000 0.237445
v 0.184733 0.100000 0.236250
v 0.187977 0.100000 0.235002
v 0.191088 0.100000 0.233689
v 0.194097 0.100000 0.232302
v 0.197003 0.100000 0.230838
v 0.199807 0.100000 0.229299
v 0.202510 0.100000 0.227685
v 0.205110 0.100000 0.225994
v 0.207608 0.100000 0.224229
v 0.210003 0.100000 0.222387
v 0.212297 0.100000 0.220470
v 0.214489 0.100000 0.218478
v 0.216578 0.100000 0.216410
v 0.218565 0.100000 0.214266
v 0.220480 0.100000 0.212037
v 0.222352 0.100000 0.209712
v 0.224181 0.100000 0.207290
v 0.225967 0.100000 0.204773
v 0.227711 0.100000 0.202160
v 0.229411 0.100000 0.199450
v 0.231069 0.100000 0.196645
v 0.232683 0.100000 0.193744
v 0.234255 0.100000 0.190746
v 0.235784 0.100000 0.187653
v 0.237270 0.100000 0.184464
v 0.238713 0.100000 0.181178
v 0.206948 0.100000 0.181178
v 0.107830 0.100000 -0.131175
v 0.206066 0.100000 -0.131175
v 0.266654 0.100000 0.121766
v 0.042536 0.100000 -0.031175
v 0.042536 0.100000 0.091178
v 0.042570 0.100000 0.094052
v 0.042671 0.100000 0.096791
v 0.042839 0.100000 0.099395
v 0.043075 0.100000 0.101864
v 0.043379 0.100000 0.104199
v 0.043749 0.100000 0.106399
v 0.044187 0.100000 0.108464
v 0.044693 0.100000 0.110394
v 0.045266 0.100000 0.112189
v 0.045906 0.100000 0.113850
v 0.046614 0.100000 0.115376
v 0.047389 0.100000 0.116766
v 0.048240 0.100000 0.118063
v 0.049174 0.100000 0.119307
v 0.050192 0.100000 0.120498
v 0.051294 0.100000 0.121636
v 0.052480 0.100000 0.122720
v 0.053749 0.100000 0.123752
v 0.055103 0.100000 0.124730
v 0.056539 0.100000 0.125655
v 0.058060 0.100000 0.126527
v 0.059664 0.100000 0.127347
v 0.061352 0.100000 0.128112
v 0.063124 0.100000 0.128825
v 0.044007 0.100000 0.190002
v 0.039459 0.100000 0.189513
v 0.035032 0.100000 0.188927
v 0.030725 0.100000 0.188246
v 0.026539 0.100000 0.187469
v 0.022474 0.100000 0.186596
v 0.018529 0.100000 0.185627
v 0.014704 0.100000 0.184562
v 0.011000 0.100000 0.183400
v 0.007417 0.100000 0.182143
v 0.003954 0.100000 0.180790
v 0.000611 0.100000 0.179341
v -0.002611 0.100000 0.177796
v -0.005717 0.100000 0.176134
v -0.008710 0.100000 0.174336
v -0.011591 0.100000 0.172401
v -0.014359 0.100000 0.170329
v -0.017016 0.100000 0.168120
v -0.019560 0.100000 0.165774
v -0.021991 0.100000 0.163291
v -0.024310 0.100000 0.160672
v -0.026517 0.100000 0.157915
v -0.028612 0.100000 0.155022
v -0.030594 0.100000 0.151992
v -0.032464 0.100000 0.148825
v -0.035524 0.100000 0.152327
v -0.038722 0.100000 0.155676
v -0.042059 0.100000 0.158871
v -0.045536 0.100000 0.161914
v -0.049151 0.100000 0.164803
v -0.052905 0.100000 0.167539
v -0.056798 0.100000 0.170121
v -0.060830 0.100000 0.172551
v -0.065001 0.100000 0.174827
v -0.069310 0.100000 0.176950
v -0.073759 0.100000 0.178920
v -0.078346 0.100000 0.180737
v -0.083011 0.100000 0.182405
v -0.087693 0.100000 0.183927
v -0.092390 0.100000 0.185305
v -0.097104 0.100000 0.186538
v -0.101835 0.100000 0.187625
v -0.106581 0.100000 0.188568
v -0.111344 0.100000 0.189366
v -0.116124 0.100000 0.190018
v -0.120920 0.100000 0.190526
v -0.125732 0.100000 0.190888
v -0.130560 0.100000 0.191106
v -0.135405 0.100000 0.191178
v -0.143308 0.100000 0.190987
v -0.150940 0.100000 0.190414
v -0.158300 0.100000 0.189459
v -0.165389 0.100000 0.188123
v -0.172205 0.100000 0.186404
v -0.178751 0.100000 0.184303
v -0.185024 0.100000 0.181821
v -0.191026 0.100000 0.178956
v -0.196756 0.100000 0.175709
v -0.202215 0.100000 0.172081
v -0.207402 0.100000 0.168071
v -0.212317 0.100000 0.163678
v -0.216897 0.100000 0.158986
v -0.221079 0.100000 0.154074
v -0.224863 0.100000 0.148945
v -0.228248 0.100000 0.143597
v -0.231235 0.100000 0.138030
v -0.233824 0.100000 0.132244
v -0.236015 0.100000 0.126241
v -0.237807 0.100000 0.120018
v -0.239201 0.100000 0.113577
v -0.240197 0.100000 0.106918
v -0.240794 0.100000 0.100040
v -0.240993 0.100000 0.092943
v -0.240716 0.100000 0.084624
v -0.239886 0.100000 0.076628
v -0.238502 0.100000 0.068954
v -0.236565 0.100000 0.061603
v -0.234074 0.100000 0.054575
v -0.231030 0.100000 0.047869
v -0.227432 0.100000 0.041487
v -0.223281 0.100000 0.035427
v -0.218576 0.100000 0.029689
v -0.213318 0.100000 0.024275
v -0.207506 0.100000 0.019183
v -0.201140 0.100000 0.014414
v -0.194273 0.100000 0.009998
v -0.186953 0.100000 0.005966
v -0.179183 0.100000 0.002318
v -0.170961 0.100000 -0.000946
v -0.162287 0.100000 -0.003826
v -0.153162 0.100000 -0.006322
v -0.143586 0.100000 -0.008434
v -0.133559 0.100000 -0.010162
v -0.123080 0.100000 -0.011506
v -0.112149 0.100000 -0.012466
v -0.100768 0.100000 -0.013042
v -0.088934 0.100000 -0.013234
v -0.046876 0.100000 -0.013234
v -0.046876 0.100000 -0.024998
v -0.047305 0.100000 -0.032656
v -0.048591 0.100000 -0.039647
v -0.050736 0.100000 -0.045973
v -0.053738 0.100000 -0.051632
v -0.057599 0.100000 -0.056626
v -0.062317 0.100000 -0.060954
v -0.067893 0.100000 -0.064616
v -0.074327 0.100000 -0.067613
v -0.081618 0.100000 -0.069943
v -0.089768 0.100000 -0.071608
v -0.098775 0.100000 -0.072607
v -0.108640 0.100000 -0.072939
v -0.111200 0.100000 -0.072910
v -0.113877 0.100000 -0.072821
v -0.116673 0.100000 -0.072673
v -0.119588 0.100000 -0.072466
v -0.122621 0.100000 -0.072199
v -0.125773 0.100000 -0.071873
v -0.129043 0.100000 -0.071488
v -0.132431 0.100000 -0.071044
v -0.135938 0.100000 -0.070541
v -0.139564 0.100000 -0.069978
v -0.143307 0.100000 -0.069356
v -0.147170 0.100000 -0.068675
v -0.151091 0.100000 -0.067938
v -0.155013 0.100000 -0.067151
v -0.158934 0.100000 -0.066313
v -0.162856 0.100000 -0.065423
v -0.166777 0.100000 -0.064483
v -0.170699 0.100000 -0.063491
v -0.174620 0.100000 -0.062448
v -0.178542 0.100000 -0.061354
v -0.182463 0.100000 -0.060210
v -0.186385 0.100000 -0.059014
v -0.190306 0.100000 -0.057767
v -0.194229 0.100000 -0.056469
v -0.215699 0.100000 -0.118234
v -0.210633 0.100000 -0.120106
v -0.205532 0.100000 -0.121902
v -0.200396 0.100000 -0.123620
v -0.195225 0.100000 -0.125260
v -0.190020 0.100000 -0.126822
v -0.184780 0.100000 -0.128307
v -0.179505 0.100000 -0.129714
v -0.174196 0.100000 -0.131044
v -0.168852 0.100000 -0.132296
v -0.163473 0.100000 -0.133470
v -0.158059 0.100000 -0.134567
v -0.152611 0.100000 -0.135586
v -0.147193 0.100000 -0.136526
v -0.141872 0.100000 -0.137384
v -0.136646 0.100000 -0.138160
v -0.131516 0.100000 -0.138854
v -0.126482 0.100000 -0.139467
v -0.121545 0.100000 -0.139998
v -0.116703 0.100000 -0.140448
v -0.111957 0.100000 -0.140815
v -0.107308 0.100000 -0.141101
v -0.102754 0.100000 -0.141305
v -0.098296 0.100000 -0.141428
v -0.093935 0.100000 -0.141469
v -0.082569 0.100000 -0.141272
v -0.071708 0.100000 -0.140680
v -0.061352 0.100000 -0.139695
v -0.051500 0.100000 -0.138315
v -0.042152 0.100000 -0.136541
v -0.033309 0.100000 -0.134373
v -0.024971 0.100000 -0.131811
v -0.017137 0.100000 -0.128854
v -0.009808 0.100000 -0.125504
v -0.002983 0.100000 -0.121759
v 0.003338 0.100000 -0.117620
v 0.009154 0.100000 -0.113086
v 0.014486 0.100000 -0.108181
v 0.019354 0.100000 -0.102927
v 0.023759 0.100000 -0.097324
v 0.027699 0.100000 -0.091371
v 0.031177 0.100000 -0.085069
v 0.034191 0.100000 -0.078417
v 0.036741 0.100000 -0.071417
v 0.038827 0.100000 -0.064067
v 0.040450 0.100000 -0.056368
v 0.041609 0.100000 -0.048319
v 0.042304 0.100000 -0.039922
v -0.134082 0.100000 0.114561
v -0.132183 0.100000 0.116181
v -0.130164 0.100000 0.117661
v -0.128024 0.100000 0.119000
v -0.125764 0.100000 0.120198
v -0.123384 0.100000 0.121255
v -0.120883 0.100000 0.122171
v -0.118261 0.100000 0.122946
v -0.115519 0.100000 0.123580
v -0.112657 0.100000 0.124073
v -0.109674 0.100000 0.124426
v -0.106570 0.100000 0.124637
v -0.103346 0.100000 0.124708
v -0.100836 0.100000 0.124645
v -0.098305 0.100000 0.124458
v -0.095754 0.100000 0.124147
v -0.093183 0.100000 0.123711
v -0.090591 0.100000 0.123150
v -0.087979 0.100000 0.122465
v -0.085346 0.100000 0.121655
v -0.082693 0.100000 0.120721
v -0.080019 0.100000 0.119662
v -0.077325 0.100000 0.118478
v -0.074610 0.100000 0.117170
v -0.071876 0.100000 0.115737
v -0.069186 0.100000 0.114190
v -0.066606 0.100000 0.112539
v -0.064137 0.100000 0.110783
v -0.061778 0.100000 0.108923
v -0.059529 0.100000 0.106959
v -0.057390 0.100000 0.104891
v -0.055362 0.100000 0.102719
v -0.053444 0.100000 0.100443
v -0.051637 0.100000 0.098062
v -0.049940 0.100000 0.095578
v -0.048352 0.100000 0.092989
v -0.046876 0.100000 0.090296
v -0.046876 0.100000 0.039708
v -0.069817 0.100000 0.039708
v -0.076144 0.100000 0.039790
v -0.082186 0.100000 0.040039
v -0.087942 0.100000 0.040452
v -0.093412 0.100000 0.041031
v -0.098595 0.100000 0.041776
v -0.103493 0.100000 0.042686
v -0.108105 0.100000 0.043761
v -0.112431 0.100000 0.045002
v -0.116471 0.100000 0.046408
v -0.120225 0.100000 0.047980
v -0.123693 0.100000 0.049717
v -0.126876 0.100000 0.051619
v -0.129788 0.100000 0.053681
v -0.132447 0.100000 0.055896
v -0.134853 0.100000 0.058265
v -0.137006 0.100000 0.060786
v -0.138906 0.100000 0.063461
v -0.140552 0.100000 0.066289
v -0.141945 0.100000 0.069270
v -0.143085 0.100000 0.072404
v -0.143971 0.100000 0.075691
v -0.144604 0.100000 0.079132
v -0.144984 0.100000 0.082725
v -0.145111 0.100000 0.086472
v -0.145034 0.100000 0.089408
v -0.144804 0.100000 0.092236
v -0.144421 0.100000 0.094956
v -0.143885 0.100000 0.097567
v -0.143196 0.100000 0.100070
v -0.142353 0.100000 0.102465
v -0.141358 0.100000 0.104752
v -0.140209 0.100000 0.106930
v -0.138906 0.100000 0.109000
v -0.137451 0.100000 0.110962
v -0.135843 0.100000 0.112815
v -0.326582 0.100000 -0.196175
v -0.319817 0.100000 -0.190897
v -0.313640 0.100000 -0.185162
v -0.308052 0.100000 -0.178969
v -0.303052 0.100000 -0.172319
v -0.298640 0.100000 -0.165211
v -0.294817 0.100000 -0.157645
v -0.291581 0.100000 -0.149622
v -0.288934 0.100000 -0.141142
v -0.286875 0.100000 -0.132204
v -0.285405 0.100000 -0.122809
v -0.284523 0.100000 -0.112956
v -0.284229 0.100000 -0.102645
v -0.284394 0.100000 -0.095457
v -0.284890 0.100000 -0.088499
v -0.285717 0.100000 -0.081772
v -0.286876 0.100000 -0.075276
v -0.288365 0.100000 -0.069011
v -0.290184 0.100000 -0.062976
v -0.292335 0.100000 -0.057172
v -0.294817 0.100000 -0.051600
v -0.297629 0.100000 -0.046257
v -0.300773 0.100000 -0.041146
v -0.304247 0.100000 -0.036266
v -0.308052 0.100000 -0.031616
v -0.312094 0.100000 -0.027177
v -0.316279 0.100000 -0.022927
v -0.320607 0.100000 -0.018868
v -0.325078 0.100000 -0.014998
v -0.329692 0.100000 -0.011319
v -0.334449 0.100000 -0.007829
v -0.339349 0.100000 -0.004529
v -0.344392 0.100000 -0.001420
v -0.349578 0.100000 0.001500
v -0.354907 0.100000 0.004230
v -0.360378 0.100000 0.006770
v -0.365993 0.100000 0.009119
v -0.259229 0.100000 0.181178
v -0.368346 0.100000 0.181178
v -0.456582 0.100000 0.025296
v -0.483934 0.100000 0.025296
v -0.483934 0.100000 0.181178
v -0.580405 0.100000 0.181178
v -0.580405 0.100000 -0.226469
v -0.452170 0.100000 -0.226469
v -0.438581 0.100000 -0.226258
v -0.425560 0.100000 -0.225627
v -0.413107 0.100000 -0.224575
v -0.401222 0.100000 -0.223103
v -0.389905 0.100000 -0.221209
v -0.379155 0.100000 -0.218895
v -0.368973 0.100000 -0.216160
v -0.359359 0.100000 -0.213005
v -0.350313 0.100000 -0.209428
v -0.341835 0.100000 -0.205431
v -0.333924 0.100000 -0.201013
v -0.400111 0.100000 -0.055586
v -0.397480 0.100000 -0.058160
v -0.395078 0.100000 -0.060979
v -0.392905 0.100000 -0.064042
v -0.390961 0.100000 -0.067351
v -0.389245 0.100000 -0.070905
v -0.387758 0.100000 -0.074704
v -0.386500 0.100000 -0.078748
v -0.385470 0.100000 -0.083037
v -0.384670 0.100000 -0.087572
v -0.384098 0.100000 -0.092351
v -0.383755 0.100000 -0.097376
v -0.383640 0.100000 -0.102645
v -0.383760 0.100000 -0.107436
v -0.384118 0.100000 -0.112004
v -0.384716 0.100000 -0.116349
v -0.385552 0.100000 -0.120472
v -0.386627 0.100000 -0.124372
v -0.387942 0.100000 -0.128050
v -0.389495 0.100000 -0.131505
v -0.391287 0.100000 -0.134737
v -0.393319 0.100000 -0.137746
v -0.395589 0.100000 -0.140533
v -0.398098 0.100000 -0.143098
v -0.400846 0.100000 -0.145439
v -0.403829 0.100000 -0.147577
v -0.407043 0.100000 -0.149528
v -0.410488 0.100000 -0.151294
v -0.414163 0.100000 -0.152874
v -0.418069 0.100000 -0.154268
v -0.422207 0.100000 -0.155476
v -0.426574 0.100000 -0.156498
v -0.431173 0.100000 -0.157335
v -0.436002 0.100000 -0.157985
v -0.441063 0.100000 -0.158450
v -0.446354 0.100000 -0.158729
v -0.451876 0.100000 -0.158822
v -0.483934 0.100000 -0.158822
v -0.483934 0.100000 -0.040881
v -0.448052 0.100000 -0.040881
v -0.442911 0.100000 -0.040983
v -0.437979 0.100000 -0.041289
v -0.433254 0.100000 -0.041800
v -0.428738 0.100000 -0.042515
v -0.424431 0.100000 -0.043434
v -0.420332 0.100000 -0.044557
v -0.416441 0.100000 -0.045885
v -0.412758 0.100000 -0.047417
v -0.409284 0.100000 -0.049153
v -0.406018 0.100000 -0.051093
v -0.402960 0.100000 -0.053238
v -0.727170 0.100000 -0.131175
v -0.629817 0.100000 -0.131175
v -0.732464 0.100000 0.007061
v -0.621287 0.100000 0.181178
v -0.727170 0.100000 0.181178
v -0.829817 0.100000 0.010002
v -0.926287 0.100000 -0.255292
v -0.833346 0.100000 -0.264998
v -0.833346 0.100000 0.181178
v -0.926287 0.100000 0.181178
v -1.218346 0.100000 -0.226469
v -1.142170 0.100000 0.105884
v -1.065405 0.100000 -0.226469
v -0.966581 0.100000 -0.226469
v -1.084229 0.100000 0.181178
v -1.203640 0.100000 0.181178
v -1.320699 0.100000 -0.226469
v 1.187286 -0.100000 -0.180439
v 1.193693 -0.100000 -0.189436
v 1.200608 -0.100000 -0.197649
v 1.208031 -0.100000 -0.205081
v 1.215963 -0.100000 -0.211730
v 1.224403 -0.100000 -0.217597
v 1.233352 -0.100000 -0.222682
v 1.242810 -0.100000 -0.226985
v 1.252777 -0.100000 -0.230505
v 1.263252 -0.100000 -0.233243
v 1.274235 -0.100000 -0.235198
v 1.285727 -0.100000 -0.236372
v 1.297728 -0.100000 -0.236763
v 1.309636 -0.100000 -0.236372
v 1.321049 -0.100000 -0.235198
v 1.331965 -0.100000 -0.233243
v 1.342385 -0.100000 -0.230505
v 1.352308 -0.100000 -0.226985
v 1.361735 -0.100000 -0.222682
v 1.370666 -0.100000 -0.217597
v 1.379100 -0.100000 -0.211730
v 1.387038 -0.100000 -0.205081
v 1.394480 -0.100000 -0.197649
v 1.401426 -0.100000 -0.189436
v 1.407875 -0.100000 -0.180439
v 1.413817 -0.100000 -0.170745
v 1.419243 -0.100000 -0.160435
v 1.424152 -0.100000 -0.149511
v 1.428545 -0.100000 -0.137972
v 1.432420 -0.100000 -0.125818
v 1.435779 -0.100000 -0.113050
v 1.438621 -0.100000 -0.099666
v 1.440947 -0.100000 -0.085668
v 1.442755 -0.100000 -0.071055
v 1.444047 -0.100000 -0.055828
v 1.444822 -0.100000 -0.039985
v 1.445081 -0.100000 -0.023528
v 1.444822 -0.100000 -0.007019
v 1.444047 -0.100000 0.008878
v 1.442755 -0.100000 0.024165
v 1.440947 -0.100000 0.038842
v 1.438621 -0.100000 0.052907
v 1.435779 -0.100000 0.066362
v 1.432420 -0.100000 0.079206
v 1.428545 -0.100000 0.091440
v 1.424152 -0.100000 0.103062
v 1.419243 -0.100000 0.114074
v 1.413817 -0.100000 0.124476
v 1.407875 -0.100000 0.134266
v 1.401426 -0.100000 0.143357
v 1.394480 -0.100000 0.151656
v 1.387038 -0.100000 0.159165
v 1.379100 -0.100000 0.165884
v 1.370666 -0.100000 0.171812
v 1.361735 -0.100000 0.176950
v 1.352308 -0.100000 0.181298
v 1.342384 -0.100000 0.184855
v 1.331964 -0.100000 0.187621
v 1.321048 -0.100000 0.189597
v 1.309636 -0.100000 0.190783
v 1.297728 -0.100000 0.191178
v 1.285727 -0.100000 0.190783
v 1.274235 -0.100000 0.189597
v 1.263252 -0.100000 0.187621
v 1.252777 -0.100000 0.184855
v 1.242810 -0.100000 0.181298
v 1.233352 -0.100000 0.176950
v 1.224403 -0.100000 0.171812
v 1.215963 -0.100000 0.165884
v 1.208031 -0.100000 0.159165
v 1.200608 -0.100000 0.151656
v 1.193693 -0.100000 0.143357
v 1.187286 -0.100000 0.134266
v 1.181391 -0.100000 0.124476
v 1.176008 -0.100000 0.114074
v 1.171138 -0.100000 0.103062
v 1.166780 -0.100000 0.091440
v 1.162935 -0.100000 0.079206
v 1.159603 -0.100000 0.066362
v 1.156783 -0.100000 0.052907
v 1.154476 -0.100000 0.038842
v 1.152682 -0.100000 0.024165
v 1.151400 -0.100000 0.008878
v 1.150631 -0.100000 -0.007019
v 1.150375 -0.100000 -0.023528
v 1.150631 -0.100000 -0.039985
v 1.151400 -0.100000 -0.055827
v 1.152682 -0.100000 -0.071055
v 1.154476 -0.100000 -0.085668
v 1.156783 -0.100000 -0.099666
v 1.159603 -0.100000 -0.113050
v 1.162935 -0.100000 -0.125818
v 1.166780 -0.100000 -0.137972
v 1.171138 -0.100000 -0.149511
v 1.176008 -0.100000 -0.160435
v 1.181391 -0.100000 -0.170745
v 1.323169 -0.100000 -0.165145
v 1.321397 -0.100000 -0.165826
v 1.319562 -0.100000 -0.166448
v 1.317663 -0.100000 -0.167011
v 1.315701 -0.100000 -0.167515
v 1.313676 -0.100000 -0.167959
v 1.311588 -0.100000 -0.168344
v 1.309436 -0.100000 -0.168670
v 1.307221 -0.100000 -0.168936
v 1.304943 -0.100000 -0.169143
v 1.302601 -0.100000 -0.169292
v 1.300196 -0.100000 -0.169380
v 1.297728 -0.100000 -0.169410
v 1.292648 -0.100000 -0.169178
v 1.287801 -0.100000 -0.168483
v 1.283187 -0.100000 -0.167324
v 1.278806 -0.100000 -0.165701
v 1.274658 -0.100000 -0.163614
v 1.270742 -0.100000 -0.161064
v 1.267060 -0.100000 -0.158051
v 1.263610 -0.100000 -0.154573
v 1.260393 -0.100000 -0.150632
v 1.257409 -0.100000 -0.146228
v 1.254658 -0.100000 -0.141360
v 1.252139 -0.100000 -0.136028
v 1.249837 -0.100000 -0.130146
v 1.247736 -0.100000 -0.123630
v 1.245834 -0.100000 -0.116478
v 1.244133 -0.100000 -0.108691
v 1.242631 -0.100000 -0.100269
v 1.241330 -0.100000 -0.091211
v 1.240230 -0.100000 -0.081519
v 1.239329 -0.100000 -0.071191
v 1.238628 -0.100000 -0.060228
v 1.238128 -0.100000 -0.048630
v 1.237828 -0.100000 -0.036396
v 1.237728 -0.100000 -0.023528
v 1.237734 -0.100000 -0.019254
v 1.237752 -0.100000 -0.015060
v 1.237783 -0.100000 -0.010945
v 1.237826 -0.100000 -0.006910
v 1.237881 -0.100000 -0.002955
v 1.237948 -0.100000 0.000921
v 1.238028 -0.100000 0.004717
v 1.238120 -0.100000 0.008433
v 1.238224 -0.100000 0.012070
v 1.238341 -0.100000 0.015627
v 1.238469 -0.100000 0.019104
v 1.238610 -0.100000 0.022502
v 1.238763 -0.100000 0.025828
v 1.238929 -0.100000 0.029091
v 1.239106 -0.100000 0.032290
v 1.239296 -0.100000 0.035427
v 1.239498 -0.100000 0.038499
v 1.239713 -0.100000 0.041509
v 1.239939 -0.100000 0.044455
v 1.240178 -0.100000 0.047338
v 1.240430 -0.100000 0.050158
v 1.240693 -0.100000 0.052914
v 1.240969 -0.100000 0.055607
v 1.241257 -0.100000 0.058237
v 1.340669 -0.100000 -0.149704
v 1.339469 -0.100000 -0.151519
v 1.338222 -0.100000 -0.153238
v 1.336928 -0.100000 -0.154860
v 1.335587 -0.100000 -0.156387
v 1.334199 -0.100000 -0.157818
v 1.332765 -0.100000 -0.159153
v 1.331283 -0.100000 -0.160391
v 1.329754 -0.100000 -0.161534
v 1.328178 -0.100000 -0.162581
v 1.326556 -0.100000 -0.163532
v 1.324886 -0.100000 -0.164387
v 1.350963 -0.100000 0.063384
v 1.351949 -0.100000 0.057815
v 1.352850 -0.100000 0.051942
v 1.353665 -0.100000 0.045765
v 1.354394 -0.100000 0.039283
v 1.355038 -0.100000 0.032497
v 1.355595 -0.100000 0.025406
v 1.356067 -0.100000 0.018011
v 1.356453 -0.100000 0.010312
v 1.356753 -0.100000 0.002309
v 1.356968 -0.100000 -0.005999
v 1.357096 -0.100000 -0.014611
v 1.357139 -0.100000 -0.023528
v 1.357129 -0.100000 -0.029091
v 1.357098 -0.100000 -0.034508
v 1.357047 -0.100000 -0.039778
v 1.356976 -0.100000 -0.044900
v 1.356884 -0.100000 -0.049876
v 1.356772 -0.100000 -0.054704
v 1.356639 -0.100000 -0.059385
v 1.356486 -0.100000 -0.063920
v 1.356312 -0.100000 -0.068307
v 1.356118 -0.100000 -0.072547
v 1.355903 -0.100000 -0.076640
v 1.355669 -0.100000 -0.080586
v 1.261845 -0.100000 0.113237
v 1.262941 -0.100000 0.114240
v 1.264072 -0.100000 0.115190
v 1.265237 -0.100000 0.116086
v 1.266437 -0.100000 0.116930
v 1.267672 -0.100000 0.117720
v 1.268941 -0.100000 0.118458
v 1.270245 -0.100000 0.119142
v 1.271584 -0.100000 0.119773
v 1.272958 -0.100000 0.120351
v 1.274366 -0.100000 0.120876
v 1.275809 -0.100000 0.121348
v 1.277287 -0.100000 0.121766
v 1.278799 -0.100000 0.122142
v 1.280346 -0.100000 0.122485
v 1.281928 -0.100000 0.122796
v 1.283545 -0.100000 0.123074
v 1.285196 -0.100000 0.123319
v 1.286882 -0.100000 0.123531
v 1.288603 -0.100000 0.123711
v 1.290359 -0.100000 0.123858
v 1.292149 -0.100000 0.123972
v 1.293974 -0.100000 0.124054
v 1.295833 -0.100000 0.124103
v 1.297728 -0.100000 0.124119
v 1.301154 -0.100000 0.124021
v 1.304472 -0.100000 0.123727
v 1.307682 -0.100000 0.123237
v 1.310783 -0.100000 0.122551
v 1.313777 -0.100000 0.121668
v 1.316662 -0.100000 0.120590
v 1.319439 -0.100000 0.119315
v 1.322107 -0.100000 0.117845
v 1.324667 -0.100000 0.116178
v 1.327119 -0.100000 0.114315
v 1.329463 -0.100000 0.112257
v 1.331698 -0.100000 0.110002
v 1.333832 -0.100000 0.107521
v 1.335869 -0.100000 0.104785
v 1.337811 -0.100000 0.101794
v 1.339656 -0.100000 0.098547
v 1.341405 -0.100000 0.095046
v 1.343059 -0.100000 0.091289
v 1.344616 -0.100000 0.087276
v 1.346078 -0.100000 0.083008
v 1.347443 -0.100000 0.078485
v 1.348712 -0.100000 0.073707
v 1.349886 -0.100000 0.068673
v 0.989670 -0.100000 0.158237
v 0.988261 -0.100000 0.155719
v 0.986974 -0.100000 0.153164
v 0.985810 -0.100000 0.150572
v 0.984768 -0.100000 0.147943
v 0.983849 -0.100000 0.145277
v 0.983052 -0.100000 0.142575
v 0.982378 -0.100000 0.139836
v 0.981827 -0.100000 0.137061
v 0.981398 -0.100000 0.134248
v 0.981092 -0.100000 0.131399
v 0.980908 -0.100000 0.128513
v 0.980846 -0.100000 0.125590
v 0.980908 -0.100000 0.122621
v 0.981091 -0.100000 0.119695
v 0.981398 -0.100000 0.116812
v 0.981827 -0.100000 0.113972
v 0.982378 -0.100000 0.111175
v 0.983052 -0.100000 0.108421
v 0.983849 -0.100000 0.105709
v 0.984768 -0.100000 0.103041
v 0.985810 -0.100000 0.100415
v 0.986974 -0.100000 0.097833
v 0.988261 -0.100000 0.095293
v 0.989670 -0.100000 0.092796
v 0.991184 -0.100000 0.090361
v 0.992783 -0.100000 0.088008
v 0.994468 -0.100000 0.085737
v 0.996239 -0.100000 0.083548
v 0.998095 -0.100000 0.081440
v 1.000038 -0.100000 0.079414
v 1.002066 -0.100000 0.077469
v 1.004180 -0.100000 0.075606
v 1.006380 -0.100000 0.073825
v 1.008665 -0.100000 0.072126
v 1.011036 -0.100000 0.070508
v 1.013494 -0.100000 0.068972
v 1.016014 -0.100000 0.067540
v 1.018575 -0.100000 0.066231
v 1.021177 -0.100000 0.065048
v 1.023820 -0.100000 0.063989
v 1.026504 -0.100000 0.063054
v 1.029229 -0.100000 0.062244
v 1.031994 -0.100000 0.061559
v 1.034801 -0.100000 0.060998
v 1.037648 -0.100000 0.060562
v 1.040536 -0.100000 0.060251
v 1.043465 -0.100000 0.060064
v 1.046435 -0.100000 0.060002
v 1.049450 -0.100000 0.060064
v 1.052419 -0.100000 0.060251
v 1.055341 -0.100000 0.060562
v 1.058216 -0.100000 0.060998
v 1.061044 -0.100000 0.061559
v 1.063825 -0.100000 0.062244
v 1.066559 -0.100000 0.063054
v 1.069246 -0.100000 0.063989
v 1.071886 -0.100000 0.065048
v 1.074478 -0.100000 0.066231
v 1.077024 -0.100000 0.067540
v 1.079523 -0.100000 0.068972
v 1.081956 -0.100000 0.070508
v 1.084306 -0.100000 0.072126
v 1.086572 -0.100000 0.073825
v 1.088755 -0.100000 0.075606
v 1.090853 -0.100000 0.077469
v 1.092868 -0.100000 0.079414
v 1.094800 -0.100000 0.081440
v 1.096647 -0.100000 0.083548
v 1.098411 -0.100000 0.085737
v 1.100091 -0.100000 0.088008
v 1.101687 -0.100000 0.090361
v 1.103199 -0.100000 0.092796
v 1.104609 -0.100000 0.095293
v 1.105896 -0.100000 0.097833
v 1.107060 -0.100000 0.100415
v 1.108101 -0.100000 0.103041
v 1.109020 -0.100000 0.105709
v 1.109817 -0.100000 0.108421
v 1.110491 -0.100000 0.111175
v 1.111042 -0.100000 0.113972
v 1.111471 -0.100000 0.116812
v 1.111778 -0.100000 0.119695
v 1.111962 -0.100000 0.122621
v 1.112023 -0.100000 0.125590
v 1.111962 -0.100000 0.128513
v 1.111778 -0.100000 0.131399
v 1.111471 -0.100000 0.134248
v 1.111042 -0.100000 0.137061
v 1.110491 -0.100000 0.139836
v 1.109817 -0.100000 0.142575
v 1.109020 -0.100000 0.145277
v 1.108101 -0.100000 0.147943
v 1.107060 -0.100000 0.150572
v 1.105896 -0.100000 0.153164
v 1.104609 -0.100000 0.155719
v 1.103199 -0.100000 0.158237
v 1.101687 -0.100000 0.160695
v 1.100091 -0.100000 0.163070
v 1.098411 -0.100000 0.165360
v 1.096647 -0.100000 0.167567
v 1.094800 -0.100000 0.169690
v 1.092868 -0.100000 0.171730
v 1.090853 -0.100000 0.173685
v 1.088755 -0.100000 0.175557
v 1.086572 -0.100000 0.177345
v 1.084306 -0.100000 0.179050
v 1.081956 -0.100000 0.180671
v 1.079523 -0.100000 0.182208
v 1.077024 -0.100000 0.183640
v 1.074478 -0.100000 0.184949
v 1.071885 -0.100000 0.186132
v 1.069245 -0.100000 0.187191
v 1.066558 -0.100000 0.188126
v 1.063824 -0.100000 0.188936
v 1.061044 -0.100000 0.189621
v 1.058216 -0.100000 0.190181
v 1.055341 -0.100000 0.190618
v 1.052419 -0.100000 0.190929
v 1.049450 -0.100000 0.191116
v 1.046435 -0.100000 0.191178
v 1.043465 -0.100000 0.191116
v 1.040536 -0.100000 0.190929
v 1.037648 -0.100000 0.190618
v 1.034801 -0.100000 0.190181
v 1.031994 -0.100000 0.189621
v 1.029229 -0.100000 0.188936
v 1.026504 -0.100000 0.188126
v 1.023820 -0.100000 0.187191
v 1.021178 -0.100000 0.186132
v 1.018575 -0.100000 0.184949
v 1.016014 -0.100000 0.183640
v 1.013494 -0.100000 0.182208
v 1.011036 -0.100000 0.180671
v 1.008665 -0.100000 0.179050
v 1.006380 -0.100000 0.177345
v 1.004180 -0.100000 0.175557
v 1.002066 -0.100000 0.173685
v 1.000038 -0.100000 0.171730
v 0.998095 -0.100000 0.169690
v 0.996239 -0.100000 0.167567
v 0.994468 -0.100000 0.165360
v 0.992783 -0.100000 0.163070
v 0.991184 -0.100000 0.160695
v 0.841887 -0.100000 0.110884
v 0.918063 -0.100000 0.110884
v 0.918063 -0.100000 0.181178
v 0.653063 -0.100000 0.181178
v 0.653063 -0.100000 0.110884
v 0.751299 -0.100000 0.110884
v 0.751299 -0.100000 -0.134998
v 0.667475 -0.100000 -0.082645
v 0.628063 -0.100000 -0.146469
v 0.759534 -0.100000 -0.226469
v 0.841887 -0.100000 -0.226469
v 0.332536 -0.100000 -0.131175
v 0.427830 -0.100000 -0.131175
v 0.323713 -0.100000 0.181178
v 0.320135 -0.100000 0.191315
v 0.316266 -0.100000 0.201039
v 0.312104 -0.100000 0.210351
v 0.307650 -0.100000 0.219250
v 0.302905 -0.100000 0.227737
v 0.297867 -0.100000 0.235811
v 0.292537 -0.100000 0.243472
v 0.286915 -0.100000 0.250721
v 0.281001 -0.100000 0.257557
v 0.274795 -0.100000 0.263981
v 0.268297 -0.100000 0.269992
v 0.261507 -0.100000 0.275590
v 0.254365 -0.100000 0.280786
v 0.246813 -0.100000 0.285590
v 0.238850 -0.100000 0.290002
v 0.230477 -0.100000 0.294021
v 0.221694 -0.100000 0.297649
v 0.212499 -0.100000 0.300884
v 0.202894 -0.100000 0.303727
v 0.192879 -0.100000 0.306178
v 0.182453 -0.100000 0.308237
v 0.171617 -0.100000 0.309904
v 0.160370 -0.100000 0.311178
v 0.148713 -0.100000 0.312061
v 0.138124 -0.100000 0.246472
v 0.143189 -0.100000 0.245809
v 0.148088 -0.100000 0.245092
v 0.152821 -0.100000 0.244322
v 0.157389 -0.100000 0.243498
v 0.161792 -0.100000 0.242622
v 0.166029 -0.100000 0.241693
v 0.170100 -0.100000 0.240710
v 0.174007 -0.100000 0.239675
v 0.177747 -0.100000 0.238586
v 0.181323 -0.100000 0.237445
v 0.184733 -0.100000 0.236250
v 0.187977 -0.100000 0.235002
v 0.191088 -0.100000 0.233689
v 0.194097 -0.100000 0.232302
v 0.197003 -0.100000 0.230838
v 0.199807 -0.100000 0.229299
v 0.202510 -0.100000 0.227685
v 0.205110 -0.100000 0.225994
v 0.207608 -0.100000 0.224229
v 0.210003 -0.100000 0.222387
v 0.212297 -0.100000 0.220470
v 0.214489 -0.100000 0.218478
v 0.216578 -0.100000 0.216410
v 0.218565 -0.100000 0.214266
v 0.220480 -0.100000 0.212037
v 0.222352 -0.100000 0.209712
v 0.224181 -0.100000 0.207290
v 0.225967 -0.100000 0.204773
v 0.227711 -0.100000 0.202160
v 0.229411 -0.100000 0.199450
v 0.231069 -0.100000 0.196645
v 0.232683 -0.100000 0.193744
v 0.234255 -0.100000 0.190746
v 0.235784 -0.100000 0.187653
v 0.237270 -0.100000 0.184464
v 0.238713 -0.100000 0.181178
v 0.206948 -0.100000 0.181178
v 0.107830 -0.100000 -0.131175
v 0.206066 -0.100000 -0.131175
v 0.266654 -0.100000 0.121766
v 0.042536 -0.100000 -0.031175
v 0.042536 -0.100000 0.091178
v 0.042570 -0.100000 0.094052
v 0.042671 -0.100000 0.096791
v 0.042839 -0.100000 0.099395
v 0.043075 -0.100000 0.101864
v 0.043379 -0.100000 0.104199
v 0.043749 -0.100000 0.106399
v 0.044187 -0.100000 0.108464
v 0.044693 -0.100000 0.110394
v 0.045266 -0.100000 0.112189
v 0.045906 -0.100000 0.113850
v 0.046614 -0.100000 0.115376
v 0.047389 -0.100000 0.116766
v 0.048240 -0.100000 0.118063
v 0.049174 -0.100000 0.119307
v 0.050192 -0.100000 0.120498
v 0.051294 -0.100000 0.121636
v 0.052480 -0.100000 0.122720
v 0.053749 -0.100000 0.123752
v 0.055103 -0.100000 0.124730
v 0.056539 -0.100000 0.125655
v 0.058060 -0.100000 0.126527
v 0.059664 -0.100000 0.127347
v 0.061352 -0.100000 0.128112
v 0.063124 -0.100000 0.128825
v 0.044007 -0.100000 0.190002
v 0.039459 -0.100000 0.189513
v 0.035032 -0.100000 0.188927
v 0.030725 -0.100000 0.188246
v 0.026539 -0.100000 0.187469
v 0.022474 -0.100000 0.186596
v 0.018529 -0.100000 0.185627
v 0.014704 -0.100000 0.184562
v 0.011000 -0.100000 0.183400
v 0.007417 -0.100000 0.182143
v 0.003954 -0.100000 0.180790
v 0.000611 -0.100000 0.179341
v -0.002611 -0.100000 0.177796
v -0.005717 -0.100000 0.176134
v -0.008710 -0.100000 0.174336
v -0.011591 -0.100000 0.172401
v -0.014359 -0.100000 0.170329
v -0.017016 -0.100000 0.168120
v -0.019560 -0.100000 0.165774
v -0.021991 -0.100000 0.163291
v -0.024310 -0.100000 0.160672
v -0.026517 -0.100000 0.157915
v -0.028612 -0.100000 0.155022
v -0.030594 -0.100000 0.151992
v -0.032464 -0.100000 0.148825
v -0.035524 -0.100000 0.152327
v -0.038722 -0.100000 0.155676
v -0.042059 -0.100000 0.158871
v -0.045536 -0.100000 0.161914
v -0.049151 -0.100000 0.164803
v -0.052905 -0.100000 0.167539
v -0.056798 -0.100000 0.170121
v -0.060830 -0.100000 0.172551
v -0.065001 -0.100000 0.174827
v -0.069310 -0.100000 0.176950
v -0.073759 -0.100000 0.178920
v -0.078346 -0.100000 0.180737
v -0.083011 -0.100000 0.182405
v -0.087693 -0.100000 0.183927
v -0.092390 -0.100000 0.185305
v -0.097104 -0.100000 0.186538
v -0.101835 -0.100000 0.187625
v -0.106581 -0.100000 0.188568
v -0.111344 -0.100000 0.189366
v -0.116124 -0.100000 0.190018
v -0.120920 -0.100000 0.190526
v -0.125732 -0.100000 0.190888
v -0.130560 -0.100000 0.191106
v -0.135405 -0.100000 0.191178
v -0.143308 -0.100000 0.190987
v -0.150940 -0.100000 0.190414
v -0.158300 -0.100000 0.189459
v -0.165389 -0.100000 0.188123
v -0.172205 -0.100000 0.186404
v -0.178751 -0.100000 0.184303
v -0.185024 -0.100000 0.181821
v -0.191026 -0.100000 0.178956
v -0.196756 -0.100000 0.175709
v -0.202215 -0.100000 0.172081
v -0.207402 -0.100000 0.168071
v -0.212317 -0.100000 0.163678
v -0.216897 -0.100000 0.158986
v -0.221079 -0.100000 0.154074
v -0.224863 -0.100000 0.148945
v -0.228248 -0.100000 0.143597
v -0.231235 -0.100000 0.138030
v -0.233824 -0.100000 0.132244
v -0.236015 -0.100000 0.126241
v -0.237807 -0.100000 0.120018
v -0.239201 -0.100000 0.113577
v -0.240197 -0.100000 0.106918
v -0.240794 -0.100000 0.100040
v -0.240993 -0.100000 0.092943
v -0.240716 -0.100000 0.084624
v -0.239886 -0.100000 0.076628
v -0.238502 -0.100000 0.068954
v -0.236565 -0.100000 0.061603
v -0.234074 -0.100000 0.054575
v -0.231030 -0.100000 0.047869
v -0.227432 -0.100000 0.041487
v -0.223281 -0.100000 0.035427
v -0.218576 -0.100000 0.029689
v -0.213318 -0.100000 0.024275
v -0.207506 -0.100000 0.019183
v -0.201140 -0.100000 0.014414
v -0.194273 -0.100000 0.009998
v -0.186953 -0.100000 0.005966
v -0.179183 -0.100000 0.002318
v -0.170961 -0.100000 -0.000946
v -0.162287 -0.100000 -0.003826
v -0.153162 -0.100000 -0.006322
v -0.143586 -0.100000 -0.008434
v -0.133559 -0.100000 -0.010162
v -0.123080 -0.100000 -0.011506
v -0.112149 -0.100000 -0.012466
v -0.100768 -0.100000 -0.013042
v -0.088934 -0.100000 -0.013234
v -0.046876 -0.100000 -0.013234
v -0.046876 -0.100000 -0.024998
v -0.047305 -0.100000 -0.032656
v -0.048591 -0.100000 -0.039647
v -0.050736 -0.100000 -0.045973
v -0.053738 -0.100000 -0.051632
v -0.057599 -0.100000 -0.056626
v -0.062317 -0.100000 -0.060954
v -0.067893 -0.100000 -0.064616
v -0.074327 -0.100000 -0.067613
v -0.081618 -0.100000 -0.069943
v -0.089768 -0.100000 -0.071608
v -0.098775 -0.100000 -0.072607
v -0.108640 -0.100000 -0.072939
v -0.111200 -0.100000 -0.072910
v -0.113877 -0.100000 -0.072821
v -0.116673 -0.100000 -0.072673
v -0.119588 -0.100000 -0.072466
v -0.122621 -0.100000 -0.072199
v -0.125773 -0.100000 -0.071873
v -0.129043 -0.100000 -0.071488
v -0.132431 -0.100000 -0.071044
v -0.135938 -0.100000 -0.070541
v -0.139564 -0.100000 -0.069978
v -0.143307 -0.100000 -0.069356
v -0.147170 -0.100000 -0.068675
v -0.151091 -0.100000 -0.067938
v -0.155013 -0.100000 -0.067151
v -0.158934 -0.100000 -0.066313
v -0.162856 -0.100000 -0.065423
v -0.166777 -0.100000 -0.064483
v -0.170699 -0.100000 -0.063491
v -0.174620 -0.100000 -0.062448
v -0.178542 -0.100000 -0.061354
v -0.182463 -0.100000 -0.060210
v -0.186385 -0.100000 -0.059014
v -0.190306 -0.100000 -0.057767
v -0.194229 -0.100000 -0.056469
v -0.215699 -0.100000 -0.118234
v -0.210633 -0.100000 -0.120106
v -0.205532 -0.100000 -0.121902
v -0.200396 -0.100000 -0.123620
v -0.195225 -0.100000 -0.125260
v -0.190020 -0.100000 -0.126822
v -0.184780 -0.100000 -0.128307
v -0.179505 -0.100000 -0.129714
v -0.174196 -0.100000 -0.131044
v -0.168852 -0.100000 -0.132296
v -0.163473 -0.100000 -0.133470
v -0.158059 -0.100000 -0.134567
v -0.152611 -0.100000 -0.135586
v -0.147193 -0.100000 -0.136526
v -0.141872 -0.100000 -0.137384
v -0.136646 -0.100000 -0.138160
v -0.131516 -0.100000 -0.138854
v -0.126482 -0.100000 -0.139467
v -0.121545 -0.100000 -0.139998
v -0.116703 -0.100000 -0.140448
v -0.111957 -0.100000 -0.140815
v -0.107308 -0.100000 -0.141101
v -0.102754 -0.100000 -0.141305
v -0.098296 -0.100000 -0.141428
v -0.093935 -0.100000 -0.141469
v -0.082569 -0.100000 -0.141272
v -0.071708 -0.100000 -0.140680
v -0.061352 -0.100000 -0.139695
v -0.051500 -0.100000 -0.138315
v -0.042152 -0.100000 -0.136541
v -0.033309 -0.100000 -0.134373
v -0.024971 -0.100000 -0.131811
v -0.017137 -0.100000 -0.128854
v -0.009808 -0.100000 -0.125504
v -0.002983 -0.100000 -0.121759
v 0.003338 -0.100000 -0.117620
v 0.009154 -0.100000 -0.113086
v 0.014486 -0.100000 -0.108181
v 0.019354 -0.100000 -0.102927
v 0.023759 -0.100000 -0.097324
v 0.027699 -0.100000 -0.091371
v 0.031177 -0.100000 -0.085069
v 0.034191 -0.100000 -0.078417
v 0.036741 -0.100000 -0.071417
v 0.038827 -0.100000 -0.064067
v 0.040450 -0.100000 -0.056368
v 0.041609 -0.100000 -0.048319
v 0.042304 -0.100000 -0.039922
v -0.134082 -0.100000 0.114561
v -0.132183 -0.100000 0.116181
v -0.130164 -0.100000 0.117661
v -0.128024 -0.100000 0.119000
v -0.125764 -0.100000 0.120198
v -0.123384 -0.100000 0.121255
v -0.120883 -0.100000 0.122171
v -0.118261 -0.100000 0.122946
v -0.115519 -0.100000 0.123580
v -0.112657 -0.100000 0.124073
v -0.109674 -0.100000 0.124426
v -0.106570 -0.100000 0.124637
v -0.103346 -0.100000 0.124708
v -0.100836 -0.100000 0.124645
v -0.098305 -0.100000 0.124458
v -0.095754 -0.100000 0.124147
v -0.093183 -0.100000 0.123711
v -0.090591 -0.100000 0.123150
v -0.087979 -0.100000 0.122465
v -0.085346 -0.100000 0.121655
v -0.082693 -0.100000 0.120721
v -0.080019 -0.100000 0.119662
v -0.077325 -0.100000 0.118478
v -0.074610 -0.100000 0.117170
v -0.071876 -0.100000 0.115737
v -0.069186 -0.100000 0.114190
v -0.066606 -0.100000 0.112539
v -0.064137 -0.100000 0.110783
v -0.061778 -0.100000 0.108923
v -0.059529 -0.100000 0.106959
v -0.057390 -0.100000 0.104891
v -0.055362 -0.100000 0.102719
v -0.053444 -0.100000 0.100443
v -0.051637 -0.100000 0.098062
v -0.049940 -0.100000 0.095578
v -0.048352 -0.100000 0.092989
v -0.046876 -0.100000 0.090296
v -0.046876 -0.100000 0.039708
v -0.069817 -0.100000 0.039708
v -0.076144 -0.100000 0.039790
v -0.082186 -0.100000 0.040039
v -0.087942 -0.100000 0.040452
v -0.093412 -0.100000 0.041031
v -0.098595 -0.100000 0.041776
v -0.103493 -0.100000 0.042686
v -0.108105 -0.100000 0.043761
v -0.112431 -0.100000 0.045002
v -0.116471 -0.100000 0.046408
v -0.120225 -0.100000 0.047980
v -0.123693 -0.100000 0.049717
v -0.126876 -0.100000 0.051619
v -0.129788 -0.100000 0.053681
v -0.132447 -0.100000 0.055896
v -0.134853 -0.100000 0.058265
v -0.137006 -0.100000 0.060786
v -0.138906 -0.100000 0.063461
v -0.140552 -0.100000 0.066289
v -0.141945 -0.100000 0.069270
v -0.143085 -0.100000 0.072404
v -0.143971 -0.100000 0.075691
v -0.144604 -0.100000 0.079132
v -0.144984 -0.100000 0.082725
v -0.145111 -0.100000 0.086472
v -0.145034 -0.100000 0.089408
v -0.144804 -0.100000 0.092236
v -0.144421 -0.100000 0.094956
v -0.143885 -0.100000 0.097567
v -0.143196 -0.100000 0.100070
v -0.142353 -0.100000 0.102465
v -0.141358 -0.100000 0.104752
v -0.140209 -0.100000 0.106930
v -0.138906 -0.100000 0.109000
v -0.137451 -0.100000 0.110962
v -0.135843 -0.100000 0.112815
v -0.326582 -0.100000 -0.196175
v -0.319817 -0.100000 -0.190897
v -0.313640 -0.100000 -0.185162
v -0.308052 -0.100000 -0.178969
v -0.303052 -0.100000 -0.172319
v -0.298640 -0.100000 -0.165211
v -0.294817 -0.100000 -0.157645
v -0.291581 -0.100000 -0.149622
v -0.288934 -0.100000 -0.141142
v -0.286875 -0.100000 -0.132204
v -0.285405 -0.100000 -0.122809
v -0.284523 -0.100000 -0.112956
v -0.284229 -0.100000 -0.102645
v -0.284394 -0.100000 -0.095457
v -0.284890 -0.100000 -0.088499
v -0.285717 -0.100000 -0.081772
v -0.286876 -0.100000 -0.075276
v -0.288365 -0.100000 -0.069011
v -0.290184 -0.100000 -0.062976
v -0.292335 -0.100000 -0.057172
v -0.294817 -0.100000 -0.051600
v -0.297629 -0.100000 -0.046257
v -0.300773 -0.100000 -0.041146
v -0.304247 -0.100000 -0.036266
v -0.308052 -0.100000 -0.031616
v -0.312094 -0.100000 -0.027177
v -0.316279 -0.100000 -0.022927
v -0.320607 -0.100000 -0.018868
v -0.325078 -0.100000 -0.014998
v -0.329692 -0.100000 -0.011319
v -0.334449 -0.100000 -0.007829
v -0.339349 -0.100000 -0.004529
v -0.344392 -0.100000 -0.001420
v -0.349578 -0.100000 0.001500
v -0.354907 -0.100000 0.004230
v -0.360378 -0.100000 0.006770
v -0.365993 -0.100000 0.009119
v -0.259229 -0.100000 0.181178
v -0.368346 -0.100000 0.181178
v -0.456582 -0.100000 0.025296
v -0.483934 -0.100000 0.025296
v -0.483934 -0.100000 0.181178
v -0.580405 -0.100000 0.181178
v -0.580405 -0.100000 -0.226469
v -0.452170 -0.100000 -0.226469
v -0.438581 -0.100000 -0.226258
v -0.425560 -0.100000 -0.225627
v -0.413107 -0.100000 -0.224575
v -0.401222 -0.100000 -0.223103
v -0.389905 -0.100000 -0.221209
v -0.379155 -0.100000 -0.218895
v -0.368973 -0.100000 -0.216160
v -0.359359 -0.100000 -0.213005
v -0.350313 -0.100000 -0.209428
v -0.341835 -0.100000 -0.205431
v -0.333924 -0.100000 -0.201013
v -0.400111 -0.100000 -0.055586
v -0.397480 -0.100000 -0.058160
v -0.395078 -0.100000 -0.060979
v -0.392905 -0.100000 -0.064042
v -0.390961 -0.100000 -0.067351
v -0.389245 -0.100000 -0.070905
v -0.387758 -0.100000 -0.074704
v -0.386500 -0.100000 -0.078748
v -0.385470 -0.100000 -0.083037
v -0.384670 -0.100000 -0.087572
v -0.384098 -0.100000 -0.092351
v -0.383755 -0.100000 -0.097376
v -0.383640 -0.100000 -0.102645
v -0.383760 -0.100000 -0.107436
v -0.384118 -0.100000 -0.112004
v -0.384716 -0.100000 -0.116349
v -0.385552 -0.100000 -0.120472
v -0.386627 -0.100000 -0.124372
v -0.387942 -0.100000 -0.128050
v -0.389495 -0.100000 -0.131505
v -0.391287 -0.100000 -0.134737
v -0.393319 -0.100000 -0.137746
v -0.395589 -0.100000 -0.140533
v -0.398098 -0.100000 -0.143098
v -0.400846 -0.100000 -0.145439
v -0.403829 -0.100000 -0.147577
v -0.407043 -0.100000 -0.149528
v -0.410488 -0.100000 -0.151294
v -0.414163 -0.100000 -0.152874
v -0.418069 -0.100000 -0.154268
v -0.422207 -0.100000 -0.155476
v -0.426574 -0.100000 -0.156498
v -0.431173 -0.100000 -0.157335
v -0.436002 -0.100000 -0.157985
v -0.441063 -0.100000 -0.158450
v -0.446354 -0.100000 -0.158729
v -0.451876 -0.100000 -0.158822
v -0.483934 -0.100000 -0.158822
v -0.483934 -0.100000 -0.040881
v -0.448052 -0.100000 -0.040881
v -0.442911 -0.100000 -0.040983
v -0.437979 -0.100000 -0.041289
v -0.433254 -0.100000 -0.041800
v -0.428738 -0.100000 -0.042515
v -0.424431 -0.100000 -0.043434
v -0.420332 -0.100000 -0.044557
v -0.416441 -0.100000 -0.045885
v -0.412758 -0.100000 -0.047417
v -0.409284 -0.100000 -0.049153
v -0.406018 -0.100000 -0.051093
v -0.402960 -0.100000 -0.053238
v -0.727170 -0.100000 -0.131175
v -0.629817 -0.100000 -0.131175
v -0.732464 -0.100000 0.007061
v -0.621287 -0.100000 0.181178
v -0.727170 -0.100000 0.181178
v -0.829817 -0.100000 0.010002
v -0.926287 -0.100000 -0.255292
v -0.833346 -0.100000 -0.264998
v -0.833346 -0.100000 0.181178
v -0.926287 -0.100000 0.181178
v -1.218346 -0.100000 -0.226469
v -1.142170 -0.100000 0.105884
v -1.065405 -0.100000 -0.226469
v -0.966581 -0.100000 -0.226469
v -1.084229 -0.100000 0.181178
v -1.203640 -0.100000 0.181178
v -1.320699 -0.100000 -0.226469
v -1.218346 -0.100000 -0.226469
v -1.218346 0.100000 -0.226469
v -1.142170 -0.100000 0.105884
v -1.142170 0.100000 0.105884
v -1.065405 -0.100000 -0.226469
v -1.065405 0.100000 -0.226469
v -0.966581 -0.100000 -0.226469
v -0.966581 0.100000 -0.226469
v -1.084229 -0.100000 0.181178
v -1.084229 0.100000 0.181178
v -1.203640 -0.100000 0.181178
v -1.203640 0.100000 0.181178
v -1.320699 -0.100000 -0.226469
v -1.320699 0.100000 -0.226469
v -0.926287 -0.100000 -0.255292
v -0.926287 0.100000 -0.255292
v -0.833346 -0.100000 -0.264998
v -0.833346 0.100000 -0.264998
v -0.833346 -0.100000 0.181178
v -0.833346 0.100000 0.181178
v -0.926287 -0.100000 0.181178
v -0.926287 0.100000 0.181178
v -0.727170 -0.100000 -0.131175
v -0.727170 0.100000 -0.131175
v -0.629817 -0.100000 -0.131175
v -0.629817 0.100000 -0.131175
v -0.732464 -0.100000 0.007061
v -0.732464 0.100000 0.007061
v -0.621287 -0.100000 0.181178
v -0.621287 0.100000 0.181178
v -0.727170 -0.100000 0.181178
v -0.727170 0.100000 0.181178
v -0.829817 -0.100000 0.010002
v -0.829817 0.100000 0.010002
v -0.326582 -0.100000 -0.196175
v -0.326582 0.100000 -0.196175
v -0.319817 -0.100000 -0.190897
v -0.319817 0.100000 -0.190897
v -0.313640 -0.100000 -0.185162
v -0.313640 0.100000 -0.185162
v -0.308052 -0.100000 -0.178969
v -0.308052 0.100000 -0.178969
v -0.303052 -0.100000 -0.172319
v -0.303052 0.100000 -0.172319
v -0.298640 -0.100000 -0.165211
v -0.298640 0.100000 -0.165211
v -0.294817 -0.100000 -0.157645
v -0.294817 0.100000 -0.157645
v -0.291581 -0.100000 -0.149622
v -0.291581 0.100000 -0.149622
v -0.288934 -0.100000 -0.141142
v -0.288934 0.100000 -0.141142
v -0.286875 -0.100000 -0.132204
v -0.286875 0.100000 -0.132204
v -0.285405 -0.100000 -0.122809
v -0.285405 0.100000 -0.122809
v -0.284523 -0.100000 -0.112956
v -0.284523 0.100000 -0.112956
v -0.284229 -0.100000 -0.102645
v -0.284229 0.100000 -0.102645
v -0.284394 -0.100000 -0.095457
v -0.284394 0.100000 -0.095457
v -0.284890 -0.100000 -0.088499
v -0.284890 0.100000 -0.088499
v -0.285717 -0.100000 -0.081772
v -0.285717 0.100000 -0.081772
v -0.286876 -0.100000 -0.075276
v -0.286876 0.100000 -0.075276
v -0.288365 -0.100000 -0.069011
v -0.288365 0.100000 -0.069011
v -0.290184 -0.100000 -0.062976
v -0.290184 0.100000 -0.062976
v -0.292335 -0.100000 -0.057172
v -0.292335 0.100000 -0.057172
v -0.294817 -0.100000 -0.051600
v -0.294817 0.100000 -0.051600
v -0.297629 -0.100000 -0.046257
v -0.297629 0.100000 -0.046257
v -0.300773 -0.100000 -0.041146
v -0.300773 0.100000 -0.041146
v -0.304247 -0.100000 -0.036266
v -0.304247 0.100000 -0.036266
v -0.308052 -0.100000 -0.031616
v -0.308052 0.100000 -0.031616
v -0.312094 -0.100000 -0.027177
v -0.312094 0.100000 -0.027177
v -0.316279 -0.100000 -0.022927
v -0.316279 0.100000 -0.022927
v -0.320607 -0.100000 -0.018868
v -0.320607 0.100000 -0.018868
v -0.325078 -0.100000 -0.014998
v -0.325078 0.100000 -0.014998
v -0.329692 -0.100000 -0.011319
v -0.329692 0.100000 -0.011319
v -0.334449 -0.100000 -0.007829
v -0.334449 0.100000 -0.007829
v -0.339349 -0.100000 -0.004529
v -0.339349 0.100000 -0.004529
v -0.344392 -0.100000 -0.001420
v -0.344392 0.100000 -0.001420
v -0.349578 -0.100000 0.001500
v -0.349578 0.100000 0.001500
v -0.354907 -0.100000 0.004230
v -0.354907 0.100000 0.004230
v -0.360378 -0.100000 0.006770
v -0.360378 0.100000 0.006770
v -0.365993 -0.100000 0.009119
v -0.365993 0.100000 0.009119
v -0.259229 -0.100000 0.181178
v -0.259229 0.100000 0.181178
v -0.368346 -0.100000 0.181178
v -0.368346 0.100000 0.181178
v -0.456582 -0.100000 0.025296
v -0.456582 0.100000 0.025296
v -0.483934 -0.100000 0.025296
v -0.483934 0.100000 0.025296
v -0.483934 -0.100000 0.181178
v -0.483934 0.100000 0.181178
v -0.580405 -0.100000 0.181178
v -0.580405 0.100000 0.181178
v -0.580405 -0.100000 -0.226469
v -0.580405 0.100000 -0.226469
v -0.452170 -0.100000 -0.226469
v -0.452170 0.100000 -0.226469
v -0.438581 -0.100000 -0.226258
v -0.438581 0.100000 -0.226258
v -0.425560 -0.100000 -0.225627
v -0.425560 0.100000 -0.225627
v -0.413107 -0.100000 -0.224575
v -0.413107 0.100000 -0.224575
v -0.401222 -0.100000 -0.223103
v -0.401222 0.100000 -0.223103
v -0.389905 -0.100000 -0.221209
v -0.389905 0.100000 -0.221209
v -0.379155 -0.100000 -0.218895
v -0.379155 0.100000 -0.218895
v -0.368973 -0.100000 -0.216160
v -0.368973 0.100000 -0.216160
v -0.359359 -0.100000 -0.213005
v -0.359359 0.100000 -0.213005
v -0.350313 -0.100000 -0.209428
v -0.350313 0.100000 -0.209428
v -0.341835 -0.100000 -0.205431
v -0.341835 0.100000 -0.205431
v -0.333924 -0.100000 -0.201013
v -0.333924 0.100000 -0.201013
v -0.400111 -0.100000 -0.055586
v -0.400111 0.100000 -0.055586
v -0.397480 -0.100000 -0.058160
v -0.397480 0.100000 -0.058160
v -0.395078 -0.100000 -0.060979
v -0.395078 0.100000 -0.060979
v -0.392905 -0.100000 -0.064042
v -0.392905 0.100000 -0.064042
v -0.390961 -0.100000 -0.067351
v -0.390961 0.100000 -0.067351
v -0.389245 -0.100000 -0.070905
v -0.389245 0.100000 -0.070905
v -0.387758 -0.100000 -0.074704
v -0.387758 0.100000 -0.074704
v -0.386500 -0.100000 -0.078748
v -0.386500 0.100000 -0.078748
v -0.385470 -0.100000 -0.083037
v -0.385470 0.100000 -0.083037
v -0.384670 -0.100000 -0.087572
v -0.384670 0.100000 -0.087572
v -0.384098 -0.100000 -0.092351
v -0.384098 0.100000 -0.092351
v -0.383755 -0.100000 -0.097376
v -0.383755 0.100000 -0.097376
v -0.383640 -0.100000 -0.102645
v -0.383640 0.100000 -0.102645
v -0.383760 -0.100000 -0.107436
v -0.383760 0.100000 -0.107436
v -0.384118 -0.100000 -0.112004
v -0.384118 0.100000 -0.112004
v -0.384716 -0.100000 -0.116349
v -0.384716 0.100000 -0.116349
v -0.385552 -0.100000 -0.120472
v -0.385552 0.100000 -0.120472
v -0.386627 -0.100000 -0.124372
v -0.386627 0.100000 -0.124372
v -0.387942 -0.100000 -0.128050
v -0.387942 0.100000 -0.128050
v -0.389495 -0.100000 -0.131505
v -0.389495 0.100000 -0.131505
v -0.391287 -0.100000 -0.134737
v -0.391287 0.100000 -0.134737
v -0.393319 -0.100000 -0.137746
v -0.393319 0.100000 -0.137746
v -0.395589 -0.100000 -0.140533
v -0.395589 0.100000 -0.140533
v -0.398098 -0.100000 -0.143098
v -0.398098 0.100000 -0.143098
v -0.400846 -0.100000 -0.145439
v -0.400846 0.100000 -0.145439
v -0.403829 -0.100000 -0.147577
v -0.403829 0.100000 -0.147577
v -0.407043 -0.100000 -0.149528
v -0.407043 0.100000 -0.149528
v -0.410488 -0.100000 -0.151294
v -0.410488 0.100000 -0.151294
v -0.414163 -0.100000 -0.152874
v -0.414163 0.100000 -0.152874
v -0.418069 -0.100000 -0.154268
v -0.418069 0.100000 -0.154268
v -0.422207 -0.100000 -0.155476
v -0.422207 0.100000 -0.155476
v -0.426574 -0.100000 -0.156498
v -0.426574 0.100000 -0.156498
v -0.431173 -0.100000 -0.157335
v -0.431173 0.100000 -0.157335
v -0.436002 -0.100000 -0.157985
v -0.436002 0.100000 -0.157985
v -0.441063 -0.100000 -0.158450
v -0.441063 0.100000 -0.158450
v -0.446354 -0.100000 -0.158729
v -0.446354 0.100000 -0.158729
v -0.451876 -0.100000 -0.158822
v -0.451876 0.100000 -0.158822
v -0.483934 -0.100000 -0.158822
v -0.483934 0.100000 -0.158822
v -0.483934 -0.100000 -0.040881
v -0.483934 0.100000 -0.040881
v -0.448052 -0.100000 -0.040881
v -0.448052 0.100000 -0.040881
v -0.442911 -0.100000 -0.040983
v -0.442911 0.100000 -0.040983
v -0.437979 -0.100000 -0.041289
v -0.437979 0.100000 -0.041289
v -0.433254 -0.100000 -0.041800
v -0.433254 0.100000 -0.041800
v -0.428738 -0.100000 -0.042515
v -0.428738 0.100000 -0.042515
v -0.424431 -0.100000 -0.043434
v -0.424431 0.100000 -0.043434
v -0.420332 -0.100000 -0.044557
v -0.420332 0.100000 -0.044557
v -0.416441 -0.100000 -0.045885
v -0.416441 0.100000 -0.045885
v -0.412758 -0.100000 -0.047417
v -0.412758 0.100000 -0.047417
v -0.409284 -0.100000 -0.049153
v -0.409284 0.100000 -0.049153
v -0.406018 -0.100000 -0.051093
v -0.406018 0.100000 -0.051093
v -0.402960 -0.100000 -0.053238
v -0.402960 0.100000 -0.053238
v 0.042536 -0.100000 -0.031175
v 0.042536 0.100000 -0.031175
v 0.042536 -0.100000 0.091178
v 0.042536 0.100000 0.091178
v 0.042570 -0.100000 0.094052
v 0.042570 0.100000 0.094052
v 0.042671 -0.100000 0.096791
v 0.042671 0.100000 0.096791
v 0.042839 -0.100000 0.099395
v 0.042839 0.100000 0.099395
v 0.043075 -0.100000 0.101864
v 0.043075 0.100000 0.101864
v 0.043379 -0.100000 0.104199
v 0.043379 0.100000 0.104199
v 0.043749 -0.100000 0.106399
v 0.043749 0.100000 0.106399
v 0.044187 -0.100000 0.108464
v 0.044187 0.100000 0.108464
v 0.044693 -0.100000 0.110394
v 0.044693 0.100000 0.110394
v 0.045266 -0.100000 0.112189
v 0.045266 0.100000 0.112189
v 0.045906 -0.100000 0.113850
v 0.045906 0.100000 0.113850
v 0.046614 -0.100000 0.115376
v 0.046614 0.100000 0.115376
v 0.047389 -0.100000 0.116766
v 0.047389 0.100000 0.116766
v 0.048240 -0.100000 0.118063
v 0.048240 0.100000 0.118063
v 0.049174 -0.100000 0.119307
v 0.049174 0.100000 0.119307
v 0.050192 -0.100000 0.120498
v 0.050192 0.100000 0.120498
v 0.051294 -0.100000 0.121636
v 0.051294 0.100000 0.121636
v 0.052480 -0.100000 0.122720
v 0.052480 0.100000 0.122720
v 0.053749 -0.100000 0.123752
v 0.053749 0.100000 0.123752
v 0.055103 -0.100000 0.124730
v 0.055103 0.100000 0.124730
v 0.056539 -0.100000 0.125655
v 0.056539 0.100000 0.125655
v 0.058060 -0.100000 0.126527
v 0.058060 0.100000 0.126527
v 0.059664 -0.100000 0.127347
v 0.059664 0.100000 0.127347
v 0.061352 -0.100000 0.128112
v 0.061352 0.100000 0.128112
v 0.063124 -0.100000 0.128825
v 0.063124 0.100000 0.128825
v 0.044007 -0.100000 0.190002
v 0.044007 0.100000 0.190002
v 0.039459 -0.100000 0.189513
v 0.039459 0.100000 0.189513
v 0.035032 -0.100000 0.188927
v 0.035032 0.100000 0.188927
v 0.030725 -0.100000 0.188246
v 0.030725 0.100000 0.188246
v 0.026539 -0.100000 0.187469
v 0.026539 0.100000 0.187469
v 0.022474 -0.100000 0.186596
v 0.022474 0.100000 0.186596
v 0.018529 -0.100000 0.185627
v 0.018529 0.100000 0.185627
v 0.014704 -0.100000 0.184562
v 0.014704 0.100000 0.184562
v 0.011000 -0.100000 0.183400
v 0.011000 0.100000 0.183400
v 0.007417 -0.100000 0.182143
v 0.007417 0.100000 0.182143
v 0.003954 -0.100000 0.180790
v 0.003954 0.100000 0.180790
v 0.000611 -0.100000 0.179341
v 0.000611 0.100000 0.179341
v -0.002611 -0.100000 0.177796
v -0.002611 0.100000 0.177796
v -0.005717 -0.100000 0.176134
v -0.005717 0.100000 0.176134
v -0.008710 -0.100000 0.174336
v -0.008710 0.100000 0.174336
v -0.011591 -0.100000 0.172401
v -0.011591 0.100000 0.172401
v -0.014359 -0.100000 0.170329
v -0.014359 0.100000 0.170329
v -0.017016 -0.100000 0.168120
v -0.017016 0.100000 0.168120
v -0.019560 -0.100000 0.165774
v -0.019560 0.100000 0.165774
v -0.021991 -0.100000 0.163291
v -0.021991 0.100000 0.163291
v -0.024310 -0.100000 0.160672
v -0.024310 0.100000 0.160672
v -0.026517 -0.100000 0.157915
v -0.026517 0.100000 0.157915
v -0.028612 -0.100000 0.155022
v -0.028612 0.100000 0.155022
v -0.030594 -0.100000 0.151992
v -0.030594 0.100000 0.151992
v -0.032464 -0.100000 0.148825
v -0.032464 0.100000 0.148825
v -0.035524 -0.100000 0.152327
v -0.035524 0.100000 0.152327
v -0.038722 -0.100000 0.155676
v -0.038722 0.100000 0.155676
v -0.042059 -0.100000 0.158871
v -0.042059 0.100000 0.158871
v -0.045536 -0.100000 0.161914
v -0.045536 0.100000 0.161914
v -0.049151 -0.100000 0.164803
v -0.049151 0.100000 0.164803
v -0.052905 -0.100000 0.167539
v -0.052905 0.100000 0.167539
v -0.056798 -0.100000 0.170121
v -0.056798 0.100000 0.170121
v -0.060830 -0.100000 0.172551
v -0.060830 0.100000 0.172551
v -0.065001 -0.100000 0.174827
v -0.065001 0.100000 0.174827
v -0.069310 -0.100000 0.176950
v -0.069310 0.100000 0.176950
v -0.073759 -0.100000 0.178920
v -0.073759 0.100000 0.178920
v -0.078346 -0.100000 0.180737
v -0.078346 0.100000 0.180737
v -0.083011 -0.100000 0.182405
v -0.083011 0.100000 0.182405
v -0.087693 -0.100000 0.183927
v -0.087693 0.100000 0.183927
v -0.092390 -0.100000 0.185305
v -0.092390 0.100000 0.185305
v -0.097104 -0.100000 0.186538
v -0.097104 0.100000 0.186538
v -0.101835 -0.100000 0.187625
v -0.101835 0.100000 0.187625
v -0.106581 -0.100000 0.188568
v -0.106581 0.100000 0.188568
v -0.111344 -0.100000 0.189366
v -0.111344 0.100000 0.189366
v -0.116124 -0.100000 0.190018
v -0.116124 0.100000 0.190018
v -0.120920 -0.100000 0.190526
v -0.120920 0.100000 0.190526
v -0.125732 -0.100000 0.190888
v -0.125732 0.100000 0.190888
v -0.130560 -0.100000 0.191106
v -0.130560 0.100000 0.191106
v -0.135405 -0.100000 0.191178
v -0.135405 0.100000 0.191178
v -0.143308 -0.100000 0.190987
v -0.143308 0.100000 0.190987
v -0.150940 -0.100000 0.190414
v -0.150940 0.100000 0.190414
v -0.158300 -0.100000 0.189459
v -0.158300 0.100000 0.189459
v -0.165389 -0.100000 0.188123
v -0.165389 0.100000 0.188123
v -0.172205 -0.100000 0.186404
v -0.172205 0.100000 0.186404
v -0.178751 -0.100000 0.184303
v -0.178751 0.100000 0.184303
v -0.185024 -0.100000 0.181821
v -0.185024 0.100000 0.181821
v -0.191026 -0.100000 0.178956
v -0.191026 0.100000 0.178956
v -0.196756 -0.100000 0.175709
v -0.196756 0.100000 0.175709
v -0.202215 -0.100000 0.172081
v -0.202215 0.100000 0.172081
v -0.207402 -0.100000 0.168071
v -0.207402 0.100000 0.168071
v -0.212317 -0.100000 0.163678
v -0.212317 0.100000 0.163678
v -0.216897 -0.100000 0.158986
v -0.216897 0.100000 0.158986
v -0.221079 -0.100000 0.154074
v -0.221079 0.100000 0.154074
v -0.224863 -0.100000 0.148945
v -0.224863 0.100000 0.148945
v -0.228248 -0.100000 0.143597
v -0.228248 0.100000 0.143597
v -0.231235 -0.100000 0.138030
v -0.231235 0.100000 0.138030
v -0.233824 -0.100000 0.132244
v -0.233824 0.100000 0.132244
v -0.236015 -0.100000 0.126241
v -0.236015 0.100000 0.126241
v -0.237807 -0.100000 0.120018
v -0.237807 0.100000 0.120018
v -0.239201 -0.100000 0.113577
v -0.239201 0.100000 0.113577
v -0.240197 -0.100000 0.106918
v -0.240197 0.100000 0.106918
v -0.240794 -0.100000 0.100040
v -0.240794 0.100000 0.100040
v -0.240993 -0.100000 0.092943
v -0.240993 0.100000 0.092943
v -0.240716 -0.100000 0.084624
v -0.240716 0.100000 0.084624
v -0.239886 -0.100000 0.076628
v -0.239886 0.100000 0.076628
v -0.238502 -0.100000 0.068954
v -0.238502 0.100000 0.068954
v -0.236565 -0.100000 0.061603
v -0.236565 0.100000 0.061603
v -0.234074 -0.100000 0.054575
v -0.234074 0.100000 0.054575
v -0.231030 -0.100000 0.047869
v -0.231030 0.100000 0.047869
v -0.227432 -0.100000 0.041487
v -0.227432 0.100000 0.041487
v -0.223281 -0.100000 0.035427
v -0.223281 0.100000 0.035427
v -0.218576 -0.100000 0.029689
v -0.218576 0.100000 0.029689
v -0.213318 -0.100000 0.024275
v -0.213318 0.100000 0.024275
v -0.207506 -0.100000 0.019183
v -0.207506 0.100000 0.019183
v -0.201140 -0.100000 0.014414
v -0.201140 0.100000 0.014414
v -0.194273 -0.100000 0.009998
v -0.194273 0.100000 0.009998
v -0.186953 -0.100000 0.005966
v -0.186953 0.100000 0.005966
v -0.179183 -0.100000 0.002318
v -0.179183 0.100000 0.002318
v -0.170961 -0.100000 -0.000946
v -0.170961 0.100000 -0.000946
v -0.162287 -0.100000 -0.003826
v -0.162287 0.100000 -0.003826
v -0.153162 -0.100000 -0.006322
v -0.153162 0.100000 -0.006322
v -0.143586 -0.100000 -0.008434
v -0.143586 0.100000 -0.008434
v -0.133559 -0.100000 -0.010162
v -0.133559 0.100000 -0.010162
v -0.123080 -0.100000 -0.011506
v -0.123080 0.100000 -0.011506
v -0.112149 -0.100000 -0.012466
v -0.112149 0.100000 -0.012466
v -0.100768 -0.100000 -0.013042
v -0.100768 0.100000 -0.013042
v -0.088934 -0.100000 -0.013234
v -0.088934 0.100000 -0.013234
v -0.046876 -0.100000 -0.013234
v -0.046876 0.100000 -0.013234
v -0.046876 -0.100000 -0.024998
v -0.046876 0.100000 -0.024998
v -0.047305 -0.100000 -0.032656
v -0.047305 0.100000 -0.032656
v -0.048591 -0.100000 -0.039647
v -0.048591 0.100000 -0.039647
v -0.050736 -0.100000 -0.045973
v -0.050736 0.100000 -0.045973
v -0.053738 -0.100000 -0.051632
v -0.053738 0.100000 -0.051632
v -0.057599 -0.100000 -0.056626
v -0.057599 0.100000 -0.056626
v -0.062317 -0.100000 -0.060954
v -0.062317 0.100000 -0.060954
v -0.067893 -0.100000 -0.064616
v -0.067893 0.100000 -0.064616
v -0.074327 -0.100000 -0.067613
v -0.074327 0.100000 -0.067613
v -0.081618 -0.100000 -0.069943
v -0.081618 0.100000 -0.069943
v -0.089768 -0.100000 -0.071608
v -0.089768 0.100000 -0.071608
v -0.098775 -0.100000 -0.072607
v -0.098775 0.100000 -0.072607
v -0.108640 -0.100000 -0.072939
v -0.108640 0.100000 -0.072939
v -0.111200 -0.100000 -0.072910
v -0.111200 0.100000 -0.072910
v -0.113877 -0.100000 -0.072821
v -0.113877 0.100000 -0.072821
v -0.116673 -0.100000 -0.072673
v -0.116673 0.100000 -0.072673
v -0.119588 -0.100000 -0.072466
v -0.119588 0.100000 -0.072466
v -0.122621 -0.100000 -0.072199
v -0.122621 0.100000 -0.072199
v -0.125773 -0.100000 -0.071873
v -0.125773 0.100000 -0.071873
v -0.129043 -0.100000 -0.071488
v -0.129043 0.100000 -0.071488
v -0.132431 -0.100000 -0.071044
v -0.132431 0.100000 -0.071044
v -0.135938 -0.100000 -0.070541
v -0.135938 0.100000 -0.070541
v -0.139564 -0.100000 -0.069978
v -0.139564 0.100000 -0.069978
v -0.143307 -0.100000 -0.069356
v -0.143307 0.100000 -0.069356
v -0.147170 -0.100000 -0.068675
v -0.147170 0.100000 -0.068675
v -0.151091 -0.100000 -0.067938
v -0.151091 0.100000 -0.067938
v -0.155013 -0.100000 -0.067151
v -0.155013 0.100000 -0.067151
v -0.158934 -0.100000 -0.066313
v -0.158934 0.100000 -0.066313
v -0.162856 -0.100000 -0.065423
v -0.162856 0.100000 -0.065423
v -0.166777 -0.100000 -0.064483
v -0.166777 0.100000 -0.064483
v -0.170699 -0.100000 -0.063491
v -0.170699 0.100000 -0.063491
v -0.174620 -0.100000 -0.062448
v -0.174620 0.100000 -0.062448
v -0.178542 -0.100000 -0.061354
v -0.178542 0.100000 -0.061354
v -0.182463 -0.100000 -0.060210
v -0.182463 0.100000 -0.060210
v -0.186385 -0.100000 -0.059014
v -0.186385 0.100000 -0.059014
v -0.190306 -0.100000 -0.057767
v -0.190306 0.100000 -0.057767
v -0.194229 -0.100000 -0.056469
v -0.194229 0.100000 -0.056469
v -0.215699 -0.100000 -0.118234
v -0.215699 0.100000 -0.118234
v -0.210633 -0.100000 -0.120106
v -0.210633 0.100000 -0.120106
v -0.205532 -0.100000 -0.121902
v -0.205532 0.100000 -0.121902
v -0.200396 -0.100000 -0.123620
v -0.200396 0.100000 -0.123620
v -0.195225 -0.100000 -0.125260
v -0.195225 0.100000 -0.125260
v -0.190020 -0.100000 -0.126822
v -0.190020 0.100000 -0.126822
v -0.184780 -0.100000 -0.128307
v -0.184780 0.100000 -0.128307
v -0.179505 -0.100000 -0.129714
v -0.179505 0.100000 -0.129714
v -0.174196 -0.100000 -0.131044
v -0.174196 0.100000 -0.131044
v -0.168852 -0.100000 -0.132296
v -0.168852 0.100000 -0.132296
v -0.163473 -0.100000 -0.133470
v -0.163473 0.100000 -0.133470
v -0.158059 -0.100000 -0.134567
v -0.158059 0.100000 -0.134567
v -0.152611 -0.100000 -0.135586
v -0.152611 0.100000 -0.135586
v -0.147193 -0.100000 -0.136526
v -0.147193 0.100000 -0.136526
v -0.141872 -0.100000 -0.137384
v -0.141872 0.100000 -0.137384
v -0.136646 -0.100000 -0.138160
v -0.136646 0.100000 -0.138160
v -0.131516 -0.100000 -0.138854
v -0.131516 0.100000 -0.138854
v -0.126482 -0.100000 -0.139467
v -0.126482 0.100000 -0.139467
v -0.121545 -0.100000 -0.139998
v -0.121545 0.100000 -0.139998
v -0.116703 -0.100000 -0.140448
v -0.116703 0.100000 -0.140448
v -0.111957 -0.100000 -0.140815
v -0.111957 0.100000 -0.140815
v -0.107308 -0.100000 -0.141101
v -0.107308 0.100000 -0.141101
v -0.102754 -0.100000 -0.141305
v -0.102754 0.100000 -0.141305
v -0.098296 -0.100000 -0.141428
v -0.098296 0.100000 -0.141428
v -0.093935 -0.100000 -0.141469
v -0.093935 0.100000 -0.141469
v -0.082569 -0.100000 -0.141272
v -0.082569 0.100000 -0.141272
v -0.071708 -0.100000 -0.140680
v -0.071708 0.100000 -0.140680
v -0.061352 -0.100000 -0.139695
v -0.061352 0.100000 -0.139695
v -0.051500 -0.100000 -0.138315
v -0.051500 0.100000 -0.138315
v -0.042152 -0.100000 -0.136541
v -0.042152 0.100000 -0.136541
v -0.033309 -0.100000 -0.134373
v -0.033309 0.100000 -0.134373
v -0.024971 -0.100000 -0.131811
v -0.024971 0.100000 -0.131811
v -0.017137 -0.100000 -0.128854
v -0.017137 0.100000 -0.128854
v -0.009808 -0.100000 -0.125504
v -0.009808 0.100000 -0.125504
v -0.002983 -0.100000 -0.121759
v -0.002983 0.100000 -0.121759
v 0.003338 -0.100000 -0.117620
v 0.003338 0.100000 -0.117620
v 0.009154 -0.100000 -0.113086
v 0.009154 0.100000 -0.113086
v 0.014486 -0.100000 -0.108181
v 0.014486 0.100000 -0.108181
v 0.019354 -0.100000 -0.102927
v 0.019354 0.100000 -0.102927
v 0.023759 -0.100000 -0.097324
v 0.023759 0.100000 -0.097324
v 0.027699 -0.100000 -0.091371
v 0.027699 0.100000 -0.091371
v 0.031177 -0.100000 -0.085069
v 0.031177 0.100000 -0.085069
v 0.034191 -0.100000 -0.078417
v 0.034191 0.100000 -0.078417
v 0.036741 -0.100000 -0.071417
v 0.036741 0.100000 -0.071417
v 0.038827 -0.100000 -0.064067
v 0.038827 0.100000 -0.064067
v 0.040450 -0.100000 -0.056368
v 0.040450 0.100000 -0.056368
v 0.041609 -0.100000 -0.048319
v 0.041609 0.100000 -0.048319
v 0.042304 -0.100000 -0.039922
v 0.042304 0.100000 -0.039922
v -0.134082 -0.100000 0.114561
v -0.134082 0.100000 0.114561
v -0.132183 -0.100000 0.116181
v -0.132183 0.100000 0.116181
v -0.130164 -0.100000 0.117661
v -0.130164 0.100000 0.117661
v -0.128024 -0.100000 0.119000
v -0.128024 0.100000 0.119000
v -0.125764 -0.100000 0.120198
v -0.125764 0.100000 0.120198
v -0.123384 -0.100000 0.121255
v -0.123384 0.100000 0.121255
v -0.120883 -0.100000 0.122171
v -0.120883 0.100000 0.122171
v -0.118261 -0.100000 0.122946
v -0.118261 0.100000 0.122946
v -0.115519 -0.100000 0.123580
v -0.115519 0.100000 0.123580
v -0.112657 -0.100000 0.124073
v -0.112657 0.100000 0.124073
v -0.109674 -0.100000 0.124426
v -0.109674 0.100000 0.124426
v -0.106570 -0.100000 0.124637
v -0.106570 0.100000 0.124637
v -0.103346 -0.100000 0.124708
v -0.103346 0.100000 0.124708
v -0.100836 -0.100000 0.124645
v -0.100836 0.100000 0.124645
v -0.098305 -0.100000 0.124458
v -0.098305 0.100000 0.124458
v -0.095754 -0.100000 0.124147
v -0.095754 0.100000 0.124147
v -0.093183 -0.100000 0.123711
v -0.093183 0.100000 0.123711
v -0.090591 -0.100000 0.123150
v -0.090591 0.100000 0.123150
v -0.087979 -0.100000 0.122465
v -0.087979 0.100000 0.122465
v -0.085346 -0.100000 0.121655
v -0.085346 0.100000 0.121655
v -0.082693 -0.100000 0.120721
v -0.082693 0.100000 0.120721
v -0.080019 -0.100000 0.119662
v -0.080019 0.100000 0.119662
v -0.077325 -0.100000 0.118478
v -0.077325 0.100000 0.118478
v -0.074610 -0.100000 0.117170
v -0.074610 0.100000 0.117170
v -0.071876 -0.100000 0.115737
v -0.071876 0.100000 0.115737
v -0.069186 -0.100000 0.114190
v -0.069186 0.100000 0.114190
v -0.066606 -0.100000 0.112539
v -0.066606 0.100000 0.112539
v -0.064137 -0.100000 0.110783
v -0.064137 0.100000 0.110783
v -0.061778 -0.100000 0.108923
v -0.061778 0.100000 0.108923
v -0.059529 -0.100000 0.106959
v -0.059529 0.100000 0.106959
v -0.057390 -0.100000 0.104891
v -0.057390 0.100000 0.104891
v -0.055362 -0.100000 0.102719
v -0.055362 0.100000 0.102719
v -0.053444 -0.100000 0.100443
v -0.053444 0.100000 0.100443
v -0.051637 -0.100000 0.098062
v -0.051637 0.100000 0.098062
v -0.049940 -0.100000 0.095578
v -0.049940 0.100000 0.095578
v -0.048352 -0.100000 0.092989
v -0.048352 0.100000 0.092989
v -0.046876 -0.100000 0.090296
v -0.046876 0.100000 0.090296
v -0.046876 -0.100000 0.039708
v -0.046876 0.100000 0.039708
v -0.069817 -0.100000 0.039708
v -0.069817 0.100000 0.039708
v -0.076144 -0.100000 0.039790
v -0.076144 0.100000 0.039790
v -0.082186 -0.100000 0.040039
v -0.082186 0.100000 0.040039
v -0.087942 -0.100000 0.040452
v -0.087942 0.100000 0.040452
v -0.093412 -0.100000 0.041031
v -0.093412 0.100000 0.041031
v -0.098595 -0.100000 0.041776
v -0.098595 0.100000 0.041776
v -0.103493 -0.100000 0.042686
v -0.103493 0.100000 0.042686
v -0.108105 -0.100000 0.043761
v -0.108105 0.100000 0.043761
v -0.112431 -0.100000 0.045002
v -0.112431 0.100000 0.045002
v -0.116471 -0.100000 0.046408
v -0.116471 0.100000 0.046408
v -0.120225 -0.100000 0.047980
v -0.120225 0.100000 0.047980
v -0.123693 -0.100000 0.049717
v -0.123693 0.100000 0.049717
v -0.126876 -0.100000 0.051619
v -0.126876 0.100000 0.051619
v -0.129788 -0.100000 0.053681
v -0.129788 0.100000 0.053681
v -0.132447 -0.100000 0.055896
v -0.132447 0.100000 0.055896
v -0.134853 -0.100000 0.058265
v -0.134853 0.100000 0.058265
v -0.137006 -0.100000 0.060786
v -0.137006 0.100000 0.060786
v -0.138906 -0.100000 0.063461
v -0.138906 0.100000 0.063461
v -0.140552 -0.100000 0.066289
v -0.140552 0.100000 0.066289
v -0.141945 -0.100000 0.069270
v -0.141945 0.100000 0.069270
v -0.143085 -0.100000 0.072404
v -0.143085 0.100000 0.072404
v -0.143971 -0.100000 0.075691
v -0.143971 0.100000 0.075691
v -0.144604 -0.100000 0.079132
v -0.144604 0.100000 0.079132
v -0.144984 -0.100000 0.082725
v -0.144984 0.100000 0.082725
v -0.145111 -0.100000 0.086472
v -0.145111 0.100000 0.086472
v -0.145034 -0.100000 0.089408
v -0.145034 0.100000 0.089408
v -0.144804 -0.100000 0.092236
v -0.144804 0.100000 0.092236
v -0.144421 -0.100000 0.094956
v -0.144421 0.100000 0.094956
v -0.143885 -0.100000 0.097567
v -0.143885 0.100000 0.097567
v -0.143196 -0.100000 0.100070
v -0.143196 0.100000 0.100070
v -0.142353 -0.100000 0.102465
v -0.142353 0.100000 0.102465
v -0.141358 -0.100000 0.104752
v -0.141358 0.100000 0.104752
v -0.140209 -0.100000 0.106930
v -0.140209 0.100000 0.106930
v -0.138906 -0.100000 0.109000
v -0.138906 0.100000 0.109000
v -0.137451 -0.100000 0.110962
v -0.137451 0.100000 0.110962
v -0.135843 -0.100000 0.112815
v -0.135843 0.100000 0.112815
v 0.332536 -0.100000 -0.131175
v 0.332536 0.100000 -0.131175
v 0.427830 -0.100000 -0.131175
v 0.427830 0.100000 -0.131175
v 0.323713 -0.100000 0.181178
v 0.323713 0.100000 0.181178
v 0.320135 -0.100000 0.191315
v 0.320135 0.100000 0.191315
v 0.316266 -0.100000 0.201039
v 0.316266 0.100000 0.201039
v 0.312104 -0.100000 0.210351
v 0.312104 0.100000 0.210351
v 0.307650 -0.100000 0.219250
v 0.307650 0.100000 0.219250
v 0.302905 -0.100000 0.227737
v 0.302905 0.100000 0.227737
v 0.297867 -0.100000 0.235811
v 0.297867 0.100000 0.235811
v 0.292537 -0.100000 0.243472
v 0.292537 0.100000 0.243472
v 0.286915 -0.100000 0.250721
v 0.286915 0.100000 0.250721
v 0.281001 -0.100000 0.257557
v 0.281001 0.100000 0.257557
v 0.274795 -0.100000 0.263981
v 0.274795 0.100000 0.263981
v 0.268297 -0.100000 0.269992
v 0.268297 0.100000 0.269992
v 0.261507 -0.100000 0.275590
v 0.261507 0.100000 0.275590
v 0.254365 -0.100000 0.280786
v 0.254365 0.100000 0.280786
v 0.246813 -0.100000 0.285590
v 0.246813 0.100000 0.285590
v 0.238850 -0.100000 0.290002
v 0.238850 0.100000 0.290002
v 0.230477 -0.100000 0.294021
v 0.230477 0.100000 0.294021
v 0.221694 -0.100000 0.297649
v 0.221694 0.100000 0.297649
v 0.212499 -0.100000 0.300884
v 0.212499 0.100000 0.300884
v 0.202894 -0.100000 0.303727
v 0.202894 0.100000 0.303727
v 0.192879 -0.100000 0.306178
v 0.192879 0.100000 0.306178
v 0.182453 -0.100000 0.308237
v 0.182453 0.100000 0.308237
v 0.171617 -0.100000 0.309904
v 0.171617 0.100000 0.309904
v 0.160370 -0.100000 0.311178
v 0.160370 0.100000 0.311178
v 0.148713 -0.100000 0.312061
v 0.148713 0.100000 0.312061
v 0.138124 -0.100000 0.246472
v 0.138124 0.100000 0.246472
v 0.143189 -0.100000 0.245809
v 0.143189 0.100000 0.245809
v 0.148088 -0.100000 0.245092
v 0.148088 0.100000 0.245092
v 0.152821 -0.100000 0.244322
v 0.152821 0.100000 0.244322
v 0.157389 -0.100000 0.243498
v 0.157389 0.100000 0.243498
v 0.161792 -0.100000 0.242622
v 0.161792 0.100000 0.242622
v 0.166029 -0.100000 0.241693
v 0.166029 0.100000 0.241693
v 0.170100 -0.100000 0.240710
v 0.170100 0.100000 0.240710
v 0.174007 -0.100000 0.239675
v 0.174007 0.100000 0.239675
v 0.177747 -0.100000 0.238586
v 0.177747 0.100000 0.238586
v 0.181323 -0.100000 0.237445
v 0.181323 0.100000 0.237445
v 0.184733 -0.100000 0.236250
v 0.184733 0.100000 0.236250
v 0.187977 -0.100000 0.235002
v 0.187977 0.100000 0.235002
v 0.191088 -0.100000 0.233689
v 0.191088 0.100000 0.233689
v 0.194097 -0.100000 0.232302
v 0.194097 0.100000 0.232302
v 0.197003 -0.100000 0.230838
v 0.197003 0.100000 0.230838
v 0.199807 -0.100000 0.229299
v 0.199807 0.100000 0.229299
v 0.202510 -0.100000 0.227685
v 0.202510 0.100000 0.227685
v 0.205110 -0.100000 0.225994
v 0.205110 0.100000 0.225994
v 0.207608 -0.100000 0.224229
v 0.207608 0.100000 0.224229
v 0.210003 -0.100000 0.222387
v 0.210003 0.100000 0.222387
v 0.212297 -0.100000 0.220470
v 0.212297 0.100000 0.220470
v 0.214489 -0.100000 0.218478
v 0.214489 0.100000 0.218478
v 0.216578 -0.100000 0.216410
v 0.216578 0.100000 0.216410
v 0.218565 -0.100000 0.214266
v 0.218565 0.100000 0.214266
v 0.220480 -0.100000 0.212037
v 0.220480 0.100000 0.212037
v 0.222352 -0.100000 0.209712
v 0.222352 0.100000 0.209712
v 0.224181 -0.100000 0.207290
v 0.224181 0.100000 0.207290
v 0.225967 -0.100000 0.204773
v 0.225967 0.100000 0.204773
v 0.227711 -0.100000 0.202160
v 0.227711 0.100000 0.202160
v 0.229411 -0.100000 0.199450
v 0.229411 0.100000 0.199450
v 0.231069 -0.100000 0.196645
v 0.231069 0.100000 0.196645
v 0.232683 -0.100000 0.193744
v 0.232683 0.100000 0.193744
v 0.234255 -0.100000 0.190746
v 0.234255 0.100000 0.190746
v 0.235784 -0.100000 0.187653
v 0.235784 0.100000 0.187653
v 0.237270 -0.100000 0.184464
v 0.237270 0.100000 0.184464
v 0.238713 -0.100000 0.181178
v 0.238713 0.100000 0.181178
v 0.206948 -0.100000 0.181178
v 0.206948 0.100000 0.181178
v 0.107830 -0.100000 -0.131175
v 0.107830 0.100000 -0.131175
v 0.206066 -0.100000 -0.131175
v 0.206066 0.100000 -0.131175
v 0.266654 -0.100000 0.121766
v 0.266654 0.100000 0.121766
v 0.841887 -0.100000 0.110884
v 0.841887 0.100000 0.110884
v 0.918063 -0.100000 0.110884
v 0.918063 0.100000 0.110884
v 0.918063 -0.100000 0.181178
v 0.918063 0.100000 0.181178
v 0.653063 -0.100000 0.181178
v 0.653063 0.100000 0.181178
v 0.653063 -0.100000 0.110884
v 0.653063 0.100000 0.110884
v 0.751299 -0.100000 0.110884
v 0.751299 0.100000 0.110884
v 0.751299 -0.100000 -0.134998
v 0.751299 0.100000 -0.134998
v 0.667475 -0.100000 -0.082645
v 0.667475 0.100000 -0.082645
v 0.628063 -0.100000 -0.146469
v 0.628063 0.100000 -0.146469
v 0.759534 -0.100000 -0.226469
v 0.759534 0.100000 -0.226469
v 0.841887 -0.100000 -0.226469
v 0.841887 0.100000 -0.226469
v 0.989670 -0.100000 0.158237
v 0.989670 0.100000 0.158237
v 0.988261 -0.100000 0.155719
v 0.988261 0.100000 0.155719
v 0.986974 -0.100000 0.153164
v 0.986974 0.100000 0.153164
v 0.985810 -0.100000 0.150572
v 0.985810 0.100000 0.150572
v 0.984768 -0.100000 0.147943
v 0.984768 0.100000 0.147943
v 0.983849 -0.100000 0.145277
v 0.983849 0.100000 0.145277
v 0.983052 -0.100000 0.142575
v 0.983052 0.100000 0.142575
v 0.982378 -0.100000 0.139836
v 0.982378 0.100000 0.139836
v 0.981827 -0.100000 0.137061
v 0.981827 0.100000 0.137061
v 0.981398 -0.100000 0.134248
v 0.981398 0.100000 0.134248
v 0.981092 -0.100000 0.131399
v 0.981092 0.100000 0.131399
v 0.980908 -0.100000 0.128513
v 0.980908 0.100000 0.128513
v 0.980846 -0.100000 0.125590
v 0.980846 0.100000 0.125590
v 0.980908 -0.100000 0.122621
v 0.980908 0.100000 0.122621
v 0.981091 -0.100000 0.119695
v 0.981091 0.100000 0.119695
v 0.981398 -0.100000 0.116812
v 0.981398 0.100000 0.116812
v 0.981827 -0.100000 0.113972
v 0.981827 0.100000 0.113972
v 0.982378 -0.100000 0.111175
v 0.982378 0.100000 0.111175
v 0.983052 -0.100000 0.108421
v 0.983052 0.100000 0.108421
v 0.983849 -0.100000 0.105709
v 0.983849 0.100000 0.105709
v 0.984768 -0.100000 0.103041
v 0.984768 0.100000 0.103041
v 0.985810 -0.100000 0.100415
v 0.985810 0.100000 0.100415
v 0.986974 -0.100000 0.097833
v 0.986974 0.100000 0.097833
v 0.988261 -0.100000 0.095293
v 0.988261 0.100000 0.095293
v 0.989670 -0.100000 0.092796
v 0.989670 0.100000 0.092796
v 0.991184 -0.100000 0.090361
v 0.991184 0.100000 0.090361
v 0.992783 -0.100000 0.088008
v 0.992783 0.100000 0.088008
v 0.994468 -0.100000 0.085737
v 0.994468 0.100000 0.085737
v 0.996239 -0.100000 0.083548
v 0.996239 0.100000 0.083548
v 0.998095 -0.100000 0.081440
v 0.998095 0.100000 0.081440
v 1.000038 -0.100000 0.079414
v 1.000038 0.100000 0.079414
v 1.002066 -0.100000 0.077469
v 1.002066 0.100000 0.077469
v 1.004180 -0.100000 0.075606
v 1.004180 0.100000 0.075606
v 1.006380 -0.100000 0.073825
v 1.006380 0.100000 0.073825
v 1.008665 -0.100000 0.072126
v 1.008665 0.100000 0.072126
v 1.011036 -0.100000 0.070508
v 1.011036 0.100000 0.070508
v 1.013494 -0.100000 0.068972
v 1.013494 0.100000 0.068972
v 1.016014 -0.100000 0.067540
v 1.016014 0.100000 0.067540
v 1.018575 -0.100000 0.066231
v 1.018575 0.100000 0.066231
v 1.021177 -0.100000 0.065048
v 1.021177 0.100000 0.065048
v 1.023820 -0.100000 0.063989
v 1.023820 0.100000 0.063989
v 1.026504 -0.100000 0.063054
v 1.026504 0.100000 0.063054
v 1.029229 -0.100000 0.062244
v 1.029229 0.100000 0.062244
v 1.031994 -0.100000 0.061559
v 1.031994 0.100000 0.061559
v 1.034801 -0.100000 0.060998
v 1.034801 0.100000 0.060998
v 1.037648 -0.100000 0.060562
v 1.037648 0.100000 0.060562
v 1.040536 -0.100000 0.060251
v 1.040536 0.100000 0.060251
v 1.043465 -0.100000 0.060064
v 1.043465 0.100000 0.060064
v 1.046435 -0.100000 0.060002
v 1.046435 0.100000 0.060002
v 1.049450 -0.100000 0.060064
v 1.049450 0.100000 0.060064
v 1.052419 -0.100000 0.060251
v 1.052419 0.100000 0.060251
v 1.055341 -0.100000 0.060562
v 1.055341 0.100000 0.060562
v 1.058216 -0.100000 0.060998
v 1.058216 0.100000 0.060998
v 1.061044 -0.100000 0.061559
v 1.061044 0.100000 0.061559
v 1.063825 -0.100000 0.062244
v 1.063825 0.100000 0.062244
v 1.066559 -0.100000 0.063054
v 1.066559 0.100000 0.063054
v 1.069246 -0.100000 0.063989
v 1.069246 0.100000 0.063989
v 1.071886 -0.100000 0.065048
v 1.071886 0.100000 0.065048
v 1.074478 -0.100000 0.066231
v 1.074478 0.100000 0.066231
v 1.077024 -0.100000 0.067540
v 1.077024 0.100000 0.067540
v 1.079523 -0.100000 0.068972
v 1.079523 0.100000 0.068972
v 1.081956 -0.100000 0.070508
v 1.081956 0.100000 0.070508
v 1.084306 -0.100000 0.072126
v 1.084306 0.100000 0.072126
v 1.086572 -0.100000 0.073825
v 1.086572 0.100000 0.073825
v 1.088755 -0.100000 0.075606
v 1.088755 0.100000 0.075606
v 1.090853 -0.100000 0.077469
v 1.090853 0.100000 0.077469
v 1.092868 -0.100000 0.079414
v 1.092868 0.100000 0.079414
v 1.094800 -0.100000 0.081440
v 1.094800 0.100000 0.081440
v 1.096647 -0.100000 0.083548
v 1.096647 0.100000 0.083548
v 1.098411 -0.100000 0.085737
v 1.098411 0.100000 0.085737
v 1.100091 -0.100000 0.088008
v 1.100091 0.100000 0.088008
v 1.101687 -0.100000 0.090361
v 1.101687 0.100000 0.090361
v 1.103199 -0.100000 0.092796
v 1.103199 0.100000 0.092796
v 1.104609 -0.100000 0.095293
v 1.104609 0.100000 0.095293
v 1.105896 -0.100000 0.097833
v 1.105896 0.100000 0.097833
v 1.107060 -0.100000 0.100415
v 1.107060 0.100000 0.100415
v 1.108101 -0.100000 0.103041
v 1.108101 0.100000 0.103041
v 1.109020 -0.100000 0.105709
v 1.109020 0.100000 0.105709
v 1.109817 -0.100000 0.108421
v 1.109817 0.100000 0.108421
v 1.110491 -0.100000 0.111175
v 1.110491 0.100000 0.111175
v 1.111042 -0.100000 0.113972
v 1.111042 0.100000 0.113972
v 1.111471 -0.100000 0.116812
v 1.111471 0.100000 0.116812
v 1.111778 -0.100000 0.119695
v 1.111778 0.100000 0.119695
v 1.111962 -0.100000 0.122621
v 1.111962 0.100000 0.122621
v 1.112023 -0.100000 0.125590
v 1.112023 0.100000 0.125590
v 1.111962 -0.100000 0.128513
v 1.111962 0.100000 0.128513
v 1.111778 -0.100000 0.131399
v 1.111778 0.100000 0.131399
v 1.111471 -0.100000 0.134248
v 1.111471 0.100000 0.134248
v 1.111042 -0.100000 0.137061
v 1.111042 0.100000 0.137061
v 1.110491 -0.100000 0.139836
v 1.110491 0.100000 0.139836
v 1.109817 -0.100000 0.142575
v 1.109817 0.100000 0.142575
v 1.109020 -0.100000 0.145277
v 1.109020 0.100000 0.145277
v 1.108101 -0.100000 0.147943
v 1.108101 0.100000 0.147943
v 1.107060 -0.100000 0.150572
v 1.107060 0.100000 0.150572
v 1.105896 -0.100000 0.153164
v 1.105896 0.100000 0.153164
v 1.104609 -0.100000 0.155719
v 1.104609 0.100000 0.155719
v 1.103199 -0.100000 0.158237
v 1.103199 0.100000 0.158237
v 1.101687 -0.100000 0.160695
v 1.101687 0.100000 0.160695
v 1.100091 -0.100000 0.163070
v 1.100091 0.100000 0.163070
v 1.098411 -0.100000 0.165360
v 1.098411 0.100000 0.165360
v 1.096647 -0.100000 0.167567
v 1.096647 0.100000 0.167567
v 1.094800 -0.100000 0.169690
v 1.094800 0.100000 0.169690
v 1.092868 -0.100000 0.171730
v 1.092868 0.100000 0.171730
v 1.090853 -0.100000 0.173685
v 1.090853 0.100000 0.173685
v 1.088755 -0.100000 0.175557
v 1.088755 0.100000 0.175557
v 1.086572 -0.100000 0.177345
v 1.086572 0.100000 0.177345
v 1.084306 -0.100000 0.179050
v 1.084306 0.100000 0.179050
v 1.081956 -0.100000 0.180671
v 1.081956 0.100000 0.180671
v 1.079523 -0.100000 0.182208
v 1.079523 0.100000 0.182208
v 1.077024 -0.100000 0.183640
v 1.077024 0.100000 0.183640
v 1.074478 -0.100000 0.184949
v 1.074478 0.100000 0.184949
v 1.071885 -0.100000 0.186132
v 1.071885 0.100000 0.186132
v 1.069245 -0.100000 0.187191
v 1.069245 0.100000 0.187191
v 1.066558 -0.100000 0.188126
v 1.066558 0.100000 0.188126
v 1.063824 -0.100000 0.188936
v 1.063824 0.100000 0.188936
v 1.061044 -0.100000 0.189621
v 1.061044 0.100000 0.189621
v 1.058216 -0.100000 0.190181
v 1.058216 0.100000 0.190181
v 1.055341 -0.100000 0.190618
v 1.055341 0.100000 0.190618
v 1.052419 -0.100000 0.190929
v 1.052419 0.100000 0.190929
v 1.049450 -0.100000 0.191116
v 1.049450 0.100000 0.191116
v 1.046435 -0.100000 0.191178
v 1.046435 0.100000 0.191178
v 1.043465 -0.100000 0.191116
v 1.043465 0.100000 0.191116
v 1.040536 -0.100000 0.190929
v 1.040536 0.100000 0.190929
v 1.037648 -0.100000 0.190618
v 1.037648 0.100000 0.190618
v 1.034801 -0.100000 0.190181
v 1.034801 0.100000 0.190181
v 1.031994 -0.100000 0.189621
v 1.031994 0.100000 0.189621
v 1.029229 -0.100000 0.188936
v 1.029229 0.100000 0.188936
v 1.026504 -0.100000 0.188126
v 1.026504 0.100000 0.188126
v 1.023820 -0.100000 0.187191
v 1.023820 0.100000 0.187191
v 1.021178 -0.100000 0.186132
v 1.021178 0.100000 0.186132
v 1.018575 -0.100000 0.184949
v 1.018575 0.100000 0.184949
v 1.016014 -0.100000 0.183640
v 1.016014 0.100000 0.183640
v 1.013494 -0.100000 0.182208
v 1.013494 0.100000 0.182208
v 1.011036 -0.100000 0.180671
v 1.011036 0.100000 0.180671
v 1.008665 -0.100000 0.179050
v 1.008665 0.100000 0.179050
v 1.006380 -0.100000 0.177345
v 1.006380 0.100000 0.177345
v 1.004180 -0.100000 0.175557
v 1.004180 0.100000 0.175557
v 1.002066 -0.100000 0.173685
v 1.002066 0.100000 0.173685
v 1.000038 -0.100000 0.171730
v 1.000038 0.100000 0.171730
v 0.998095 -0.100000 0.169690
v 0.998095 0.100000 0.169690
v 0.996239 -0.100000 0.167567
v 0.996239 0.100000 0.167567
v 0.994468 -0.100000 0.165360
v 0.994468 0.100000 0.165360
v 0.992783 -0.100000 0.163070
v 0.992783 0.100000 0.163070
v 0.991184 -0.100000 0.160695
v 0.991184 0.100000 0.160695
v 1.187286 -0.100000 -0.180439
v 1.187286 0.100000 -0.180439
v 1.193693 -0.100000 -0.189436
v 1.193693 0.100000 -0.189436
v 1.200608 -0.100000 -0.197649
v 1.200608 0.100000 -0.197649
v 1.208031 -0.100000 -0.205081
v 1.208031 0.100000 -0.205081
v 1.215963 -0.100000 -0.211730
v 1.215963 0.100000 -0.211730
v 1.224403 -0.100000 -0.217597
v 1.224403 0.100000 -0.217597
v 1.233352 -0.100000 -0.222682
v 1.233352 0.100000 -0.222682
v 1.242810 -0.100000 -0.226985
v 1.242810 0.100000 -0.226985
v 1.252777 -0.100000 -0.230505
v 1.252777 0.100000 -0.230505
v 1.263252 -0.100000 -0.233243
v 1.263252 0.100000 -0.233243
v 1.274235 -0.100000 -0.235198
v 1.274235 0.100000 -0.235198
v 1.285727 -0.100000 -0.236372
v 1.285727 0.100000 -0.236372
v 1.297728 -0.100000 -0.236763
v 1.297728 0.100000 -0.236763
v 1.309636 -0.100000 -0.236372
v 1.309636 0.100000 -0.236372
v 1.321049 -0.100000 -0.235198
v 1.321049 0.100000 -0.235198
v 1.331965 -0.100000 -0.233243
v 1.331965 0.100000 -0.233243
v 1.342385 -0.100000 -0.230505
v 1.342385 0.100000 -0.230505
v 1.352308 -0.100000 -0.226985
v 1.352308 0.100000 -0.226985
v 1.361735 -0.100000 -0.222682
v 1.361735 0.100000 -0.222682
v 1.370666 -0.100000 -0.217597
v 1.370666 0.100000 -0.217597
v 1.379100 -0.100000 -0.211730
v 1.379100 0.100000 -0.211730
v 1.387038 -0.100000 -0.205081
v 1.387038 0.100000 -0.205081
v 1.394480 -0.100000 -0.197649
v 1.394480 0.100000 -0.197649
v 1.401426 -0.100000 -0.189436
v 1.401426 0.100000 -0.189436
v 1.407875 -0.100000 -0.180439
v 1.407875 0.100000 -0.180439
v 1.413817 -0.100000 -0.170745
v 1.413817 0.100000 -0.170745
v 1.419243 -0.100000 -0.160435
v 1.419243 0.100000 -0.160435
v 1.424152 -0.100000 -0.149511
v 1.424152 0.100000 -0.149511
v 1.428545 -0.100000 -0.137972
v 1.428545 0.100000 -0.137972
v 1.432420 -0.100000 -0.125818
v 1.432420 0.100000 -0.125818
v 1.435779 -0.100000 -0.113050
v 1.435779 0.100000 -0.113050
v 1.438621 -0.100000 -0.099666
v 1.438621 0.100000 -0.099666
v 1.440947 -0.100000 -0.085668
v 1.440947 0.100000 -0.085668
v 1.442755 -0.100000 -0.071055
v 1.442755 0.100000 -0.071055
v 1.444047 -0.100000 -0.055828
v 1.444047 0.100000 -0.055828
v 1.444822 -0.100000 -0.039985
v 1.444822 0.100000 -0.039985
v 1.445081 -0.100000 -0.023528
v 1.445081 0.100000 -0.023528
v 1.444822 -0.100000 -0.007019
v 1.444822 0.100000 -0.007019
v 1.444047 -0.100000 0.008878
v 1.444047 0.100000 0.008878
v 1.442755 -0.100000 0.024165
v 1.442755 0.100000 0.024165
v 1.440947 -0.100000 0.038842
v 1.440947 0.100000 0.038842
v 1.438621 -0.100000 0.052907
v 1.438621 0.100000 0.052907
v 1.435779 -0.100000 0.066362
v 1.435779 0.100000 0.066362
v 1.432420 -0.100000 0.079206
v 1.432420 0.100000 0.079206
v 1.428545 -0.100000 0.091440
v 1.428545 0.100000 0.091440
v 1.424152 -0.100000 0.103062
v 1.424152 0.100000 0.103062
v 1.419243 -0.100000 0.114074
v 1.419243 0.100000 0.114074
v 1.413817 -0.100000 0.124476
v 1.413817 0.100000 0.124476
v 1.407875 -0.100000 0.134266
v 1.407875 0.100000 0.134266
v 1.401426 -0.100000 0.143357
v 1.401426 0.100000 0.143357
v 1.394480 -0.100000 0.151656
v 1.394480 0.100000 0.151656
v 1.387038 -0.100000 0.159165
v 1.387038 0.100000 0.159165
v 1.379100 -0.100000 0.165884
v 1.379100 0.100000 0.165884
v 1.370666 -0.100000 0.171812
v 1.370666 0.100000 0.171812
v 1.361735 -0.100000 0.176950
v 1.361735 0.100000 0.176950
v 1.352308 -0.100000 0.181298
v 1.352308 0.100000 0.181298
v 1.342384 -0.100000 0.184855
v 1.342384 0.100000 0.184855
v 1.331964 -0.100000 0.187621
v 1.331964 0.100000 0.187621
v 1.321048 -0.100000 0.189597
v 1.321048 0.100000 0.189597
v 1.309636 -0.100000 0.190783
v 1.309636 0.100000 0.190783
v 1.297728 -0.100000 0.191178
v 1.297728 0.100000 0.191178
v 1.285727 -0.100000 0.190783
v 1.285727 0.100000 0.190783
v 1.274235 -0.100000 0.189597
v 1.274235 0.100000 0.189597
v 1.263252 -0.100000 0.187621
v 1.263252 0.100000 0.187621
v 1.252777 -0.100000 0.184855
v 1.252777 0.100000 0.184855
v 1.242810 -0.100000 0.181298
v 1.242810 0.100000 0.181298
v 1.233352 -0.100000 0.176950
v 1.233352 0.100000 0.176950
v 1.224403 -0.100000 0.171812
v 1.224403 0.100000 0.171812
v 1.215963 -0.100000 0.165884
v 1.215963 0.100000 0.165884
v 1.208031 -0.100000 0.159165
v 1.208031 0.100000 0.159165
v 1.200608 -0.100000 0.151656
v 1.200608 0.100000 0.151656
v 1.193693 -0.100000 0.143357
v 1.193693 0.100000 0.143357
v 1.187286 -0.100000 0.134266
v 1.187286 0.100000 0.134266
v 1.181391 -0.100000 0.124476
v 1.181391 0.100000 0.124476
v 1.176008 -0.100000 0.114074
v 1.176008 0.100000 0.114074
v 1.171138 -0.100000 0.103062
v 1.171138 0.100000 0.103062
v 1.166780 -0.100000 0.091440
v 1.166780 0.100000 0.091440
v 1.162935 -0.100000 0.079206
v 1.162935 0.100000 0.079206
v 1.159603 -0.100000 0.066362
v 1.159603 0.100000 0.066362
v 1.156783 -0.100000 0.052907
v 1.156783 0.100000 0.052907
v 1.154476 -0.100000 0.038842
v 1.154476 0.100000 0.038842
v 1.152682 -0.100000 0.024165
v 1.152682 0.100000 0.024165
v 1.151400 -0.100000 0.008878
v 1.151400 0.100000 0.008878
v 1.150631 -0.100000 -0.007019
v 1.150631 0.100000 -0.007019
v 1.150375 -0.100000 -0.023528
v 1.150375 0.100000 -0.023528
v 1.150631 -0.100000 -0.039985
v 1.150631 0.100000 -0.039985
v 1.151400 -0.100000 -0.055827
v 1.151400 0.100000 -0.055827
v 1.152682 -0.100000 -0.071055
v 1.152682 0.100000 -0.071055
v 1.154476 -0.100000 -0.085668
v 1.154476 0.100000 -0.085668
v 1.156783 -0.100000 -0.099666
v 1.156783 0.100000 -0.099666
v 1.159603 -0.100000 -0.113050
v 1.159603 0.100000 -0.113050
v 1.162935 -0.100000 -0.125818
v 1.162935 0.100000 -0.125818
v 1.166780 -0.100000 -0.137972
v 1.166780 0.100000 -0.137972
v 1.171138 -0.100000 -0.149511
v 1.171138 0.100000 -0.149511
v 1.176008 -0.100000 -0.160435
v 1.176008 0.100000 -0.160435
v 1.181391 -0.100000 -0.170745
v 1.181391 0.100000 -0.170745
v 1.323169 -0.100000 -0.165145
v 1.323169 0.100000 -0.165145
v 1.321397 -0.100000 -0.165826
v 1.321397 0.100000 -0.165826
v 1.319562 -0.100000 -0.166448
v 1.319562 0.100000 -0.166448
v 1.317663 -0.100000 -0.167011
v 1.317663 0.100000 -0.167011
v 1.315701 -0.100000 -0.167515
v 1.315701 0.100000 -0.167515
v 1.313676 -0.100000 -0.167959
v 1.313676 0.100000 -0.167959
v 1.311588 -0.100000 -0.168344
v 1.311588 0.100000 -0.168344
v 1.309436 -0.100000 -0.168670
v 1.309436 0.100000 -0.168670
v 1.307221 -0.100000 -0.168936
v 1.307221 0.100000 -0.168936
v 1.304943 -0.100000 -0.169143
v 1.304943 0.100000 -0.169143
v 1.302601 -0.100000 -0.169292
v 1.302601 0.100000 -0.169292
v 1.300196 -0.100000 -0.169380
v 1.300196 0.100000 -0.169380
v 1.297728 -0.100000 -0.169410
v 1.297728 0.100000 -0.169410
v 1.292648 -0.100000 -0.169178
v 1.292648 0.100000 -0.169178
v 1.287801 -0.100000 -0.168483
v 1.287801 0.100000 -0.168483
v 1.283187 -0.100000 -0.167324
v 1.283187 0.100000 -0.167324
v 1.278806 -0.100000 -0.165701
v 1.278806 0.100000 -0.165701
v 1.274658 -0.100000 -0.163614
v 1.274658 0.100000 -0.163614
v 1.270742 -0.100000 -0.161064
v 1.270742 0.100000 -0.161064
v 1.267060 -0.100000 -0.158051
v 1.267060 0.100000 -0.158051
v 1.263610 -0.100000 -0.154573
v 1.263610 0.100000 -0.154573
v 1.260393 -0.100000 -0.150632
v 1.260393 0.100000 -0.150632
v 1.257409 -0.100000 -0.146228
v 1.257409 0.100000 -0.146228
v 1.254658 -0.100000 -0.141360
v 1.254658 0.100000 -0.141360
v 1.252139 -0.100000 -0.136028
v 1.252139 0.100000 -0.136028
v 1.249837 -0.100000 -0.130146
v 1.249837 0.100000 -0.130146
v 1.247736 -0.100000 -0.123630
v 1.247736 0.100000 -0.123630
v 1.245834 -0.100000 -0.116478
v 1.245834 0.100000 -0.116478
v 1.244133 -0.100000 -0.108691
v 1.244133 0.100000 -0.108691
v 1.242631 -0.100000 -0.100269
v 1.242631 0.100000 -0.100269
v 1.241330 -0.100000 -0.091211
v 1.241330 0.100000 -0.091211
v 1.240230 -0.100000 -0.081519
v 1.240230 0.100000 -0.081519
v 1.239329 -0.100000 -0.071191
v 1.239329 0.100000 -0.071191
v 1.238628 -0.100000 -0.060228
v 1.238628 0.100000 -0.060228
v 1.238128 -0.100000 -0.048630
v 1.238128 0.100000 -0.048630
v 1.237828 -0.100000 -0.036396
v 1.237828 0.100000 -0.036396
v 1.237728 -0.100000 -0.023528
v 1.237728 0.100000 -0.023528
v 1.237734 -0.100000 -0.019254
v 1.237734 0.100000 -0.019254
v 1.237752 -0.100000 -0.015060
v 1.237752 0.100000 -0.015060
v 1.237783 -0.100000 -0.010945
v 1.237783 0.100000 -0.010945
v 1.237826 -0.100000 -0.006910
v 1.237826 0.100000 -0.006910
v 1.237881 -0.100000 -0.002955
v 1.237881 0.100000 -0.002955
v 1.237948 -0.100000 0.000921
v 1.237948 0.100000 0.000921
v 1.238028 -0.100000 0.004717
v 1.238028 0.100000 0.004717
v 1.238120 -0.100000 0.008433
v 1.238120 0.100000 0.008433
v 1.238224 -0.100000 0.012070
v 1.238224 0.100000 0.012070
v 1.238341 -0.100000 0.015627
v 1.238341 0.100000 0.015627
v 1.238469 -0.100000 0.019104
v 1.238469 0.100000 0.019104
v 1.238610 -0.100000 0.022502
v 1.238610 0.100000 0.022502
v 1.238763 -0.100000 0.025828
v 1.238763 0.100000 0.025828
v 1.238929 -0.100000 0.029091
v 1.238929 0.100000 0.029091
v 1.239106 -0.100000 0.032290
v 1.239106 0.100000 0.032290
v 1.239296 -0.100000 0.035427
v 1.239296 0.100000 0.035427
v 1.239498 -0.100000 0.038499
v 1.239498 0.100000 0.038499
v 1.239713 -0.100000 0.041509
v 1.239713 0.100000 0.041509
v 1.239939 -0.100000 0.044455
v 1.239939 0.100000 0.044455
v 1.240178 -0.100000 0.047338
v 1.240178 0.100000 0.047338
v 1.240430 -0.100000 0.050158
v 1.240430 0.100000 0.050158
v 1.240693 -0.100000 0.052914
v 1.240693 0.100000 0.052914
v 1.240969 -0.100000 0.055607
v 1.240969 0.100000 0.055607
v 1.241257 -0.100000 0.058237
v 1.241257 0.100000 0.058237
v 1.340669 -0.100000 -0.149704
v 1.340669 0.100000 -0.149704
v 1.339469 -0.100000 -0.151519
v 1.339469 0.100000 -0.151519
v 1.338222 -0.100000 -0.153238
v 1.338222 0.100000 -0.153238
v 1.336928 -0.100000 -0.154860
v 1.336928 0.100000 -0.154860
v 1.335587 -0.100000 -0.156387
v 1.335587 0.100000 -0.156387
v 1.334199 -0.100000 -0.157818
v 1.334199 0.100000 -0.157818
v 1.332765 -0.100000 -0.159153
v 1.332765 0.100000 -0.159153
v 1.331283 -0.100000 -0.160391
v 1.331283 0.100000 -0.160391
v 1.329754 -0.100000 -0.161534
v 1.329754 0.100000 -0.161534
v 1.328178 -0.100000 -0.162581
v 1.328178 0.100000 -0.162581
v 1.326556 -0.100000 -0.163532
v 1.326556 0.100000 -0.163532
v 1.324886 -0.100000 -0.164387
v 1.324886 0.100000 -0.164387
v 1.350963 -0.100000 0.063384
v 1.350963 0.100000 0.063384
v 1.351949 -0.100000 0.057815
v 1.351949 0.100000 0.057815
v 1.352850 -0.100000 0.051942
v 1.352850 0.100000 0.051942
v 1.353665 -0.100000 0.045765
v 1.353665 0.100000 0.045765
v 1.354394 -0.100000 0.039283
v 1.354394 0.100000 0.039283
v 1.355038 -0.100000 0.032497
v 1.355038 0.100000 0.032497
v 1.355595 -0.100000 0.025406
v 1.355595 0.100000 0.025406
v 1.356067 -0.100000 0.018011
v 1.356067 0.100000 0.018011
v 1.356453 -0.100000 0.010312
v 1.356453 0.100000 0.010312
v 1.356753 -0.100000 0.002309
v 1.356753 0.100000 0.002309
v 1.356968 -0.100000 -0.005999
v 1.356968 0.100000 -0.005999
v 1.357096 -0.100000 -0.014611
v 1.357096 0.100000 -0.014611
v 1.357139 -0.100000 -0.023528
v 1.357139 0.100000 -0.023528
v 1.357129 -0.100000 -0.029091
v 1.357129 0.100000 -0.029091
v 1.357098 -0.100000 -0.034508
v 1.357098 0.100000 -0.034508
v 1.357047 -0.100000 -0.039778
v 1.357047 0.100000 -0.039778
v 1.356976 -0.100000 -0.044900
v 1.356976 0.100000 -0.044900
v 1.356884 -0.100000 -0.049876
v 1.356884 0.100000 -0.049876
v 1.356772 -0.100000 -0.054704
v 1.356772 0.100000 -0.054704
v 1.356639 -0.100000 -0.059385
v 1.356639 0.100000 -0.059385
v 1.356486 -0.100000 -0.063920
v 1.356486 0.100000 -0.063920
v 1.356312 -0.100000 -0.068307
v 1.356312 0.100000 -0.068307
v 1.356118 -0.100000 -0.072547
v 1.356118 0.100000 -0.072547
v 1.355903 -0.100000 -0.076640
v 1.355903 0.100000 -0.076640
v 1.355669 -0.100000 -0.080586
v 1.355669 0.100000 -0.080586
v 1.261845 -0.100000 0.113237
v 1.261845 0.100000 0.113237
v 1.262941 -0.100000 0.114240
v 1.262941 0.100000 0.114240
v 1.264072 -0.100000 0.115190
v 1.264072 0.100000 0.115190
v 1.265237 -0.100000 0.116086
v 1.265237 0.100000 0.116086
v 1.266437 -0.100000 0.116930
v 1.266437 0.100000 0.116930
v 1.267672 -0.100000 0.117720
v 1.267672 0.100000 0.117720
v 1.268941 -0.100000 0.118458
v 1.268941 0.100000 0.118458
v 1.270245 -0.100000 0.119142
v 1.270245 0.100000 0.119142
v 1.271584 -0.100000 0.119773
v 1.271584 0.100000 0.119773
v 1.272958 -0.100000 0.120351
v 1.272958 0.100000 0.120351
v 1.274366 -0.100000 0.120876
v 1.274366 0.100000 0.120876
v 1.275809 -0.100000 0.121348
v 1.275809 0.100000 0.121348
v 1.277287 -0.100000 0.121766
v 1.277287 0.100000 0.121766
v 1.278799 -0.100000 0.122142
v 1.278799 0.100000 0.122142
v 1.280346 -0.100000 0.122485
v 1.280346 0.100000 0.122485
v 1.281928 -0.100000 0.122796
v 1.281928 0.100000 0.122796
v 1.283545 -0.100000 0.123074
v 1.283545 0.100000 0.123074
v 1.285196 -0.100000 0.123319
v 1.285196 0.100000 0.123319
v 1.286882 -0.100000 0.123531
v 1.286882 0.100000 0.123531
v 1.288603 -0.100000 0.123711
v 1.288603 0.100000 0.123711
v 1.290359 -0.100000 0.123858
v 1.290359 0.100000 0.123858
v 1.292149 -0.100000 0.123972
v 1.292149 0.100000 0.123972
v 1.293974 -0.100000 0.124054
v 1.293974 0.100000 0.124054
v 1.295833 -0.100000 0.124103
v 1.295833 0.100000 0.124103
v 1.297728 -0.100000 0.124119
v 1.297728 0.100000 0.124119
v 1.301154 -0.100000 0.124021
v 1.301154 0.100000 0.124021
v 1.304472 -0.100000 0.123727
v 1.304472 0.100000 0.123727
v 1.307682 -0.100000 0.123237
v 1.307682 0.100000 0.123237
v 1.310783 -0.100000 0.122551
v 1.310783 0.100000 0.122551
v 1.313777 -0.100000 0.121668
v 1.313777 0.100000 0.121668
v 1.316662 -0.100000 0.120590
v 1.316662 0.100000 0.120590
v 1.319439 -0.100000 0.119315
v 1.319439 0.100000 0.119315
v 1.322107 -0.100000 0.117845
v 1.322107 0.100000 0.117845
v 1.324667 -0.100000 0.116178
v 1.324667 0.100000 0.116178
v 1.327119 -0.100000 0.114315
v 1.327119 0.100000 0.114315
v 1.329463 -0.100000 0.112257
v 1.329463 0.100000 0.112257
v 1.331698 -0.100000 0.110002
v 1.331698 0.100000 0.110002
v 1.333832 -0.100000 0.107521
v 1.333832 0.100000 0.107521
v 1.335869 -0.100000 0.104785
v 1.335869 0.100000 0.104785
v 1.337811 -0.100000 0.101794
v 1.337811 0.100000 0.101794
v 1.339656 -0.100000 0.098547
v 1.339656 0.100000 0.098547
v 1.341405 -0.100000 0.095046
v 1.341405 0.100000 0.095046
v 1.343059 -0.100000 0.091289
v 1.343059 0.100000 0.091289
v 1.344616 -0.100000 0.087276
v 1.344616 0.100000 0.087276
v 1.346078 -0.100000 0.083008
v 1.346078 0.100000 0.083008
v 1.347443 -0.100000 0.078485
v 1.347443 0.100000 0.078485
v 1.348712 -0.100000 0.073707
v 1.348712 0.100000 0.073707
v 1.349886 -0.100000 0.068673
v 1.349886 0.100000 0.068673
vn -0.0000 1.0000 -0.0000
vn -0.0003 1.0000 -0.0000
vn 0.0001 1.0000 -0.0000
vn -0.0000 -1.0000 -0.0000
vn -0.0003 -1.0000 -0.0000
vn 0.0001 -1.0000 -0.0000
vn 0.6231 -0.0000 -0.7821
vn 0.0008 -0.0000 -1.0000
vn -0.6225 -0.0000 -0.7826
vn 0.7992 -0.0000 -0.6011
vn 0.6011 -0.0000 0.7992
vn -0.6017 -0.0000 0.7987
vn -0.7988 -0.0000 -0.6017
vn -0.7429 -0.0000 -0.6694
vn 0.6694 -0.0000 -0.7429
vn 0.7071 -0.0000 0.7071
vn -0.7071 -0.0000 0.7071
vn -0.4538 -0.0000 -0.8911
vn 0.8934 -0.0000 -0.4494
vn 0.9994 -0.0000 0.0352
vn 0.8770 -0.0000 0.4805
vn -0.4928 -0.0000 0.8701
vn -0.9990 -0.0000 -0.0442
vn 0.5832 -0.0000 -0.8124
vn 0.6484 -0.0000 -0.7613
vn 0.7121 -0.0000 -0.7021
vn 0.7716 -0.0000 -0.6361
vn 0.8253 -0.0000 -0.5647
vn 0.8719 -0.0000 -0.4897
vn 0.9108 -0.0000 -0.4129
vn 0.9418 -0.0000 -0.3363
vn 0.9652 -0.0000 -0.2614
vn 0.9818 -0.0000 -0.1897
vn 0.9925 -0.0000 -0.1220
vn 0.9983 -0.0000 -0.0589
vn 1.0000 -0.0000 -0.0027
vn 0.9989 -0.0000 0.0471
vn 0.9953 -0.0000 0.0966
vn 0.9889 -0.0000 0.1488
vn 0.9791 -0.0000 0.2034
vn 0.9656 -0.0000 0.2601
vn 0.9480 -0.0000 0.3183
vn 0.9261 -0.0000 0.3773
vn 0.8997 -0.0000 0.4366
vn 0.8688 -0.0000 0.4951
vn 0.8337 -0.0000 0.5522
vn 0.7947 -0.0000 0.6070
vn 0.7569 -0.0000 0.6535
vn 0.7261 -0.0000 0.6876
vn 0.6984 -0.0000 0.7157
vn 0.6694 -0.0000 0.7429
vn 0.6391 -0.0000 0.7691
vn 0.6076 -0.0000 0.7942
vn 0.5751 -0.0000 0.8181
vn 0.5418 -0.0000 0.8405
vn 0.5078 -0.0000 0.8615
vn 0.4734 -0.0000 0.8809
vn 0.4386 -0.0000 0.8987
vn 0.4036 -0.0000 0.9149
vn 0.9525 -0.0000 0.3046
vn 0.8739 -0.0000 0.4862
vn -0.5037 -0.0000 0.8639
vn -0.7071 -0.0000 -0.7071
vn 0.0077 -0.0000 -1.0000
vn 0.0320 -0.0000 -0.9995
vn 0.0663 -0.0000 -0.9978
vn 0.1036 -0.0000 -0.9946
vn 0.1440 -0.0000 -0.9896
vn 0.1878 -0.0000 -0.9822
vn 0.2350 -0.0000 -0.9720
vn 0.2857 -0.0000 -0.9583
vn 0.3399 -0.0000 -0.9405
vn 0.3973 -0.0000 -0.9177
vn 0.4573 -0.0000 -0.8893
vn 0.5193 -0.0000 -0.8546
vn -0.6683 -0.0000 -0.7439
vn -0.7310 -0.0000 -0.6824
vn -0.7892 -0.0000 -0.6142
vn -0.8397 -0.0000 -0.5431
vn -0.8821 -0.0000 -0.4711
vn -0.9166 -0.0000 -0.3999
vn -0.9436 -0.0000 -0.3310
vn -0.9641 -0.0000 -0.2654
vn -0.9790 -0.0000 -0.2037
vn -0.9892 -0.0000 -0.1464
vn -0.9956 -0.0000 -0.0935
vn -0.9990 -0.0000 -0.0449
vn -1.0000 -0.0000 0.0016
vn -0.9987 -0.0000 0.0516
vn -0.9942 -0.0000 0.1073
vn -0.9859 -0.0000 0.1676
vn -0.9726 -0.0000 0.2325
vn -0.9535 -0.0000 0.3014
vn -0.9276 -0.0000 0.3736
vn -0.8941 -0.0000 0.4479
vn -0.8525 -0.0000 0.5227
vn -0.8029 -0.0000 0.5961
vn -0.7458 -0.0000 0.6662
vn -0.6824 -0.0000 0.7310
vn -0.6161 -0.0000 0.7877
vn -0.5511 -0.0000 0.8344
vn -0.4879 -0.0000 0.8729
vn -0.4258 -0.0000 0.9048
vn -0.3657 -0.0000 0.9307
vn -0.3083 -0.0000 0.9513
vn -0.2542 -0.0000 0.9672
vn -0.2035 -0.0000 0.9791
vn -0.1563 -0.0000 0.9877
vn -0.1125 -0.0000 0.9937
vn -0.0720 -0.0000 0.9974
vn -0.0347 -0.0000 0.9994
vn -0.0084 -0.0000 1.0000
vn 0.7071 -0.0000 -0.7071
vn -0.0099 -0.0000 -1.0000
vn -0.0409 -0.0000 -0.9992
vn -0.0847 -0.0000 -0.9964
vn -0.1319 -0.0000 -0.9913
vn -0.1826 -0.0000 -0.9832
vn -0.2366 -0.0000 -0.9716
vn -0.2938 -0.0000 -0.9559
vn -0.3537 -0.0000 -0.9354
vn -0.4158 -0.0000 -0.9095
vn -0.4792 -0.0000 -0.8777
vn -0.5429 -0.0000 -0.8398
vn -0.6056 -0.0000 -0.7958
vn 0.9999 -0.0000 -0.0133
vn 1.0000 -0.0000 -0.0059
vn 0.9997 -0.0000 -0.0243
vn 0.9987 -0.0000 -0.0507
vn 0.9968 -0.0000 -0.0798
vn 0.9937 -0.0000 -0.1120
vn 0.9891 -0.0000 -0.1475
vn 0.9824 -0.0000 -0.1869
vn 0.9731 -0.0000 -0.2305
vn 0.9603 -0.0000 -0.2788
vn 0.9433 -0.0000 -0.3320
vn 0.9206 -0.0000 -0.3905
vn 0.8909 -0.0000 -0.4541
vn 0.8554 -0.0000 -0.5179
vn 0.8183 -0.0000 -0.5748
vn 0.7802 -0.0000 -0.6256
vn 0.7395 -0.0000 -0.6731
vn 0.6969 -0.0000 -0.7171
vn 0.6531 -0.0000 -0.7573
vn 0.6085 -0.0000 -0.7936
vn 0.5639 -0.0000 -0.8259
vn 0.5196 -0.0000 -0.8544
vn 0.4762 -0.0000 -0.8793
vn 0.4341 -0.0000 -0.9009
vn 0.3933 -0.0000 -0.9194
vn 0.9036 -0.0000 -0.4284
vn 0.5483 -0.0000 0.8363
vn -0.1190 -0.0000 0.9929
vn -0.1436 -0.0000 0.9896
vn -0.1694 -0.0000 0.9855
vn -0.1963 -0.0000 0.9805
vn -0.2243 -0.0000 0.9745
vn -0.2535 -0.0000 0.9673
vn -0.2837 -0.0000 0.9589
vn -0.3151 -0.0000 0.9491
vn -0.3475 -0.0000 0.9377
vn -0.3809 -0.0000 0.9246
vn -0.4152 -0.0000 0.9097
vn -0.4522 -0.0000 0.8919
vn -0.4935 -0.0000 0.8697
vn -0.5365 -0.0000 0.8439
vn -0.5786 -0.0000 0.8156
vn -0.6195 -0.0000 0.7850
vn -0.6589 -0.0000 0.7523
vn -0.6964 -0.0000 0.7177
vn -0.7318 -0.0000 0.6815
vn -0.7649 -0.0000 0.6441
vn -0.7955 -0.0000 0.6059
vn -0.8237 -0.0000 0.5671
vn -0.8492 -0.0000 0.5281
vn -0.0922 -0.0000 0.9957
vn 0.7383 -0.0000 0.6745
vn 0.7075 -0.0000 0.7067
vn 0.6752 -0.0000 0.7376
vn 0.6416 -0.0000 0.7670
vn 0.6068 -0.0000 0.7949
vn 0.5710 -0.0000 0.8209
vn 0.5346 -0.0000 0.8451
vn 0.4977 -0.0000 0.8673
vn 0.4606 -0.0000 0.8876
vn 0.4235 -0.0000 0.9059
vn 0.3866 -0.0000 0.9222
vn 0.3525 -0.0000 0.9358
vn 0.3230 -0.0000 0.9464
vn 0.2954 -0.0000 0.9554
vn 0.2672 -0.0000 0.9636
vn 0.2386 -0.0000 0.9711
vn 0.2095 -0.0000 0.9778
vn 0.1800 -0.0000 0.9837
vn 0.1502 -0.0000 0.9887
vn 0.1203 -0.0000 0.9927
vn 0.0902 -0.0000 0.9959
vn 0.0601 -0.0000 0.9982
vn 0.0300 -0.0000 0.9996
vn -0.0046 -0.0000 1.0000
vn -0.0495 -0.0000 0.9988
vn -0.1018 -0.0000 0.9948
vn -0.1571 -0.0000 0.9876
vn -0.2150 -0.0000 0.9766
vn -0.2752 -0.0000 0.9614
vn -0.3370 -0.0000 0.9415
vn -0.3996 -0.0000 0.9167
vn -0.4621 -0.0000 0.8868
vn -0.5236 -0.0000 0.8520
vn -0.5830 -0.0000 0.8125
vn -0.6394 -0.0000 0.7689
vn -0.6914 -0.0000 0.7225
vn -0.7389 -0.0000 0.6738
vn -0.7835 -0.0000 0.6213
vn -0.8254 -0.0000 0.5646
vn -0.8636 -0.0000 0.5042
vn -0.8975 -0.0000 0.4409
vn -0.9267 -0.0000 0.3758
vn -0.9508 -0.0000 0.3100
vn -0.9697 -0.0000 0.2443
vn -0.9837 -0.0000 0.1798
vn -0.9931 -0.0000 0.1173
vn -0.9984 -0.0000 0.0573
vn -1.0000 -0.0000 -0.0026
vn -0.9977 -0.0000 -0.0683
vn -0.9901 -0.0000 -0.1405
vn -0.9763 -0.0000 -0.2163
vn -0.9556 -0.0000 -0.2947
vn -0.9274 -0.0000 -0.3741
vn -0.8917 -0.0000 -0.4527
vn -0.8489 -0.0000 -0.5286
vn -0.7999 -0.0000 -0.6002
vn -0.7460 -0.0000 -0.6660
vn -0.6887 -0.0000 -0.7250
vn -0.6298 -0.0000 -0.7768
vn -0.5706 -0.0000 -0.8212
vn -0.5120 -0.0000 -0.8590
vn -0.4540 -0.0000 -0.8910
vn -0.3971 -0.0000 -0.9178
vn -0.3422 -0.0000 -0.9396
vn -0.2896 -0.0000 -0.9572
vn -0.2397 -0.0000 -0.9709
vn -0.1926 -0.0000 -0.9813
vn -0.1485 -0.0000 -0.9889
vn -0.1074 -0.0000 -0.9942
vn -0.0690 -0.0000 -0.9976
vn -0.0334 -0.0000 -0.9994
vn -0.0081 -0.0000 -1.0000
vn -0.9996 -0.0000 0.0280
vn -0.9929 -0.0000 0.1187
vn -0.9678 -0.0000 0.2517
vn -0.9182 -0.0000 0.3961
vn -0.8403 -0.0000 0.5421
vn -0.7363 -0.0000 0.6767
vn -0.6145 -0.0000 0.7889
vn -0.4869 -0.0000 0.8735
vn -0.3640 -0.0000 0.9314
vn -0.2527 -0.0000 0.9676
vn -0.1553 -0.0000 0.9879
vn -0.0111 -0.0000 0.9999
vn 0.0224 -0.0000 0.9997
vn 0.0430 -0.0000 0.9991
vn 0.0619 -0.0000 0.9981
vn 0.0792 -0.0000 0.9969
vn 0.0952 -0.0000 0.9955
vn 0.1099 -0.0000 0.9939
vn 0.1235 -0.0000 0.9923
vn 0.1361 -0.0000 0.9907
vn 0.1477 -0.0000 0.9890
vn 0.1586 -0.0000 0.9873
vn 0.1688 -0.0000 0.9857
vn 0.1791 -0.0000 0.9838
vn 0.1907 -0.0000 0.9816
vn 0.2030 -0.0000 0.9792
vn 0.2151 -0.0000 0.9766
vn 0.2272 -0.0000 0.9738
vn 0.2392 -0.0000 0.9710
vn 0.2511 -0.0000 0.9680
vn 0.2628 -0.0000 0.9648
vn 0.2745 -0.0000 0.9616
vn 0.2860 -0.0000 0.9582
vn 0.2974 -0.0000 0.9548
vn 0.3086 -0.0000 0.9512
vn -0.4425 -0.0000 0.8968
vn -0.9043 -0.0000 -0.4269
vn -0.3394 -0.0000 -0.9406
vn -0.3246 -0.0000 -0.9459
vn -0.3098 -0.0000 -0.9508
vn -0.2949 -0.0000 -0.9555
vn -0.2801 -0.0000 -0.9600
vn -0.2652 -0.0000 -0.9642
vn -0.2504 -0.0000 -0.9682
vn -0.2355 -0.0000 -0.9719
vn -0.2207 -0.0000 -0.9753
vn -0.2059 -0.0000 -0.9786
vn -0.1912 -0.0000 -0.9815
vn -0.1774 -0.0000 -0.9841
vn -0.1650 -0.0000 -0.9863
vn -0.1530 -0.0000 -0.9882
vn -0.1405 -0.0000 -0.9901
vn -0.1275 -0.0000 -0.9918
vn -0.1139 -0.0000 -0.9935
vn -0.0997 -0.0000 -0.9950
vn -0.0848 -0.0000 -0.9964
vn -0.0693 -0.0000 -0.9976
vn -0.0531 -0.0000 -0.9986
vn -0.0361 -0.0000 -0.9993
vn -0.0184 -0.0000 -0.9998
vn 0.0040 -0.0000 -1.0000
vn 0.0359 -0.0000 -0.9994
vn 0.0746 -0.0000 -0.9972
vn 0.1167 -0.0000 -0.9932
vn 0.1626 -0.0000 -0.9867
vn 0.2124 -0.0000 -0.9772
vn 0.2660 -0.0000 -0.9640
vn 0.3236 -0.0000 -0.9462
vn 0.3847 -0.0000 -0.9231
vn 0.4487 -0.0000 -0.8937
vn 0.5148 -0.0000 -0.8573
vn 0.5818 -0.0000 -0.8133
vn 0.6464 -0.0000 -0.7630
vn 0.7058 -0.0000 -0.7084
vn 0.7605 -0.0000 -0.6494
vn 0.8107 -0.0000 -0.5855
vn 0.8554 -0.0000 -0.5180
vn 0.8939 -0.0000 -0.4483
vn 0.9259 -0.0000 -0.3778
vn 0.9514 -0.0000 -0.3079
vn 0.9708 -0.0000 -0.2398
vn 0.9847 -0.0000 -0.1745
vn 0.9936 -0.0000 -0.1126
vn 0.9985 -0.0000 -0.0545
vn 0.6771 -0.0000 -0.7359
vn 0.6206 -0.0000 -0.7841
vn 0.5612 -0.0000 -0.8277
vn 0.4997 -0.0000 -0.8662
vn 0.4373 -0.0000 -0.8993
vn 0.3751 -0.0000 -0.9270
vn 0.3139 -0.0000 -0.9495
vn 0.2546 -0.0000 -0.9671
vn 0.1977 -0.0000 -0.9803
vn 0.1436 -0.0000 -0.9896
vn 0.0927 -0.0000 -0.9957
vn 0.0449 -0.0000 -0.9990
vn -0.0015 -0.0000 -1.0000
vn -0.0492 -0.0000 -0.9988
vn -0.0975 -0.0000 -0.9952
vn -0.1442 -0.0000 -0.9895
vn -0.1894 -0.0000 -0.9819
vn -0.2326 -0.0000 -0.9726
vn -0.2739 -0.0000 -0.9617
vn -0.3132 -0.0000 -0.9497
vn -0.3503 -0.0000 -0.9366
vn -0.3853 -0.0000 -0.9228
vn -0.4183 -0.0000 -0.9083
vn -0.4492 -0.0000 -0.8934
vn -0.4814 -0.0000 -0.8765
vn -0.5190 -0.0000 -0.8548
vn -0.5594 -0.0000 -0.8289
vn -0.5994 -0.0000 -0.8004
vn -0.6386 -0.0000 -0.7695
vn -0.6767 -0.0000 -0.7363
vn -0.7133 -0.0000 -0.7009
vn -0.7481 -0.0000 -0.6636
vn -0.7809 -0.0000 -0.6247
vn -0.8113 -0.0000 -0.5846
vn -0.8394 -0.0000 -0.5435
vn -0.8649 -0.0000 -0.5019
vn -0.9687 -0.0000 -0.2482
vn 0.0065 -0.0000 1.0000
vn 0.0271 -0.0000 0.9996
vn 0.0564 -0.0000 0.9984
vn 0.0885 -0.0000 0.9961
vn 0.1237 -0.0000 0.9923
vn 0.1624 -0.0000 0.9867
vn 0.2049 -0.0000 0.9788
vn 0.2515 -0.0000 0.9679
vn 0.3023 -0.0000 0.9532
vn 0.3576 -0.0000 0.9339
vn 0.4173 -0.0000 0.9088
vn 0.4808 -0.0000 0.8768
vn 0.5459 -0.0000 0.8379
vn 0.6094 -0.0000 0.7929
vn 0.6713 -0.0000 0.7412
vn 0.7317 -0.0000 0.6816
vn 0.7887 -0.0000 0.6148
vn 0.8406 -0.0000 0.5416
vn 0.8860 -0.0000 0.4637
vn 0.9238 -0.0000 0.3829
vn 0.9535 -0.0000 0.3013
vn 0.9753 -0.0000 0.2208
vn 0.9897 -0.0000 0.1432
vn 0.9976 -0.0000 0.0695
vn 1.0000 -0.0000 0.0039
vn 0.9986 -0.0000 -0.0536
vn 0.9939 -0.0000 -0.1103
vn 0.9854 -0.0000 -0.1704
vn 0.9724 -0.0000 -0.2335
vn 0.9543 -0.0000 -0.2989
vn 0.9307 -0.0000 -0.3658
vn 0.9013 -0.0000 -0.4332
vn 0.8661 -0.0000 -0.4999
vn 0.8254 -0.0000 -0.5645
vn 0.7798 -0.0000 -0.6261
vn 0.7301 -0.0000 -0.6833
vn -0.6115 -0.0000 -0.7912
vn 0.8112 -0.0000 -0.5847
vn 0.9459 -0.0000 0.3245
vn 0.9363 -0.0000 0.3513
vn 0.9213 -0.0000 0.3890
vn 0.9038 -0.0000 0.4279
vn 0.8838 -0.0000 0.4679
vn 0.8608 -0.0000 0.5089
vn 0.8349 -0.0000 0.5504
vn 0.8058 -0.0000 0.5922
vn 0.7735 -0.0000 0.6338
vn 0.7380 -0.0000 0.6748
vn 0.6994 -0.0000 0.7147
vn 0.6579 -0.0000 0.7531
vn 0.6125 -0.0000 0.7905
vn 0.5628 -0.0000 0.8266
vn 0.5109 -0.0000 0.8596
vn 0.4589 -0.0000 0.8885
vn 0.4074 -0.0000 0.9133
vn 0.3569 -0.0000 0.9341
vn 0.3080 -0.0000 0.9514
vn 0.2608 -0.0000 0.9654
vn 0.2158 -0.0000 0.9764
vn 0.1729 -0.0000 0.9849
vn 0.1323 -0.0000 0.9912
vn 0.0941 -0.0000 0.9956
vn -0.6191 -0.0000 0.7853
vn -0.8020 -0.0000 -0.5974
vn -0.1374 -0.0000 -0.9905
vn -0.1527 -0.0000 -0.9883
vn -0.1690 -0.0000 -0.9856
vn -0.1863 -0.0000 -0.9825
vn -0.2047 -0.0000 -0.9788
vn -0.2244 -0.0000 -0.9745
vn -0.2454 -0.0000 -0.9694
vn -0.2679 -0.0000 -0.9635
vn -0.2918 -0.0000 -0.9565
vn -0.3175 -0.0000 -0.9483
vn -0.3449 -0.0000 -0.9386
vn -0.3739 -0.0000 -0.9275
vn -0.4038 -0.0000 -0.9148
vn -0.4344 -0.0000 -0.9007
vn -0.4655 -0.0000 -0.8851
vn -0.4971 -0.0000 -0.8677
vn -0.5291 -0.0000 -0.8486
vn -0.5612 -0.0000 -0.8277
vn -0.5934 -0.0000 -0.8049
vn -0.6254 -0.0000 -0.7803
vn -0.6571 -0.0000 -0.7538
vn -0.6882 -0.0000 -0.7255
vn -0.7186 -0.0000 -0.6955
vn -0.7461 -0.0000 -0.6659
vn -0.7689 -0.0000 -0.6394
vn -0.7886 -0.0000 -0.6150
vn -0.8068 -0.0000 -0.5908
vn -0.8238 -0.0000 -0.5669
vn -0.8395 -0.0000 -0.5433
vn -0.8541 -0.0000 -0.5202
vn -0.8675 -0.0000 -0.4975
vn -0.8798 -0.0000 -0.4754
vn -0.8911 -0.0000 -0.4537
vn -0.9015 -0.0000 -0.4327
vn -0.9111 -0.0000 -0.4123
vn -0.8373 -0.0000 0.5467
vn -0.5906 -0.0000 0.8070
vn -0.8070 -0.0000 -0.5906
vn 0.6193 -0.0000 -0.7852
vn 0.0098 -0.0000 -1.0000
vn -0.4849 -0.0000 0.8746
vn -0.2276 -0.0000 0.9737
vn -0.9724 -0.0000 -0.2333
vn -0.2699 -0.0000 -0.9629
vn -0.8623 -0.0000 0.5064
vn -0.8831 -0.0000 0.4692
vn -0.9029 -0.0000 0.4299
vn -0.9212 -0.0000 0.3892
vn -0.9378 -0.0000 0.3473
vn -0.9525 -0.0000 0.3044
vn -0.9654 -0.0000 0.2609
vn -0.9762 -0.0000 0.2170
vn -0.9849 -0.0000 0.1729
vn -0.9917 -0.0000 0.1289
vn -0.9964 -0.0000 0.0852
vn -0.9991 -0.0000 0.0423
vn -1.0000 -0.0000 0.0002
vn -0.9991 -0.0000 -0.0417
vn -0.9964 -0.0000 -0.0842
vn -0.9918 -0.0000 -0.1275
vn -0.9852 -0.0000 -0.1714
vn -0.9765 -0.0000 -0.2156
vn -0.9656 -0.0000 -0.2599
vn -0.9527 -0.0000 -0.3039
vn -0.9378 -0.0000 -0.3473
vn -0.9208 -0.0000 -0.3900
vn -0.9021 -0.0000 -0.4316
vn -0.8817 -0.0000 -0.4719
vn -0.8602 -0.0000 -0.5099
vn -0.8383 -0.0000 -0.5452
vn -0.8152 -0.0000 -0.5791
vn -0.7905 -0.0000 -0.6125
vn -0.7642 -0.0000 -0.6450
vn -0.7363 -0.0000 -0.6766
vn -0.6767 -0.0000 -0.7362
vn -0.6453 -0.0000 -0.7639
vn -0.6131 -0.0000 -0.7900
vn -0.5802 -0.0000 -0.8145
vn -0.5469 -0.0000 -0.8372
vn -0.5123 -0.0000 -0.8588
vn -0.4747 -0.0000 -0.8802
vn -0.4346 -0.0000 -0.9006
vn -0.3931 -0.0000 -0.9195
vn -0.3505 -0.0000 -0.9366
vn -0.3069 -0.0000 -0.9517
vn -0.2628 -0.0000 -0.9649
vn -0.2183 -0.0000 -0.9759
vn -0.1737 -0.0000 -0.9848
vn -0.1293 -0.0000 -0.9916
vn -0.0855 -0.0000 -0.9963
vn -0.0423 -0.0000 -0.9991
vn -0.0002 -0.0000 -1.0000
vn 0.0417 -0.0000 -0.9991
vn 0.0844 -0.0000 -0.9964
vn 0.1280 -0.0000 -0.9918
vn 0.1723 -0.0000 -0.9851
vn 0.2169 -0.0000 -0.9762
vn 0.2617 -0.0000 -0.9651
vn 0.3063 -0.0000 -0.9519
vn 0.3505 -0.0000 -0.9366
vn 0.3939 -0.0000 -0.9192
vn 0.4363 -0.0000 -0.8998
vn 0.4774 -0.0000 -0.8787
vn 0.5157 -0.0000 -0.8568
vn 0.5505 -0.0000 -0.8348
vn 0.5836 -0.0000 -0.8120
vn 0.6162 -0.0000 -0.7876
vn 0.6482 -0.0000 -0.7615
vn 0.6793 -0.0000 -0.7339
vn 0.7093 -0.0000 -0.7049
vn 0.7381 -0.0000 -0.6747
vn 0.7655 -0.0000 -0.6434
vn 0.7915 -0.0000 -0.6111
vn 0.8159 -0.0000 -0.5781
vn 0.8386 -0.0000 -0.5447
vn 0.8603 -0.0000 -0.5097
vn 0.8817 -0.0000 -0.4718
vn 0.9021 -0.0000 -0.4316
vn 0.9208 -0.0000 -0.3900
vn 0.9377 -0.0000 -0.3473
vn 0.9527 -0.0000 -0.3038
vn 0.9657 -0.0000 -0.2598
vn 0.9765 -0.0000 -0.2156
vn 0.9852 -0.0000 -0.1714
vn 0.9918 -0.0000 -0.1275
vn 0.9964 -0.0000 -0.0842
vn 0.9991 -0.0000 -0.0417
vn 1.0000 -0.0000 0.0002
vn 0.9991 -0.0000 0.0423
vn 0.9964 -0.0000 0.0852
vn 0.9917 -0.0000 0.1289
vn 0.9849 -0.0000 0.1729
vn 0.9762 -0.0000 0.2170
vn 0.9654 -0.0000 0.2609
vn 0.9525 -0.0000 0.3044
vn 0.9378 -0.0000 0.3473
vn 0.9212 -0.0000 0.3892
vn 0.9029 -0.0000 0.4299
vn 0.8831 -0.0000 0.4692
vn 0.8624 -0.0000 0.5063
vn 0.8410 -0.0000 0.5411
vn 0.8183 -0.0000 0.5748
vn 0.7940 -0.0000 0.6080
vn 0.7679 -0.0000 0.6405
vn 0.7404 -0.0000 0.6722
vn 0.7115 -0.0000 0.7027
vn 0.6812 -0.0000 0.7321
vn 0.6499 -0.0000 0.7601
vn 0.6176 -0.0000 0.7865
vn 0.5846 -0.0000 0.8114
vn 0.5510 -0.0000 0.8345
vn 0.5158 -0.0000 0.8567
vn 0.4774 -0.0000 0.8787
vn 0.4363 -0.0000 0.8998
vn 0.3939 -0.0000 0.9192
vn 0.3505 -0.0000 0.9366
vn 0.3063 -0.0000 0.9519
vn 0.2617 -0.0000 0.9651
vn 0.2169 -0.0000 0.9762
vn 0.1723 -0.0000 0.9851
vn 0.1280 -0.0000 0.9918
vn 0.0844 -0.0000 0.9964
vn 0.0417 -0.0000 0.9991
vn -0.0002 -0.0000 1.0000
vn -0.0423 -0.0000 0.9991
vn -0.0855 -0.0000 0.9963
vn -0.1293 -0.0000 0.9916
vn -0.1737 -0.0000 0.9848
vn -0.2183 -0.0000 0.9759
vn -0.2628 -0.0000 0.9649
vn -0.3069 -0.0000 0.9517
vn -0.3505 -0.0000 0.9366
vn -0.3931 -0.0000 0.9195
vn -0.4346 -0.0000 0.9006
vn -0.4746 -0.0000 0.8802
vn -0.5124 -0.0000 0.8588
vn -0.5474 -0.0000 0.8369
vn -0.5812 -0.0000 0.8138
vn -0.6145 -0.0000 0.7890
vn -0.6470 -0.0000 0.7625
vn -0.6787 -0.0000 0.7344
vn -0.7093 -0.0000 0.7049
vn -0.7386 -0.0000 0.6741
vn -0.7666 -0.0000 0.6422
vn -0.7929 -0.0000 0.6093
vn -0.8176 -0.0000 0.5758
vn -0.8406 -0.0000 0.5416
vn -0.8350 -0.0000 -0.5502
vn -0.7904 -0.0000 -0.6126
vn -0.7369 -0.0000 -0.6760
vn -0.6756 -0.0000 -0.7373
vn -0.6072 -0.0000 -0.7945
vn -0.5329 -0.0000 -0.8462
vn -0.4545 -0.0000 -0.8907
vn -0.2932 -0.0000 -0.9560
vn -0.2143 -0.0000 -0.9768
vn -0.1385 -0.0000 -0.9904
vn -0.0671 -0.0000 -0.9977
vn 0.0001 -0.0000 -1.0000
vn 0.0676 -0.0000 -0.9977
vn 0.1394 -0.0000 -0.9902
vn 0.2154 -0.0000 -0.9765
vn 0.2945 -0.0000 -0.9557
vn 0.4554 -0.0000 -0.8903
vn 0.5334 -0.0000 -0.8458
vn 0.6072 -0.0000 -0.7946
vn 0.6750 -0.0000 -0.7378
vn 0.7358 -0.0000 -0.6772
vn 0.7888 -0.0000 -0.6147
vn 0.8332 -0.0000 -0.5530
vn 0.8692 -0.0000 -0.4944
vn 0.8990 -0.0000 -0.4380
vn 0.9238 -0.0000 -0.3830
vn 0.9440 -0.0000 -0.3299
vn 0.9602 -0.0000 -0.2792
vn 0.9729 -0.0000 -0.2311
vn 0.9826 -0.0000 -0.1859
vn 0.9897 -0.0000 -0.1434
vn 0.9946 -0.0000 -0.1037
vn 0.9978 -0.0000 -0.0667
vn 0.9995 -0.0000 -0.0323
vn 1.0000 -0.0000 -0.0000
vn 0.9995 -0.0000 0.0322
vn 0.9978 -0.0000 0.0665
vn 0.9947 -0.0000 0.1033
vn 0.9898 -0.0000 0.1427
vn 0.9827 -0.0000 0.1849
vn 0.9732 -0.0000 0.2299
vn 0.9607 -0.0000 0.2776
vn 0.9447 -0.0000 0.3279
vn 0.9248 -0.0000 0.3805
vn 0.9004 -0.0000 0.4350
vn 0.8712 -0.0000 0.4910
vn 0.8358 -0.0000 0.5491
vn 0.7919 -0.0000 0.6107
vn 0.7392 -0.0000 0.6734
vn 0.6788 -0.0000 0.7343
vn 0.6112 -0.0000 0.7915
vn 0.5374 -0.0000 0.8433
vn 0.4592 -0.0000 0.8883
vn 0.3785 -0.0000 0.9256
vn 0.2973 -0.0000 0.9548
vn 0.2175 -0.0000 0.9760
vn 0.1408 -0.0000 0.9900
vn 0.0683 -0.0000 0.9977
vn 0.0001 -0.0000 1.0000
vn -0.0678 -0.0000 0.9977
vn -0.1400 -0.0000 0.9902
vn -0.2164 -0.0000 0.9763
vn -0.2960 -0.0000 0.9552
vn -0.3773 -0.0000 0.9261
vn -0.4582 -0.0000 0.8888
vn -0.5369 -0.0000 0.8437
vn -0.6112 -0.0000 0.7915
vn -0.6794 -0.0000 0.7338
vn -0.7404 -0.0000 0.6722
vn -0.7935 -0.0000 0.6086
vn -0.8376 -0.0000 0.5463
vn -0.8728 -0.0000 0.4880
vn -0.9018 -0.0000 0.4323
vn -0.9258 -0.0000 0.3779
vn -0.9455 -0.0000 0.3256
vn -0.9613 -0.0000 0.2756
vn -0.9736 -0.0000 0.2282
vn -0.9830 -0.0000 0.1835
vn -0.9899 -0.0000 0.1416
vn -0.9947 -0.0000 0.1025
vn -0.9978 -0.0000 0.0659
vn -0.9995 -0.0000 0.0319
vn -1.0000 -0.0000 -0.0000
vn -0.9995 -0.0000 -0.0320
vn -0.9978 -0.0000 -0.0662
vn -0.9947 -0.0000 -0.1029
vn -0.9898 -0.0000 -0.1423
vn -0.9828 -0.0000 -0.1844
vn -0.9733 -0.0000 -0.2294
vn -0.9608 -0.0000 -0.2772
vn -0.9448 -0.0000 -0.3276
vn -0.9248 -0.0000 -0.3804
vn -0.9003 -0.0000 -0.4352
vn -0.8709 -0.0000 -0.4915
vn -0.3816 -0.0000 0.9243
vn -0.3400 -0.0000 0.9404
vn -0.3026 -0.0000 0.9531
vn -0.2664 -0.0000 0.9639
vn -0.2315 -0.0000 0.9728
vn -0.1978 -0.0000 0.9802
vn -0.1655 -0.0000 0.9862
vn -0.1346 -0.0000 0.9909
vn -0.1051 -0.0000 0.9945
vn -0.0769 -0.0000 0.9970
vn -0.0500 -0.0000 0.9987
vn -0.0245 -0.0000 0.9997
vn 0.0168 -0.0000 0.9999
vn 0.0939 -0.0000 0.9956
vn 0.1931 -0.0000 0.9812
vn 0.2959 -0.0000 0.9552
vn 0.3989 -0.0000 0.9170
vn 0.4983 -0.0000 0.8670
vn 0.5904 -0.0000 0.8071
vn 0.6725 -0.0000 0.7401
vn 0.7432 -0.0000 0.6691
vn 0.8021 -0.0000 0.5972
vn 0.8499 -0.0000 0.5269
vn 0.8880 -0.0000 0.4599
vn 0.9182 -0.0000 0.3960
vn 0.9419 -0.0000 0.3359
vn 0.9594 -0.0000 0.2821
vn 0.9719 -0.0000 0.2353
vn 0.9809 -0.0000 0.1945
vn 0.9873 -0.0000 0.1589
vn 0.9918 -0.0000 0.1275
vn 0.9950 -0.0000 0.0999
vn 0.9972 -0.0000 0.0753
vn 0.9986 -0.0000 0.0534
vn 0.9994 -0.0000 0.0338
vn 0.9999 -0.0000 0.0162
vn 1.0000 -0.0000 0.0032
vn 1.0000 -0.0000 -0.0029
vn 1.0000 -0.0000 -0.0091
vn 0.9999 -0.0000 -0.0122
vn 0.9999 -0.0000 -0.0157
vn 0.9998 -0.0000 -0.0192
vn 0.9997 -0.0000 -0.0229
vn 0.9996 -0.0000 -0.0267
vn 0.9995 -0.0000 -0.0307
vn 0.9994 -0.0000 -0.0349
vn 0.9992 -0.0000 -0.0392
vn 0.9990 -0.0000 -0.0436
vn 0.9988 -0.0000 -0.0483
vn 0.9986 -0.0000 -0.0531
vn 0.9983 -0.0000 -0.0579
vn 0.9980 -0.0000 -0.0631
vn 0.9977 -0.0000 -0.0684
vn 0.9973 -0.0000 -0.0739
vn 0.9968 -0.0000 -0.0796
vn 0.9963 -0.0000 -0.0856
vn 0.9958 -0.0000 -0.0919
vn 0.9951 -0.0000 -0.0985
vn 0.9944 -0.0000 -0.1054
vn 0.1676 -0.0000 -0.9859
vn -0.9976 -0.0000 0.0691
vn -0.8220 -0.0000 0.5696
vn -0.7959 -0.0000 0.6055
vn -0.7668 -0.0000 0.6418
vn -0.7348 -0.0000 0.6783
vn -0.6997 -0.0000 0.7144
vn -0.6615 -0.0000 0.7500
vn -0.6203 -0.0000 0.7844
vn -0.5763 -0.0000 0.8173
vn -0.5297 -0.0000 0.8482
vn -0.4808 -0.0000 0.8768
vn -0.4301 -0.0000 0.9028
vn -0.9824 -0.0000 -0.1870
vn -0.9866 -0.0000 -0.1630
vn -0.9900 -0.0000 -0.1412
vn -0.9926 -0.0000 -0.1213
vn -0.9947 -0.0000 -0.1031
vn -0.9963 -0.0000 -0.0864
vn -0.9975 -0.0000 -0.0711
vn -0.9984 -0.0000 -0.0569
vn -0.9990 -0.0000 -0.0438
vn -0.9995 -0.0000 -0.0316
vn -0.9998 -0.0000 -0.0204
vn -1.0000 -0.0000 -0.0099
vn -1.0000 -0.0000 -0.0015
vn -1.0000 -0.0000 0.0037
vn -1.0000 -0.0000 0.0077
vn -0.9999 -0.0000 0.0118
vn -0.9999 -0.0000 0.0162
vn -0.9998 -0.0000 0.0208
vn -0.9997 -0.0000 0.0258
vn -0.9995 -0.0000 0.0311
vn -0.9993 -0.0000 0.0367
vn -0.9991 -0.0000 0.0426
vn -0.9988 -0.0000 0.0490
vn -0.9984 -0.0000 0.0558
vn -0.1945 -0.0000 0.9809
vn 0.9821 -0.0000 -0.1882
vn 0.6593 -0.0000 -0.7518
vn 0.6266 -0.0000 -0.7793
vn 0.5926 -0.0000 -0.8055
vn 0.5573 -0.0000 -0.8303
vn 0.5209 -0.0000 -0.8536
vn 0.4836 -0.0000 -0.8753
vn 0.4456 -0.0000 -0.8952
vn 0.4072 -0.0000 -0.9133
vn 0.3686 -0.0000 -0.9296
vn 0.3301 -0.0000 -0.9440
vn 0.2918 -0.0000 -0.9565
vn 0.2569 -0.0000 -0.9664
vn 0.2289 -0.0000 -0.9735
vn 0.2046 -0.0000 -0.9789
vn 0.1810 -0.0000 -0.9835
vn 0.1581 -0.0000 -0.9874
vn 0.1359 -0.0000 -0.9907
vn 0.1144 -0.0000 -0.9934
vn 0.0937 -0.0000 -0.9956
vn 0.0736 -0.0000 -0.9973
vn 0.0542 -0.0000 -0.9985
vn 0.0355 -0.0000 -0.9994
vn 0.0175 -0.0000 -0.9998
vn -0.0100 -0.0000 -1.0000
vn -0.0585 -0.0000 -0.9983
vn -0.1197 -0.0000 -0.9928
vn -0.1836 -0.0000 -0.9830
vn -0.2495 -0.0000 -0.9684
vn -0.3166 -0.0000 -0.9485
vn -0.3839 -0.0000 -0.9234
vn -0.4502 -0.0000 -0.8929
vn -0.5145 -0.0000 -0.8575
vn -0.5756 -0.0000 -0.8177
vn -0.6329 -0.0000 -0.7743
vn -0.6855 -0.0000 -0.7281
vn -0.7346 -0.0000 -0.6785
vn -0.7806 -0.0000 -0.6251
vn -0.8208 -0.0000 -0.5712
vn -0.8545 -0.0000 -0.5195
vn -0.8823 -0.0000 -0.4707
vn -0.9052 -0.0000 -0.4250
vn -0.9240 -0.0000 -0.3824
vn -0.9394 -0.0000 -0.3430
vn -0.9519 -0.0000 -0.3066
vn -0.9620 -0.0000 -0.2729
vn -0.9703 -0.0000 -0.2419
vn -0.9770 -0.0000 -0.2133
vt 0.045643 0.000000
vt 0.053942 0.000000
vt 0.049793 0.000000
vt 0.041494 0.000000
vt 0.058091 0.000000
vt 0.037344 0.000000
vt 0.062241 0.000000
vt 0.033195 0.000000
vt 0.066390 0.000000
vt 0.029046 0.000000
vt 0.070539 0.000000
vt 0.024896 0.000000
vt 0.074689 0.000000
vt 0.020747 0.000000
vt 0.078838 0.000000
vt 0.016598 0.000000
vt 0.082988 0.000000
vt 0.012448 0.000000
vt 0.087137 0.000000
vt 0.008299 0.000000
vt 0.091286 0.000000
vt 0.004149 0.000000
vt 0.095436 0.000000
vt 0.000000 0.000000
vt 0.099585 0.000000
vt 0.394191 0.000000
vt 0.103734 0.000000
vt 0.390042 0.000000
vt 0.452282 0.000000
vt 0.448133 0.000000
vt 0.443983 0.000000
vt 0.439834 0.000000
vt 0.435685 0.000000
vt 0.107884 0.000000
vt 0.456432 0.000000
vt 0.431535 0.000000
vt 0.427386 0.000000
vt 0.423237 0.000000
vt 0.460581 0.000000
vt 0.419087 0.000000
vt 0.414938 0.000000
vt 0.410788 0.000000
vt 0.464730 0.000000
vt 0.406639 0.000000
vt 0.402490 0.000000
vt 0.398340 0.000000
vt 0.468880 0.000000
vt 0.697095 0.000000
vt 0.692946 0.000000
vt 0.473029 0.000000
vt 0.688797 0.000000
vt 0.684647 0.000000
vt 0.680498 0.000000
vt 0.477178 0.000000
vt 0.385892 0.000000
vt 0.112033 0.000000
vt 0.676349 0.000000
vt 0.672199 0.000000
vt 0.481328 0.000000
vt 0.668050 0.000000
vt 0.663900 0.000000
vt 0.659751 0.000000
vt 0.485477 0.000000
vt 0.655602 0.000000
vt 0.651452 0.000000
vt 0.489627 0.000000
vt 0.647303 0.000000
vt 0.800830 0.000000
vt 0.381743 0.000000
vt 0.116183 0.000000
vt 0.493776 0.000000
vt 0.497925 0.000000
vt 0.377593 0.000000
vt 0.120332 0.000000
vt 0.502075 0.000000
vt 0.506224 0.000000
vt 0.373444 0.000000
vt 0.124481 0.000000
vt 0.510373 0.000000
vt 0.514523 0.000000
vt 0.369295 0.000000
vt 0.128631 0.000000
vt 0.518672 0.000000
vt 0.522822 0.000000
vt 0.132780 0.000000
vt 0.365145 0.000000
vt 0.526971 0.000000
vt 0.136929 0.000000
vt 0.360996 0.000000
vt 0.531120 0.000000
vt 0.804979 0.000000
vt 0.796681 0.000000
vt 0.792531 0.000000
vt 0.788382 0.000000
vt 0.535270 0.000000
vt 0.141079 0.000000
vt 0.356846 0.000000
vt 0.784232 0.000000
vt 0.780083 0.000000
vt 0.539419 0.000000
vt 0.775934 0.000000
vt 0.145228 0.000000
vt 0.352697 0.000000
vt 0.771784 0.000000
vt 0.767635 0.000000
vt 0.543568 0.000000
vt 0.763485 0.000000
vt 0.149378 0.000000
vt 0.348548 0.000000
vt 0.759336 0.000000
vt 0.547718 0.000000
vt 0.755187 0.000000
vt 0.751037 0.000000
vt 0.344398 0.000000
vt 0.551867 0.000000
vt 0.746888 0.000000
vt 0.153527 0.000000
vt 0.556017 0.000000
vt 0.560166 0.000000
vt 0.742739 0.000000
vt 0.564315 0.000000
vt 0.340249 0.000000
vt 0.157676 0.000000
vt 0.568465 0.000000
vt 0.738589 0.000000
vt 0.572614 0.000000
vt 0.576764 0.000000
vt 0.734440 0.000000
vt 0.580913 0.000000
vt 0.585062 0.000000
vt 0.336100 0.000000
vt 0.161826 0.000000
vt 0.730290 0.000000
vt 0.589212 0.000000
vt 0.593361 0.000000
vt 0.726141 0.000000
vt 0.597510 0.000000
vt 0.601660 0.000000
vt 0.331950 0.000000
vt 0.165975 0.000000
vt 0.721992 0.000000
vt 0.605809 0.000000
vt 0.609959 0.000000
vt 0.614108 0.000000
vt 0.717842 0.000000
vt 0.618257 0.000000
vt 0.622407 0.000000
vt 0.327801 0.000000
vt 0.170124 0.000000
vt 0.713693 0.000000
vt 0.626556 0.000000
vt 0.630705 0.000000
vt 0.709544 0.000000
vt 0.634855 0.000000
vt 0.639004 0.000000
vt 0.705394 0.000000
vt 0.323651 0.000000
vt 0.174274 0.000000
vt 0.643154 0.000000
vt 0.701245 0.000000
vt 1.000000 0.000000
vt 0.319502 0.000000
vt 0.178423 0.000000
vt 0.995851 0.000000
vt 0.991701 0.000000
vt 0.987552 0.000000
vt 0.315353 0.000000
vt 0.182573 0.000000
vt 0.983402 0.000000
vt 0.979253 0.000000
vt 0.975104 0.000000
vt 0.311203 0.000000
vt 0.186722 0.000000
vt 0.970954 0.000000
vt 0.966805 0.000000
vt 0.962656 0.000000
vt 0.307054 0.000000
vt 0.190871 0.000000
vt 0.958506 0.000000
vt 0.954357 0.000000
vt 0.950207 0.000000
vt 0.946058 0.000000
vt 0.809129 0.000000
vt 0.302905 0.000000
vt 0.195021 0.000000
vt 0.813278 0.000000
vt 0.941909 0.000000
vt 0.817427 0.000000
vt 0.821577 0.000000
vt 0.937759 0.000000
vt 0.825726 0.000000
vt 0.829876 0.000000
vt 0.933610 0.000000
vt 0.834025 0.000000
vt 0.838174 0.000000
vt 0.929461 0.000000
vt 0.842324 0.000000
vt 0.846473 0.000000
vt 0.925311 0.000000
vt 0.850622 0.000000
vt 0.854772 0.000000
vt 0.921162 0.000000
vt 0.858921 0.000000
vt 0.863071 0.000000
vt 0.867220 0.000000
vt 0.917012 0.000000
vt 0.871369 0.000000
vt 0.875519 0.000000
vt 0.912863 0.000000
vt 0.879668 0.000000
vt 0.883817 0.000000
vt 0.887967 0.000000
vt 0.908714 0.000000
vt 0.892116 0.000000
vt 0.896266 0.000000
vt 0.904564 0.000000
vt 0.900415 0.000000
vt 0.298755 0.000000
vt 0.199170 0.000000
vt 0.294606 0.000000
vt 0.203320 0.000000
vt 0.290456 0.000000
vt 0.207469 0.000000
vt 0.211618 0.000000
vt 0.286307 0.000000
vt 0.215768 0.000000
vt 0.282158 0.000000
vt 0.219917 0.000000
vt 0.278008 0.000000
vt 0.224066 0.000000
vt 0.273859 0.000000
vt 0.228216 0.000000
vt 0.269710 0.000000
vt 0.232365 0.000000
vt 0.265560 0.000000
vt 0.236515 0.000000
vt 0.261411 0.000000
vt 0.240664 0.000000
vt 0.257261 0.000000
vt 0.244813 0.000000
vt 0.253112 0.000000
vt 0.248963 0.000000
vt 0.328671 0.000000
vt 0.342657 0.000000
vt 0.335664 0.000000
vt 0.321678 0.000000
vt 0.349650 0.000000
vt 0.314685 0.000000
vt 0.356643 0.000000
vt 0.307692 0.000000
vt 0.363636 0.000000
vt 0.300699 0.000000
vt 0.370629 0.000000
vt 0.293706 0.000000
vt 0.377622 0.000000
vt 0.286713 0.000000
vt 0.384615 0.000000
vt 0.279720 0.000000
vt 0.391608 0.000000
vt 0.272727 0.000000
vt 0.398601 0.000000
vt 0.265734 0.000000
vt 0.405594 0.000000
vt 0.258741 0.000000
vt 0.412587 0.000000
vt 0.251748 0.000000
vt 0.419580 0.000000
vt 0.244755 0.000000
vt 0.426573 0.000000
vt 0.433566 0.000000
vt 0.237762 0.000000
vt 0.440559 0.000000
vt 0.230769 0.000000
vt 0.447552 0.000000
vt 0.223776 0.000000
vt 0.454545 0.000000
vt 0.216783 0.000000
vt 0.461538 0.000000
vt 0.209790 0.000000
vt 0.468531 0.000000
vt 0.202797 0.000000
vt 0.195804 0.000000
vt 0.475524 0.000000
vt 0.188811 0.000000
vt 0.482517 0.000000
vt 0.181818 0.000000
vt 0.489510 0.000000
vt 0.174825 0.000000
vt 0.496504 0.000000
vt 0.167832 0.000000
vt 0.503497 0.000000
vt 0.160839 0.000000
vt 0.510490 0.000000
vt 0.517483 0.000000
vt 0.153846 0.000000
vt 0.524476 0.000000
vt 0.146853 0.000000
vt 0.531469 0.000000
vt 0.139860 0.000000
vt 0.538462 0.000000
vt 0.132867 0.000000
vt 0.545455 0.000000
vt 0.125874 0.000000
vt 0.118881 0.000000
vt 0.552448 0.000000
vt 0.111888 0.000000
vt 0.559441 0.000000
vt 0.104895 0.000000
vt 0.566434 0.000000
vt 0.097902 0.000000
vt 0.573427 0.000000
vt 0.090909 0.000000
vt 0.580420 0.000000
vt 0.083916 0.000000
vt 0.587413 0.000000
vt 0.076923 0.000000
vt 0.594406 0.000000
vt 0.069930 0.000000
vt 0.601399 0.000000
vt 0.062937 0.000000
vt 0.608392 0.000000
vt 0.055944 0.000000
vt 0.615385 0.000000
vt 0.048951 0.000000
vt 0.622378 0.000000
vt 0.041958 0.000000
vt 0.629371 0.000000
vt 0.034965 0.000000
vt 0.636364 0.000000
vt 0.027972 0.000000
vt 0.643357 0.000000
vt 0.020979 0.000000
vt 0.650350 0.000000
vt 0.013986 0.000000
vt 0.657343 0.000000
vt 0.006993 0.000000
vt 0.664336 0.000000
vt 0.671329 0.000000
vt 0.678322 0.000000
vt 0.993007 0.000000
vt 0.685315 0.000000
vt 0.986014 0.000000
vt 0.692308 0.000000
vt 0.979021 0.000000
vt 0.699301 0.000000
vt 0.972028 0.000000
vt 0.706294 0.000000
vt 0.965035 0.000000
vt 0.713287 0.000000
vt 0.958042 0.000000
vt 0.720280 0.000000
vt 0.951049 0.000000
vt 0.727273 0.000000
vt 0.944056 0.000000
vt 0.734266 0.000000
vt 0.937063 0.000000
vt 0.741259 0.000000
vt 0.930070 0.000000
vt 0.748252 0.000000
vt 0.923077 0.000000
vt 0.755245 0.000000
vt 0.916084 0.000000
vt 0.762238 0.000000
vt 0.909091 0.000000
vt 0.769231 0.000000
vt 0.902098 0.000000
vt 0.776224 0.000000
vt 0.895105 0.000000
vt 0.783217 0.000000
vt 0.888112 0.000000
vt 0.790210 0.000000
vt 0.881119 0.000000
vt 0.797203 0.000000
vt 0.874126 0.000000
vt 0.804196 0.000000
vt 0.867133 0.000000
vt 0.811189 0.000000
vt 0.860140 0.000000
vt 0.818182 0.000000
vt 0.853147 0.000000
vt 0.825175 0.000000
vt 0.846154 0.000000
vt 0.832168 0.000000
vt 0.839161 0.000000
vt 0.800000 0.000000
vt 0.900000 0.000000
vt 0.600000 0.000000
vt 0.700000 0.000000
vt 0.500000 0.000000
vt 0.300000 0.000000
vt 0.400000 0.000000
vt 0.100000 0.000000
vt 0.200000 0.000000
vt 0.955224 0.000000
vt 0.985075 0.000000
vt 0.970149 0.000000
vt 0.014925 0.000000
vt 0.029851 0.000000
vt 0.940298 0.000000
vt 0.925373 0.000000
vt 0.044776 0.000000
vt 0.910448 0.000000
vt 0.895522 0.000000
vt 0.880597 0.000000
vt 0.059701 0.000000
vt 0.865672 0.000000
vt 0.850746 0.000000
vt 0.835821 0.000000
vt 0.074627 0.000000
vt 0.820895 0.000000
vt 0.805970 0.000000
vt 0.791045 0.000000
vt 0.776119 0.000000
vt 0.089552 0.000000
vt 0.761194 0.000000
vt 0.746269 0.000000
vt 0.731343 0.000000
vt 0.716418 0.000000
vt 0.104478 0.000000
vt 0.701493 0.000000
vt 0.686567 0.000000
vt 0.671642 0.000000
vt 0.656716 0.000000
vt 0.641791 0.000000
vt 0.119403 0.000000
vt 0.626866 0.000000
vt 0.611940 0.000000
vt 0.597015 0.000000
vt 0.582090 0.000000
vt 0.567164 0.000000
vt 0.134328 0.000000
vt 0.552239 0.000000
vt 0.537313 0.000000
vt 0.522388 0.000000
vt 0.507463 0.000000
vt 0.492537 0.000000
vt 0.477612 0.000000
vt 0.462687 0.000000
vt 0.149254 0.000000
vt 0.447761 0.000000
vt 0.432836 0.000000
vt 0.417910 0.000000
vt 0.402985 0.000000
vt 0.388060 0.000000
vt 0.164179 0.000000
vt 0.179104 0.000000
vt 0.194030 0.000000
vt 0.208955 0.000000
vt 0.223881 0.000000
vt 0.238806 0.000000
vt 0.253731 0.000000
vt 0.268657 0.000000
vt 0.283582 0.000000
vt 0.298507 0.000000
vt 0.313433 0.000000
vt 0.328358 0.000000
vt 0.343284 0.000000
vt 0.358209 0.000000
vt 0.373134 0.000000
vt 0.652482 0.000000
vt 0.659574 0.000000
vt 0.656028 0.000000
vt 0.648936 0.000000
vt 0.645390 0.000000
vt 0.663121 0.000000
vt 0.641844 0.000000
vt 0.638298 0.000000
vt 0.666667 0.000000
vt 0.634752 0.000000
vt 0.631206 0.000000
vt 0.670213 0.000000
vt 0.627660 0.000000
vt 0.624114 0.000000
vt 0.673759 0.000000
vt 0.620567 0.000000
vt 0.617021 0.000000
vt 0.677305 0.000000
vt 0.613475 0.000000
vt 0.609929 0.000000
vt 0.606383 0.000000
vt 0.680851 0.000000
vt 0.602837 0.000000
vt 0.599291 0.000000
vt 0.684397 0.000000
vt 0.595745 0.000000
vt 0.592199 0.000000
vt 0.687943 0.000000
vt 0.588652 0.000000
vt 0.585106 0.000000
vt 0.691489 0.000000
vt 0.581560 0.000000
vt 0.578014 0.000000
vt 0.574468 0.000000
vt 0.695035 0.000000
vt 0.570922 0.000000
vt 0.567376 0.000000
vt 0.563830 0.000000
vt 0.560284 0.000000
vt 0.556738 0.000000
vt 0.553191 0.000000
vt 0.549645 0.000000
vt 0.698582 0.000000
vt 0.546099 0.000000
vt 0.542553 0.000000
vt 0.702128 0.000000
vt 0.539007 0.000000
vt 0.535461 0.000000
vt 0.531915 0.000000
vt 0.705674 0.000000
vt 0.528369 0.000000
vt 0.524823 0.000000
vt 0.521277 0.000000
vt 0.709220 0.000000
vt 0.517730 0.000000
vt 0.514184 0.000000
vt 0.510638 0.000000
vt 0.507092 0.000000
vt 0.712766 0.000000
vt 0.503546 0.000000
vt 0.496454 0.000000
vt 0.716312 0.000000
vt 0.492908 0.000000
vt 0.489362 0.000000
vt 0.719858 0.000000
vt 0.485816 0.000000
vt 0.482269 0.000000
vt 0.723404 0.000000
vt 0.478723 0.000000
vt 0.475177 0.000000
vt 0.471631 0.000000
vt 0.726950 0.000000
vt 0.468085 0.000000
vt 0.464539 0.000000
vt 0.460993 0.000000
vt 0.730496 0.000000
vt 0.457447 0.000000
vt 0.453901 0.000000
vt 0.734043 0.000000
vt 0.450355 0.000000
vt 0.737589 0.000000
vt 0.446809 0.000000
vt 0.443262 0.000000
vt 0.439716 0.000000
vt 0.003546 0.000000
vt 0.436170 0.000000
vt 0.429078 0.000000
vt 0.432624 0.000000
vt 0.425532 0.000000
vt 0.421986 0.000000
vt 0.418440 0.000000
vt 0.872340 0.000000
vt 0.414894 0.000000
vt 0.411348 0.000000
vt 0.407801 0.000000
vt 0.404255 0.000000
vt 0.400709 0.000000
vt 0.397163 0.000000
vt 0.393617 0.000000
vt 0.390071 0.000000
vt 0.386525 0.000000
vt 0.382979 0.000000
vt 0.379433 0.000000
vt 0.375887 0.000000
vt 0.372340 0.000000
vt 0.875886 0.000000
vt 0.879433 0.000000
vt 0.868794 0.000000
vt 0.882979 0.000000
vt 0.886525 0.000000
vt 0.890071 0.000000
vt 0.893617 0.000000
vt 0.368794 0.000000
vt 0.897163 0.000000
vt 0.900709 0.000000
vt 0.904255 0.000000
vt 0.907801 0.000000
vt 0.911348 0.000000
vt 0.365248 0.000000
vt 0.914894 0.000000
vt 0.918440 0.000000
vt 0.921986 0.000000
vt 0.925532 0.000000
vt 0.361702 0.000000
vt 0.929078 0.000000
vt 0.932624 0.000000
vt 0.936170 0.000000
vt 0.358156 0.000000
vt 0.939716 0.000000
vt 0.943262 0.000000
vt 0.354610 0.000000
vt 0.946809 0.000000
vt 0.950355 0.000000
vt 0.953901 0.000000
vt 0.351064 0.000000
vt 0.957447 0.000000
vt 0.960993 0.000000
vt 0.347518 0.000000
vt 0.964539 0.000000
vt 0.968085 0.000000
vt 0.865248 0.000000
vt 0.007092 0.000000
vt 0.971631 0.000000
vt 0.343972 0.000000
vt 0.861702 0.000000
vt 0.010638 0.000000
vt 0.975177 0.000000
vt 0.858156 0.000000
vt 0.014184 0.000000
vt 0.978723 0.000000
vt 0.854610 0.000000
vt 0.017730 0.000000
vt 0.340426 0.000000
vt 0.982270 0.000000
vt 0.851064 0.000000
vt 0.021277 0.000000
vt 0.985816 0.000000
vt 0.847518 0.000000
vt 0.024823 0.000000
vt 0.989362 0.000000
vt 0.843972 0.000000
vt 0.028369 0.000000
vt 0.336879 0.000000
vt 0.992908 0.000000
vt 0.840426 0.000000
vt 0.031915 0.000000
vt 0.836879 0.000000
vt 0.996454 0.000000
vt 0.035461 0.000000
vt 0.833333 0.000000
vt 0.039007 0.000000
vt 0.829787 0.000000
vt 0.741135 0.000000
vt 0.333333 0.000000
vt 0.042553 0.000000
vt 0.826241 0.000000
vt 0.744681 0.000000
vt 0.046099 0.000000
vt 0.822695 0.000000
vt 0.748227 0.000000
vt 0.049645 0.000000
vt 0.819149 0.000000
vt 0.751773 0.000000
vt 0.053191 0.000000
vt 0.815603 0.000000
vt 0.755319 0.000000
vt 0.056738 0.000000
vt 0.812057 0.000000
vt 0.329787 0.000000
vt 0.758865 0.000000
vt 0.060284 0.000000
vt 0.808511 0.000000
vt 0.762411 0.000000
vt 0.063830 0.000000
vt 0.804965 0.000000
vt 0.765957 0.000000
vt 0.801418 0.000000
vt 0.067376 0.000000
vt 0.769504 0.000000
vt 0.797872 0.000000
vt 0.773050 0.000000
vt 0.794326 0.000000
vt 0.070922 0.000000
vt 0.776596 0.000000
vt 0.790780 0.000000
vt 0.780142 0.000000
vt 0.787234 0.000000
vt 0.783688 0.000000
vt 0.074468 0.000000
vt 0.078014 0.000000
vt 0.326241 0.000000
vt 0.081560 0.000000
vt 0.085106 0.000000
vt 0.088652 0.000000
vt 0.177305 0.000000
vt 0.092199 0.000000
vt 0.322695 0.000000
vt 0.319149 0.000000
vt 0.315603 0.000000
vt 0.180851 0.000000
vt 0.173759 0.000000
vt 0.312057 0.000000
vt 0.170213 0.000000
vt 0.184397 0.000000
vt 0.308511 0.000000
vt 0.166667 0.000000
vt 0.187943 0.000000
vt 0.163121 0.000000
vt 0.191489 0.000000
vt 0.304965 0.000000
vt 0.159574 0.000000
vt 0.195035 0.000000
vt 0.156028 0.000000
vt 0.301418 0.000000
vt 0.198582 0.000000
vt 0.152482 0.000000
vt 0.202128 0.000000
vt 0.297872 0.000000
vt 0.148936 0.000000
vt 0.205674 0.000000
vt 0.145390 0.000000
vt 0.294326 0.000000
vt 0.141844 0.000000
vt 0.209220 0.000000
vt 0.138298 0.000000
vt 0.212766 0.000000
vt 0.290780 0.000000
vt 0.134752 0.000000
vt 0.216312 0.000000
vt 0.131206 0.000000
vt 0.219858 0.000000
vt 0.287234 0.000000
vt 0.127660 0.000000
vt 0.223404 0.000000
vt 0.124113 0.000000
vt 0.283688 0.000000
vt 0.120567 0.000000
vt 0.226950 0.000000
vt 0.117021 0.000000
vt 0.230496 0.000000
vt 0.280142 0.000000
vt 0.113475 0.000000
vt 0.234043 0.000000
vt 0.109929 0.000000
vt 0.276596 0.000000
vt 0.237589 0.000000
vt 0.106383 0.000000
vt 0.102837 0.000000
vt 0.241135 0.000000
vt 0.273050 0.000000
vt 0.099291 0.000000
vt 0.244681 0.000000
vt 0.095745 0.000000
vt 0.248227 0.000000
vt 0.269504 0.000000
vt 0.251773 0.000000
vt 0.265957 0.000000
vt 0.255319 0.000000
vt 0.258865 0.000000
vt 0.262411 0.000000
vt 0.396226 0.000000
vt 0.877358 0.000000
vt 0.405660 0.000000
vt 0.415094 0.000000
vt 0.424528 0.000000
vt 0.433962 0.000000
vt 0.443396 0.000000
vt 0.452830 0.000000
vt 0.462264 0.000000
vt 0.471698 0.000000
vt 0.481132 0.000000
vt 0.490566 0.000000
vt 0.509434 0.000000
vt 0.518868 0.000000
vt 0.009434 0.000000
vt 0.018868 0.000000
vt 0.028302 0.000000
vt 0.037736 0.000000
vt 0.047170 0.000000
vt 0.867925 0.000000
vt 0.056604 0.000000
vt 0.886792 0.000000
vt 0.858491 0.000000
vt 0.849057 0.000000
vt 0.839623 0.000000
vt 0.830189 0.000000
vt 0.066038 0.000000
vt 0.820755 0.000000
vt 0.811321 0.000000
vt 0.801887 0.000000
vt 0.792453 0.000000
vt 0.783019 0.000000
vt 0.773585 0.000000
vt 0.075472 0.000000
vt 0.764151 0.000000
vt 0.754717 0.000000
vt 0.745283 0.000000
vt 0.735849 0.000000
vt 0.084906 0.000000
vt 0.726415 0.000000
vt 0.716981 0.000000
vt 0.707547 0.000000
vt 0.094340 0.000000
vt 0.698113 0.000000
vt 0.688679 0.000000
vt 0.679245 0.000000
vt 0.103774 0.000000
vt 0.669811 0.000000
vt 0.660377 0.000000
vt 0.113208 0.000000
vt 0.650943 0.000000
vt 0.641509 0.000000
vt 0.632075 0.000000
vt 0.122642 0.000000
vt 0.622642 0.000000
vt 0.132075 0.000000
vt 0.613208 0.000000
vt 0.141509 0.000000
vt 0.603774 0.000000
vt 0.594340 0.000000
vt 0.150943 0.000000
vt 0.584906 0.000000
vt 0.160377 0.000000
vt 0.575472 0.000000
vt 0.566038 0.000000
vt 0.169811 0.000000
vt 0.556604 0.000000
vt 0.547170 0.000000
vt 0.179245 0.000000
vt 0.537736 0.000000
vt 0.528302 0.000000
vt 0.188679 0.000000
vt 0.990566 0.000000
vt 0.198113 0.000000
vt 0.981132 0.000000
vt 0.971698 0.000000
vt 0.962264 0.000000
vt 0.207547 0.000000
vt 0.952830 0.000000
vt 0.943396 0.000000
vt 0.933962 0.000000
vt 0.924528 0.000000
vt 0.915094 0.000000
vt 0.905660 0.000000
vt 0.216981 0.000000
vt 0.896226 0.000000
vt 0.377358 0.000000
vt 0.226415 0.000000
vt 0.235849 0.000000
vt 0.245283 0.000000
vt 0.254717 0.000000
vt 0.264151 0.000000
vt 0.273585 0.000000
vt 0.283019 0.000000
vt 0.292453 0.000000
vt 0.301887 0.000000
vt 0.311321 0.000000
vt 0.320755 0.000000
vt 0.330189 0.000000
vt 0.339623 0.000000
vt 0.367925 0.000000
vt 0.349057 0.000000
vt 0.386792 0.000000
vt 0.358491 0.000000
vt 0.888889 0.000000
vt 0.777778 0.000000
vt 0.555556 0.000000
vt 0.111111 0.000000
vt 0.222222 0.000000
vt 0.444444 0.000000
vt 0.000000 1.000000
vt 0.142857 1.000000
vt 0.142857 0.000000
vt 0.285714 1.000000
vt 0.285714 0.000000
vt 0.428571 1.000000
vt 0.428571 0.000000
vt 0.571429 1.000000
vt 0.571429 0.000000
vt 0.714286 1.000000
vt 0.714286 0.000000
vt 0.857143 1.000000
vt 0.857143 0.000000
vt 1.000000 1.000000
vt 0.250000 1.000000
vt 0.250000 0.000000
vt 0.500000 1.000000
vt 0.750000 1.000000
vt 0.750000 0.000000
vt 0.166667 1.000000
vt 0.333333 1.000000
vt 0.666667 1.000000
vt 0.833333 1.000000
vt 0.017857 1.000000
vt 0.017857 0.000000
vt 0.035714 1.000000
vt 0.035714 0.000000
vt 0.053571 1.000000
vt 0.053571 0.000000
vt 0.071429 1.000000
vt 0.071429 0.000000
vt 0.089286 1.000000
vt 0.089286 0.000000
vt 0.107143 1.000000
vt 0.107143 0.000000
vt 0.125000 1.000000
vt 0.125000 0.000000
vt 0.160714 1.000000
vt 0.160714 0.000000
vt 0.178571 1.000000
vt 0.178571 0.000000
vt 0.196429 1.000000
vt 0.196429 0.000000
vt 0.214286 1.000000
vt 0.214286 0.000000
vt 0.232143 1.000000
vt 0.232143 0.000000
vt 0.267857 1.000000
vt 0.267857 0.000000
vt 0.303571 1.000000
vt 0.303571 0.000000
vt 0.321429 1.000000
vt 0.321429 0.000000
vt 0.339286 1.000000
vt 0.339286 0.000000
vt 0.357143 1.000000
vt 0.357143 0.000000
vt 0.375000 1.000000
vt 0.375000 0.000000
vt 0.392857 1.000000
vt 0.392857 0.000000
vt 0.410714 1.000000
vt 0.410714 0.000000
vt 0.446429 1.000000
vt 0.446429 0.000000
vt 0.464286 1.000000
vt 0.464286 0.000000
vt 0.482143 1.000000
vt 0.482143 0.000000
vt 0.517857 1.000000
vt 0.517857 0.000000
vt 0.535714 1.000000
vt 0.535714 0.000000
vt 0.553571 1.000000
vt 0.553571 0.000000
vt 0.589286 1.000000
vt 0.589286 0.000000
vt 0.607143 1.000000
vt 0.607143 0.000000
vt 0.625000 1.000000
vt 0.625000 0.000000
vt 0.642857 1.000000
vt 0.642857 0.000000
vt 0.660714 1.000000
vt 0.660714 0.000000
vt 0.678571 1.000000
vt 0.678571 0.000000
vt 0.696429 1.000000
vt 0.696429 0.000000
vt 0.732143 1.000000
vt 0.732143 0.000000
vt 0.767857 1.000000
vt 0.767857 0.000000
vt 0.785714 1.000000
vt 0.785714 0.000000
vt 0.803571 1.000000
vt 0.803571 0.000000
vt 0.821429 1.000000
vt 0.821429 0.000000
vt 0.839286 1.000000
vt 0.839286 0.000000
vt 0.875000 1.000000
vt 0.875000 0.000000
vt 0.892857 1.000000
vt 0.892857 0.000000
vt 0.910714 1.000000
vt 0.910714 0.000000
vt 0.928571 1.000000
vt 0.928571 0.000000
vt 0.946429 1.000000
vt 0.946429 0.000000
vt 0.964286 1.000000
vt 0.964286 0.000000
vt 0.982143 1.000000
vt 0.982143 0.000000
vt 0.019608 1.000000
vt 0.019608 0.000000
vt 0.039216 1.000000
vt 0.039216 0.000000
vt 0.058824 1.000000
vt 0.058824 0.000000
vt 0.078431 1.000000
vt 0.078431 0.000000
vt 0.098039 1.000000
vt 0.098039 0.000000
vt 0.117647 1.000000
vt 0.117647 0.000000
vt 0.137255 1.000000
vt 0.137255 0.000000
vt 0.156863 1.000000
vt 0.156863 0.000000
vt 0.176471 1.000000
vt 0.176471 0.000000
vt 0.196078 1.000000
vt 0.196078 0.000000
vt 0.215686 1.000000
vt 0.215686 0.000000
vt 0.235294 1.000000
vt 0.235294 0.000000
vt 0.254902 1.000000
vt 0.254902 0.000000
vt 0.274510 1.000000
vt 0.274510 0.000000
vt 0.294118 1.000000
vt 0.294118 0.000000
vt 0.313726 1.000000
vt 0.313726 0.000000
vt 0.352941 1.000000
vt 0.352941 0.000000
vt 0.372549 1.000000
vt 0.372549 0.000000
vt 0.392157 1.000000
vt 0.392157 0.000000
vt 0.411765 1.000000
vt 0.411765 0.000000
vt 0.431373 1.000000
vt 0.431373 0.000000
vt 0.450980 1.000000
vt 0.450980 0.000000
vt 0.470588 1.000000
vt 0.470588 0.000000
vt 0.490196 1.000000
vt 0.490196 0.000000
vt 0.509804 1.000000
vt 0.509804 0.000000
vt 0.529412 1.000000
vt 0.529412 0.000000
vt 0.549020 1.000000
vt 0.549020 0.000000
vt 0.568627 1.000000
vt 0.568627 0.000000
vt 0.588235 1.000000
vt 0.588235 0.000000
vt 0.607843 1.000000
vt 0.607843 0.000000
vt 0.627451 1.000000
vt 0.627451 0.000000
vt 0.647059 1.000000
vt 0.647059 0.000000
vt 0.686275 1.000000
vt 0.686275 0.000000
vt 0.705882 1.000000
vt 0.705882 0.000000
vt 0.725490 1.000000
vt 0.725490 0.000000
vt 0.745098 1.000000
vt 0.745098 0.000000
vt 0.764706 1.000000
vt 0.764706 0.000000
vt 0.784314 1.000000
vt 0.784314 0.000000
vt 0.803922 1.000000
vt 0.803922 0.000000
vt 0.823529 1.000000
vt 0.823529 0.000000
vt 0.843137 1.000000
vt 0.843137 0.000000
vt 0.862745 1.000000
vt 0.862745 0.000000
vt 0.882353 1.000000
vt 0.882353 0.000000
vt 0.901961 1.000000
vt 0.901961 0.000000
vt 0.921569 1.000000
vt 0.921569 0.000000
vt 0.941176 1.000000
vt 0.941176 0.000000
vt 0.960784 1.000000
vt 0.960784 0.000000
vt 0.980392 1.000000
vt 0.980392 0.000000
vt 0.004785 1.000000
vt 0.004785 0.000000
vt 0.009569 1.000000
vt 0.009569 0.000000
vt 0.014354 1.000000
vt 0.014354 0.000000
vt 0.019139 1.000000
vt 0.019139 0.000000
vt 0.023923 1.000000
vt 0.023923 0.000000
vt 0.028708 1.000000
vt 0.028708 0.000000
vt 0.033493 1.000000
vt 0.033493 0.000000
vt 0.038278 1.000000
vt 0.038278 0.000000
vt 0.043062 1.000000
vt 0.043062 0.000000
vt 0.047847 1.000000
vt 0.047847 0.000000
vt 0.052632 1.000000
vt 0.052632 0.000000
vt 0.057416 1.000000
vt 0.057416 0.000000
vt 0.062201 1.000000
vt 0.062201 0.000000
vt 0.066986 1.000000
vt 0.066986 0.000000
vt 0.071770 1.000000
vt 0.071770 0.000000
vt 0.076555 1.000000
vt 0.076555 0.000000
vt 0.081340 1.000000
vt 0.081340 0.000000
vt 0.086124 1.000000
vt 0.086124 0.000000
vt 0.090909 1.000000
vt 0.095694 1.000000
vt 0.095694 0.000000
vt 0.100478 1.000000
vt 0.100478 0.000000
vt 0.105263 1.000000
vt 0.105263 0.000000
vt 0.110048 1.000000
vt 0.110048 0.000000
vt 0.114833 1.000000
vt 0.114833 0.000000
vt 0.119617 1.000000
vt 0.119617 0.000000
vt 0.124402 1.000000
vt 0.124402 0.000000
vt 0.129187 1.000000
vt 0.129187 0.000000
vt 0.133971 1.000000
vt 0.133971 0.000000
vt 0.138756 1.000000
vt 0.138756 0.000000
vt 0.143541 1.000000
vt 0.143541 0.000000
vt 0.148325 1.000000
vt 0.148325 0.000000
vt 0.153110 1.000000
vt 0.153110 0.000000
vt 0.157895 1.000000
vt 0.157895 0.000000
vt 0.162679 1.000000
vt 0.162679 0.000000
vt 0.167464 1.000000
vt 0.167464 0.000000
vt 0.172249 1.000000
vt 0.172249 0.000000
vt 0.177033 1.000000
vt 0.177033 0.000000
vt 0.181818 1.000000
vt 0.186603 1.000000
vt 0.186603 0.000000
vt 0.191388 1.000000
vt 0.191388 0.000000
vt 0.196172 1.000000
vt 0.196172 0.000000
vt 0.200957 1.000000
vt 0.200957 0.000000
vt 0.205742 1.000000
vt 0.205742 0.000000
vt 0.210526 1.000000
vt 0.210526 0.000000
vt 0.215311 1.000000
vt 0.215311 0.000000
vt 0.220096 1.000000
vt 0.220096 0.000000
vt 0.224880 1.000000
vt 0.224880 0.000000
vt 0.229665 1.000000
vt 0.229665 0.000000
vt 0.234450 1.000000
vt 0.234450 0.000000
vt 0.239234 1.000000
vt 0.239234 0.000000
vt 0.244019 1.000000
vt 0.244019 0.000000
vt 0.248804 1.000000
vt 0.248804 0.000000
vt 0.253589 1.000000
vt 0.253589 0.000000
vt 0.258373 1.000000
vt 0.258373 0.000000
vt 0.263158 1.000000
vt 0.263158 0.000000
vt 0.267943 1.000000
vt 0.267943 0.000000
vt 0.272727 1.000000
vt 0.277512 1.000000
vt 0.277512 0.000000
vt 0.282297 1.000000
vt 0.282297 0.000000
vt 0.287081 1.000000
vt 0.287081 0.000000
vt 0.291866 1.000000
vt 0.291866 0.000000
vt 0.296651 1.000000
vt 0.296651 0.000000
vt 0.301435 1.000000
vt 0.301435 0.000000
vt 0.306220 1.000000
vt 0.306220 0.000000
vt 0.311005 1.000000
vt 0.311005 0.000000
vt 0.315789 1.000000
vt 0.315789 0.000000
vt 0.320574 1.000000
vt 0.320574 0.000000
vt 0.325359 1.000000
vt 0.325359 0.000000
vt 0.330144 1.000000
vt 0.330144 0.000000
vt 0.334928 1.000000
vt 0.334928 0.000000
vt 0.339713 1.000000
vt 0.339713 0.000000
vt 0.344498 1.000000
vt 0.344498 0.000000
vt 0.349282 1.000000
vt 0.349282 0.000000
vt 0.354067 1.000000
vt 0.354067 0.000000
vt 0.358852 1.000000
vt 0.358852 0.000000
vt 0.363636 1.000000
vt 0.368421 1.000000
vt 0.368421 0.000000
vt 0.373206 1.000000
vt 0.373206 0.000000
vt 0.377990 1.000000
vt 0.377990 0.000000
vt 0.382775 1.000000
vt 0.382775 0.000000
vt 0.387560 1.000000
vt 0.387560 0.000000
vt 0.392345 1.000000
vt 0.392345 0.000000
vt 0.397129 1.000000
vt 0.397129 0.000000
vt 0.401914 1.000000
vt 0.401914 0.000000
vt 0.406699 1.000000
vt 0.406699 0.000000
vt 0.411483 1.000000
vt 0.411483 0.000000
vt 0.416268 1.000000
vt 0.416268 0.000000
vt 0.421053 1.000000
vt 0.421053 0.000000
vt 0.425837 1.000000
vt 0.425837 0.000000
vt 0.430622 1.000000
vt 0.430622 0.000000
vt 0.435407 1.000000
vt 0.435407 0.000000
vt 0.440191 1.000000
vt 0.440191 0.000000
vt 0.444976 1.000000
vt 0.444976 0.000000
vt 0.449761 1.000000
vt 0.449761 0.000000
vt 0.454545 1.000000
vt 0.459330 1.000000
vt 0.459330 0.000000
vt 0.464115 1.000000
vt 0.464115 0.000000
vt 0.468900 1.000000
vt 0.468900 0.000000
vt 0.473684 1.000000
vt 0.473684 0.000000
vt 0.478469 1.000000
vt 0.478469 0.000000
vt 0.483254 1.000000
vt 0.483254 0.000000
vt 0.488038 1.000000
vt 0.488038 0.000000
vt 0.492823 1.000000
vt 0.492823 0.000000
vt 0.497608 1.000000
vt 0.497608 0.000000
vt 0.502392 1.000000
vt 0.502392 0.000000
vt 0.507177 1.000000
vt 0.507177 0.000000
vt 0.511962 1.000000
vt 0.511962 0.000000
vt 0.516746 1.000000
vt 0.516746 0.000000
vt 0.521531 1.000000
vt 0.521531 0.000000
vt 0.526316 1.000000
vt 0.526316 0.000000
vt 0.531100 1.000000
vt 0.531100 0.000000
vt 0.535885 1.000000
vt 0.535885 0.000000
vt 0.540670 1.000000
vt 0.540670 0.000000
vt 0.545455 1.000000
vt 0.550239 1.000000
vt 0.550239 0.000000
vt 0.555024 1.000000
vt 0.555024 0.000000
vt 0.559809 1.000000
vt 0.559809 0.000000
vt 0.564593 1.000000
vt 0.564593 0.000000
vt 0.569378 1.000000
vt 0.569378 0.000000
vt 0.574163 1.000000
vt 0.574163 0.000000
vt 0.578947 1.000000
vt 0.578947 0.000000
vt 0.583732 1.000000
vt 0.583732 0.000000
vt 0.588517 1.000000
vt 0.588517 0.000000
vt 0.593301 1.000000
vt 0.593301 0.000000
vt 0.598086 1.000000
vt 0.598086 0.000000
vt 0.602871 1.000000
vt 0.602871 0.000000
vt 0.607656 1.000000
vt 0.607656 0.000000
vt 0.612440 1.000000
vt 0.612440 0.000000
vt 0.617225 1.000000
vt 0.617225 0.000000
vt 0.622010 1.000000
vt 0.622010 0.000000
vt 0.626794 1.000000
vt 0.626794 0.000000
vt 0.631579 1.000000
vt 0.631579 0.000000
vt 0.636364 1.000000
vt 0.641148 1.000000
vt 0.641148 0.000000
vt 0.645933 1.000000
vt 0.645933 0.000000
vt 0.650718 1.000000
vt 0.650718 0.000000
vt 0.655502 1.000000
vt 0.655502 0.000000
vt 0.660287 1.000000
vt 0.660287 0.000000
vt 0.665072 1.000000
vt 0.665072 0.000000
vt 0.669856 1.000000
vt 0.669856 0.000000
vt 0.674641 1.000000
vt 0.674641 0.000000
vt 0.679426 1.000000
vt 0.679426 0.000000
vt 0.684211 1.000000
vt 0.684211 0.000000
vt 0.688995 1.000000
vt 0.688995 0.000000
vt 0.693780 1.000000
vt 0.693780 0.000000
vt 0.698565 1.000000
vt 0.698565 0.000000
vt 0.703349 1.000000
vt 0.703349 0.000000
vt 0.708134 1.000000
vt 0.708134 0.000000
vt 0.712919 1.000000
vt 0.712919 0.000000
vt 0.717703 1.000000
vt 0.717703 0.000000
vt 0.722488 1.000000
vt 0.722488 0.000000
vt 0.727273 1.000000
vt 0.732057 1.000000
vt 0.732057 0.000000
vt 0.736842 1.000000
vt 0.736842 0.000000
vt 0.741627 1.000000
vt 0.741627 0.000000
vt 0.746412 1.000000
vt 0.746412 0.000000
vt 0.751196 1.000000
vt 0.751196 0.000000
vt 0.755981 1.000000
vt 0.755981 0.000000
vt 0.760766 1.000000
vt 0.760766 0.000000
vt 0.765550 1.000000
vt 0.765550 0.000000
vt 0.770335 1.000000
vt 0.770335 0.000000
vt 0.775120 1.000000
vt 0.775120 0.000000
vt 0.779904 1.000000
vt 0.779904 0.000000
vt 0.784689 1.000000
vt 0.784689 0.000000
vt 0.789474 1.000000
vt 0.789474 0.000000
vt 0.794258 1.000000
vt 0.794258 0.000000
vt 0.799043 1.000000
vt 0.799043 0.000000
vt 0.803828 1.000000
vt 0.803828 0.000000
vt 0.808612 1.000000
vt 0.808612 0.000000
vt 0.813397 1.000000
vt 0.813397 0.000000
vt 0.818182 1.000000
vt 0.822967 1.000000
vt 0.822967 0.000000
vt 0.827751 1.000000
vt 0.827751 0.000000
vt 0.832536 1.000000
vt 0.832536 0.000000
vt 0.837321 1.000000
vt 0.837321 0.000000
vt 0.842105 1.000000
vt 0.842105 0.000000
vt 0.846890 1.000000
vt 0.846890 0.000000
vt 0.851675 1.000000
vt 0.851675 0.000000
vt 0.856459 1.000000
vt 0.856459 0.000000
vt 0.861244 1.000000
vt 0.861244 0.000000
vt 0.866029 1.000000
vt 0.866029 0.000000
vt 0.870813 1.000000
vt 0.870813 0.000000
vt 0.875598 1.000000
vt 0.875598 0.000000
vt 0.880383 1.000000
vt 0.880383 0.000000
vt 0.885167 1.000000
vt 0.885167 0.000000
vt 0.889952 1.000000
vt 0.889952 0.000000
vt 0.894737 1.000000
vt 0.894737 0.000000
vt 0.899522 1.000000
vt 0.899522 0.000000
vt 0.904306 1.000000
vt 0.904306 0.000000
vt 0.909091 1.000000
vt 0.913876 1.000000
vt 0.913876 0.000000
vt 0.918660 1.000000
vt 0.918660 0.000000
vt 0.923445 1.000000
vt 0.923445 0.000000
vt 0.928230 1.000000
vt 0.928230 0.000000
vt 0.933014 1.000000
vt 0.933014 0.000000
vt 0.937799 1.000000
vt 0.937799 0.000000
vt 0.942584 1.000000
vt 0.942584 0.000000
vt 0.947368 1.000000
vt 0.947368 0.000000
vt 0.952153 1.000000
vt 0.952153 0.000000
vt 0.956938 1.000000
vt 0.956938 0.000000
vt 0.961722 1.000000
vt 0.961722 0.000000
vt 0.966507 1.000000
vt 0.966507 0.000000
vt 0.971292 1.000000
vt 0.971292 0.000000
vt 0.976077 1.000000
vt 0.976077 0.000000
vt 0.980861 1.000000
vt 0.980861 0.000000
vt 0.985646 1.000000
vt 0.985646 0.000000
vt 0.990431 1.000000
vt 0.990431 0.000000
vt 0.995215 1.000000
vt 0.995215 0.000000
vt 0.013514 1.000000
vt 0.013514 0.000000
vt 0.027027 1.000000
vt 0.027027 0.000000
vt 0.040541 1.000000
vt 0.040541 0.000000
vt 0.054054 1.000000
vt 0.054054 0.000000
vt 0.067568 1.000000
vt 0.067568 0.000000
vt 0.081081 1.000000
vt 0.081081 0.000000
vt 0.094595 1.000000
vt 0.094595 0.000000
vt 0.108108 1.000000
vt 0.108108 0.000000
vt 0.121622 1.000000
vt 0.121622 0.000000
vt 0.135135 1.000000
vt 0.135135 0.000000
vt 0.148649 1.000000
vt 0.148649 0.000000
vt 0.162162 1.000000
vt 0.162162 0.000000
vt 0.175676 1.000000
vt 0.175676 0.000000
vt 0.189189 1.000000
vt 0.189189 0.000000
vt 0.202703 1.000000
vt 0.202703 0.000000
vt 0.216216 1.000000
vt 0.216216 0.000000
vt 0.229730 1.000000
vt 0.229730 0.000000
vt 0.243243 1.000000
vt 0.243243 0.000000
vt 0.256757 1.000000
vt 0.256757 0.000000
vt 0.270270 1.000000
vt 0.270270 0.000000
vt 0.283784 1.000000
vt 0.283784 0.000000
vt 0.297297 1.000000
vt 0.297297 0.000000
vt 0.310811 1.000000
vt 0.310811 0.000000
vt 0.324324 1.000000
vt 0.324324 0.000000
vt 0.337838 1.000000
vt 0.337838 0.000000
vt 0.351351 1.000000
vt 0.351351 0.000000
vt 0.364865 1.000000
vt 0.364865 0.000000
vt 0.378378 1.000000
vt 0.378378 0.000000
vt 0.391892 1.000000
vt 0.391892 0.000000
vt 0.405405 1.000000
vt 0.405405 0.000000
vt 0.418919 1.000000
vt 0.418919 0.000000
vt 0.432432 1.000000
vt 0.432432 0.000000
vt 0.445946 1.000000
vt 0.445946 0.000000
vt 0.459459 1.000000
vt 0.459459 0.000000
vt 0.472973 1.000000
vt 0.472973 0.000000
vt 0.486486 1.000000
vt 0.486486 0.000000
vt 0.513514 1.000000
vt 0.513514 0.000000
vt 0.527027 1.000000
vt 0.527027 0.000000
vt 0.540541 1.000000
vt 0.540541 0.000000
vt 0.554054 1.000000
vt 0.554054 0.000000
vt 0.567568 1.000000
vt 0.567568 0.000000
vt 0.581081 1.000000
vt 0.581081 0.000000
vt 0.594595 1.000000
vt 0.594595 0.000000
vt 0.608108 1.000000
vt 0.608108 0.000000
vt 0.621622 1.000000
vt 0.621622 0.000000
vt 0.635135 1.000000
vt 0.635135 0.000000
vt 0.648649 1.000000
vt 0.648649 0.000000
vt 0.662162 1.000000
vt 0.662162 0.000000
vt 0.675676 1.000000
vt 0.675676 0.000000
vt 0.689189 1.000000
vt 0.689189 0.000000
vt 0.702703 1.000000
vt 0.702703 0.000000
vt 0.716216 1.000000
vt 0.716216 0.000000
vt 0.729730 1.000000
vt 0.729730 0.000000
vt 0.743243 1.000000
vt 0.743243 0.000000
vt 0.756757 1.000000
vt 0.756757 0.000000
vt 0.770270 1.000000
vt 0.770270 0.000000
vt 0.783784 1.000000
vt 0.783784 0.000000
vt 0.797297 1.000000
vt 0.797297 0.000000
vt 0.810811 1.000000
vt 0.810811 0.000000
vt 0.824324 1.000000
vt 0.824324 0.000000
vt 0.837838 1.000000
vt 0.837838 0.000000
vt 0.851351 1.000000
vt 0.851351 0.000000
vt 0.864865 1.000000
vt 0.864865 0.000000
vt 0.878378 1.000000
vt 0.878378 0.000000
vt 0.891892 1.000000
vt 0.891892 0.000000
vt 0.905405 1.000000
vt 0.905405 0.000000
vt 0.918919 1.000000
vt 0.918919 0.000000
vt 0.932432 1.000000
vt 0.932432 0.000000
vt 0.945946 1.000000
vt 0.945946 0.000000
vt 0.959459 1.000000
vt 0.959459 0.000000
vt 0.972973 1.000000
vt 0.972973 0.000000
vt 0.986486 1.000000
vt 0.986486 0.000000
vt 0.014706 1.000000
vt 0.014706 0.000000
vt 0.029412 1.000000
vt 0.029412 0.000000
vt 0.044118 1.000000
vt 0.044118 0.000000
vt 0.073529 1.000000
vt 0.073529 0.000000
vt 0.088235 1.000000
vt 0.088235 0.000000
vt 0.102941 1.000000
vt 0.102941 0.000000
vt 0.132353 1.000000
vt 0.132353 0.000000
vt 0.147059 1.000000
vt 0.147059 0.000000
vt 0.161765 1.000000
vt 0.161765 0.000000
vt 0.191176 1.000000
vt 0.191176 0.000000
vt 0.205882 1.000000
vt 0.205882 0.000000
vt 0.220588 1.000000
vt 0.220588 0.000000
vt 0.264706 1.000000
vt 0.264706 0.000000
vt 0.279412 1.000000
vt 0.279412 0.000000
vt 0.308824 1.000000
vt 0.308824 0.000000
vt 0.323529 1.000000
vt 0.323529 0.000000
vt 0.338235 1.000000
vt 0.338235 0.000000
vt 0.367647 1.000000
vt 0.367647 0.000000
vt 0.382353 1.000000
vt 0.382353 0.000000
vt 0.397059 1.000000
vt 0.397059 0.000000
vt 0.426471 1.000000
vt 0.426471 0.000000
vt 0.441176 1.000000
vt 0.441176 0.000000
vt 0.455882 1.000000
vt 0.455882 0.000000
vt 0.485294 1.000000
vt 0.485294 0.000000
vt 0.514706 1.000000
vt 0.514706 0.000000
vt 0.544118 1.000000
vt 0.544118 0.000000
vt 0.558824 1.000000
vt 0.558824 0.000000
vt 0.573529 1.000000
vt 0.573529 0.000000
vt 0.602941 1.000000
vt 0.602941 0.000000
vt 0.617647 1.000000
vt 0.617647 0.000000
vt 0.632353 1.000000
vt 0.632353 0.000000
vt 0.661765 1.000000
vt 0.661765 0.000000
vt 0.676471 1.000000
vt 0.676471 0.000000
vt 0.691176 1.000000
vt 0.691176 0.000000
vt 0.720588 1.000000
vt 0.720588 0.000000
vt 0.735294 1.000000
vt 0.735294 0.000000
vt 0.779412 1.000000
vt 0.779412 0.000000
vt 0.794118 1.000000
vt 0.794118 0.000000
vt 0.808824 1.000000
vt 0.808824 0.000000
vt 0.838235 1.000000
vt 0.838235 0.000000
vt 0.852941 1.000000
vt 0.852941 0.000000
vt 0.867647 1.000000
vt 0.867647 0.000000
vt 0.897059 1.000000
vt 0.897059 0.000000
vt 0.911765 1.000000
vt 0.911765 0.000000
vt 0.926471 1.000000
vt 0.926471 0.000000
vt 0.955882 1.000000
vt 0.955882 0.000000
vt 0.970588 1.000000
vt 0.970588 0.000000
vt 0.985294 1.000000
vt 0.985294 0.000000
vt 0.006944 1.000000
vt 0.006944 0.000000
vt 0.013889 1.000000
vt 0.013889 0.000000
vt 0.020833 1.000000
vt 0.020833 0.000000
vt 0.027778 1.000000
vt 0.027778 0.000000
vt 0.034722 1.000000
vt 0.034722 0.000000
vt 0.041667 1.000000
vt 0.041667 0.000000
vt 0.048611 1.000000
vt 0.048611 0.000000
vt 0.055556 1.000000
vt 0.055556 0.000000
vt 0.062500 1.000000
vt 0.062500 0.000000
vt 0.069444 1.000000
vt 0.069444 0.000000
vt 0.076389 1.000000
vt 0.076389 0.000000
vt 0.083333 1.000000
vt 0.083333 0.000000
vt 0.090278 1.000000
vt 0.090278 0.000000
vt 0.097222 1.000000
vt 0.097222 0.000000
vt 0.104167 1.000000
vt 0.104167 0.000000
vt 0.111111 1.000000
vt 0.118056 1.000000
vt 0.118056 0.000000
vt 0.131944 1.000000
vt 0.131944 0.000000
vt 0.138889 1.000000
vt 0.138889 0.000000
vt 0.145833 1.000000
vt 0.145833 0.000000
vt 0.152778 1.000000
vt 0.152778 0.000000
vt 0.159722 1.000000
vt 0.159722 0.000000
vt 0.173611 1.000000
vt 0.173611 0.000000
vt 0.180556 1.000000
vt 0.180556 0.000000
vt 0.187500 1.000000
vt 0.187500 0.000000
vt 0.194444 1.000000
vt 0.194444 0.000000
vt 0.201389 1.000000
vt 0.201389 0.000000
vt 0.208333 1.000000
vt 0.208333 0.000000
vt 0.215278 1.000000
vt 0.215278 0.000000
vt 0.222222 1.000000
vt 0.229167 1.000000
vt 0.229167 0.000000
vt 0.236111 1.000000
vt 0.236111 0.000000
vt 0.243056 1.000000
vt 0.243056 0.000000
vt 0.256944 1.000000
vt 0.256944 0.000000
vt 0.263889 1.000000
vt 0.263889 0.000000
vt 0.270833 1.000000
vt 0.270833 0.000000
vt 0.277778 1.000000
vt 0.277778 0.000000
vt 0.284722 1.000000
vt 0.284722 0.000000
vt 0.291667 1.000000
vt 0.291667 0.000000
vt 0.298611 1.000000
vt 0.298611 0.000000
vt 0.305556 1.000000
vt 0.305556 0.000000
vt 0.312500 1.000000
vt 0.312500 0.000000
vt 0.319444 1.000000
vt 0.319444 0.000000
vt 0.326389 1.000000
vt 0.326389 0.000000
vt 0.340278 1.000000
vt 0.340278 0.000000
vt 0.347222 1.000000
vt 0.347222 0.000000
vt 0.354167 1.000000
vt 0.354167 0.000000
vt 0.361111 1.000000
vt 0.361111 0.000000
vt 0.368056 1.000000
vt 0.368056 0.000000
vt 0.381944 1.000000
vt 0.381944 0.000000
vt 0.388889 1.000000
vt 0.388889 0.000000
vt 0.395833 1.000000
vt 0.395833 0.000000
vt 0.402778 1.000000
vt 0.402778 0.000000
vt 0.409722 1.000000
vt 0.409722 0.000000
vt 0.416667 1.000000
vt 0.416667 0.000000
vt 0.423611 1.000000
vt 0.423611 0.000000
vt 0.430556 1.000000
vt 0.430556 0.000000
vt 0.437500 1.000000
vt 0.437500 0.000000
vt 0.444444 1.000000
vt 0.451389 1.000000
vt 0.451389 0.000000
vt 0.458333 1.000000
vt 0.458333 0.000000
vt 0.465278 1.000000
vt 0.465278 0.000000
vt 0.472222 1.000000
vt 0.472222 0.000000
vt 0.479167 1.000000
vt 0.479167 0.000000
vt 0.486111 1.000000
vt 0.486111 0.000000
vt 0.493056 1.000000
vt 0.493056 0.000000
vt 0.506944 1.000000
vt 0.506944 0.000000
vt 0.513889 1.000000
vt 0.513889 0.000000
vt 0.520833 1.000000
vt 0.520833 0.000000
vt 0.527778 1.000000
vt 0.527778 0.000000
vt 0.534722 1.000000
vt 0.534722 0.000000
vt 0.541667 1.000000
vt 0.541667 0.000000
vt 0.548611 1.000000
vt 0.548611 0.000000
vt 0.555556 1.000000
vt 0.562500 1.000000
vt 0.562500 0.000000
vt 0.569444 1.000000
vt 0.569444 0.000000
vt 0.576389 1.000000
vt 0.576389 0.000000
vt 0.583333 1.000000
vt 0.583333 0.000000
vt 0.590278 1.000000
vt 0.590278 0.000000
vt 0.597222 1.000000
vt 0.597222 0.000000
vt 0.604167 1.000000
vt 0.604167 0.000000
vt 0.611111 1.000000
vt 0.611111 0.000000
vt 0.618056 1.000000
vt 0.618056 0.000000
vt 0.631944 1.000000
vt 0.631944 0.000000
vt 0.638889 1.000000
vt 0.638889 0.000000
vt 0.645833 1.000000
vt 0.645833 0.000000
vt 0.652778 1.000000
vt 0.652778 0.000000
vt 0.659722 1.000000
vt 0.659722 0.000000
vt 0.673611 1.000000
vt 0.673611 0.000000
vt 0.680556 1.000000
vt 0.680556 0.000000
vt 0.687500 1.000000
vt 0.687500 0.000000
vt 0.694444 1.000000
vt 0.694444 0.000000
vt 0.701389 1.000000
vt 0.701389 0.000000
vt 0.708333 1.000000
vt 0.708333 0.000000
vt 0.715278 1.000000
vt 0.715278 0.000000
vt 0.722222 1.000000
vt 0.722222 0.000000
vt 0.729167 1.000000
vt 0.729167 0.000000
vt 0.736111 1.000000
vt 0.736111 0.000000
vt 0.743056 1.000000
vt 0.743056 0.000000
vt 0.756944 1.000000
vt 0.756944 0.000000
vt 0.763889 1.000000
vt 0.763889 0.000000
vt 0.770833 1.000000
vt 0.770833 0.000000
vt 0.777778 1.000000
vt 0.784722 1.000000
vt 0.784722 0.000000
vt 0.791667 1.000000
vt 0.791667 0.000000
vt 0.798611 1.000000
vt 0.798611 0.000000
vt 0.805556 1.000000
vt 0.805556 0.000000
vt 0.812500 1.000000
vt 0.812500 0.000000
vt 0.819444 1.000000
vt 0.819444 0.000000
vt 0.826389 1.000000
vt 0.826389 0.000000
vt 0.840278 1.000000
vt 0.840278 0.000000
vt 0.847222 1.000000
vt 0.847222 0.000000
vt 0.854167 1.000000
vt 0.854167 0.000000
vt 0.861111 1.000000
vt 0.861111 0.000000
vt 0.868056 1.000000
vt 0.868056 0.000000
vt 0.881944 1.000000
vt 0.881944 0.000000
vt 0.888889 1.000000
vt 0.895833 1.000000
vt 0.895833 0.000000
vt 0.902778 1.000000
vt 0.902778 0.000000
vt 0.909722 1.000000
vt 0.909722 0.000000
vt 0.916667 1.000000
vt 0.916667 0.000000
vt 0.923611 1.000000
vt 0.923611 0.000000
vt 0.930556 1.000000
vt 0.930556 0.000000
vt 0.937500 1.000000
vt 0.937500 0.000000
vt 0.944444 1.000000
vt 0.944444 0.000000
vt 0.951389 1.000000
vt 0.951389 0.000000
vt 0.958333 1.000000
vt 0.958333 0.000000
vt 0.965278 1.000000
vt 0.965278 0.000000
vt 0.972222 1.000000
vt 0.972222 0.000000
vt 0.979167 1.000000
vt 0.979167 0.000000
vt 0.986111 1.000000
vt 0.986111 0.000000
vt 0.993056 1.000000
vt 0.993056 0.000000
vt 0.010417 1.000000
vt 0.010417 0.000000
vt 0.031250 1.000000
vt 0.031250 0.000000
vt 0.052083 1.000000
vt 0.052083 0.000000
vt 0.072917 1.000000
vt 0.072917 0.000000
vt 0.093750 1.000000
vt 0.093750 0.000000
vt 0.114583 1.000000
vt 0.114583 0.000000
vt 0.135417 1.000000
vt 0.135417 0.000000
vt 0.156250 1.000000
vt 0.156250 0.000000
vt 0.177083 1.000000
vt 0.177083 0.000000
vt 0.197917 1.000000
vt 0.197917 0.000000
vt 0.218750 1.000000
vt 0.218750 0.000000
vt 0.239583 1.000000
vt 0.239583 0.000000
vt 0.260417 1.000000
vt 0.260417 0.000000
vt 0.281250 1.000000
vt 0.281250 0.000000
vt 0.302083 1.000000
vt 0.302083 0.000000
vt 0.322917 1.000000
vt 0.322917 0.000000
vt 0.343750 1.000000
vt 0.343750 0.000000
vt 0.364583 1.000000
vt 0.364583 0.000000
vt 0.385417 1.000000
vt 0.385417 0.000000
vt 0.406250 1.000000
vt 0.406250 0.000000
vt 0.427083 1.000000
vt 0.427083 0.000000
vt 0.447917 1.000000
vt 0.447917 0.000000
vt 0.468750 1.000000
vt 0.468750 0.000000
vt 0.489583 1.000000
vt 0.489583 0.000000
vt 0.510417 1.000000
vt 0.510417 0.000000
vt 0.531250 1.000000
vt 0.531250 0.000000
vt 0.552083 1.000000
vt 0.552083 0.000000
vt 0.572917 1.000000
vt 0.572917 0.000000
vt 0.593750 1.000000
vt 0.593750 0.000000
vt 0.614583 1.000000
vt 0.614583 0.000000
vt 0.635417 1.000000
vt 0.635417 0.000000
vt 0.656250 1.000000
vt 0.656250 0.000000
vt 0.677083 1.000000
vt 0.677083 0.000000
vt 0.697917 1.000000
vt 0.697917 0.000000
vt 0.718750 1.000000
vt 0.718750 0.000000
vt 0.739583 1.000000
vt 0.739583 0.000000
vt 0.760417 1.000000
vt 0.760417 0.000000
vt 0.781250 1.000000
vt 0.781250 0.000000
vt 0.802083 1.000000
vt 0.802083 0.000000
vt 0.822917 1.000000
vt 0.822917 0.000000
vt 0.843750 1.000000
vt 0.843750 0.000000
vt 0.864583 1.000000
vt 0.864583 0.000000
vt 0.885417 1.000000
vt 0.885417 0.000000
vt 0.906250 1.000000
vt 0.906250 0.000000
vt 0.927083 1.000000
vt 0.927083 0.000000
vt 0.947917 1.000000
vt 0.947917 0.000000
vt 0.968750 1.000000
vt 0.968750 0.000000
vt 0.989583 1.000000
vt 0.989583 0.000000
vt 0.013699 1.000000
vt 0.013699 0.000000
vt 0.027397 1.000000
vt 0.027397 0.000000
vt 0.041096 1.000000
vt 0.041096 0.000000
vt 0.054795 1.000000
vt 0.054795 0.000000
vt 0.068493 1.000000
vt 0.068493 0.000000
vt 0.082192 1.000000
vt 0.082192 0.000000
vt 0.095890 1.000000
vt 0.095890 0.000000
vt 0.109589 1.000000
vt 0.109589 0.000000
vt 0.123288 1.000000
vt 0.123288 0.000000
vt 0.136986 1.000000
vt 0.136986 0.000000
vt 0.150685 1.000000
vt 0.150685 0.000000
vt 0.164384 1.000000
vt 0.164384 0.000000
vt 0.178082 1.000000
vt 0.178082 0.000000
vt 0.191781 1.000000
vt 0.191781 0.000000
vt 0.205479 1.000000
vt 0.205479 0.000000
vt 0.219178 1.000000
vt 0.219178 0.000000
vt 0.232877 1.000000
vt 0.232877 0.000000
vt 0.246575 1.000000
vt 0.246575 0.000000
vt 0.260274 1.000000
vt 0.260274 0.000000
vt 0.273973 1.000000
vt 0.273973 0.000000
vt 0.287671 1.000000
vt 0.287671 0.000000
vt 0.301370 1.000000
vt 0.301370 0.000000
vt 0.315068 1.000000
vt 0.315068 0.000000
vt 0.328767 1.000000
vt 0.328767 0.000000
vt 0.342466 1.000000
vt 0.342466 0.000000
vt 0.356164 1.000000
vt 0.356164 0.000000
vt 0.369863 1.000000
vt 0.369863 0.000000
vt 0.383562 1.000000
vt 0.383562 0.000000
vt 0.397260 1.000000
vt 0.397260 0.000000
vt 0.410959 1.000000
vt 0.410959 0.000000
vt 0.424658 1.000000
vt 0.424658 0.000000
vt 0.438356 1.000000
vt 0.438356 0.000000
vt 0.452055 1.000000
vt 0.452055 0.000000
vt 0.465753 1.000000
vt 0.465753 0.000000
vt 0.479452 1.000000
vt 0.479452 0.000000
vt 0.493151 1.000000
vt 0.493151 0.000000
vt 0.506849 1.000000
vt 0.506849 0.000000
vt 0.520548 1.000000
vt 0.520548 0.000000
vt 0.534247 1.000000
vt 0.534247 0.000000
vt 0.547945 1.000000
vt 0.547945 0.000000
vt 0.561644 1.000000
vt 0.561644 0.000000
vt 0.575342 1.000000
vt 0.575342 0.000000
vt 0.589041 1.000000
vt 0.589041 0.000000
vt 0.602740 1.000000
vt 0.602740 0.000000
vt 0.616438 1.000000
vt 0.616438 0.000000
vt 0.630137 1.000000
vt 0.630137 0.000000
vt 0.643836 1.000000
vt 0.643836 0.000000
vt 0.657534 1.000000
vt 0.657534 0.000000
vt 0.671233 1.000000
vt 0.671233 0.000000
vt 0.684932 1.000000
vt 0.684932 0.000000
vt 0.698630 1.000000
vt 0.698630 0.000000
vt 0.712329 1.000000
vt 0.712329 0.000000
vt 0.726027 1.000000
vt 0.726027 0.000000
vt 0.739726 1.000000
vt 0.739726 0.000000
vt 0.753425 1.000000
vt 0.753425 0.000000
vt 0.767123 1.000000
vt 0.767123 0.000000
vt 0.780822 1.000000
vt 0.780822 0.000000
vt 0.794521 1.000000
vt 0.794521 0.000000
vt 0.808219 1.000000
vt 0.808219 0.000000
vt 0.821918 1.000000
vt 0.821918 0.000000
vt 0.835616 1.000000
vt 0.835616 0.000000
vt 0.849315 1.000000
vt 0.849315 0.000000
vt 0.863014 1.000000
vt 0.863014 0.000000
vt 0.876712 1.000000
vt 0.876712 0.000000
vt 0.890411 1.000000
vt 0.890411 0.000000
vt 0.904110 1.000000
vt 0.904110 0.000000
vt 0.917808 1.000000
vt 0.917808 0.000000
vt 0.931507 1.000000
vt 0.931507 0.000000
vt 0.945205 1.000000
vt 0.945205 0.000000
vt 0.958904 1.000000
vt 0.958904 0.000000
vt 0.972603 1.000000
vt 0.972603 0.000000
vt 0.986301 1.000000
vt 0.986301 0.000000
s 0
f 12/1/1 14/2/1 13/3/1
f 11/4/1 14/2/1 12/1/1
f 11/4/1 15/5/1 14/2/1
f 10/6/1 15/5/1 11/4/1
f 10/6/1 16/7/1 15/5/1
f 9/8/1 16/7/1 10/6/1
f 9/8/1 17/9/1 16/7/1
f 8/10/1 17/9/1 9/8/1
f 8/10/1 18/11/1 17/9/1
f 7/12/1 18/11/1 8/10/1
f 7/12/1 19/13/1 18/11/1
f 6/14/1 19/13/1 7/12/1
f 6/14/1 20/15/1 19/13/1
f 5/16/1 20/15/1 6/14/1
f 5/16/1 21/17/1 20/15/1
f 4/18/1 21/17/1 5/16/1
f 4/18/1 22/19/1 21/17/1
f 3/20/1 22/19/1 4/18/1
f 3/20/1 23/21/1 22/19/1
f 2/22/1 23/21/1 3/20/1
f 2/22/1 24/23/1 23/21/1
f 1/24/1 24/23/1 2/22/1
f 1/24/1 25/25/1 24/23/1
f 96/26/1 25/25/1 1/24/1
f 96/26/1 26/27/1 25/25/1
f 95/28/1 110/29/1 96/26/1
f 110/29/1 109/30/1 96/26/1
f 109/30/1 26/27/1 96/26/1
f 109/30/1 108/31/1 26/27/1
f 108/31/1 107/32/1 26/27/1
f 107/32/1 106/33/1 26/27/1
f 106/33/1 27/34/1 26/27/1
f 95/28/1 111/35/1 110/29/1
f 105/36/1 27/34/1 106/33/1
f 104/37/1 27/34/1 105/36/1
f 103/38/1 27/34/1 104/37/1
f 95/28/1 112/39/1 111/35/1
f 102/40/1 27/34/1 103/38/1
f 101/41/1 27/34/1 102/40/1
f 100/42/1 27/34/1 101/41/1
f 95/28/1 113/43/1 112/39/1
f 99/44/1 27/34/1 100/42/1
f 98/45/1 27/34/1 99/44/1
f 97/46/1 27/34/1 98/45/1
f 95/28/1 114/47/1 113/43/1
f 169/48/1 27/34/1 97/46/1
f 168/49/1 27/34/1 169/48/1
f 95/28/1 115/50/1 114/47/1
f 167/51/1 27/34/1 168/49/1
f 166/52/1 27/34/1 167/51/1
f 165/53/1 27/34/1 166/52/1
f 95/28/1 116/54/1 115/50/1
f 94/55/1 116/54/1 95/28/1
f 165/53/1 28/56/1 27/34/1
f 164/57/1 28/56/1 165/53/1
f 163/58/1 28/56/1 164/57/1
f 94/55/1 117/59/1 116/54/1
f 162/60/1 28/56/1 163/58/1
f 161/61/1 28/56/1 162/60/1
f 160/62/1 28/56/1 161/61/1
f 94/55/1 118/63/1 117/59/1
f 159/64/1 28/56/1 160/62/1
f 158/65/1 28/56/1 159/64/1
f 94/55/1 119/66/1 118/63/1
f 157/67/1 194/68/1 158/65/1
f 194/68/1 28/56/1 158/65/1
f 93/69/1 119/66/1 94/55/1
f 194/68/1 29/70/1 28/56/1
f 93/69/1 120/71/1 119/66/1
f 93/69/1 121/72/1 120/71/1
f 92/73/1 121/72/1 93/69/1
f 194/68/1 30/74/1 29/70/1
f 92/73/1 122/75/1 121/72/1
f 92/73/1 123/76/1 122/75/1
f 91/77/1 123/76/1 92/73/1
f 194/68/1 31/78/1 30/74/1
f 91/77/1 124/79/1 123/76/1
f 91/77/1 125/80/1 124/79/1
f 90/81/1 125/80/1 91/77/1
f 194/68/1 32/82/1 31/78/1
f 90/81/1 126/83/1 125/80/1
f 90/81/1 127/84/1 126/83/1
f 194/68/1 33/85/1 32/82/1
f 89/86/1 127/84/1 90/81/1
f 89/86/1 128/87/1 127/84/1
f 194/68/1 34/88/1 33/85/1
f 88/89/1 128/87/1 89/86/1
f 88/89/1 129/90/1 128/87/1
f 157/67/1 195/91/1 194/68/1
f 193/92/1 34/88/1 194/68/1
f 192/93/1 34/88/1 193/92/1
f 191/94/1 34/88/1 192/93/1
f 88/89/1 130/95/1 129/90/1
f 191/94/1 35/96/1 34/88/1
f 87/97/1 130/95/1 88/89/1
f 190/98/1 35/96/1 191/94/1
f 189/99/1 35/96/1 190/98/1
f 87/97/1 131/100/1 130/95/1
f 188/101/1 35/96/1 189/99/1
f 188/101/1 36/102/1 35/96/1
f 86/103/1 131/100/1 87/97/1
f 187/104/1 36/102/1 188/101/1
f 186/105/1 36/102/1 187/104/1
f 86/103/1 132/106/1 131/100/1
f 185/107/1 36/102/1 186/105/1
f 185/107/1 37/108/1 36/102/1
f 85/109/1 132/106/1 86/103/1
f 184/110/1 37/108/1 185/107/1
f 85/109/1 133/111/1 132/106/1
f 183/112/1 37/108/1 184/110/1
f 182/113/1 37/108/1 183/112/1
f 84/114/1 133/111/1 85/109/1
f 84/114/1 134/115/1 133/111/1
f 181/116/1 37/108/1 182/113/1
f 181/116/1 38/117/1 37/108/1
f 84/114/1 135/118/1 134/115/1
f 84/114/1 136/119/1 135/118/1
f 180/120/1 38/117/1 181/116/1
f 84/114/1 137/121/1 136/119/1
f 83/122/1 137/121/1 84/114/1
f 180/120/1 39/123/1 38/117/1
f 83/122/1 138/124/1 137/121/1
f 179/125/1 39/123/1 180/120/1
f 83/122/1 139/126/1 138/124/1
f 83/122/1 140/127/1 139/126/1
f 178/128/1 39/123/1 179/125/1
f 83/122/1 141/129/1 140/127/1
f 83/122/1 142/130/1 141/129/1
f 82/131/1 142/130/1 83/122/1
f 178/128/1 40/132/1 39/123/1
f 177/133/1 40/132/1 178/128/1
f 82/131/1 143/134/1 142/130/1
f 82/131/1 144/135/1 143/134/1
f 176/136/1 40/132/1 177/133/1
f 82/131/1 145/137/1 144/135/1
f 82/131/1 146/138/1 145/137/1
f 81/139/1 146/138/1 82/131/1
f 176/136/1 41/140/1 40/132/1
f 175/141/1 41/140/1 176/136/1
f 81/139/1 147/142/1 146/138/1
f 81/139/1 148/143/1 147/142/1
f 81/139/1 149/144/1 148/143/1
f 174/145/1 41/140/1 175/141/1
f 81/139/1 150/146/1 149/144/1
f 81/139/1 151/147/1 150/146/1
f 80/148/1 151/147/1 81/139/1
f 174/145/1 42/149/1 41/140/1
f 173/150/1 42/149/1 174/145/1
f 80/148/1 152/151/1 151/147/1
f 80/148/1 153/152/1 152/151/1
f 172/153/1 42/149/1 173/150/1
f 80/148/1 154/154/1 153/152/1
f 80/148/1 155/155/1 154/154/1
f 171/156/1 42/149/1 172/153/1
f 79/157/1 155/155/1 80/148/1
f 171/156/1 43/158/1 42/149/1
f 79/157/1 156/159/1 155/155/1
f 79/157/1 157/67/1 156/159/1
f 170/160/1 43/158/1 171/156/1
f 79/157/1 195/91/1 157/67/1
f 242/161/1 43/158/1 170/160/1
f 78/162/1 195/91/1 79/157/1
f 242/161/1 44/163/1 43/158/1
f 241/164/1 44/163/1 242/161/1
f 240/165/1 44/163/1 241/164/1
f 239/166/1 44/163/1 240/165/1
f 77/167/1 195/91/1 78/162/1
f 239/166/1 45/168/1 44/163/1
f 238/169/1 45/168/1 239/166/1
f 237/170/1 45/168/1 238/169/1
f 236/171/1 45/168/1 237/170/1
f 76/172/1 195/91/1 77/167/1
f 236/171/1 46/173/1 45/168/1
f 235/174/1 46/173/1 236/171/1
f 234/175/1 46/173/1 235/174/1
f 233/176/1 46/173/1 234/175/1
f 75/177/1 195/91/1 76/172/1
f 233/176/1 47/178/1 46/173/1
f 232/179/1 47/178/1 233/176/1
f 231/180/1 47/178/1 232/179/1
f 230/181/1 47/178/1 231/180/1
f 229/182/1 47/178/1 230/181/1
f 75/177/1 196/183/1 195/91/1
f 74/184/1 196/183/1 75/177/1
f 229/182/1 48/185/1 47/178/1
f 74/184/1 197/186/1 196/183/1
f 228/187/1 48/185/1 229/182/1
f 74/184/1 198/188/1 197/186/1
f 74/184/1 199/189/1 198/188/1
f 227/190/1 48/185/1 228/187/1
f 74/184/1 200/191/1 199/189/1
f 74/184/1 201/192/1 200/191/1
f 226/193/1 48/185/1 227/190/1
f 74/184/1 202/194/1 201/192/1
f 74/184/1 203/195/1 202/194/1
f 225/196/1 48/185/1 226/193/1
f 74/184/1 204/197/1 203/195/1
f 74/184/1 205/198/1 204/197/1
f 224/199/1 48/185/1 225/196/1
f 74/184/1 206/200/1 205/198/1
f 74/184/1 207/201/1 206/200/1
f 223/202/1 48/185/1 224/199/1
f 74/184/1 208/203/1 207/201/1
f 74/184/1 209/204/1 208/203/1
f 74/184/1 210/205/1 209/204/1
f 222/206/1 48/185/1 223/202/1
f 74/184/1 211/207/1 210/205/1
f 74/184/1 212/208/1 211/207/1
f 221/209/1 48/185/1 222/206/1
f 74/184/1 213/210/1 212/208/1
f 74/184/1 214/211/1 213/210/1
f 74/184/1 215/212/1 214/211/1
f 220/213/1 48/185/1 221/209/1
f 74/184/1 216/214/1 215/212/1
f 74/184/1 217/215/1 216/214/1
f 219/216/1 48/185/1 220/213/1
f 74/184/1 218/217/1 217/215/1
f 74/184/1 219/216/1 218/217/1
f 74/184/1 48/185/1 219/216/1
f 73/218/1 48/185/1 74/184/1
f 73/218/1 49/219/1 48/185/1
f 72/220/1 49/219/1 73/218/1
f 72/220/1 50/221/1 49/219/1
f 71/222/1 50/221/1 72/220/1
f 71/222/1 51/223/1 50/221/1
f 71/222/1 52/224/1 51/223/1
f 70/225/1 52/224/1 71/222/1
f 70/225/1 53/226/1 52/224/1
f 69/227/1 53/226/1 70/225/1
f 69/227/1 54/228/1 53/226/1
f 68/229/1 54/228/1 69/227/1
f 68/229/1 55/230/1 54/228/1
f 67/231/1 55/230/1 68/229/1
f 67/231/1 56/232/1 55/230/1
f 66/233/1 56/232/1 67/231/1
f 66/233/1 57/234/1 56/232/1
f 65/235/1 57/234/1 66/233/1
f 65/235/1 58/236/1 57/234/1
f 64/237/1 58/236/1 65/235/1
f 64/237/1 59/238/1 58/236/1
f 63/239/1 59/238/1 64/237/1
f 63/239/1 60/240/1 59/238/1
f 62/241/1 60/240/1 63/239/1
f 62/241/1 61/242/1 60/240/1
f 290/243/1 292/244/1 291/245/1
f 289/246/1 292/244/1 290/243/1
f 289/246/1 293/247/1 292/244/1
f 288/248/1 293/247/1 289/246/1
f 288/248/1 294/249/1 293/247/1
f 287/250/1 294/249/1 288/248/1
f 287/250/1 295/251/1 294/249/1
f 286/252/1 295/251/1 287/250/1
f 286/252/1 296/253/1 295/251/1
f 285/254/1 296/253/1 286/252/1
f 285/254/1 297/255/1 296/253/1
f 284/256/1 297/255/1 285/254/1
f 284/256/1 298/257/1 297/255/1
f 283/258/1 298/257/1 284/256/1
f 283/258/1 299/259/1 298/257/1
f 282/260/1 299/259/1 283/258/1
f 282/260/1 300/261/1 299/259/1
f 281/262/1 300/261/1 282/260/1
f 281/262/1 301/263/1 300/261/1
f 280/264/1 301/263/1 281/262/1
f 280/264/1 302/265/1 301/263/1
f 279/266/1 302/265/1 280/264/1
f 279/266/1 303/267/1 302/265/1
f 278/268/1 303/267/1 279/266/1
f 278/268/1 304/269/1 303/267/1
f 278/268/1 305/270/1 304/269/1
f 277/271/1 305/270/1 278/268/1
f 277/271/1 306/272/1 305/270/1
f 276/273/1 306/272/1 277/271/1
f 276/273/1 307/274/1 306/272/1
f 275/275/1 307/274/1 276/273/1
f 275/275/1 308/276/1 307/274/1
f 274/277/1 308/276/1 275/275/1
f 274/277/1 309/278/1 308/276/1
f 273/279/1 309/278/1 274/277/1
f 273/279/1 310/280/1 309/278/1
f 272/281/1 310/280/1 273/279/1
f 271/282/1 310/280/1 272/281/1
f 271/282/1 311/283/1 310/280/1
f 270/284/1 311/283/1 271/282/1
f 270/284/1 312/285/1 311/283/1
f 269/286/1 312/285/1 270/284/1
f 269/286/1 313/287/1 312/285/1
f 268/288/1 313/287/1 269/286/1
f 268/288/1 314/289/1 313/287/1
f 267/290/1 314/289/1 268/288/1
f 267/290/1 315/291/1 314/289/1
f 266/292/1 315/291/1 267/290/1
f 266/292/1 316/293/1 315/291/1
f 266/292/1 317/294/1 316/293/1
f 265/295/1 317/294/1 266/292/1
f 265/295/1 318/296/1 317/294/1
f 264/297/1 318/296/1 265/295/1
f 264/297/1 319/298/1 318/296/1
f 263/299/1 319/298/1 264/297/1
f 263/299/1 320/300/1 319/298/1
f 262/301/1 320/300/1 263/299/1
f 262/301/1 321/302/1 320/300/1
f 261/303/1 321/302/1 262/301/1
f 260/304/1 321/302/1 261/303/1
f 260/304/1 322/305/1 321/302/1
f 259/306/1 322/305/1 260/304/1
f 259/306/1 323/307/1 322/305/1
f 258/308/1 323/307/1 259/306/1
f 258/308/1 324/309/1 323/307/1
f 257/310/1 324/309/1 258/308/1
f 257/310/1 325/311/1 324/309/1
f 256/312/1 325/311/1 257/310/1
f 256/312/1 326/313/1 325/311/1
f 255/314/1 326/313/1 256/312/1
f 255/314/1 327/315/1 326/313/1
f 254/316/1 327/315/1 255/314/1
f 254/316/1 328/317/1 327/315/1
f 253/318/1 328/317/1 254/316/1
f 253/318/1 329/319/1 328/317/1
f 252/320/1 329/319/1 253/318/1
f 252/320/1 330/321/1 329/319/1
f 251/322/1 330/321/1 252/320/1
f 251/322/1 331/323/1 330/321/1
f 250/324/1 331/323/1 251/322/1
f 250/324/1 332/325/1 331/323/1
f 249/326/1 332/325/1 250/324/1
f 249/326/1 333/327/1 332/325/1
f 248/328/1 333/327/1 249/326/1
f 248/328/1 334/329/1 333/327/1
f 247/330/1 334/329/1 248/328/1
f 247/330/1 335/331/1 334/329/1
f 246/332/1 335/331/1 247/330/1
f 246/332/1 336/333/1 335/331/1
f 245/334/1 336/333/1 246/332/1
f 245/334/1 337/335/1 336/333/1
f 244/336/1 337/335/1 245/334/1
f 244/336/1 338/337/1 337/335/1
f 243/24/1 338/337/1 244/336/1
f 243/24/1 339/338/1 338/337/1
f 386/161/1 339/338/1 243/24/1
f 386/161/1 340/339/1 339/338/1
f 385/340/1 340/339/1 386/161/1
f 385/340/1 341/341/1 340/339/1
f 384/342/1 341/341/1 385/340/1
f 384/342/1 342/343/1 341/341/1
f 383/344/1 342/343/1 384/342/1
f 383/344/1 343/345/1 342/343/1
f 382/346/1 343/345/1 383/344/1
f 382/346/1 344/347/1 343/345/1
f 381/348/1 344/347/1 382/346/1
f 381/348/1 345/349/1 344/347/1
f 380/350/1 345/349/1 381/348/1
f 380/350/1 346/351/1 345/349/1
f 379/352/1 346/351/1 380/350/1
f 379/352/1 347/353/1 346/351/1
f 378/354/1 347/353/1 379/352/1
f 378/354/1 348/355/1 347/353/1
f 377/356/1 348/355/1 378/354/1
f 377/356/1 349/357/1 348/355/1
f 376/358/1 349/357/1 377/356/1
f 376/358/1 350/359/1 349/357/1
f 375/360/1 350/359/1 376/358/1
f 375/360/1 351/361/1 350/359/1
f 374/362/1 351/361/1 375/360/1
f 374/362/1 352/363/1 351/361/1
f 373/364/1 352/363/1 374/362/1
f 373/364/1 353/365/1 352/363/1
f 372/366/1 353/365/1 373/364/1
f 372/366/1 354/367/1 353/365/1
f 371/368/1 354/367/1 372/366/1
f 371/368/1 355/369/1 354/367/1
f 370/370/1 355/369/1 371/368/1
f 370/370/1 356/371/1 355/369/1
f 369/372/1 356/371/1 370/370/1
f 369/372/1 357/373/1 356/371/1
f 368/374/1 357/373/1 369/372/1
f 368/374/1 358/375/1 357/373/1
f 367/376/1 358/375/1 368/374/1
f 367/376/1 359/377/1 358/375/1
f 366/378/1 359/377/1 367/376/1
f 366/378/1 360/379/1 359/377/1
f 365/380/1 360/379/1 366/378/1
f 365/380/1 361/381/1 360/379/1
f 364/382/1 361/381/1 365/380/1
f 364/382/1 362/383/1 361/381/1
f 363/384/1 362/383/1 364/382/1
f 395/385/1 397/161/1 396/386/1
f 395/385/1 393/387/1 397/161/1
f 393/387/1 387/24/1 397/161/1
f 394/388/1 393/387/1 395/385/1
f 392/389/1 387/24/1 393/387/1
f 390/390/1 392/389/1 391/391/1
f 390/390/1 387/24/1 392/389/1
f 390/390/1 388/392/1 387/24/1
f 390/390/1 389/393/1 388/392/1
f 462/394/1 464/395/1 463/396/1
f 462/394/1 465/161/1 464/395/1
f 465/161/1 399/397/1 398/24/1
f 465/161/1 400/398/1 399/397/1
f 462/394/1 400/398/1 465/161/1
f 461/399/1 400/398/1 462/394/1
f 460/400/1 400/398/1 461/399/1
f 460/400/1 401/401/1 400/398/1
f 459/402/1 401/401/1 460/400/1
f 458/403/1 401/401/1 459/402/1
f 457/404/1 401/401/1 458/403/1
f 457/404/1 402/405/1 401/401/1
f 456/406/1 402/405/1 457/404/1
f 455/407/1 402/405/1 456/406/1
f 454/408/1 402/405/1 455/407/1
f 454/408/1 403/409/1 402/405/1
f 453/410/1 403/409/1 454/408/1
f 452/411/1 403/409/1 453/410/1
f 451/412/1 403/409/1 452/411/1
f 450/413/1 403/409/1 451/412/1
f 450/413/1 404/414/1 403/409/1
f 449/415/1 404/414/1 450/413/1
f 448/416/1 404/414/1 449/415/1
f 447/417/1 404/414/1 448/416/1
f 446/418/1 404/414/1 447/417/1
f 446/418/1 405/419/1 404/414/1
f 445/420/1 405/419/1 446/418/1
f 444/421/1 405/419/1 445/420/1
f 443/422/1 405/419/1 444/421/1
f 442/423/1 405/419/1 443/422/1
f 441/424/1 405/419/1 442/423/1
f 441/424/1 406/425/1 405/419/1
f 440/426/1 406/425/1 441/424/1
f 439/427/1 406/425/1 440/426/1
f 438/428/1 406/425/1 439/427/1
f 437/429/1 406/425/1 438/428/1
f 436/430/1 406/425/1 437/429/1
f 436/430/1 407/431/1 406/425/1
f 435/432/1 407/431/1 436/430/1
f 434/433/1 407/431/1 435/432/1
f 433/434/1 407/431/1 434/433/1
f 432/435/1 407/431/1 433/434/1
f 431/436/1 407/431/1 432/435/1
f 430/437/1 407/431/1 431/436/1
f 429/438/1 407/431/1 430/437/1
f 429/438/1 408/439/1 407/431/1
f 428/440/1 408/439/1 429/438/1
f 427/441/1 408/439/1 428/440/1
f 426/442/1 408/439/1 427/441/1
f 425/443/1 408/439/1 426/442/1
f 424/444/1 408/439/1 425/443/1
f 424/444/1 409/445/1 408/439/1
f 424/444/1 410/446/1 409/445/1
f 424/444/1 411/447/1 410/446/1
f 424/444/1 412/448/1 411/447/1
f 424/444/1 413/449/1 412/448/1
f 424/444/1 414/450/1 413/449/1
f 424/444/1 415/451/1 414/450/1
f 424/444/1 416/452/1 415/451/1
f 424/444/1 417/453/1 416/452/1
f 424/444/1 418/454/1 417/453/1
f 424/444/1 419/455/1 418/454/1
f 424/444/1 420/456/1 419/455/1
f 424/444/1 421/457/1 420/456/1
f 424/444/1 422/458/1 421/457/1
f 424/444/1 423/459/1 422/458/1
f 650/460/1 652/461/1 651/462/1
f 649/463/1 652/461/1 650/460/1
f 648/464/1 652/461/1 649/463/1
f 648/464/1 653/465/1 652/461/1
f 647/466/1 653/465/1 648/464/1
f 646/467/1 653/465/1 647/466/1
f 646/467/1 654/468/1 653/465/1
f 645/469/1 654/468/1 646/467/1
f 644/470/1 654/468/1 645/469/1
f 644/470/1 655/471/1 654/468/1
f 643/472/1 655/471/1 644/470/1
f 642/473/1 655/471/1 643/472/1
f 642/473/1 656/474/1 655/471/1
f 641/475/1 656/474/1 642/473/1
f 640/476/1 656/474/1 641/475/1
f 640/476/1 657/477/1 656/474/1
f 639/478/1 657/477/1 640/476/1
f 638/479/1 657/477/1 639/478/1
f 637/480/1 657/477/1 638/479/1
f 637/480/1 658/481/1 657/477/1
f 636/482/1 658/481/1 637/480/1
f 635/483/1 658/481/1 636/482/1
f 635/483/1 659/484/1 658/481/1
f 634/485/1 659/484/1 635/483/1
f 633/486/1 659/484/1 634/485/1
f 633/486/1 660/487/1 659/484/1
f 632/488/1 660/487/1 633/486/1
f 631/489/1 660/487/1 632/488/1
f 631/489/1 661/490/1 660/487/1
f 630/491/1 661/490/1 631/489/1
f 629/492/1 661/490/1 630/491/1
f 628/493/1 661/490/1 629/492/1
f 628/493/1 662/494/1 661/490/1
f 627/495/1 662/494/1 628/493/1
f 626/496/1 625/497/1 627/495/1
f 625/497/1 624/498/1 627/495/1
f 624/498/1 662/494/1 627/495/1
f 624/498/2 623/499/2 662/494/2
f 623/499/3 622/500/3 662/494/3
f 622/500/1 621/501/1 662/494/1
f 621/501/1 663/502/1 662/494/1
f 621/501/1 620/503/1 663/502/1
f 620/503/1 619/504/1 663/502/1
f 619/504/1 664/505/1 663/502/1
f 619/504/1 618/506/1 664/505/1
f 618/506/1 617/507/1 664/505/1
f 617/507/1 616/508/1 664/505/1
f 616/508/1 665/509/1 664/505/1
f 616/508/1 615/510/1 665/509/1
f 615/510/1 614/511/1 665/509/1
f 614/511/1 613/512/1 665/509/1
f 613/512/1 666/513/1 665/509/1
f 613/512/1 612/514/1 666/513/1
f 612/514/1 611/515/1 666/513/1
f 611/515/1 610/516/1 666/513/1
f 610/516/1 609/517/1 666/513/1
f 609/517/1 667/518/1 666/513/1
f 609/517/1 608/519/1 667/518/1
f 608/519/1 607/389/1 667/518/1
f 607/389/1 606/520/1 667/518/1
f 606/520/1 668/521/1 667/518/1
f 606/520/1 605/522/1 668/521/1
f 605/522/1 604/523/1 668/521/1
f 604/523/1 669/524/1 668/521/1
f 604/523/1 603/525/1 669/524/1
f 603/525/1 602/526/1 669/524/1
f 602/526/1 670/527/1 669/524/1
f 601/528/1 670/527/1 602/526/1
f 600/529/1 670/527/1 601/528/1
f 599/530/1 670/527/1 600/529/1
f 599/530/1 671/531/1 670/527/1
f 598/532/1 671/531/1 599/530/1
f 597/533/1 671/531/1 598/532/1
f 596/534/1 671/531/1 597/533/1
f 596/534/1 672/535/1 671/531/1
f 595/536/1 672/535/1 596/534/1
f 594/537/1 672/535/1 595/536/1
f 594/537/1 673/538/1 672/535/1
f 593/539/1 673/538/1 594/537/1
f 593/539/1 674/540/1 673/538/1
f 592/541/1 674/540/1 593/539/1
f 592/541/1 466/24/1 674/540/1
f 591/542/1 466/24/1 592/541/1
f 590/543/1 466/24/1 591/542/1
f 590/543/1 467/544/1 466/24/1
f 589/545/1 467/544/1 590/543/1
f 587/546/1 589/545/1 588/547/1
f 587/546/1 467/544/1 589/545/1
f 586/548/1 467/544/1 587/546/1
f 585/549/1 467/544/1 586/548/1
f 584/550/1 712/551/1 585/549/1
f 712/551/1 467/544/1 585/549/1
f 583/552/1 712/551/1 584/550/1
f 582/553/1 712/551/1 583/552/1
f 581/554/1 712/551/1 582/553/1
f 580/555/1 712/551/1 581/554/1
f 579/556/1 712/551/1 580/555/1
f 578/557/1 712/551/1 579/556/1
f 577/558/1 712/551/1 578/557/1
f 576/559/1 712/551/1 577/558/1
f 575/560/1 712/551/1 576/559/1
f 574/561/1 712/551/1 575/560/1
f 573/562/1 712/551/1 574/561/1
f 572/563/1 712/551/1 573/562/1
f 571/564/1 713/565/1 572/563/1
f 713/565/1 712/551/1 572/563/1
f 571/564/1 714/566/1 713/565/1
f 711/567/1 467/544/1 712/551/1
f 571/564/1 715/568/1 714/566/1
f 571/564/1 716/569/1 715/568/1
f 571/564/1 717/570/1 716/569/1
f 571/564/1 718/571/1 717/570/1
f 570/572/1 718/571/1 571/564/1
f 570/572/1 719/573/1 718/571/1
f 570/572/1 720/574/1 719/573/1
f 570/572/1 721/575/1 720/574/1
f 570/572/1 722/576/1 721/575/1
f 570/572/1 723/577/1 722/576/1
f 569/578/1 723/577/1 570/572/1
f 569/578/1 724/579/1 723/577/1
f 569/578/1 725/580/1 724/579/1
f 569/578/1 726/581/1 725/580/1
f 569/578/1 727/582/1 726/581/1
f 568/583/1 727/582/1 569/578/1
f 568/583/1 728/584/1 727/582/1
f 568/583/1 729/585/1 728/584/1
f 568/583/1 730/586/1 729/585/1
f 567/587/1 730/586/1 568/583/1
f 567/587/1 731/588/1 730/586/1
f 567/587/1 732/589/1 731/588/1
f 566/590/1 732/589/1 567/587/1
f 566/590/1 733/591/1 732/589/1
f 566/590/1 734/592/1 733/591/1
f 566/590/1 735/593/1 734/592/1
f 565/594/1 735/593/1 566/590/1
f 565/594/1 736/595/1 735/593/1
f 565/594/1 737/596/1 736/595/1
f 564/597/1 737/596/1 565/594/1
f 564/597/1 738/598/1 737/596/1
f 564/597/1 739/599/1 738/598/1
f 710/600/1 467/544/1 711/567/1
f 710/600/1 468/601/1 467/544/1
f 564/597/1 740/602/1 739/599/1
f 563/603/1 740/602/1 564/597/1
f 709/604/1 468/601/1 710/600/1
f 709/604/1 469/605/1 468/601/1
f 563/603/1 741/606/1 740/602/1
f 708/607/1 469/605/1 709/604/1
f 708/607/1 470/608/1 469/605/1
f 563/603/1 742/609/1 741/606/1
f 707/610/1 470/608/1 708/607/1
f 707/610/1 471/611/1 470/608/1
f 562/612/1 742/609/1 563/603/1
f 562/612/1 743/613/1 742/609/1
f 706/614/1 471/611/1 707/610/1
f 706/614/1 472/615/1 471/611/1
f 562/612/1 744/616/1 743/613/1
f 705/617/1 472/615/1 706/614/1
f 705/617/1 473/618/1 472/615/1
f 562/612/1 745/619/1 744/616/1
f 704/620/1 473/618/1 705/617/1
f 704/620/1 474/621/1 473/618/1
f 561/622/1 745/619/1 562/612/1
f 561/622/1 746/623/1 745/619/1
f 703/624/1 474/621/1 704/620/1
f 703/624/1 475/625/1 474/621/1
f 702/626/1 475/625/1 703/624/1
f 561/622/1 747/627/1 746/623/1
f 702/626/1 476/628/1 475/625/1
f 701/629/1 476/628/1 702/626/1
f 561/622/1 748/161/1 747/627/1
f 701/629/1 477/630/1 476/628/1
f 700/631/1 477/630/1 701/629/1
f 561/622/1 675/632/1 748/161/1
f 560/633/1 675/632/1 561/622/1
f 700/631/1 478/634/1 477/630/1
f 699/635/1 478/634/1 700/631/1
f 560/633/1 676/636/1 675/632/1
f 699/635/1 479/637/1 478/634/1
f 698/638/1 479/637/1 699/635/1
f 560/633/1 677/639/1 676/636/1
f 698/638/1 480/640/1 479/637/1
f 697/641/1 480/640/1 698/638/1
f 560/633/1 678/642/1 677/639/1
f 697/641/1 481/643/1 480/640/1
f 696/644/1 481/643/1 697/641/1
f 560/633/1 679/645/1 678/642/1
f 696/644/1 482/646/1 481/643/1
f 695/647/1 482/646/1 696/644/1
f 559/648/1 679/645/1 560/633/1
f 559/648/1 680/649/1 679/645/1
f 695/647/1 483/650/1 482/646/1
f 694/651/1 483/650/1 695/647/1
f 559/648/1 681/652/1 680/649/1
f 694/651/1 484/653/1 483/650/1
f 693/654/1 484/653/1 694/651/1
f 559/648/1 682/655/1 681/652/1
f 692/656/1 484/653/1 693/654/1
f 692/656/1 485/657/1 484/653/1
f 559/648/1 683/658/1 682/655/1
f 691/659/1 485/657/1 692/656/1
f 559/648/1 684/660/1 683/658/1
f 690/661/1 485/657/1 691/659/1
f 690/661/1 486/662/1 485/657/1
f 559/648/1 685/663/1 684/660/1
f 689/664/1 486/662/1 690/661/1
f 559/648/1 686/665/1 685/663/1
f 688/666/1 486/662/1 689/664/1
f 559/648/1 687/667/1 686/665/1
f 687/667/1 486/662/1 688/666/1
f 559/648/1 486/662/1 687/667/1
f 559/648/1 487/668/1 486/662/1
f 559/648/1 488/669/1 487/668/1
f 558/670/1 488/669/1 559/648/1
f 558/670/1 489/671/1 488/669/1
f 558/670/1 490/672/1 489/671/1
f 558/670/1 491/673/1 490/672/1
f 558/670/1 516/674/1 491/673/1
f 516/674/1 492/675/1 491/673/1
f 557/676/1 516/674/1 558/670/1
f 556/677/1 516/674/1 557/676/1
f 555/678/1 516/674/1 556/677/1
f 555/678/1 517/679/1 516/674/1
f 515/680/1 492/675/1 516/674/1
f 554/681/1 517/679/1 555/678/1
f 514/682/1 492/675/1 515/680/1
f 554/681/1 518/683/1 517/679/1
f 553/684/1 518/683/1 554/681/1
f 513/685/1 492/675/1 514/682/1
f 553/684/1 519/686/1 518/683/1
f 512/687/1 492/675/1 513/685/1
f 553/684/1 520/688/1 519/686/1
f 552/689/1 520/688/1 553/684/1
f 511/690/1 492/675/1 512/687/1
f 552/689/1 521/691/1 520/688/1
f 510/692/1 492/675/1 511/690/1
f 551/693/1 521/691/1 552/689/1
f 551/693/1 522/694/1 521/691/1
f 509/695/1 492/675/1 510/692/1
f 551/693/1 523/696/1 522/694/1
f 550/697/1 523/696/1 551/693/1
f 508/698/1 492/675/1 509/695/1
f 550/697/1 524/699/1 523/696/1
f 507/700/1 492/675/1 508/698/1
f 549/701/1 524/699/1 550/697/1
f 506/702/1 492/675/1 507/700/1
f 549/701/1 525/703/1 524/699/1
f 505/704/1 492/675/1 506/702/1
f 549/701/1 526/705/1 525/703/1
f 548/706/1 526/705/1 549/701/1
f 504/707/1 492/675/1 505/704/1
f 548/706/1 527/708/1 526/705/1
f 503/709/1 492/675/1 504/707/1
f 548/706/1 528/710/1 527/708/1
f 547/711/1 528/710/1 548/706/1
f 502/712/1 492/675/1 503/709/1
f 547/711/1 529/713/1 528/710/1
f 501/714/1 492/675/1 502/712/1
f 546/715/1 529/713/1 547/711/1
f 500/716/1 492/675/1 501/714/1
f 546/715/1 530/717/1 529/713/1
f 499/718/1 492/675/1 500/716/1
f 546/715/1 531/719/1 530/717/1
f 545/720/1 531/719/1 546/715/1
f 498/721/1 492/675/1 499/718/1
f 545/720/1 532/722/1 531/719/1
f 497/723/1 492/675/1 498/721/1
f 544/724/1 532/722/1 545/720/1
f 544/724/1 533/725/1 532/722/1
f 496/726/1 492/675/1 497/723/1
f 495/727/1 492/675/1 496/726/1
f 544/724/1 534/728/1 533/725/1
f 543/729/1 534/728/1 544/724/1
f 494/730/1 492/675/1 495/727/1
f 543/729/1 535/731/1 534/728/1
f 493/732/1 492/675/1 494/730/1
f 543/729/1 536/733/1 535/731/1
f 542/734/1 536/733/1 543/729/1
f 542/734/1 537/735/1 536/733/1
f 541/736/1 537/735/1 542/734/1
f 541/736/1 538/737/1 537/735/1
f 541/736/1 539/738/1 538/737/1
f 540/739/1 539/738/1 541/736/1
f 791/740/1 842/741/1 792/742/1
f 842/741/1 793/743/1 792/742/1
f 842/741/1 794/744/1 793/743/1
f 842/741/1 795/745/1 794/744/1
f 842/741/1 796/746/1 795/745/1
f 842/741/1 797/747/1 796/746/1
f 842/741/1 798/748/1 797/747/1
f 842/741/1 799/749/1 798/748/1
f 842/741/1 800/750/1 799/749/1
f 842/741/1 801/751/1 800/750/1
f 842/741/1 802/389/1 801/751/1
f 842/741/1 803/752/1 802/389/1
f 842/741/1 804/753/1 803/752/1
f 842/741/1 749/24/1 804/753/1
f 842/741/1 750/754/1 749/24/1
f 842/741/1 751/755/1 750/754/1
f 842/741/1 752/756/1 751/755/1
f 842/741/1 753/757/1 752/756/1
f 842/741/1 754/758/1 753/757/1
f 842/741/1 841/759/1 754/758/1
f 841/759/1 755/760/1 754/758/1
f 791/740/1 843/761/1 842/741/1
f 840/762/1 755/760/1 841/759/1
f 839/763/1 755/760/1 840/762/1
f 838/764/1 755/760/1 839/763/1
f 837/765/1 755/760/1 838/764/1
f 837/765/1 756/766/1 755/760/1
f 836/767/1 756/766/1 837/765/1
f 835/768/1 756/766/1 836/767/1
f 834/769/1 756/766/1 835/768/1
f 833/770/1 756/766/1 834/769/1
f 832/771/1 756/766/1 833/770/1
f 831/772/1 756/766/1 832/771/1
f 831/772/1 757/773/1 756/766/1
f 830/774/1 757/773/1 831/772/1
f 829/775/1 757/773/1 830/774/1
f 828/776/1 757/773/1 829/775/1
f 827/777/1 757/773/1 828/776/1
f 827/777/1 758/778/1 757/773/1
f 826/779/1 758/778/1 827/777/1
f 825/780/1 758/778/1 826/779/1
f 824/781/1 758/778/1 825/780/1
f 824/781/1 759/782/1 758/778/1
f 823/783/1 759/782/1 824/781/1
f 822/784/1 759/782/1 823/783/1
f 821/785/1 759/782/1 822/784/1
f 821/785/1 760/786/1 759/782/1
f 820/787/1 760/786/1 821/785/1
f 819/788/1 760/786/1 820/787/1
f 819/788/1 761/789/1 760/786/1
f 818/790/1 761/789/1 819/788/1
f 817/791/1 761/789/1 818/790/1
f 816/792/1 761/789/1 817/791/1
f 816/792/1 762/793/1 761/789/1
f 815/794/1 762/793/1 816/792/1
f 815/794/1 763/795/1 762/793/1
f 814/796/1 763/795/1 815/794/1
f 814/796/1 764/797/1 763/795/1
f 813/798/1 764/797/1 814/796/1
f 812/799/1 764/797/1 813/798/1
f 812/799/1 765/800/1 764/797/1
f 811/801/1 765/800/1 812/799/1
f 811/801/1 766/802/1 765/800/1
f 810/803/1 766/802/1 811/801/1
f 809/804/1 766/802/1 810/803/1
f 809/804/1 767/805/1 766/802/1
f 808/806/1 767/805/1 809/804/1
f 807/807/1 767/805/1 808/806/1
f 807/807/1 768/808/1 767/805/1
f 806/809/1 768/808/1 807/807/1
f 805/810/1 768/808/1 806/809/1
f 805/810/1 769/811/1 768/808/1
f 855/161/1 769/811/1 805/810/1
f 854/812/1 769/811/1 855/161/1
f 854/812/1 770/813/1 769/811/1
f 853/814/1 770/813/1 854/812/1
f 852/815/1 770/813/1 853/814/1
f 851/816/1 770/813/1 852/815/1
f 851/816/1 771/817/1 770/813/1
f 850/818/1 771/817/1 851/816/1
f 849/819/1 771/817/1 850/818/1
f 848/820/1 771/817/1 849/819/1
f 847/821/1 771/817/1 848/820/1
f 846/822/1 771/817/1 847/821/1
f 845/823/1 771/817/1 846/822/1
f 845/823/1 772/824/1 771/817/1
f 844/825/1 772/824/1 845/823/1
f 791/740/1 844/825/1 843/761/1
f 791/740/1 789/826/1 844/825/1
f 789/826/1 772/824/1 844/825/1
f 789/826/1 773/827/1 772/824/1
f 789/826/1 774/828/1 773/827/1
f 789/826/1 775/829/1 774/828/1
f 789/826/1 776/830/1 775/829/1
f 789/826/1 777/831/1 776/830/1
f 789/826/1 778/832/1 777/831/1
f 789/826/1 779/833/1 778/832/1
f 789/826/1 780/834/1 779/833/1
f 789/826/1 781/835/1 780/834/1
f 789/826/1 782/836/1 781/835/1
f 789/826/1 783/837/1 782/836/1
f 789/826/1 784/838/1 783/837/1
f 789/826/1 785/839/1 784/838/1
f 789/826/1 788/840/1 785/839/1
f 788/840/1 786/841/1 785/839/1
f 791/740/1 790/842/1 789/826/1
f 787/843/1 786/841/1 788/840/1
f 862/468/1 864/844/1 863/845/1
f 865/161/1 864/844/1 862/468/1
f 861/846/1 857/847/1 856/24/1
f 861/846/1 858/848/1 857/847/1
f 861/846/1 859/633/1 858/848/1
f 860/849/1 859/633/1 861/846/1
f 871/629/1 866/24/1 872/161/1
f 871/629/1 867/685/1 866/24/1
f 867/685/1 869/389/1 868/633/1
f 867/685/1 870/468/1 869/389/1
f 871/629/1 870/468/1 867/685/1
f 884/1/4 885/3/4 886/2/4
f 883/4/4 884/1/4 886/2/4
f 883/4/4 886/2/4 887/5/4
f 882/6/4 883/4/4 887/5/4
f 882/6/4 887/5/4 888/7/4
f 881/8/4 882/6/4 888/7/4
f 881/8/4 888/7/4 889/9/4
f 880/10/4 881/8/4 889/9/4
f 880/10/4 889/9/4 890/11/4
f 879/12/4 880/10/4 890/11/4
f 879/12/4 890/11/4 891/13/4
f 878/14/4 879/12/4 891/13/4
f 878/14/4 891/13/4 892/15/4
f 877/16/4 878/14/4 892/15/4
f 877/16/4 892/15/4 893/17/4
f 876/18/4 877/16/4 893/17/4
f 876/18/4 893/17/4 894/19/4
f 875/20/4 876/18/4 894/19/4
f 875/20/4 894/19/4 895/21/4
f 874/22/4 875/20/4 895/21/4
f 874/22/4 895/21/4 896/23/4
f 873/24/4 874/22/4 896/23/4
f 873/24/4 896/23/4 897/25/4
f 968/26/4 873/24/4 897/25/4
f 968/26/4 897/25/4 898/27/4
f 967/28/4 968/26/4 982/29/4
f 982/29/4 968/26/4 981/30/4
f 981/30/4 968/26/4 898/27/4
f 981/30/4 898/27/4 980/31/4
f 980/31/4 898/27/4 979/32/4
f 979/32/4 898/27/4 978/33/4
f 978/33/4 898/27/4 899/34/4
f 967/28/4 982/29/4 983/35/4
f 977/36/4 978/33/4 899/34/4
f 976/37/4 977/36/4 899/34/4
f 975/38/4 976/37/4 899/34/4
f 967/28/4 983/35/4 984/39/4
f 974/40/4 975/38/4 899/34/4
f 973/41/4 974/40/4 899/34/4
f 972/42/4 973/41/4 899/34/4
f 967/28/4 984/39/4 985/43/4
f 971/44/4 972/42/4 899/34/4
f 970/45/4 971/44/4 899/34/4
f 969/46/4 970/45/4 899/34/4
f 967/28/4 985/43/4 986/47/4
f 1041/48/4 969/46/4 899/34/4
f 1040/49/4 1041/48/4 899/34/4
f 967/28/4 986/47/4 987/50/4
f 1039/51/4 1040/49/4 899/34/4
f 1038/52/4 1039/51/4 899/34/4
f 1037/53/4 1038/52/4 899/34/4
f 967/28/4 987/50/4 988/54/4
f 966/55/4 967/28/4 988/54/4
f 1037/53/4 899/34/4 900/56/4
f 1036/57/4 1037/53/4 900/56/4
f 1035/58/4 1036/57/4 900/56/4
f 966/55/4 988/54/4 989/59/4
f 1034/60/4 1035/58/4 900/56/4
f 1033/61/4 1034/60/4 900/56/4
f 1032/62/4 1033/61/4 900/56/4
f 966/55/4 989/59/4 990/63/4
f 1031/64/4 1032/62/4 900/56/4
f 1030/65/4 1031/64/4 900/56/4
f 966/55/4 990/63/4 991/66/4
f 1029/67/4 1030/65/4 1066/68/4
f 1066/68/4 1030/65/4 900/56/4
f 965/69/4 966/55/4 991/66/4
f 1066/68/4 900/56/4 901/70/4
f 965/69/4 991/66/4 992/71/4
f 965/69/4 992/71/4 993/72/4
f 964/73/4 965/69/4 993/72/4
f 1066/68/4 901/70/4 902/74/4
f 964/73/4 993/72/4 994/75/4
f 964/73/4 994/75/4 995/76/4
f 963/77/4 964/73/4 995/76/4
f 1066/68/4 902/74/4 903/78/4
f 963/77/4 995/76/4 996/79/4
f 963/77/4 996/79/4 997/80/4
f 962/81/4 963/77/4 997/80/4
f 1066/68/4 903/78/4 904/82/4
f 962/81/4 997/80/4 998/83/4
f 962/81/4 998/83/4 999/84/4
f 1066/68/4 904/82/4 905/85/4
f 961/86/4 962/81/4 999/84/4
f 961/86/4 999/84/4 1000/87/4
f 1066/68/4 905/85/4 906/88/4
f 960/89/4 961/86/4 1000/87/4
f 960/89/4 1000/87/4 1001/90/4
f 1029/67/4 1066/68/4 1067/91/4
f 1065/92/4 1066/68/4 906/88/4
f 1064/93/4 1065/92/4 906/88/4
f 1063/94/4 1064/93/4 906/88/4
f 960/89/4 1001/90/4 1002/95/4
f 1063/94/4 906/88/4 907/96/4
f 959/97/4 960/89/4 1002/95/4
f 1062/98/4 1063/94/4 907/96/4
f 1061/99/4 1062/98/4 907/96/4
f 959/97/4 1002/95/4 1003/100/4
f 1060/101/4 1061/99/4 907/96/4
f 1060/101/4 907/96/4 908/102/4
f 958/103/4 959/97/4 1003/100/4
f 1059/104/4 1060/101/4 908/102/4
f 1058/105/4 1059/104/4 908/102/4
f 958/103/4 1003/100/4 1004/106/4
f 1057/107/4 1058/105/4 908/102/4
f 1057/107/4 908/102/4 909/108/4
f 957/109/4 958/103/4 1004/106/4
f 1056/110/4 1057/107/4 909/108/4
f 957/109/4 1004/106/4 1005/111/4
f 1055/112/4 1056/110/4 909/108/4
f 1054/113/4 1055/112/4 909/108/4
f 956/114/4 957/109/4 1005/111/4
f 956/114/4 1005/111/4 1006/115/4
f 1053/116/4 1054/113/4 909/108/4
f 1053/116/4 909/108/4 910/117/4
f 956/114/4 1006/115/4 1007/118/4
f 956/114/4 1007/118/4 1008/119/4
f 1052/120/4 1053/116/4 910/117/4
f 956/114/4 1008/119/4 1009/121/4
f 955/122/4 956/114/4 1009/121/4
f 1052/120/4 910/117/4 911/123/4
f 955/122/4 1009/121/4 1010/124/4
f 1051/125/4 1052/120/4 911/123/4
f 955/122/4 1010/124/4 1011/126/4
f 955/122/4 1011/126/4 1012/127/4
f 1050/128/4 1051/125/4 911/123/4
f 955/122/4 1012/127/4 1013/129/4
f 955/122/4 1013/129/4 1014/130/4
f 954/131/4 955/122/4 1014/130/4
f 1050/128/4 911/123/4 912/132/4
f 1049/133/4 1050/128/4 912/132/4
f 954/131/4 1014/130/4 1015/134/4
f 954/131/4 1015/134/4 1016/135/4
f 1048/136/4 1049/133/4 912/132/4
f 954/131/4 1016/135/4 1017/137/4
f 954/131/4 1017/137/4 1018/138/4
f 953/139/4 954/131/4 1018/138/4
f 1048/136/4 912/132/4 913/140/4
f 1047/141/4 1048/136/4 913/140/4
f 953/139/4 1018/138/4 1019/142/4
f 953/139/4 1019/142/4 1020/143/4
f 953/139/4 1020/143/4 1021/144/4
f 1046/145/4 1047/141/4 913/140/4
f 953/139/4 1021/144/4 1022/146/4
f 953/139/4 1022/146/4 1023/147/4
f 952/148/4 953/139/4 1023/147/4
f 1046/145/4 913/140/4 914/149/4
f 1045/150/4 1046/145/4 914/149/4
f 952/148/4 1023/147/4 1024/151/4
f 952/148/4 1024/151/4 1025/152/4
f 1044/153/4 1045/150/4 914/149/4
f 952/148/4 1025/152/4 1026/154/4
f 952/148/4 1026/154/4 1027/155/4
f 1043/156/4 1044/153/4 914/149/4
f 951/157/4 952/148/4 1027/155/4
f 1043/156/4 914/149/4 915/158/4
f 951/157/4 1027/155/4 1028/159/4
f 951/157/4 1028/159/4 1029/67/4
f 1042/160/4 1043/156/4 915/158/4
f 951/157/4 1029/67/4 1067/91/4
f 1114/161/4 1042/160/4 915/158/4
f 950/162/4 951/157/4 1067/91/4
f 1114/161/4 915/158/4 916/163/4
f 1113/164/4 1114/161/4 916/163/4
f 1112/165/4 1113/164/4 916/163/4
f 1111/166/4 1112/165/4 916/163/4
f 949/167/4 950/162/4 1067/91/4
f 1111/166/4 916/163/4 917/168/4
f 1110/169/4 1111/166/4 917/168/4
f 1109/170/4 1110/169/4 917/168/4
f 1108/171/4 1109/170/4 917/168/4
f 948/172/4 949/167/4 1067/91/4
f 1108/171/4 917/168/4 918/173/4
f 1107/174/4 1108/171/4 918/173/4
f 1106/175/4 1107/174/4 918/173/4
f 1105/176/4 1106/175/4 918/173/4
f 947/177/4 948/172/4 1067/91/4
f 1105/176/4 918/173/4 919/178/4
f 1104/179/4 1105/176/4 919/178/4
f 1103/180/4 1104/179/4 919/178/4
f 1102/181/4 1103/180/4 919/178/4
f 1101/182/4 1102/181/4 919/178/4
f 947/177/4 1067/91/4 1068/183/4
f 946/184/4 947/177/4 1068/183/4
f 1101/182/4 919/178/4 920/185/4
f 946/184/4 1068/183/4 1069/186/4
f 1100/187/4 1101/182/4 920/185/4
f 946/184/4 1069/186/4 1070/188/4
f 946/184/4 1070/188/4 1071/189/4
f 1099/190/4 1100/187/4 920/185/4
f 946/184/4 1071/189/4 1072/191/4
f 946/184/4 1072/191/4 1073/192/4
f 1098/193/4 1099/190/4 920/185/4
f 946/184/4 1073/192/4 1074/194/4
f 946/184/4 1074/194/4 1075/195/4
f 1097/196/4 1098/193/4 920/185/4
f 946/184/4 1075/195/4 1076/197/4
f 946/184/4 1076/197/4 1077/198/4
f 1096/199/4 1097/196/4 920/185/4
f 946/184/4 1077/198/4 1078/200/4
f 946/184/4 1078/200/4 1079/201/4
f 1095/202/4 1096/199/4 920/185/4
f 946/184/4 1079/201/4 1080/203/4
f 946/184/4 1080/203/4 1081/204/4
f 946/184/4 1081/204/4 1082/205/4
f 1094/206/4 1095/202/4 920/185/4
f 946/184/4 1082/205/4 1083/207/4
f 946/184/4 1083/207/4 1084/208/4
f 1093/209/4 1094/206/4 920/185/4
f 946/184/4 1084/208/4 1085/210/4
f 946/184/4 1085/210/4 1086/211/4
f 946/184/4 1086/211/4 1087/212/4
f 1092/213/4 1093/209/4 920/185/4
f 946/184/4 1087/212/4 1088/214/4
f 946/184/4 1088/214/4 1089/215/4
f 1091/216/4 1092/213/4 920/185/4
f 946/184/4 1089/215/4 1090/217/4
f 946/184/4 1090/217/4 1091/216/4
f 946/184/4 1091/216/4 920/185/4
f 945/218/4 946/184/4 920/185/4
f 945/218/4 920/185/4 921/219/4
f 944/220/4 945/218/4 921/219/4
f 944/220/4 921/219/4 922/221/4
f 943/222/4 944/220/4 922/221/4
f 943/222/4 922/221/4 923/223/4
f 943/222/4 923/223/4 924/224/4
f 942/225/4 943/222/4 924/224/4
f 942/225/4 924/224/4 925/226/4
f 941/227/4 942/225/4 925/226/4
f 941/227/4 925/226/4 926/228/4
f 940/229/4 941/227/4 926/228/4
f 940/229/4 926/228/4 927/230/4
f 939/231/4 940/229/4 927/230/4
f 939/231/4 927/230/4 928/232/4
f 938/233/4 939/231/4 928/232/4
f 938/233/4 928/232/4 929/234/4
f 937/235/4 938/233/4 929/234/4
f 937/235/4 929/234/4 930/236/4
f 936/237/4 937/235/4 930/236/4
f 936/237/4 930/236/4 931/238/4
f 935/239/4 936/237/4 931/238/4
f 935/239/4 931/238/4 932/240/4
f 934/241/4 935/239/4 932/240/4
f 934/241/4 932/240/4 933/242/4
f 1162/243/4 1163/245/4 1164/244/4
f 1161/246/4 1162/243/4 1164/244/4
f 1161/246/4 1164/244/4 1165/247/4
f 1160/248/4 1161/246/4 1165/247/4
f 1160/248/4 1165/247/4 1166/249/4
f 1159/250/4 1160/248/4 1166/249/4
f 1159/250/4 1166/249/4 1167/251/4
f 1158/252/4 1159/250/4 1167/251/4
f 1158/252/4 1167/251/4 1168/253/4
f 1157/254/4 1158/252/4 1168/253/4
f 1157/254/4 1168/253/4 1169/255/4
f 1156/256/4 1157/254/4 1169/255/4
f 1156/256/4 1169/255/4 1170/257/4
f 1155/258/4 1156/256/4 1170/257/4
f 1155/258/4 1170/257/4 1171/259/4
f 1154/260/4 1155/258/4 1171/259/4
f 1154/260/4 1171/259/4 1172/261/4
f 1153/262/4 1154/260/4 1172/261/4
f 1153/262/4 1172/261/4 1173/263/4
f 1152/264/4 1153/262/4 1173/263/4
f 1152/264/4 1173/263/4 1174/265/4
f 1151/266/4 1152/264/4 1174/265/4
f 1151/266/4 1174/265/4 1175/267/4
f 1150/268/4 1151/266/4 1175/267/4
f 1150/268/4 1175/267/4 1176/269/4
f 1150/268/4 1176/269/4 1177/270/4
f 1149/271/4 1150/268/4 1177/270/4
f 1149/271/4 1177/270/4 1178/272/4
f 1148/273/4 1149/271/4 1178/272/4
f 1148/273/4 1178/272/4 1179/274/4
f 1147/275/4 1148/273/4 1179/274/4
f 1147/275/4 1179/274/4 1180/276/4
f 1146/277/4 1147/275/4 1180/276/4
f 1146/277/4 1180/276/4 1181/278/4
f 1145/279/4 1146/277/4 1181/278/4
f 1145/279/4 1181/278/4 1182/280/4
f 1144/281/4 1145/279/4 1182/280/4
f 1143/282/4 1144/281/4 1182/280/4
f 1143/282/4 1182/280/4 1183/283/4
f 1142/284/4 1143/282/4 1183/283/4
f 1142/284/4 1183/283/4 1184/285/4
f 1141/286/4 1142/284/4 1184/285/4
f 1141/286/4 1184/285/4 1185/287/4
f 1140/288/4 1141/286/4 1185/287/4
f 1140/288/4 1185/287/4 1186/289/4
f 1139/290/4 1140/288/4 1186/289/4
f 1139/290/4 1186/289/4 1187/291/4
f 1138/292/4 1139/290/4 1187/291/4
f 1138/292/4 1187/291/4 1188/293/4
f 1138/292/4 1188/293/4 1189/294/4
f 1137/295/4 1138/292/4 1189/294/4
f 1137/295/4 1189/294/4 1190/296/4
f 1136/297/4 1137/295/4 1190/296/4
f 1136/297/4 1190/296/4 1191/298/4
f 1135/299/4 1136/297/4 1191/298/4
f 1135/299/4 1191/298/4 1192/300/4
f 1134/301/4 1135/299/4 1192/300/4
f 1134/301/4 1192/300/4 1193/302/4
f 1133/303/4 1134/301/4 1193/302/4
f 1132/304/4 1133/303/4 1193/302/4
f 1132/304/4 1193/302/4 1194/305/4
f 1131/306/4 1132/304/4 1194/305/4
f 1131/306/4 1194/305/4 1195/307/4
f 1130/308/4 1131/306/4 1195/307/4
f 1130/308/4 1195/307/4 1196/309/4
f 1129/310/4 1130/308/4 1196/309/4
f 1129/310/4 1196/309/4 1197/311/4
f 1128/312/4 1129/310/4 1197/311/4
f 1128/312/4 1197/311/4 1198/313/4
f 1127/314/4 1128/312/4 1198/313/4
f 1127/314/4 1198/313/4 1199/315/4
f 1126/316/4 1127/314/4 1199/315/4
f 1126/316/4 1199/315/4 1200/317/4
f 1125/318/4 1126/316/4 1200/317/4
f 1125/318/4 1200/317/4 1201/319/4
f 1124/320/4 1125/318/4 1201/319/4
f 1124/320/4 1201/319/4 1202/321/4
f 1123/322/4 1124/320/4 1202/321/4
f 1123/322/4 1202/321/4 1203/323/4
f 1122/324/4 1123/322/4 1203/323/4
f 1122/324/4 1203/323/4 1204/325/4
f 1121/326/4 1122/324/4 1204/325/4
f 1121/326/4 1204/325/4 1205/327/4
f 1120/328/4 1121/326/4 1205/327/4
f 1120/328/4 1205/327/4 1206/329/4
f 1119/330/4 1120/328/4 1206/329/4
f 1119/330/4 1206/329/4 1207/331/4
f 1118/332/4 1119/330/4 1207/331/4
f 1118/332/4 1207/331/4 1208/333/4
f 1117/334/4 1118/332/4 1208/333/4
f 1117/334/4 1208/333/4 1209/335/4
f 1116/336/4 1117/334/4 1209/335/4
f 1116/336/4 1209/335/4 1210/337/4
f 1115/24/4 1116/336/4 1210/337/4
f 1115/24/4 1210/337/4 1211/338/4
f 1258/161/4 1115/24/4 1211/338/4
f 1258/161/4 1211/338/4 1212/339/4
f 1257/340/4 1258/161/4 1212/339/4
f 1257/340/4 1212/339/4 1213/341/4
f 1256/342/4 1257/340/4 1213/341/4
f 1256/342/4 1213/341/4 1214/343/4
f 1255/344/4 1256/342/4 1214/343/4
f 1255/344/4 1214/343/4 1215/345/4
f 1254/346/4 1255/344/4 1215/345/4
f 1254/346/4 1215/345/4 1216/347/4
f 1253/348/4 1254/346/4 1216/347/4
f 1253/348/4 1216/347/4 1217/349/4
f 1252/350/4 1253/348/4 1217/349/4
f 1252/350/4 1217/349/4 1218/351/4
f 1251/352/4 1252/350/4 1218/351/4
f 1251/352/4 1218/351/4 1219/353/4
f 1250/354/4 1251/352/4 1219/353/4
f 1250/354/4 1219/353/4 1220/355/4
f 1249/356/4 1250/354/4 1220/355/4
f 1249/356/4 1220/355/4 1221/357/4
f 1248/358/4 1249/356/4 1221/357/4
f 1248/358/4 1221/357/4 1222/359/4
f 1247/360/4 1248/358/4 1222/359/4
f 1247/360/4 1222/359/4 1223/361/4
f 1246/362/4 1247/360/4 1223/361/4
f 1246/362/4 1223/361/4 1224/363/4
f 1245/364/4 1246/362/4 1224/363/4
f 1245/364/4 1224/363/4 1225/365/4
f 1244/366/4 1245/364/4 1225/365/4
f 1244/366/4 1225/365/4 1226/367/4
f 1243/368/4 1244/366/4 1226/367/4
f 1243/368/4 1226/367/4 1227/369/4
f 1242/370/4 1243/368/4 1227/369/4
f 1242/370/4 1227/369/4 1228/371/4
f 1241/372/4 1242/370/4 1228/371/4
f 1241/372/4 1228/371/4 1229/373/4
f 1240/374/4 1241/372/4 1229/373/4
f 1240/374/4 1229/373/4 1230/375/4
f 1239/376/4 1240/374/4 1230/375/4
f 1239/376/4 1230/375/4 1231/377/4
f 1238/378/4 1239/376/4 1231/377/4
f 1238/378/4 1231/377/4 1232/379/4
f 1237/380/4 1238/378/4 1232/379/4
f 1237/380/4 1232/379/4 1233/381/4
f 1236/382/4 1237/380/4 1233/381/4
f 1236/382/4 1233/381/4 1234/383/4
f 1235/384/4 1236/382/4 1234/383/4
f 1267/385/4 1268/386/4 1269/161/4
f 1267/385/4 1269/161/4 1265/387/4
f 1265/387/4 1269/161/4 1259/24/4
f 1266/388/4 1267/385/4 1265/387/4
f 1264/389/4 1265/387/4 1259/24/4
f 1262/390/4 1263/391/4 1264/389/4
f 1262/390/4 1264/389/4 1259/24/4
f 1262/390/4 1259/24/4 1260/392/4
f 1262/390/4 1260/392/4 1261/393/4
f 1334/394/4 1335/396/4 1336/395/4
f 1334/394/4 1336/395/4 1337/161/4
f 1337/161/4 1270/24/4 1271/397/4
f 1337/161/4 1271/397/4 1272/398/4
f 1334/394/4 1337/161/4 1272/398/4
f 1333/399/1 1334/394/1 1272/398/1
f 1332/400/4 1333/399/4 1272/398/4
f 1332/400/4 1272/398/4 1273/401/4
f 1331/402/4 1332/400/4 1273/401/4
f 1330/403/4 1331/402/4 1273/401/4
f 1329/404/4 1330/403/4 1273/401/4
f 1329/404/4 1273/401/4 1274/405/4
f 1328/406/4 1329/404/4 1274/405/4
f 1327/407/4 1328/406/4 1274/405/4
f 1326/408/4 1327/407/4 1274/405/4
f 1326/408/4 1274/405/4 1275/409/4
f 1325/410/4 1326/408/4 1275/409/4
f 1324/411/4 1325/410/4 1275/409/4
f 1323/412/4 1324/411/4 1275/409/4
f 1322/413/4 1323/412/4 1275/409/4
f 1322/413/4 1275/409/4 1276/414/4
f 1321/415/4 1322/413/4 1276/414/4
f 1320/416/4 1321/415/4 1276/414/4
f 1319/417/4 1320/416/4 1276/414/4
f 1318/418/4 1319/417/4 1276/414/4
f 1318/418/4 1276/414/4 1277/419/4
f 1317/420/4 1318/418/4 1277/419/4
f 1316/421/4 1317/420/4 1277/419/4
f 1315/422/4 1316/421/4 1277/419/4
f 1314/423/4 1315/422/4 1277/419/4
f 1313/424/4 1314/423/4 1277/419/4
f 1313/424/4 1277/419/4 1278/425/4
f 1312/426/4 1313/424/4 1278/425/4
f 1311/427/4 1312/426/4 1278/425/4
f 1310/428/4 1311/427/4 1278/425/4
f 1309/429/4 1310/428/4 1278/425/4
f 1308/430/4 1309/429/4 1278/425/4
f 1308/430/4 1278/425/4 1279/431/4
f 1307/432/4 1308/430/4 1279/431/4
f 1306/433/4 1307/432/4 1279/431/4
f 1305/434/4 1306/433/4 1279/431/4
f 1304/435/4 1305/434/4 1279/431/4
f 1303/436/4 1304/435/4 1279/431/4
f 1302/437/4 1303/436/4 1279/431/4
f 1301/438/4 1302/437/4 1279/431/4
f 1301/438/4 1279/431/4 1280/439/4
f 1300/440/4 1301/438/4 1280/439/4
f 1299/441/4 1300/440/4 1280/439/4
f 1298/442/4 1299/441/4 1280/439/4
f 1297/443/4 1298/442/4 1280/439/4
f 1296/444/4 1297/443/4 1280/439/4
f 1296/444/4 1280/439/4 1281/445/4
f 1296/444/4 1281/445/4 1282/446/4
f 1296/444/4 1282/446/4 1283/447/4
f 1296/444/4 1283/447/4 1284/448/4
f 1296/444/4 1284/448/4 1285/449/4
f 1296/444/4 1285/449/4 1286/450/4
f 1296/444/4 1286/450/4 1287/451/4
f 1296/444/4 1287/451/4 1288/452/4
f 1296/444/4 1288/452/4 1289/453/4
f 1296/444/4 1289/453/4 1290/454/4
f 1296/444/4 1290/454/4 1291/455/4
f 1296/444/4 1291/455/4 1292/456/4
f 1296/444/4 1292/456/4 1293/457/4
f 1296/444/4 1293/457/4 1294/458/4
f 1296/444/4 1294/458/4 1295/459/4
f 1522/460/4 1523/462/4 1524/461/4
f 1521/463/4 1522/460/4 1524/461/4
f 1520/464/4 1521/463/4 1524/461/4
f 1520/464/4 1524/461/4 1525/465/4
f 1519/466/4 1520/464/4 1525/465/4
f 1518/467/4 1519/466/4 1525/465/4
f 1518/467/4 1525/465/4 1526/468/4
f 1517/469/4 1518/467/4 1526/468/4
f 1516/470/4 1517/469/4 1526/468/4
f 1516/470/4 1526/468/4 1527/471/4
f 1515/472/4 1516/470/4 1527/471/4
f 1514/473/4 1515/472/4 1527/471/4
f 1514/473/4 1527/471/4 1528/474/4
f 1513/475/4 1514/473/4 1528/474/4
f 1512/476/4 1513/475/4 1528/474/4
f 1512/476/4 1528/474/4 1529/477/4
f 1511/478/4 1512/476/4 1529/477/4
f 1510/479/4 1511/478/4 1529/477/4
f 1509/480/4 1510/479/4 1529/477/4
f 1509/480/4 1529/477/4 1530/481/4
f 1508/482/4 1509/480/4 1530/481/4
f 1507/483/4 1508/482/4 1530/481/4
f 1507/483/4 1530/481/4 1531/484/4
f 1506/485/4 1507/483/4 1531/484/4
f 1505/486/4 1506/485/4 1531/484/4
f 1505/486/4 1531/484/4 1532/487/4
f 1504/488/4 1505/486/4 1532/487/4
f 1503/489/4 1504/488/4 1532/487/4
f 1503/489/4 1532/487/4 1533/490/4
f 1502/491/4 1503/489/4 1533/490/4
f 1501/492/4 1502/491/4 1533/490/4
f 1500/493/4 1501/492/4 1533/490/4
f 1500/493/4 1533/490/4 1534/494/4
f 1499/495/4 1500/493/4 1534/494/4
f 1498/496/4 1499/495/4 1497/497/4
f 1497/497/4 1499/495/4 1496/498/4
f 1496/498/4 1499/495/4 1534/494/4
f 1496/498/5 1534/494/5 1495/499/5
f 1495/499/6 1534/494/6 1494/500/6
f 1494/500/4 1534/494/4 1493/501/4
f 1493/501/4 1534/494/4 1535/502/4
f 1493/501/4 1535/502/4 1492/503/4
f 1492/503/4 1535/502/4 1491/504/4
f 1491/504/4 1535/502/4 1536/505/4
f 1491/504/4 1536/505/4 1490/506/4
f 1490/506/4 1536/505/4 1489/507/4
f 1489/507/4 1536/505/4 1488/508/4
f 1488/508/4 1536/505/4 1537/509/4
f 1488/508/4 1537/509/4 1487/510/4
f 1487/510/4 1537/509/4 1486/511/4
f 1486/511/4 1537/509/4 1485/512/4
f 1485/512/4 1537/509/4 1538/513/4
f 1485/512/4 1538/513/4 1484/514/4
f 1484/514/4 1538/513/4 1483/515/4
f 1483/515/4 1538/513/4 1482/516/4
f 1482/516/4 1538/513/4 1481/517/4
f 1481/517/4 1538/513/4 1539/518/4
f 1481/517/4 1539/518/4 1480/519/4
f 1480/519/4 1539/518/4 1479/389/4
f 1479/389/4 1539/518/4 1478/520/4
f 1478/520/4 1539/518/4 1540/521/4
f 1478/520/4 1540/521/4 1477/522/4
f 1477/522/4 1540/521/4 1476/523/4
f 1476/523/4 1540/521/4 1541/524/4
f 1476/523/4 1541/524/4 1475/525/4
f 1475/525/4 1541/524/4 1474/526/4
f 1474/526/4 1541/524/4 1542/527/4
f 1473/528/4 1474/526/4 1542/527/4
f 1472/529/4 1473/528/4 1542/527/4
f 1471/530/4 1472/529/4 1542/527/4
f 1471/530/4 1542/527/4 1543/531/4
f 1470/532/4 1471/530/4 1543/531/4
f 1469/533/4 1470/532/4 1543/531/4
f 1468/534/4 1469/533/4 1543/531/4
f 1468/534/4 1543/531/4 1544/535/4
f 1467/536/4 1468/534/4 1544/535/4
f 1466/537/4 1467/536/4 1544/535/4
f 1466/537/4 1544/535/4 1545/538/4
f 1465/539/4 1466/537/4 1545/538/4
f 1465/539/4 1545/538/4 1546/540/4
f 1464/541/4 1465/539/4 1546/540/4
f 1464/541/4 1546/540/4 1338/24/4
f 1463/542/4 1464/541/4 1338/24/4
f 1462/543/4 1463/542/4 1338/24/4
f 1462/543/4 1338/24/4 1339/544/4
f 1461/545/4 1462/543/4 1339/544/4
f 1459/546/4 1460/547/4 1461/545/4
f 1459/546/4 1461/545/4 1339/544/4
f 1458/548/4 1459/546/4 1339/544/4
f 1457/549/4 1458/548/4 1339/544/4
f 1456/550/4 1457/549/4 1584/551/4
f 1584/551/4 1457/549/4 1339/544/4
f 1455/552/4 1456/550/4 1584/551/4
f 1454/553/4 1455/552/4 1584/551/4
f 1453/554/4 1454/553/4 1584/551/4
f 1452/555/4 1453/554/4 1584/551/4
f 1451/556/4 1452/555/4 1584/551/4
f 1450/557/4 1451/556/4 1584/551/4
f 1449/558/4 1450/557/4 1584/551/4
f 1448/559/4 1449/558/4 1584/551/4
f 1447/560/4 1448/559/4 1584/551/4
f 1446/561/4 1447/560/4 1584/551/4
f 1445/562/4 1446/561/4 1584/551/4
f 1444/563/4 1445/562/4 1584/551/4
f 1443/564/4 1444/563/4 1585/565/4
f 1585/565/4 1444/563/4 1584/551/4
f 1443/564/4 1585/565/4 1586/566/4
f 1583/567/4 1584/551/4 1339/544/4
f 1443/564/4 1586/566/4 1587/568/4
f 1443/564/4 1587/568/4 1588/569/4
f 1443/564/4 1588/569/4 1589/570/4
f 1443/564/4 1589/570/4 1590/571/4
f 1442/572/4 1443/564/4 1590/571/4
f 1442/572/4 1590/571/4 1591/573/4
f 1442/572/4 1591/573/4 1592/574/4
f 1442/572/4 1592/574/4 1593/575/4
f 1442/572/4 1593/575/4 1594/576/4
f 1442/572/4 1594/576/4 1595/577/4
f 1441/578/4 1442/572/4 1595/577/4
f 1441/578/4 1595/577/4 1596/579/4
f 1441/578/4 1596/579/4 1597/580/4
f 1441/578/4 1597/580/4 1598/581/4
f 1441/578/4 1598/581/4 1599/582/4
f 1440/583/4 1441/578/4 1599/582/4
f 1440/583/4 1599/582/4 1600/584/4
f 1440/583/4 1600/584/4 1601/585/4
f 1440/583/4 1601/585/4 1602/586/4
f 1439/587/4 1440/583/4 1602/586/4
f 1439/587/4 1602/586/4 1603/588/4
f 1439/587/4 1603/588/4 1604/589/4
f 1438/590/4 1439/587/4 1604/589/4
f 1438/590/4 1604/589/4 1605/591/4
f 1438/590/4 1605/591/4 1606/592/4
f 1438/590/4 1606/592/4 1607/593/4
f 1437/594/4 1438/590/4 1607/593/4
f 1437/594/4 1607/593/4 1608/595/4
f 1437/594/4 1608/595/4 1609/596/4
f 1436/597/4 1437/594/4 1609/596/4
f 1436/597/4 1609/596/4 1610/598/4
f 1436/597/4 1610/598/4 1611/599/4
f 1582/600/4 1583/567/4 1339/544/4
f 1582/600/4 1339/544/4 1340/601/4
f 1436/597/4 1611/599/4 1612/602/4
f 1435/603/4 1436/597/4 1612/602/4
f 1581/604/4 1582/600/4 1340/601/4
f 1581/604/4 1340/601/4 1341/605/4
f 1435/603/4 1612/602/4 1613/606/4
f 1580/607/4 1581/604/4 1341/605/4
f 1580/607/4 1341/605/4 1342/608/4
f 1435/603/4 1613/606/4 1614/609/4
f 1579/610/4 1580/607/4 1342/608/4
f 1579/610/4 1342/608/4 1343/611/4
f 1434/612/4 1435/603/4 1614/609/4
f 1434/612/4 1614/609/4 1615/613/4
f 1578/614/4 1579/610/4 1343/611/4
f 1578/614/4 1343/611/4 1344/615/4
f 1434/612/4 1615/613/4 1616/616/4
f 1577/617/4 1578/614/4 1344/615/4
f 1577/617/4 1344/615/4 1345/618/4
f 1434/612/4 1616/616/4 1617/619/4
f 1576/620/4 1577/617/4 1345/618/4
f 1576/620/4 1345/618/4 1346/621/4
f 1433/622/4 1434/612/4 1617/619/4
f 1433/622/4 1617/619/4 1618/623/4
f 1575/624/4 1576/620/4 1346/621/4
f 1575/624/4 1346/621/4 1347/625/4
f 1574/626/4 1575/624/4 1347/625/4
f 1433/622/4 1618/623/4 1619/627/4
f 1574/626/4 1347/625/4 1348/628/4
f 1573/629/4 1574/626/4 1348/628/4
f 1433/622/4 1619/627/4 1620/161/4
f 1573/629/4 1348/628/4 1349/630/4
f 1572/631/4 1573/629/4 1349/630/4
f 1433/622/4 1620/161/4 1547/632/4
f 1432/633/4 1433/622/4 1547/632/4
f 1572/631/4 1349/630/4 1350/634/4
f 1571/635/4 1572/631/4 1350/634/4
f 1432/633/4 1547/632/4 1548/636/4
f 1571/635/4 1350/634/4 1351/637/4
f 1570/638/4 1571/635/4 1351/637/4
f 1432/633/4 1548/636/4 1549/639/4
f 1570/638/4 1351/637/4 1352/640/4
f 1569/641/4 1570/638/4 1352/640/4
f 1432/633/4 1549/639/4 1550/642/4
f 1569/641/4 1352/640/4 1353/643/4
f 1568/644/4 1569/641/4 1353/643/4
f 1432/633/4 1550/642/4 1551/645/4
f 1568/644/4 1353/643/4 1354/646/4
f 1567/647/4 1568/644/4 1354/646/4
f 1431/648/4 1432/633/4 1551/645/4
f 1431/648/4 1551/645/4 1552/649/4
f 1567/647/4 1354/646/4 1355/650/4
f 1566/651/4 1567/647/4 1355/650/4
f 1431/648/4 1552/649/4 1553/652/4
f 1566/651/4 1355/650/4 1356/653/4
f 1565/654/4 1566/651/4 1356/653/4
f 1431/648/4 1553/652/4 1554/655/4
f 1564/656/4 1565/654/4 1356/653/4
f 1564/656/4 1356/653/4 1357/657/4
f 1431/648/4 1554/655/4 1555/658/4
f 1563/659/4 1564/656/4 1357/657/4
f 1431/648/4 1555/658/4 1556/660/4
f 1562/661/4 1563/659/4 1357/657/4
f 1562/661/4 1357/657/4 1358/662/4
f 1431/648/4 1556/660/4 1557/663/4
f 1561/664/4 1562/661/4 1358/662/4
f 1431/648/4 1557/663/4 1558/665/4
f 1560/666/4 1561/664/4 1358/662/4
f 1431/648/4 1558/665/4 1559/667/4
f 1559/667/4 1560/666/4 1358/662/4
f 1431/648/4 1559/667/4 1358/662/4
f 1431/648/4 1358/662/4 1359/668/4
f 1431/648/4 1359/668/4 1360/669/4
f 1430/670/4 1431/648/4 1360/669/4
f 1430/670/4 1360/669/4 1361/671/4
f 1430/670/4 1361/671/4 1362/672/4
f 1430/670/4 1362/672/4 1363/673/4
f 1430/670/4 1363/673/4 1388/674/4
f 1388/674/4 1363/673/4 1364/675/4
f 1429/676/4 1430/670/4 1388/674/4
f 1428/677/4 1429/676/4 1388/674/4
f 1427/678/4 1428/677/4 1388/674/4
f 1427/678/4 1388/674/4 1389/679/4
f 1387/680/4 1388/674/4 1364/675/4
f 1426/681/4 1427/678/4 1389/679/4
f 1386/682/4 1387/680/4 1364/675/4
f 1426/681/4 1389/679/4 1390/683/4
f 1425/684/4 1426/681/4 1390/683/4
f 1385/685/4 1386/682/4 1364/675/4
f 1425/684/4 1390/683/4 1391/686/4
f 1384/687/4 1385/685/4 1364/675/4
f 1425/684/4 1391/686/4 1392/688/4
f 1424/689/4 1425/684/4 1392/688/4
f 1383/690/4 1384/687/4 1364/675/4
f 1424/689/4 1392/688/4 1393/691/4
f 1382/692/4 1383/690/4 1364/675/4
f 1423/693/4 1424/689/4 1393/691/4
f 1423/693/4 1393/691/4 1394/694/4
f 1381/695/4 1382/692/4 1364/675/4
f 1423/693/4 1394/694/4 1395/696/4
f 1422/697/4 1423/693/4 1395/696/4
f 1380/698/4 1381/695/4 1364/675/4
f 1422/697/4 1395/696/4 1396/699/4
f 1379/700/4 1380/698/4 1364/675/4
f 1421/701/4 1422/697/4 1396/699/4
f 1378/702/4 1379/700/4 1364/675/4
f 1421/701/4 1396/699/4 1397/703/4
f 1377/704/4 1378/702/4 1364/675/4
f 1421/701/4 1397/703/4 1398/705/4
f 1420/706/4 1421/701/4 1398/705/4
f 1376/707/4 1377/704/4 1364/675/4
f 1420/706/4 1398/705/4 1399/708/4
f 1375/709/4 1376/707/4 1364/675/4
f 1420/706/4 1399/708/4 1400/710/4
f 1419/711/4 1420/706/4 1400/710/4
f 1374/712/4 1375/709/4 1364/675/4
f 1419/711/4 1400/710/4 1401/713/4
f 1373/714/4 1374/712/4 1364/675/4
f 1418/715/4 1419/711/4 1401/713/4
f 1372/716/4 1373/714/4 1364/675/4
f 1418/715/4 1401/713/4 1402/717/4
f 1371/718/4 1372/716/4 1364/675/4
f 1418/715/4 1402/717/4 1403/719/4
f 1417/720/4 1418/715/4 1403/719/4
f 1370/721/4 1371/718/4 1364/675/4
f 1417/720/4 1403/719/4 1404/722/4
f 1369/723/4 1370/721/4 1364/675/4
f 1416/724/4 1417/720/4 1404/722/4
f 1416/724/4 1404/722/4 1405/725/4
f 1368/726/4 1369/723/4 1364/675/4
f 1367/727/4 1368/726/4 1364/675/4
f 1416/724/4 1405/725/4 1406/728/4
f 1415/729/4 1416/724/4 1406/728/4
f 1366/730/4 1367/727/4 1364/675/4
f 1415/729/4 1406/728/4 1407/731/4
f 1365/732/4 1366/730/4 1364/675/4
f 1415/729/4 1407/731/4 1408/733/4
f 1414/734/4 1415/729/4 1408/733/4
f 1414/734/4 1408/733/4 1409/735/4
f 1413/736/4 1414/734/4 1409/735/4
f 1413/736/4 1409/735/4 1410/737/4
f 1413/736/4 1410/737/4 1411/738/4
f 1412/739/4 1413/736/4 1411/738/4
f 1663/740/4 1664/742/4 1714/741/4
f 1714/741/4 1664/742/4 1665/743/4
f 1714/741/4 1665/743/4 1666/744/4
f 1714/741/4 1666/744/4 1667/745/4
f 1714/741/4 1667/745/4 1668/746/4
f 1714/741/4 1668/746/4 1669/747/4
f 1714/741/4 1669/747/4 1670/748/4
f 1714/741/4 1670/748/4 1671/749/4
f 1714/741/4 1671/749/4 1672/750/4
f 1714/741/4 1672/750/4 1673/751/4
f 1714/741/4 1673/751/4 1674/389/4
f 1714/741/4 1674/389/4 1675/752/4
f 1714/741/4 1675/752/4 1676/753/4
f 1714/741/4 1676/753/4 1621/24/4
f 1714/741/4 1621/24/4 1622/754/4
f 1714/741/4 1622/754/4 1623/755/4
f 1714/741/4 1623/755/4 1624/756/4
f 1714/741/4 1624/756/4 1625/757/4
f 1714/741/4 1625/757/4 1626/758/4
f 1714/741/4 1626/758/4 1713/759/4
f 1713/759/4 1626/758/4 1627/760/4
f 1663/740/4 1714/741/4 1715/761/4
f 1712/762/4 1713/759/4 1627/760/4
f 1711/763/4 1712/762/4 1627/760/4
f 1710/764/4 1711/763/4 1627/760/4
f 1709/765/4 1710/764/4 1627/760/4
f 1709/765/4 1627/760/4 1628/766/4
f 1708/767/4 1709/765/4 1628/766/4
f 1707/768/4 1708/767/4 1628/766/4
f 1706/769/4 1707/768/4 1628/766/4
f 1705/770/4 1706/769/4 1628/766/4
f 1704/771/4 1705/770/4 1628/766/4
f 1703/772/4 1704/771/4 1628/766/4
f 1703/772/4 1628/766/4 1629/773/4
f 1702/774/4 1703/772/4 1629/773/4
f 1701/775/4 1702/774/4 1629/773/4
f 1700/776/4 1701/775/4 1629/773/4
f 1699/777/4 1700/776/4 1629/773/4
f 1699/777/4 1629/773/4 1630/778/4
f 1698/779/4 1699/777/4 1630/778/4
f 1697/780/4 1698/779/4 1630/778/4
f 1696/781/4 1697/780/4 1630/778/4
f 1696/781/4 1630/778/4 1631/782/4
f 1695/783/4 1696/781/4 1631/782/4
f 1694/784/4 1695/783/4 1631/782/4
f 1693/785/4 1694/784/4 1631/782/4
f 1693/785/4 1631/782/4 1632/786/4
f 1692/787/4 1693/785/4 1632/786/4
f 1691/788/4 1692/787/4 1632/786/4
f 1691/788/4 1632/786/4 1633/789/4
f 1690/790/4 1691/788/4 1633/789/4
f 1689/791/4 1690/790/4 1633/789/4
f 1688/792/4 1689/791/4 1633/789/4
f 1688/792/4 1633/789/4 1634/793/4
f 1687/794/4 1688/792/4 1634/793/4
f 1687/794/4 1634/793/4 1635/795/4
f 1686/796/4 1687/794/4 1635/795/4
f 1686/796/4 1635/795/4 1636/797/4
f 1685/798/4 1686/796/4 1636/797/4
f 1684/799/4 1685/798/4 1636/797/4
f 1684/799/4 1636/797/4 1637/800/4
f 1683/801/4 1684/799/4 1637/800/4
f 1683/801/4 1637/800/4 1638/802/4
f 1682/803/4 1683/801/4 1638/802/4
f 1681/804/4 1682/803/4 1638/802/4
f 1681/804/4 1638/802/4 1639/805/4
f 1680/806/4 1681/804/4 1639/805/4
f 1679/807/4 1680/806/4 1639/805/4
f 1679/807/4 1639/805/4 1640/808/4
f 1678/809/4 1679/807/4 1640/808/4
f 1677/810/4 1678/809/4 1640/808/4
f 1677/810/4 1640/808/4 1641/811/4
f 1727/161/4 1677/810/4 1641/811/4
f 1726/812/4 1727/161/4 1641/811/4
f 1726/812/4 1641/811/4 1642/813/4
f 1725/814/4 1726/812/4 1642/813/4
f 1724/815/4 1725/814/4 1642/813/4
f 1723/816/4 1724/815/4 1642/813/4
f 1723/816/4 1642/813/4 1643/817/4
f 1722/818/4 1723/816/4 1643/817/4
f 1721/819/4 1722/818/4 1643/817/4
f 1720/820/4 1721/819/4 1643/817/4
f 1719/821/4 1720/820/4 1643/817/4
f 1718/822/4 1719/821/4 1643/817/4
f 1717/823/4 1718/822/4 1643/817/4
f 1717/823/4 1643/817/4 1644/824/4
f 1716/825/4 1717/823/4 1644/824/4
f 1663/740/4 1715/761/4 1716/825/4
f 1663/740/4 1716/825/4 1661/826/4
f 1661/826/4 1716/825/4 1644/824/4
f 1661/826/4 1644/824/4 1645/827/4
f 1661/826/4 1645/827/4 1646/828/4
f 1661/826/4 1646/828/4 1647/829/4
f 1661/826/4 1647/829/4 1648/830/4
f 1661/826/4 1648/830/4 1649/831/4
f 1661/826/4 1649/831/4 1650/832/4
f 1661/826/4 1650/832/4 1651/833/4
f 1661/826/4 1651/833/4 1652/834/4
f 1661/826/4 1652/834/4 1653/835/4
f 1661/826/4 1653/835/4 1654/836/4
f 1661/826/4 1654/836/4 1655/837/4
f 1661/826/4 1655/837/4 1656/838/4
f 1661/826/4 1656/838/4 1657/839/4
f 1661/826/4 1657/839/4 1660/840/4
f 1660/840/4 1657/839/4 1658/841/4
f 1663/740/4 1661/826/4 1662/842/4
f 1659/843/4 1660/840/4 1658/841/4
f 1734/468/4 1735/845/4 1736/844/4
f 1737/161/4 1734/468/4 1736/844/4
f 1733/846/4 1728/24/4 1729/847/4
f 1733/846/4 1729/847/4 1730/848/4
f 1733/846/4 1730/848/4 1731/633/4
f 1732/849/4 1733/846/4 1731/633/4
f 1743/629/4 1744/161/4 1738/24/4
f 1743/629/4 1738/24/4 1739/685/4
f 1739/685/4 1740/633/4 1741/389/4
f 1739/685/4 1741/389/4 1742/468/4
f 1743/629/4 1739/685/4 1742/468/4
s 1
f 1746/850/7 1748/851/8 1747/852/8 1745/24/7
f 1748/851/8 1750/853/9 1749/854/9 1747/852/8
f 1750/853/9 1752/855/10 1751/856/10 1749/854/9
f 1752/855/10 1754/857/11 1753/858/11 1751/856/10
f 1754/857/11 1756/859/12 1755/860/12 1753/858/11
f 1756/859/12 1758/861/13 1757/862/13 1755/860/12
f 1758/861/13 1746/863/7 1745/161/7 1757/862/13
f 1760/850/14 1762/864/15 1761/865/15 1759/24/14
f 1762/864/15 1764/866/16 1763/389/16 1761/865/15
f 1764/866/16 1766/867/17 1765/868/17 1763/389/16
f 1766/867/17 1760/863/14 1759/161/14 1765/868/17
f 1768/850/18 1770/869/19 1769/685/19 1767/24/18
f 1770/869/19 1772/870/20 1771/633/20 1769/685/19
f 1772/870/20 1774/866/21 1773/389/21 1771/633/20
f 1774/866/21 1776/871/22 1775/468/22 1773/389/21
f 1776/871/22 1778/872/23 1777/629/23 1775/468/22
f 1778/872/23 1768/863/18 1767/161/18 1777/629/23
f 1780/850/24 1782/873/25 1781/874/25 1779/24/24
f 1782/873/25 1784/875/26 1783/876/26 1781/874/25
f 1784/875/26 1786/877/27 1785/878/27 1783/876/26
f 1786/877/27 1788/879/28 1787/880/28 1785/878/27
f 1788/879/28 1790/881/29 1789/882/29 1787/880/28
f 1790/881/29 1792/883/30 1791/884/30 1789/882/29
f 1792/883/30 1794/885/31 1793/886/31 1791/884/30
f 1794/885/31 1796/851/32 1795/852/32 1793/886/31
f 1796/851/32 1798/887/33 1797/888/33 1795/852/32
f 1798/887/33 1800/889/34 1799/890/34 1797/888/33
f 1800/889/34 1802/891/35 1801/892/35 1799/890/34
f 1802/891/35 1804/893/36 1803/894/36 1801/892/35
f 1804/893/36 1806/895/37 1805/896/37 1803/894/36
f 1806/895/37 1808/864/38 1807/865/38 1805/896/37
f 1808/864/38 1810/897/39 1809/898/39 1807/865/38
f 1810/897/39 1812/853/40 1811/854/40 1809/898/39
f 1812/853/40 1814/899/41 1813/900/41 1811/854/40
f 1814/899/41 1816/901/42 1815/902/42 1813/900/41
f 1816/901/42 1818/903/43 1817/904/43 1815/902/42
f 1818/903/43 1820/905/44 1819/906/44 1817/904/43
f 1820/905/44 1822/907/45 1821/908/45 1819/906/44
f 1822/907/45 1824/909/46 1823/910/46 1821/908/45
f 1824/909/46 1826/911/47 1825/912/47 1823/910/46
f 1826/911/47 1828/855/48 1827/856/48 1825/912/47
f 1828/855/48 1830/913/49 1829/914/49 1827/856/48
f 1830/913/49 1832/915/50 1831/916/50 1829/914/49
f 1832/915/50 1834/917/51 1833/918/51 1831/916/50
f 1834/917/51 1836/866/52 1835/389/52 1833/918/51
f 1836/866/52 1838/919/53 1837/920/53 1835/389/52
f 1838/919/53 1840/921/54 1839/922/54 1837/920/53
f 1840/921/54 1842/923/55 1841/924/55 1839/922/54
f 1842/923/55 1844/857/56 1843/858/56 1841/924/55
f 1844/857/56 1846/925/57 1845/926/57 1843/858/56
f 1846/925/57 1848/927/58 1847/928/58 1845/926/57
f 1848/927/58 1850/929/59 1849/930/59 1847/928/58
f 1850/929/59 1852/931/60 1851/932/60 1849/930/59
f 1852/931/60 1854/933/61 1853/934/61 1851/932/60
f 1854/933/61 1856/935/62 1855/936/62 1853/934/61
f 1856/935/62 1858/937/62 1857/938/62 1855/936/62
f 1858/937/62 1860/859/16 1859/860/16 1857/938/62
f 1860/859/16 1862/939/16 1861/940/16 1859/860/16
f 1862/939/16 1864/867/17 1863/868/17 1861/940/16
f 1864/867/17 1866/941/63 1865/942/63 1863/868/17
f 1866/941/63 1868/943/64 1867/944/64 1865/942/63
f 1868/943/64 1870/945/65 1869/946/65 1867/944/64
f 1870/945/65 1872/947/66 1871/948/66 1869/946/65
f 1872/947/66 1874/949/67 1873/950/67 1871/948/66
f 1874/949/67 1876/861/68 1875/862/68 1873/950/67
f 1876/861/68 1878/951/69 1877/952/69 1875/862/68
f 1878/951/69 1880/953/70 1879/954/70 1877/952/69
f 1880/953/70 1882/955/71 1881/956/71 1879/954/70
f 1882/955/71 1884/957/72 1883/958/72 1881/956/71
f 1884/957/72 1886/959/73 1885/960/73 1883/958/72
f 1886/959/73 1888/961/74 1887/962/74 1885/960/73
f 1888/961/74 1890/963/75 1889/964/75 1887/962/74
f 1890/963/75 1780/863/24 1779/161/24 1889/964/75
f 1892/850/76 1894/965/77 1893/966/77 1891/24/76
f 1894/965/77 1896/967/78 1895/968/78 1893/966/77
f 1896/967/78 1898/969/79 1897/970/79 1895/968/78
f 1898/969/79 1900/971/80 1899/972/80 1897/970/79
f 1900/971/80 1902/973/81 1901/974/81 1899/972/80
f 1902/973/81 1904/975/82 1903/976/82 1901/974/81
f 1904/975/82 1906/977/83 1905/978/83 1903/976/82
f 1906/977/83 1908/979/84 1907/980/84 1905/978/83
f 1908/979/84 1910/981/85 1909/982/85 1907/980/84
f 1910/981/85 1912/983/86 1911/984/86 1909/982/85
f 1912/983/86 1914/985/87 1913/986/87 1911/984/86
f 1914/985/87 1916/987/88 1915/988/88 1913/986/87
f 1916/987/88 1918/989/89 1917/990/89 1915/988/88
f 1918/989/89 1920/991/90 1919/992/90 1917/990/89
f 1920/991/90 1922/993/91 1921/994/91 1919/992/90
f 1922/993/91 1924/995/92 1923/996/92 1921/994/91
f 1924/995/92 1926/870/93 1925/633/93 1923/996/92
f 1926/870/93 1928/997/94 1927/998/94 1925/633/93
f 1928/997/94 1930/999/95 1929/1000/95 1927/998/94
f 1930/999/95 1932/1001/96 1931/1002/96 1929/1000/95
f 1932/1001/96 1934/1003/97 1933/1004/97 1931/1002/96
f 1934/1003/97 1936/1005/98 1935/1006/98 1933/1004/97
f 1936/1005/98 1938/1007/99 1937/1008/99 1935/1006/98
f 1938/1007/99 1940/1009/100 1939/1010/100 1937/1008/99
f 1940/1009/100 1942/1011/101 1941/1012/101 1939/1010/100
f 1942/1011/101 1944/1013/102 1943/1014/102 1941/1012/101
f 1944/1013/102 1946/1015/103 1945/1016/103 1943/1014/102
f 1946/1015/103 1948/1017/104 1947/1018/104 1945/1016/103
f 1948/1017/104 1950/1019/105 1949/1020/105 1947/1018/104
f 1950/1019/105 1952/1021/106 1951/1022/106 1949/1020/105
f 1952/1021/106 1954/1023/107 1953/1024/107 1951/1022/106
f 1954/1023/107 1956/1025/108 1955/1026/108 1953/1024/107
f 1956/1025/108 1958/1027/109 1957/1028/109 1955/1026/108
f 1958/1027/109 1960/871/110 1959/468/110 1957/1028/109
f 1960/871/110 1962/1029/111 1961/1030/111 1959/468/110
f 1962/1029/111 1964/1031/112 1963/1032/112 1961/1030/111
f 1964/1031/112 1966/1033/16 1965/1034/16 1963/1032/112
f 1966/1033/16 1968/1035/113 1967/1036/113 1965/1034/16
f 1968/1035/113 1970/1037/114 1969/1038/114 1967/1036/113
f 1970/1037/114 1972/1039/115 1971/1040/115 1969/1038/114
f 1972/1039/115 1974/1041/116 1973/1042/116 1971/1040/115
f 1974/1041/116 1976/1043/117 1975/1044/117 1973/1042/116
f 1976/1043/117 1978/1045/118 1977/1046/118 1975/1044/117
f 1978/1045/118 1980/1047/119 1979/1048/119 1977/1046/118
f 1980/1047/119 1982/1049/120 1981/1050/120 1979/1048/119
f 1982/1049/120 1984/1051/121 1983/1052/121 1981/1050/120
f 1984/1051/121 1986/1053/122 1985/1054/122 1983/1052/121
f 1986/1053/122 1988/1055/123 1987/1056/123 1985/1054/122
f 1988/1055/123 1990/1057/124 1989/1058/124 1987/1056/123
f 1990/1057/124 1992/1059/125 1991/1060/125 1989/1058/124
f 1992/1059/125 1892/863/76 1891/161/76 1991/1060/125
f 1994/850/126 1996/1061/127 1995/1062/127 1993/24/126
f 1996/1061/127 1998/1063/128 1997/1064/128 1995/1062/127
f 1998/1063/128 2000/1065/129 1999/1066/129 1997/1064/128
f 2000/1065/129 2002/1067/130 2001/1068/130 1999/1066/129
f 2002/1067/130 2004/1069/131 2003/1070/131 2001/1068/130
f 2004/1069/131 2006/1071/132 2005/1072/132 2003/1070/131
f 2006/1071/132 2008/1073/133 2007/1074/133 2005/1072/132
f 2008/1073/133 2010/1075/134 2009/1076/134 2007/1074/133
f 2010/1075/134 2012/1077/135 2011/1078/135 2009/1076/134
f 2012/1077/135 2014/1079/136 2013/1080/136 2011/1078/135
f 2014/1079/136 2016/1081/137 2015/1082/137 2013/1080/136
f 2016/1081/137 2018/1083/138 2017/1084/138 2015/1082/137
f 2018/1083/138 2020/1085/139 2019/1086/139 2017/1084/138
f 2020/1085/139 2022/1087/140 2021/1088/140 2019/1086/139
f 2022/1087/140 2024/1089/141 2023/1090/141 2021/1088/140
f 2024/1089/141 2026/1091/142 2025/1092/142 2023/1090/141
f 2026/1091/142 2028/1093/143 2027/1094/143 2025/1092/142
f 2028/1093/143 2030/1095/144 2029/1096/144 2027/1094/143
f 2030/1095/144 2032/1097/145 2031/312/145 2029/1096/144
f 2032/1097/145 2034/1098/146 2033/1099/146 2031/312/145
f 2034/1098/146 2036/1100/147 2035/1101/147 2033/1099/146
f 2036/1100/147 2038/1102/148 2037/1103/148 2035/1101/147
f 2038/1102/148 2040/1104/149 2039/1105/149 2037/1103/148
f 2040/1104/149 2042/1106/150 2041/1107/150 2039/1105/149
f 2042/1106/150 2044/1108/151 2043/1109/151 2041/1107/150
f 2044/1108/151 2046/1110/152 2045/1111/152 2043/1109/151
f 2046/1110/152 2048/1112/153 2047/1113/153 2045/1111/152
f 2048/1112/153 2050/1114/154 2049/1115/154 2047/1113/153
f 2050/1114/154 2052/1116/155 2051/1117/155 2049/1115/154
f 2052/1116/155 2054/1118/156 2053/1119/156 2051/1117/155
f 2054/1118/156 2056/1120/157 2055/1121/157 2053/1119/156
f 2056/1120/157 2058/1122/158 2057/1123/158 2055/1121/157
f 2058/1122/158 2060/1124/159 2059/1125/159 2057/1123/158
f 2060/1124/159 2062/1126/160 2061/1127/160 2059/1125/159
f 2062/1126/160 2064/1128/161 2063/1129/161 2061/1127/160
f 2064/1128/161 2066/1130/162 2065/1131/162 2063/1129/161
f 2066/1130/162 2068/1132/163 2067/1133/163 2065/1131/162
f 2068/1132/163 2070/1134/164 2069/286/164 2067/1133/163
f 2070/1134/164 2072/1135/165 2071/1136/165 2069/286/164
f 2072/1135/165 2074/1137/166 2073/1138/166 2071/1136/165
f 2074/1137/166 2076/1139/167 2075/1140/167 2073/1138/166
f 2076/1139/167 2078/1141/168 2077/1142/168 2075/1140/167
f 2078/1141/168 2080/1143/169 2079/1144/169 2077/1142/168
f 2080/1143/169 2082/1145/170 2081/1146/170 2079/1144/169
f 2082/1145/170 2084/1147/171 2083/1148/171 2081/1146/170
f 2084/1147/171 2086/1149/172 2085/1150/172 2083/1148/171
f 2086/1149/172 2088/1151/173 2087/1152/173 2085/1150/172
f 2088/1151/173 2090/1153/174 2089/1154/174 2087/1152/173
f 2090/1153/174 2092/1155/175 2091/1156/175 2089/1154/174
f 2092/1155/175 2094/1157/176 2093/1158/176 2091/1156/175
f 2094/1157/176 2096/1159/177 2095/1160/177 2093/1158/176
f 2096/1159/177 2098/1161/178 2097/1162/178 2095/1160/177
f 2098/1161/178 2100/1163/179 2099/1164/179 2097/1162/178
f 2100/1163/179 2102/1165/180 2101/1166/180 2099/1164/179
f 2102/1165/180 2104/1167/181 2103/1168/181 2101/1166/180
f 2104/1167/181 2106/1169/182 2105/1170/182 2103/1168/181
f 2106/1169/182 2108/1171/183 2107/260/183 2105/1170/182
f 2108/1171/183 2110/1172/184 2109/1173/184 2107/260/183
f 2110/1172/184 2112/1174/185 2111/1175/185 2109/1173/184
f 2112/1174/185 2114/1176/186 2113/1177/186 2111/1175/185
f 2114/1176/186 2116/1178/187 2115/1179/187 2113/1177/186
f 2116/1178/187 2118/1180/188 2117/1181/188 2115/1179/187
f 2118/1180/188 2120/1182/189 2119/1183/189 2117/1181/188
f 2120/1182/189 2122/1184/190 2121/1185/190 2119/1183/189
f 2122/1184/190 2124/1186/191 2123/1187/191 2121/1185/190
f 2124/1186/191 2126/1188/192 2125/1189/192 2123/1187/191
f 2126/1188/192 2128/1190/193 2127/1191/193 2125/1189/192
f 2128/1190/193 2130/1192/194 2129/1193/194 2127/1191/193
f 2130/1192/194 2132/1194/195 2131/1195/195 2129/1193/194
f 2132/1194/195 2134/1196/196 2133/1197/196 2131/1195/195
f 2134/1196/196 2136/1198/197 2135/1199/197 2133/1197/196
f 2136/1198/197 2138/1200/198 2137/1201/198 2135/1199/197
f 2138/1200/198 2140/1202/199 2139/1203/199 2137/1201/198
f 2140/1202/199 2142/1204/200 2141/1205/200 2139/1203/199
f 2142/1204/200 2144/1206/201 2143/1207/201 2141/1205/200
f 2144/1206/201 2146/1208/202 2145/251/202 2143/1207/201
f 2146/1208/202 2148/1209/203 2147/1210/203 2145/251/202
f 2148/1209/203 2150/1211/204 2149/1212/204 2147/1210/203
f 2150/1211/204 2152/1213/205 2151/1214/205 2149/1212/204
f 2152/1213/205 2154/1215/206 2153/1216/206 2151/1214/205
f 2154/1215/206 2156/1217/207 2155/1218/207 2153/1216/206
f 2156/1217/207 2158/1219/208 2157/1220/208 2155/1218/207
f 2158/1219/208 2160/1221/209 2159/1222/209 2157/1220/208
f 2160/1221/209 2162/1223/210 2161/1224/210 2159/1222/209
f 2162/1223/210 2164/1225/211 2163/1226/211 2161/1224/210
f 2164/1225/211 2166/1227/212 2165/1228/212 2163/1226/211
f 2166/1227/212 2168/1229/213 2167/1230/213 2165/1228/212
f 2168/1229/213 2170/1231/214 2169/1232/214 2167/1230/213
f 2170/1231/214 2172/1233/215 2171/1234/215 2169/1232/214
f 2172/1233/215 2174/1235/216 2173/1236/216 2171/1234/215
f 2174/1235/216 2176/1237/217 2175/1238/217 2173/1236/216
f 2176/1237/217 2178/1239/218 2177/1240/218 2175/1238/217
f 2178/1239/218 2180/1241/219 2179/1242/219 2177/1240/218
f 2180/1241/219 2182/1243/220 2181/1244/220 2179/1242/219
f 2182/1243/220 2184/1245/221 2183/276/221 2181/1244/220
f 2184/1245/221 2186/1246/222 2185/1247/222 2183/276/221
f 2186/1246/222 2188/1248/223 2187/1249/223 2185/1247/222
f 2188/1248/223 2190/1250/224 2189/1251/224 2187/1249/223
f 2190/1250/224 2192/1252/225 2191/1253/225 2189/1251/224
f 2192/1252/225 2194/1254/226 2193/1255/226 2191/1253/225
f 2194/1254/226 2196/1256/227 2195/1257/227 2193/1255/226
f 2196/1256/227 2198/1258/228 2197/1259/228 2195/1257/227
f 2198/1258/228 2200/1260/229 2199/1261/229 2197/1259/228
f 2200/1260/229 2202/1262/230 2201/1263/230 2199/1261/229
f 2202/1262/230 2204/1264/231 2203/1265/231 2201/1263/230
f 2204/1264/231 2206/1266/232 2205/1267/232 2203/1265/231
f 2206/1266/232 2208/1268/233 2207/1269/233 2205/1267/232
f 2208/1268/233 2210/1270/234 2209/1271/234 2207/1269/233
f 2210/1270/234 2212/1272/235 2211/1273/235 2209/1271/234
f 2212/1272/235 2214/1274/236 2213/1275/236 2211/1273/235
f 2214/1274/236 2216/1276/237 2215/1277/237 2213/1275/236
f 2216/1276/237 2218/1278/238 2217/1279/238 2215/1277/237
f 2218/1278/238 2220/1280/239 2219/1281/239 2217/1279/238
f 2220/1280/239 2222/1282/240 2221/302/240 2219/1281/239
f 2222/1282/240 2224/1283/241 2223/1284/241 2221/302/240
f 2224/1283/241 2226/1285/242 2225/1286/242 2223/1284/241
f 2226/1285/242 2228/1287/243 2227/1288/243 2225/1286/242
f 2228/1287/243 2230/1289/244 2229/1290/244 2227/1288/243
f 2230/1289/244 2232/1291/245 2231/1292/245 2229/1290/244
f 2232/1291/245 2234/1293/246 2233/1294/246 2231/1292/245
f 2234/1293/246 2236/1295/247 2235/1296/247 2233/1294/246
f 2236/1295/247 2238/1297/248 2237/1298/248 2235/1296/247
f 2238/1297/248 2240/1299/63 2239/1300/63 2237/1298/248
f 2240/1299/63 2242/1301/249 2241/1302/249 2239/1300/63
f 2242/1301/249 2244/1303/250 2243/1304/250 2241/1302/249
f 2244/1303/250 2246/1305/251 2245/1306/251 2243/1304/250
f 2246/1305/251 2248/1307/252 2247/1308/252 2245/1306/251
f 2248/1307/252 2250/1309/253 2249/1310/253 2247/1308/252
f 2250/1309/253 2252/1311/254 2251/1312/254 2249/1310/253
f 2252/1311/254 2254/1313/255 2253/1314/255 2251/1312/254
f 2254/1313/255 2256/1315/256 2255/1316/256 2253/1314/255
f 2256/1315/256 2258/1317/257 2257/1318/257 2255/1316/256
f 2258/1317/257 2260/1319/258 2259/329/258 2257/1318/257
f 2260/1319/258 2262/1320/259 2261/1321/259 2259/329/258
f 2262/1320/259 2264/1322/110 2263/1323/110 2261/1321/259
f 2264/1322/110 2266/1324/260 2265/1325/260 2263/1323/110
f 2266/1324/260 2268/1326/261 2267/1327/261 2265/1325/260
f 2268/1326/261 2270/1328/262 2269/1329/262 2267/1327/261
f 2270/1328/262 2272/1330/263 2271/1331/263 2269/1329/262
f 2272/1330/263 2274/1332/264 2273/1333/264 2271/1331/263
f 2274/1332/264 2276/1334/265 2275/1335/265 2273/1333/264
f 2276/1334/265 2278/1336/266 2277/1337/266 2275/1335/265
f 2278/1336/266 2280/1338/267 2279/1339/267 2277/1337/266
f 2280/1338/267 2282/1340/268 2281/1341/268 2279/1339/267
f 2282/1340/268 2284/1342/269 2283/1343/269 2281/1341/268
f 2284/1342/269 2286/1344/270 2285/1345/270 2283/1343/269
f 2286/1344/270 2288/1346/271 2287/1347/271 2285/1345/270
f 2288/1346/271 2290/1348/272 2289/1349/272 2287/1347/271
f 2290/1348/272 2292/1350/273 2291/1351/273 2289/1349/272
f 2292/1350/273 2294/1352/274 2293/1353/274 2291/1351/273
f 2294/1352/274 2296/1354/275 2295/1355/275 2293/1353/274
f 2296/1354/275 2298/1356/276 2297/353/276 2295/1355/275
f 2298/1356/276 2300/1357/277 2299/1358/277 2297/353/276
f 2300/1357/277 2302/1359/278 2301/1360/278 2299/1358/277
f 2302/1359/278 2304/1361/279 2303/1362/279 2301/1360/278
f 2304/1361/279 2306/1363/280 2305/1364/280 2303/1362/279
f 2306/1363/280 2308/1365/281 2307/1366/281 2305/1364/280
f 2308/1365/281 2310/1367/282 2309/1368/282 2307/1366/281
f 2310/1367/282 2312/1369/283 2311/1370/283 2309/1368/282
f 2312/1369/283 2314/1371/284 2313/1372/284 2311/1370/283
f 2314/1371/284 2316/1373/285 2315/1374/285 2313/1372/284
f 2316/1373/285 2318/1375/286 2317/1376/286 2315/1374/285
f 2318/1375/286 2320/1377/287 2319/1378/287 2317/1376/286
f 2320/1377/287 2322/1379/288 2321/1380/288 2319/1378/287
f 2322/1379/288 2324/1381/289 2323/1382/289 2321/1380/288
f 2324/1381/289 2326/1383/290 2325/1384/290 2323/1382/289
f 2326/1383/290 2328/1385/291 2327/1386/291 2325/1384/290
f 2328/1385/291 2330/1387/292 2329/1388/292 2327/1386/291
f 2330/1387/292 2332/1389/293 2331/1390/293 2329/1388/292
f 2332/1389/293 2334/1391/294 2333/1392/294 2331/1390/293
f 2334/1391/294 2336/1393/295 2335/379/295 2333/1392/294
f 2336/1393/295 2338/1394/296 2337/1395/296 2335/379/295
f 2338/1394/296 2340/1396/297 2339/1397/297 2337/1395/296
f 2340/1396/297 2342/1398/298 2341/1399/298 2339/1397/297
f 2342/1398/298 2344/1400/299 2343/1401/299 2341/1399/298
f 2344/1400/299 2346/1402/300 2345/1403/300 2343/1401/299
f 2346/1402/300 2348/1404/301 2347/1405/301 2345/1403/300
f 2348/1404/301 2350/1406/302 2349/1407/302 2347/1405/301
f 2350/1406/302 2352/1408/303 2351/1409/303 2349/1407/302
f 2352/1408/303 2354/1410/304 2353/1411/304 2351/1409/303
f 2354/1410/304 2356/1412/305 2355/1413/305 2353/1411/304
f 2356/1412/305 2358/1414/306 2357/1415/306 2355/1413/305
f 2358/1414/306 2360/1416/307 2359/1417/307 2357/1415/306
f 2360/1416/307 2362/1418/308 2361/1419/308 2359/1417/307
f 2362/1418/308 2364/1420/309 2363/1421/309 2361/1419/308
f 2364/1420/309 2366/1422/310 2365/1423/310 2363/1421/309
f 2366/1422/310 2368/1424/311 2367/1425/311 2365/1423/310
f 2368/1424/311 2370/1426/312 2369/1427/312 2367/1425/311
f 2370/1426/312 2372/1428/313 2371/1429/313 2369/1427/312
f 2372/1428/313 2374/1430/314 2373/364/314 2371/1429/313
f 2374/1430/314 2376/1431/315 2375/1432/315 2373/364/314
f 2376/1431/315 2378/1433/316 2377/1434/316 2375/1432/315
f 2378/1433/316 2380/1435/317 2379/1436/317 2377/1434/316
f 2380/1435/317 2382/1437/318 2381/1438/318 2379/1436/317
f 2382/1437/318 2384/1439/319 2383/1440/319 2381/1438/318
f 2384/1439/319 2386/1441/320 2385/1442/320 2383/1440/319
f 2386/1441/320 2388/1443/321 2387/1444/321 2385/1442/320
f 2388/1443/321 2390/1445/322 2389/1446/322 2387/1444/321
f 2390/1445/322 2392/1447/323 2391/1448/323 2389/1446/322
f 2392/1447/323 2394/1449/324 2393/1450/324 2391/1448/323
f 2394/1449/324 2396/1451/325 2395/1452/325 2393/1450/324
f 2396/1451/325 2398/1453/326 2397/1454/326 2395/1452/325
f 2398/1453/326 2400/1455/327 2399/1456/327 2397/1454/326
f 2400/1455/327 2402/1457/328 2401/1458/328 2399/1456/327
f 2402/1457/328 2404/1459/329 2403/1460/329 2401/1458/328
f 2404/1459/329 2406/1461/330 2405/1462/330 2403/1460/329
f 2406/1461/330 2408/1463/331 2407/1464/331 2405/1462/330
f 2408/1463/331 2410/1465/332 2409/1466/332 2407/1464/331
f 2410/1465/332 1994/863/126 1993/161/126 2409/1466/332
f 2412/850/333 2414/1467/334 2413/1468/334 2411/24/333
f 2414/1467/334 2416/1469/335 2415/1470/335 2413/1468/334
f 2416/1469/335 2418/1471/336 2417/1472/336 2415/1470/335
f 2418/1471/336 2420/1473/337 2419/1474/337 2417/1472/336
f 2420/1473/337 2422/1475/338 2421/1476/338 2419/1474/337
f 2422/1475/338 2424/1477/339 2423/1478/339 2421/1476/338
f 2424/1477/339 2426/1479/340 2425/1480/340 2423/1478/339
f 2426/1479/340 2428/1481/341 2427/1482/341 2425/1480/340
f 2428/1481/341 2430/1483/342 2429/1484/342 2427/1482/341
f 2430/1483/342 2432/1485/343 2431/1486/343 2429/1484/342
f 2432/1485/343 2434/1487/344 2433/1488/344 2431/1486/343
f 2434/1487/344 2436/1489/345 2435/1490/345 2433/1488/344
f 2436/1489/345 2438/1491/346 2437/1492/346 2435/1490/345
f 2438/1491/346 2440/1493/347 2439/1494/347 2437/1492/346
f 2440/1493/347 2442/1495/348 2441/1496/348 2439/1494/347
f 2442/1495/348 2444/1497/349 2443/1498/349 2441/1496/348
f 2444/1497/349 2446/1499/350 2445/1500/350 2443/1498/349
f 2446/1499/350 2448/1501/351 2447/1502/351 2445/1500/350
f 2448/1501/351 2450/1503/352 2449/1504/352 2447/1502/351
f 2450/1503/352 2452/1505/353 2451/1506/353 2449/1504/352
f 2452/1505/353 2454/1507/354 2453/1508/354 2451/1506/353
f 2454/1507/354 2456/1509/355 2455/1510/355 2453/1508/354
f 2456/1509/355 2458/1511/356 2457/1512/356 2455/1510/355
f 2458/1511/356 2460/1513/357 2459/1514/357 2457/1512/356
f 2460/1513/357 2462/1515/358 2461/1516/358 2459/1514/357
f 2462/1515/358 2464/1517/359 2463/1518/359 2461/1516/358
f 2464/1517/359 2466/1519/360 2465/1520/360 2463/1518/359
f 2466/1519/360 2468/1521/361 2467/1522/361 2465/1520/360
f 2468/1521/361 2470/1523/362 2469/1524/362 2467/1522/361
f 2470/1523/362 2472/1525/363 2471/1526/363 2469/1524/362
f 2472/1525/363 2474/1527/364 2473/1528/364 2471/1526/363
f 2474/1527/364 2476/1529/365 2475/1530/365 2473/1528/364
f 2476/1529/365 2478/1531/366 2477/1532/366 2475/1530/365
f 2478/1531/366 2480/1533/367 2479/1534/367 2477/1532/366
f 2480/1533/367 2482/1535/368 2481/1536/368 2479/1534/367
f 2482/1535/368 2484/1537/369 2483/1538/369 2481/1536/368
f 2484/1537/369 2486/866/17 2485/389/17 2483/1538/369
f 2486/866/17 2488/1539/370 2487/1540/370 2485/389/17
f 2488/1539/370 2490/1541/371 2489/1542/371 2487/1540/370
f 2490/1541/371 2492/1543/372 2491/1544/372 2489/1542/371
f 2492/1543/372 2494/1545/373 2493/1546/373 2491/1544/372
f 2494/1545/373 2496/1547/374 2495/1548/374 2493/1546/373
f 2496/1547/374 2498/1549/375 2497/1550/375 2495/1548/374
f 2498/1549/375 2500/1551/376 2499/1552/376 2497/1550/375
f 2500/1551/376 2502/1553/377 2501/1554/377 2499/1552/376
f 2502/1553/377 2504/1555/378 2503/1556/378 2501/1554/377
f 2504/1555/378 2506/1557/379 2505/1558/379 2503/1556/378
f 2506/1557/379 2508/1559/380 2507/1560/380 2505/1558/379
f 2508/1559/380 2510/1561/381 2509/1562/381 2507/1560/380
f 2510/1561/381 2512/1563/382 2511/1564/382 2509/1562/381
f 2512/1563/382 2514/1565/383 2513/1566/383 2511/1564/382
f 2514/1565/383 2516/1567/384 2515/1568/384 2513/1566/383
f 2516/1567/384 2518/1569/385 2517/1570/385 2515/1568/384
f 2518/1569/385 2520/1571/386 2519/1572/386 2517/1570/385
f 2520/1571/386 2522/1573/387 2521/1574/387 2519/1572/386
f 2522/1573/387 2524/1575/388 2523/1576/388 2521/1574/387
f 2524/1575/388 2526/1577/389 2525/1578/389 2523/1576/388
f 2526/1577/389 2528/1579/390 2527/1580/390 2525/1578/389
f 2528/1579/390 2530/1581/391 2529/1582/391 2527/1580/390
f 2530/1581/391 2532/1583/392 2531/1584/392 2529/1582/391
f 2532/1583/392 2534/1585/393 2533/1586/393 2531/1584/392
f 2534/1585/393 2536/1587/394 2535/1588/394 2533/1586/393
f 2536/1587/394 2538/1589/395 2537/1590/395 2535/1588/394
f 2538/1589/395 2540/1591/396 2539/1592/396 2537/1590/395
f 2540/1591/396 2542/1593/397 2541/1594/397 2539/1592/396
f 2542/1593/397 2544/1595/398 2543/1596/398 2541/1594/397
f 2544/1595/398 2546/1597/399 2545/1598/399 2543/1596/398
f 2546/1597/399 2548/1599/400 2547/1600/400 2545/1598/399
f 2548/1599/400 2550/1601/401 2549/1602/401 2547/1600/400
f 2550/1601/401 2552/1603/402 2551/1604/402 2549/1602/401
f 2552/1603/402 2554/1605/403 2553/1606/403 2551/1604/402
f 2554/1605/403 2556/1607/404 2555/1608/404 2553/1606/403
f 2556/1607/404 2558/1609/405 2557/1610/405 2555/1608/404
f 2558/1609/405 2412/863/333 2411/161/333 2557/1610/405
f 2560/850/406 2562/1611/407 2561/1612/407 2559/24/406
f 2562/1611/407 2564/1613/408 2563/1614/408 2561/1612/407
f 2564/1613/408 2566/1615/409 2565/1616/409 2563/1614/408
f 2566/1615/409 2568/969/410 2567/970/410 2565/1616/409
f 2568/969/410 2570/1617/411 2569/1618/411 2567/970/410
f 2570/1617/411 2572/1619/412 2571/1620/412 2569/1618/411
f 2572/1619/412 2574/1621/413 2573/1622/413 2571/1620/412
f 2574/1621/413 2576/975/414 2575/976/414 2573/1622/413
f 2576/975/414 2578/1623/415 2577/1624/415 2575/976/414
f 2578/1623/415 2580/1625/416 2579/1626/416 2577/1624/415
f 2580/1625/416 2582/1627/417 2581/1628/417 2579/1626/416
f 2582/1627/417 2584/981/418 2583/982/418 2581/1628/417
f 2584/981/418 2586/1629/419 2585/1630/419 2583/982/418
f 2586/1629/419 2588/1631/420 2587/1632/420 2585/1630/419
f 2588/1631/420 2590/1633/421 2589/1634/421 2587/1632/420
f 2590/1633/421 2592/987/422 2591/988/422 2589/1634/421
f 2592/987/422 2594/864/423 2593/865/423 2591/988/422
f 2594/864/423 2596/1635/424 2595/1636/424 2593/865/423
f 2596/1635/424 2598/1637/425 2597/1638/425 2595/1636/424
f 2598/1637/425 2600/993/426 2599/994/426 2597/1638/425
f 2600/993/426 2602/1639/427 2601/1640/427 2599/994/426
f 2602/1639/427 2604/1641/428 2603/1642/428 2601/1640/427
f 2604/1641/428 2606/1643/429 2605/1644/429 2603/1642/428
f 2606/1643/429 2608/997/430 2607/998/430 2605/1644/429
f 2608/997/430 2610/1645/431 2609/1646/431 2607/998/430
f 2610/1645/431 2612/1647/432 2611/1648/432 2609/1646/431
f 2612/1647/432 2614/1649/433 2613/1650/433 2611/1648/432
f 2614/1649/433 2616/1003/434 2615/1004/434 2613/1650/433
f 2616/1003/434 2618/1651/435 2617/1652/435 2615/1004/434
f 2618/1651/435 2620/1653/436 2619/1654/436 2617/1652/435
f 2620/1653/436 2622/1655/437 2621/1656/437 2619/1654/436
f 2622/1655/437 2624/1009/438 2623/1010/438 2621/1656/437
f 2624/1009/438 2626/1657/439 2625/1658/439 2623/1010/438
f 2626/1657/439 2628/866/440 2627/389/440 2625/1658/439
f 2628/866/440 2630/1659/441 2629/1660/441 2627/389/440
f 2630/1659/441 2632/1015/442 2631/1016/442 2629/1660/441
f 2632/1015/442 2634/1661/443 2633/1662/443 2631/1016/442
f 2634/1661/443 2636/1663/444 2635/1664/444 2633/1662/443
f 2636/1663/444 2638/1665/445 2637/1666/445 2635/1664/444
f 2638/1665/445 2640/1021/446 2639/1022/446 2637/1666/445
f 2640/1021/446 2642/1667/447 2641/1668/447 2639/1022/446
f 2642/1667/447 2644/1669/448 2643/1670/448 2641/1668/447
f 2644/1669/448 2646/1671/449 2645/1672/449 2643/1670/448
f 2646/1671/449 2648/1027/450 2647/1028/450 2645/1672/449
f 2648/1027/450 2650/1673/451 2649/1674/451 2647/1028/450
f 2650/1673/451 2652/1675/452 2651/1676/452 2649/1674/451
f 2652/1675/452 2654/1677/453 2653/1678/453 2651/1676/452
f 2654/1677/453 2656/1031/454 2655/1032/454 2653/1678/453
f 2656/1031/454 2658/1679/455 2657/1680/455 2655/1032/454
f 2658/1679/455 2660/1681/456 2659/1682/456 2657/1680/455
f 2660/1681/456 2662/867/457 2661/868/457 2659/1682/456
f 2662/867/457 2664/1037/458 2663/1038/458 2661/868/457
f 2664/1037/458 2666/1683/459 2665/1684/459 2663/1038/458
f 2666/1683/459 2668/1685/460 2667/1686/460 2665/1684/459
f 2668/1685/460 2670/1687/461 2669/1688/461 2667/1686/460
f 2670/1687/461 2672/1043/462 2671/1044/462 2669/1688/461
f 2672/1043/462 2674/1689/463 2673/1690/463 2671/1044/462
f 2674/1689/463 2676/1691/464 2675/1692/464 2673/1690/463
f 2676/1691/464 2678/1693/465 2677/1694/465 2675/1692/464
f 2678/1693/465 2680/1049/466 2679/1050/466 2677/1694/465
f 2680/1049/466 2682/1695/467 2681/1696/467 2679/1050/466
f 2682/1695/467 2684/1697/468 2683/1698/468 2681/1696/467
f 2684/1697/468 2686/1699/469 2685/1700/469 2683/1698/468
f 2686/1699/469 2688/1055/470 2687/1056/470 2685/1700/469
f 2688/1055/470 2690/1701/471 2689/1702/471 2687/1056/470
f 2690/1701/471 2692/1703/472 2691/1704/472 2689/1702/471
f 2692/1703/472 2694/1705/473 2693/1706/473 2691/1704/472
f 2694/1705/473 2560/863/406 2559/161/406 2693/1706/473
f 2696/850/113 2698/1097/113 2697/312/113 2695/24/113
f 2698/1097/113 2700/1134/16 2699/286/16 2697/312/113
f 2700/1134/16 2702/1171/17 2701/260/17 2699/286/16
f 2702/1171/17 2704/1208/63 2703/251/63 2701/260/17
f 2704/1208/63 2706/1245/63 2705/276/63 2703/251/63
f 2706/1245/63 2708/1282/474 2707/302/474 2705/276/63
f 2708/1282/474 2710/1319/475 2709/329/475 2707/302/474
f 2710/1319/475 2712/1356/476 2711/353/476 2709/329/475
f 2712/1356/476 2714/1393/477 2713/379/477 2711/353/476
f 2714/1393/477 2716/1430/113 2715/364/113 2713/379/477
f 2716/1430/113 2696/863/113 2695/161/113 2715/364/113
f 2718/850/478 2720/1707/479 2719/1708/479 2717/24/478
f 2720/1707/479 2722/1709/480 2721/1710/480 2719/1708/479
f 2722/1709/480 2724/1711/481 2723/1712/481 2721/1710/480
f 2724/1711/481 2726/1713/482 2725/1714/482 2723/1712/481
f 2726/1713/482 2728/1715/483 2727/1716/483 2725/1714/482
f 2728/1715/483 2730/1717/484 2729/1718/484 2727/1716/483
f 2730/1717/484 2732/1719/485 2731/1720/485 2729/1718/484
f 2732/1719/485 2734/1721/486 2733/1722/486 2731/1720/485
f 2734/1721/486 2736/1723/487 2735/1724/487 2733/1722/486
f 2736/1723/487 2738/1725/488 2737/1726/488 2735/1724/487
f 2738/1725/488 2740/1727/489 2739/1728/489 2737/1726/488
f 2740/1727/489 2742/1729/490 2741/1730/490 2739/1728/489
f 2742/1729/490 2744/1731/491 2743/1732/491 2741/1730/490
f 2744/1731/491 2746/1733/492 2745/1734/492 2743/1732/491
f 2746/1733/492 2748/1735/493 2747/1736/493 2745/1734/492
f 2748/1735/493 2750/1737/494 2749/847/494 2747/1736/493
f 2750/1737/494 2752/1738/495 2751/1739/495 2749/847/494
f 2752/1738/495 2754/885/496 2753/886/496 2751/1739/495
f 2754/885/496 2756/1740/497 2755/1741/497 2753/886/496
f 2756/1740/497 2758/1742/498 2757/1743/498 2755/1741/497
f 2758/1742/498 2760/1744/499 2759/1745/499 2757/1743/498
f 2760/1744/499 2762/1746/500 2761/1747/500 2759/1745/499
f 2762/1746/500 2764/1748/501 2763/1749/501 2761/1747/500
f 2764/1748/501 2766/869/502 2765/685/502 2763/1749/501
f 2766/869/502 2768/1750/503 2767/1751/503 2765/685/502
f 2768/1750/503 2770/1752/504 2769/1753/504 2767/1751/503
f 2770/1752/504 2772/1754/505 2771/1755/505 2769/1753/504
f 2772/1754/505 2774/1756/506 2773/1757/506 2771/1755/505
f 2774/1756/506 2776/1758/507 2775/1759/507 2773/1757/506
f 2776/1758/507 2778/1760/63 2777/1761/63 2775/1759/507
f 2778/1760/63 2780/1762/508 2779/1763/508 2777/1761/63
f 2780/1762/508 2782/1764/509 2781/848/509 2779/1763/508
f 2782/1764/509 2784/1765/510 2783/1766/510 2781/848/509
f 2784/1765/510 2786/1767/511 2785/1768/511 2783/1766/510
f 2786/1767/511 2788/1769/512 2787/1770/512 2785/1768/511
f 2788/1769/512 2790/864/513 2789/865/513 2787/1770/512
f 2790/864/513 2792/1771/514 2791/1772/514 2789/865/513
f 2792/1771/514 2794/1773/515 2793/1774/515 2791/1772/514
f 2794/1773/515 2796/1775/516 2795/1776/516 2793/1774/515
f 2796/1775/516 2798/1777/517 2797/1778/517 2795/1776/516
f 2798/1777/517 2800/1779/518 2799/1780/518 2797/1778/517
f 2800/1779/518 2802/1781/519 2801/1782/519 2799/1780/518
f 2802/1781/519 2804/1783/520 2803/1784/520 2801/1782/519
f 2804/1783/520 2806/1785/521 2805/1786/521 2803/1784/520
f 2806/1785/521 2808/1787/522 2807/1788/522 2805/1786/521
f 2808/1787/522 2810/1789/523 2809/1790/523 2807/1788/522
f 2810/1789/523 2812/1791/524 2811/1792/524 2809/1790/523
f 2812/1791/524 2814/870/525 2813/633/525 2811/1792/524
f 2814/870/525 2816/1793/526 2815/1794/526 2813/633/525
f 2816/1793/526 2818/1795/527 2817/1796/527 2815/1794/526
f 2818/1795/527 2820/1797/528 2819/1798/528 2817/1796/527
f 2820/1797/528 2822/1799/529 2821/1800/529 2819/1798/528
f 2822/1799/529 2824/1801/530 2823/1802/530 2821/1800/529
f 2824/1801/530 2826/907/531 2825/908/531 2823/1802/530
f 2826/907/531 2828/1803/532 2827/1804/532 2825/908/531
f 2828/1803/532 2830/1805/533 2829/1806/533 2827/1804/532
f 2830/1805/533 2832/1807/534 2831/1808/534 2829/1806/533
f 2832/1807/534 2834/1809/535 2833/1810/535 2831/1808/534
f 2834/1809/535 2836/1811/536 2835/1812/536 2833/1810/535
f 2836/1811/536 2838/1813/537 2837/1814/537 2835/1812/536
f 2838/1813/537 2840/1815/538 2839/1816/538 2837/1814/537
f 2840/1815/538 2842/1817/539 2841/1818/539 2839/1816/538
f 2842/1817/539 2844/1819/540 2843/1820/540 2841/1818/539
f 2844/1819/540 2846/1821/541 2845/849/541 2843/1820/540
f 2846/1821/541 2848/1822/542 2847/1823/542 2845/849/541
f 2848/1822/542 2850/1824/543 2849/1825/543 2847/1823/542
f 2850/1824/543 2852/1826/544 2851/1827/544 2849/1825/543
f 2852/1826/544 2854/1828/545 2853/1829/545 2851/1827/544
f 2854/1828/545 2856/1830/546 2855/1831/546 2853/1829/545
f 2856/1830/546 2858/1832/547 2857/1833/547 2855/1831/546
f 2858/1832/547 2860/1834/548 2859/1835/548 2857/1833/547
f 2860/1834/548 2862/866/549 2861/389/549 2859/1835/548
f 2862/866/549 2864/1836/550 2863/1837/550 2861/389/549
f 2864/1836/550 2866/1838/551 2865/1839/551 2863/1837/550
f 2866/1838/551 2868/1840/552 2867/1841/552 2865/1839/551
f 2868/1840/552 2870/1842/553 2869/1843/553 2867/1841/552
f 2870/1842/553 2872/1844/554 2871/1845/554 2869/1843/553
f 2872/1844/554 2874/1846/555 2873/1847/555 2871/1845/554
f 2874/1846/555 2876/1848/556 2875/1849/556 2873/1847/555
f 2876/1848/556 2878/1850/557 2877/846/557 2875/1849/556
f 2878/1850/557 2880/1851/558 2879/1852/558 2877/846/557
f 2880/1851/558 2882/1853/559 2881/1854/559 2879/1852/558
f 2882/1853/559 2884/1855/560 2883/1856/560 2881/1854/559
f 2884/1855/560 2886/1857/561 2885/1858/561 2883/1856/560
f 2886/1857/561 2888/1859/562 2887/1860/562 2885/1858/561
f 2888/1859/562 2890/1861/563 2889/1862/563 2887/1860/562
f 2890/1861/563 2892/1863/564 2891/1864/564 2889/1862/563
f 2892/1863/564 2894/1865/565 2893/1866/565 2891/1864/564
f 2894/1865/565 2896/1867/566 2895/1868/566 2893/1866/565
f 2896/1867/566 2898/929/567 2897/930/567 2895/1868/566
f 2898/929/567 2900/1869/568 2899/1870/568 2897/930/567
f 2900/1869/568 2902/1871/569 2901/1872/569 2899/1870/568
f 2902/1871/569 2904/1873/570 2903/1874/570 2901/1872/569
f 2904/1873/570 2906/1875/571 2905/1876/571 2903/1874/570
f 2906/1875/571 2908/1877/572 2907/1878/572 2905/1876/571
f 2908/1877/572 2910/871/573 2909/468/573 2907/1878/572
f 2910/871/573 2912/1879/574 2911/1880/574 2909/468/573
f 2912/1879/574 2914/1881/575 2913/1882/575 2911/1880/574
f 2914/1881/575 2916/1883/576 2915/1884/576 2913/1882/575
f 2916/1883/576 2918/1885/577 2917/1886/577 2915/1884/576
f 2918/1885/577 2920/1887/578 2919/1888/578 2917/1886/577
f 2920/1887/578 2922/1889/579 2921/1890/579 2919/1888/578
f 2922/1889/579 2924/1891/580 2923/1892/580 2921/1890/579
f 2924/1891/580 2926/1893/581 2925/1894/581 2923/1892/580
f 2926/1893/581 2928/1895/582 2927/1896/582 2925/1894/581
f 2928/1895/582 2930/1897/583 2929/1898/583 2927/1896/582
f 2930/1897/583 2932/1899/584 2931/1900/584 2929/1898/583
f 2932/1899/584 2934/867/585 2933/868/585 2931/1900/584
f 2934/867/585 2936/1901/586 2935/1902/586 2933/868/585
f 2936/1901/586 2938/1903/587 2937/1904/587 2935/1902/586
f 2938/1903/587 2940/1905/588 2939/1906/588 2937/1904/587
f 2940/1905/588 2942/1907/589 2941/845/589 2939/1906/588
f 2942/1907/589 2944/1908/590 2943/1909/590 2941/845/589
f 2944/1908/590 2946/1910/591 2945/1911/591 2943/1909/590
f 2946/1910/591 2948/1912/592 2947/1913/592 2945/1911/591
f 2948/1912/592 2950/1914/593 2949/1915/593 2947/1913/592
f 2950/1914/593 2952/1916/594 2951/1917/594 2949/1915/593
f 2952/1916/594 2954/1918/595 2953/1919/595 2951/1917/594
f 2954/1918/595 2956/1920/596 2955/1921/596 2953/1919/595
f 2956/1920/596 2958/872/597 2957/629/597 2955/1921/596
f 2958/872/597 2960/1922/598 2959/1923/598 2957/629/597
f 2960/1922/598 2962/1924/599 2961/1925/599 2959/1923/598
f 2962/1924/599 2964/1926/600 2963/1927/600 2961/1925/599
f 2964/1926/600 2966/1928/601 2965/1929/601 2963/1927/600
f 2966/1928/601 2968/1930/602 2967/1931/602 2965/1929/601
f 2968/1930/602 2970/951/603 2969/952/603 2967/1931/602
f 2970/951/603 2972/1932/604 2971/1933/604 2969/952/603
f 2972/1932/604 2974/1934/605 2973/844/605 2971/1933/604
f 2974/1934/605 2976/1935/606 2975/1936/606 2973/844/605
f 2976/1935/606 2978/1937/607 2977/1938/607 2975/1936/606
f 2978/1937/607 2980/1939/608 2979/1940/608 2977/1938/607
f 2980/1939/608 2982/1941/609 2981/1942/609 2979/1940/608
f 2982/1941/609 2984/1943/610 2983/1944/610 2981/1942/609
f 2984/1943/610 2986/1945/611 2985/1946/611 2983/1944/610
f 2986/1945/611 2988/1947/612 2987/1948/612 2985/1946/611
f 2988/1947/612 2990/1949/613 2989/1950/613 2987/1948/612
f 2990/1949/613 2992/1951/614 2991/1952/614 2989/1950/613
f 2992/1951/614 2994/1953/615 2993/1954/615 2991/1952/614
f 2994/1953/615 2996/1955/616 2995/1956/616 2993/1954/615
f 2996/1955/616 2998/1957/617 2997/1958/617 2995/1956/616
f 2998/1957/617 3000/1959/618 2999/1960/618 2997/1958/617
f 3000/1959/618 3002/1961/619 3001/1962/619 2999/1960/618
f 3002/1961/619 3004/1963/620 3003/1964/620 3001/1962/619
f 3004/1963/620 2718/863/478 2717/161/478 3003/1964/620
f 3006/850/621 3008/1965/622 3007/1966/622 3005/24/621
f 3008/1965/622 3010/1711/623 3009/1712/623 3007/1966/622
f 3010/1711/623 3012/1967/624 3011/1968/624 3009/1712/623
f 3012/1967/624 3014/1717/625 3013/1718/625 3011/1968/624
f 3014/1717/625 3016/1969/626 3015/1970/626 3013/1718/625
f 3016/1969/626 3018/1723/627 3017/1724/627 3015/1970/626
f 3018/1723/627 3020/1971/445 3019/1972/445 3017/1724/627
f 3020/1971/445 3022/1729/628 3021/1730/628 3019/1972/445
f 3022/1729/628 3024/1973/629 3023/1974/629 3021/1730/628
f 3024/1973/629 3026/1735/630 3025/1736/630 3023/1974/629
f 3026/1735/630 3028/1975/631 3027/1976/631 3025/1736/630
f 3028/1975/631 3030/885/632 3029/886/632 3027/1976/631
f 3030/885/632 3032/1977/633 3031/1978/633 3029/886/632
f 3032/1977/633 3034/1744/634 3033/1745/634 3031/1978/633
f 3034/1744/634 3036/1979/635 3035/1980/635 3033/1745/634
f 3036/1979/635 3038/869/636 3037/685/636 3035/1980/635
f 3038/869/636 3040/1981/338 3039/1982/338 3037/685/636
f 3040/1981/338 3042/1754/637 3041/1755/637 3039/1982/338
f 3042/1754/637 3044/1983/638 3043/1984/638 3041/1755/637
f 3044/1983/638 3046/1760/639 3045/1761/639 3043/1984/638
f 3046/1760/639 3048/1985/640 3047/1986/640 3045/1761/639
f 3048/1985/640 3050/1765/641 3049/1766/641 3047/1986/640
f 3050/1765/641 3052/1987/642 3051/1988/642 3049/1766/641
f 3052/1987/642 3054/864/643 3053/865/643 3051/1988/642
f 3054/864/643 3056/1989/644 3055/1990/644 3053/865/643
f 3056/1989/644 3058/1775/645 3057/1776/645 3055/1990/644
f 3058/1775/645 3060/1991/646 3059/1992/646 3057/1776/645
f 3060/1991/646 3062/1781/647 3061/1782/647 3059/1992/646
f 3062/1781/647 3064/1993/648 3063/1994/648 3061/1782/647
f 3064/1993/648 3066/1787/649 3065/1788/649 3063/1994/648
f 3066/1787/649 3068/1995/650 3067/1996/650 3065/1788/649
f 3068/1995/650 3070/870/651 3069/633/651 3067/1996/650
f 3070/870/651 3072/1997/652 3071/1998/652 3069/633/651
f 3072/1997/652 3074/1797/653 3073/1798/653 3071/1998/652
f 3074/1797/653 3076/1999/654 3075/2000/654 3073/1798/653
f 3076/1999/654 3078/907/655 3077/908/655 3075/2000/654
f 3078/907/655 3080/2001/656 3079/2002/656 3077/908/655
f 3080/2001/656 3082/1807/657 3081/1808/657 3079/2002/656
f 3082/1807/657 3084/2003/658 3083/2004/658 3081/1808/657
f 3084/2003/658 3086/1813/659 3085/1814/659 3083/2004/658
f 3086/1813/659 3088/2005/660 3087/2006/660 3085/1814/659
f 3088/2005/660 3090/1819/661 3089/1820/661 3087/2006/660
f 3090/1819/661 3092/2007/662 3091/2008/662 3089/1820/661
f 3092/2007/662 3094/1824/663 3093/1825/663 3091/2008/662
f 3094/1824/663 3096/2009/664 3095/2010/664 3093/1825/663
f 3096/2009/664 3098/1830/665 3097/1831/665 3095/2010/664
f 3098/1830/665 3100/2011/666 3099/2012/666 3097/1831/665
f 3100/2011/666 3102/866/667 3101/389/667 3099/2012/666
f 3102/866/667 3104/2013/668 3103/2014/668 3101/389/667
f 3104/2013/668 3106/1840/669 3105/1841/669 3103/2014/668
f 3106/1840/669 3108/2015/670 3107/2016/670 3105/1841/669
f 3108/2015/670 3110/1846/671 3109/1847/671 3107/2016/670
f 3110/1846/671 3112/2017/672 3111/2018/672 3109/1847/671
f 3112/2017/672 3114/1851/673 3113/1852/673 3111/2018/672
f 3114/1851/673 3116/2019/674 3115/2020/674 3113/1852/673
f 3116/2019/674 3118/1857/675 3117/1858/675 3115/2020/674
f 3118/1857/675 3120/2021/676 3119/2022/676 3117/1858/675
f 3120/2021/676 3122/1863/677 3121/1864/677 3119/2022/676
f 3122/1863/677 3124/2023/678 3123/2024/678 3121/1864/677
f 3124/2023/678 3126/929/679 3125/930/679 3123/2024/678
f 3126/929/679 3128/2025/680 3127/2026/680 3125/930/679
f 3128/2025/680 3130/1873/681 3129/1874/681 3127/2026/680
f 3130/1873/681 3132/2027/682 3131/2028/682 3129/1874/681
f 3132/2027/682 3134/871/683 3133/468/683 3131/2028/682
f 3134/871/683 3136/2029/684 3135/2030/684 3133/468/683
f 3136/2029/684 3138/1883/685 3137/1884/685 3135/2030/684
f 3138/1883/685 3140/2031/686 3139/2032/686 3137/1884/685
f 3140/2031/686 3142/1889/687 3141/1890/687 3139/2032/686
f 3142/1889/687 3144/2033/688 3143/2034/688 3141/1890/687
f 3144/2033/688 3146/1895/689 3145/1896/689 3143/2034/688
f 3146/1895/689 3148/2035/690 3147/2036/690 3145/1896/689
f 3148/2035/690 3150/867/691 3149/868/691 3147/2036/690
f 3150/867/691 3152/2037/692 3151/2038/692 3149/868/691
f 3152/2037/692 3154/1905/693 3153/1906/693 3151/2038/692
f 3154/1905/693 3156/2039/694 3155/2040/694 3153/1906/693
f 3156/2039/694 3158/1910/695 3157/1911/695 3155/2040/694
f 3158/1910/695 3160/2041/696 3159/2042/696 3157/1911/695
f 3160/2041/696 3162/1916/697 3161/1917/697 3159/2042/696
f 3162/1916/697 3164/2043/698 3163/2044/698 3161/1917/697
f 3164/2043/698 3166/872/699 3165/629/699 3163/2044/698
f 3166/872/699 3168/2045/700 3167/2046/700 3165/629/699
f 3168/2045/700 3170/1926/701 3169/1927/701 3167/2046/700
f 3170/1926/701 3172/2047/702 3171/2048/702 3169/1927/701
f 3172/2047/702 3174/951/703 3173/952/703 3171/2048/702
f 3174/951/703 3176/2049/704 3175/2050/704 3173/952/703
f 3176/2049/704 3178/1935/705 3177/1936/705 3175/2050/704
f 3178/1935/705 3180/2051/706 3179/2052/706 3177/1936/705
f 3180/2051/706 3182/1941/707 3181/1942/707 3179/2052/706
f 3182/1941/707 3184/2053/708 3183/2054/708 3181/1942/707
f 3184/2053/708 3186/1947/709 3185/1948/709 3183/2054/708
f 3186/1947/709 3188/2055/710 3187/2056/710 3185/1948/709
f 3188/2055/710 3190/1953/711 3189/1954/711 3187/2056/710
f 3190/1953/711 3192/2057/712 3191/2058/712 3189/1954/711
f 3192/2057/712 3194/1959/713 3193/1960/713 3191/2058/712
f 3194/1959/713 3196/2059/714 3195/2060/714 3193/1960/713
f 3196/2059/714 3006/863/621 3005/161/621 3195/2060/714
f 3198/850/715 3200/2061/716 3199/2062/716 3197/24/715
f 3200/2061/716 3202/2063/717 3201/2064/717 3199/2062/716
f 3202/2063/717 3204/2065/718 3203/2066/718 3201/2064/717
f 3204/2065/718 3206/2067/719 3205/2068/719 3203/2066/718
f 3206/2067/719 3208/2069/720 3207/2070/720 3205/2068/719
f 3208/2069/720 3210/2071/721 3209/2072/721 3207/2070/720
f 3210/2071/721 3212/2073/722 3211/2074/722 3209/2072/721
f 3212/2073/722 3214/2075/723 3213/2076/723 3211/2074/722
f 3214/2075/723 3216/2077/724 3215/2078/724 3213/2076/723
f 3216/2077/724 3218/2079/725 3217/2080/725 3215/2078/724
f 3218/2079/725 3220/2081/726 3219/2082/726 3217/2080/725
f 3220/2081/726 3222/2083/727 3221/2084/727 3219/2082/726
f 3222/2083/727 3224/2085/728 3223/2086/728 3221/2084/727
f 3224/2085/728 3226/2087/729 3225/2088/729 3223/2086/728
f 3226/2087/729 3228/2089/730 3227/2090/730 3225/2088/729
f 3228/2089/730 3230/2091/731 3229/2092/731 3227/2090/730
f 3230/2091/731 3232/2093/732 3231/2094/732 3229/2092/731
f 3232/2093/732 3234/2095/733 3233/2096/733 3231/2094/732
f 3234/2095/733 3236/2097/734 3235/2098/734 3233/2096/733
f 3236/2097/734 3238/2099/735 3237/2100/735 3235/2098/734
f 3238/2099/735 3240/2101/736 3239/2102/736 3237/2100/735
f 3240/2101/736 3242/2103/737 3241/2104/737 3239/2102/736
f 3242/2103/737 3244/2105/738 3243/2106/738 3241/2104/737
f 3244/2105/738 3246/2107/739 3245/2108/739 3243/2106/738
f 3246/2107/739 3248/2109/740 3247/2110/740 3245/2108/739
f 3248/2109/740 3250/2111/741 3249/2112/741 3247/2110/740
f 3250/2111/741 3252/2113/742 3251/2114/742 3249/2112/741
f 3252/2113/742 3254/2115/743 3253/2116/743 3251/2114/742
f 3254/2115/743 3256/2117/744 3255/2118/744 3253/2116/743
f 3256/2117/744 3258/2119/745 3257/2120/745 3255/2118/744
f 3258/2119/745 3260/2121/746 3259/2122/746 3257/2120/745
f 3260/2121/746 3262/2123/747 3261/2124/747 3259/2122/746
f 3262/2123/747 3264/2125/748 3263/2126/748 3261/2124/747
f 3264/2125/748 3266/2127/749 3265/2128/749 3263/2126/748
f 3266/2127/749 3268/2129/750 3267/2130/750 3265/2128/749
f 3268/2129/750 3270/2131/751 3269/2132/751 3267/2130/750
f 3270/2131/751 3272/2133/752 3271/2134/752 3269/2132/751
f 3272/2133/752 3274/2135/127 3273/2136/127 3271/2134/752
f 3274/2135/127 3276/2137/753 3275/2138/753 3273/2136/127
f 3276/2137/753 3278/2139/754 3277/2140/754 3275/2138/753
f 3278/2139/754 3280/2141/755 3279/2142/755 3277/2140/754
f 3280/2141/755 3282/2143/756 3281/2144/756 3279/2142/755
f 3282/2143/756 3284/2145/757 3283/2146/757 3281/2144/756
f 3284/2145/757 3286/2147/758 3285/2148/758 3283/2146/757
f 3286/2147/758 3288/2149/759 3287/2150/759 3285/2148/758
f 3288/2149/759 3290/2151/760 3289/2152/760 3287/2150/759
f 3290/2151/760 3292/2153/761 3291/2154/761 3289/2152/760
f 3292/2153/761 3294/2155/762 3293/2156/762 3291/2154/761
f 3294/2155/762 3296/2157/763 3295/2158/763 3293/2156/762
f 3296/2157/763 3298/2159/764 3297/2160/764 3295/2158/763
f 3298/2159/764 3300/2161/765 3299/2162/765 3297/2160/764
f 3300/2161/765 3302/2163/766 3301/2164/766 3299/2162/765
f 3302/2163/766 3304/2165/767 3303/2166/767 3301/2164/766
f 3304/2165/767 3306/2167/768 3305/2168/768 3303/2166/767
f 3306/2167/768 3308/2169/769 3307/2170/769 3305/2168/768
f 3308/2169/769 3310/2171/770 3309/2172/770 3307/2170/769
f 3310/2171/770 3312/2173/771 3311/2174/771 3309/2172/770
f 3312/2173/771 3314/2175/772 3313/2176/772 3311/2174/771
f 3314/2175/772 3316/2177/773 3315/2178/773 3313/2176/772
f 3316/2177/773 3318/2179/774 3317/2180/774 3315/2178/773
f 3318/2179/774 3320/2181/775 3319/2182/775 3317/2180/774
f 3320/2181/775 3322/2183/776 3321/2184/776 3319/2182/775
f 3322/2183/776 3324/2185/777 3323/2186/777 3321/2184/776
f 3324/2185/777 3326/2187/778 3325/2188/778 3323/2186/777
f 3326/2187/778 3328/2189/779 3327/2190/779 3325/2188/778
f 3328/2189/779 3330/2191/780 3329/2192/780 3327/2190/779
f 3330/2191/780 3332/2193/781 3331/2194/781 3329/2192/780
f 3332/2193/781 3334/2195/782 3333/2196/782 3331/2194/781
f 3334/2195/782 3336/2197/783 3335/2198/783 3333/2196/782
f 3336/2197/783 3338/2199/784 3337/2200/784 3335/2198/783
f 3338/2199/784 3340/2201/785 3339/2202/785 3337/2200/784
f 3340/2201/785 3342/2203/786 3341/2204/786 3339/2202/785
f 3342/2203/786 3198/863/715 3197/161/715 3341/2204/786
f 3344/850/787 3346/2061/788 3345/2062/788 3343/24/787
f 3346/2061/788 3348/2063/789 3347/2064/789 3345/2062/788
f 3348/2063/789 3350/2065/790 3349/2066/790 3347/2064/789
f 3350/2065/790 3352/2067/791 3351/2068/791 3349/2066/790
f 3352/2067/791 3354/2069/792 3353/2070/792 3351/2068/791
f 3354/2069/792 3356/2071/793 3355/2072/793 3353/2070/792
f 3356/2071/793 3358/2073/794 3357/2074/794 3355/2072/793
f 3358/2073/794 3360/2075/795 3359/2076/795 3357/2074/794
f 3360/2075/795 3362/2077/796 3361/2078/796 3359/2076/795
f 3362/2077/796 3364/2079/797 3363/2080/797 3361/2078/796
f 3364/2079/797 3366/2081/798 3365/2082/798 3363/2080/797
f 3366/2081/798 3368/2083/799 3367/2084/799 3365/2082/798
f 3368/2083/799 3370/2085/800 3369/2086/800 3367/2084/799
f 3370/2085/800 3372/2087/801 3371/2088/801 3369/2086/800
f 3372/2087/801 3374/2089/802 3373/2090/802 3371/2088/801
f 3374/2089/802 3376/2091/803 3375/2092/803 3373/2090/802
f 3376/2091/803 3378/2093/804 3377/2094/804 3375/2092/803
f 3378/2093/804 3380/2095/805 3379/2096/805 3377/2094/804
f 3380/2095/805 3382/2097/806 3381/2098/806 3379/2096/805
f 3382/2097/806 3384/2099/807 3383/2100/807 3381/2098/806
f 3384/2099/807 3386/2101/808 3385/2102/808 3383/2100/807
f 3386/2101/808 3388/2103/809 3387/2104/809 3385/2102/808
f 3388/2103/809 3390/2105/810 3389/2106/810 3387/2104/809
f 3390/2105/810 3392/2107/811 3391/2108/811 3389/2106/810
f 3392/2107/811 3394/2109/812 3393/2110/812 3391/2108/811
f 3394/2109/812 3396/2111/813 3395/2112/813 3393/2110/812
f 3396/2111/813 3398/2113/814 3397/2114/814 3395/2112/813
f 3398/2113/814 3400/2115/815 3399/2116/815 3397/2114/814
f 3400/2115/815 3402/2117/816 3401/2118/816 3399/2116/815
f 3402/2117/816 3404/2119/817 3403/2120/817 3401/2118/816
f 3404/2119/817 3406/2121/818 3405/2122/818 3403/2120/817
f 3406/2121/818 3408/2123/819 3407/2124/819 3405/2122/818
f 3408/2123/819 3410/2125/820 3409/2126/820 3407/2124/819
f 3410/2125/820 3412/2127/821 3411/2128/821 3409/2126/820
f 3412/2127/821 3414/2129/822 3413/2130/822 3411/2128/821
f 3414/2129/822 3416/2131/823 3415/2132/823 3413/2130/822
f 3416/2131/823 3418/2133/824 3417/2134/824 3415/2132/823
f 3418/2133/824 3420/2135/825 3419/2136/825 3417/2134/824
f 3420/2135/825 3422/2137/826 3421/2138/826 3419/2136/825
f 3422/2137/826 3424/2139/827 3423/2140/827 3421/2138/826
f 3424/2139/827 3426/2141/828 3425/2142/828 3423/2140/827
f 3426/2141/828 3428/2143/829 3427/2144/829 3425/2142/828
f 3428/2143/829 3430/2145/830 3429/2146/830 3427/2144/829
f 3430/2145/830 3432/2147/831 3431/2148/831 3429/2146/830
f 3432/2147/831 3434/2149/832 3433/2150/832 3431/2148/831
f 3434/2149/832 3436/2151/833 3435/2152/833 3433/2150/832
f 3436/2151/833 3438/2153/834 3437/2154/834 3435/2152/833
f 3438/2153/834 3440/2155/835 3439/2156/835 3437/2154/834
f 3440/2155/835 3442/2157/836 3441/2158/836 3439/2156/835
f 3442/2157/836 3444/2159/837 3443/2160/837 3441/2158/836
f 3444/2159/837 3446/2161/838 3445/2162/838 3443/2160/837
f 3446/2161/838 3448/2163/839 3447/2164/839 3445/2162/838
f 3448/2163/839 3450/2165/840 3449/2166/840 3447/2164/839
f 3450/2165/840 3452/2167/841 3451/2168/841 3449/2166/840
f 3452/2167/841 3454/2169/842 3453/2170/842 3451/2168/841
f 3454/2169/842 3456/2171/843 3455/2172/843 3453/2170/842
f 3456/2171/843 3458/2173/844 3457/2174/844 3455/2172/843
f 3458/2173/844 3460/2175/845 3459/2176/845 3457/2174/844
f 3460/2175/845 3462/2177/846 3461/2178/846 3459/2176/845
f 3462/2177/846 3464/2179/847 3463/2180/847 3461/2178/846
f 3464/2179/847 3466/2181/848 3465/2182/848 3463/2180/847
f 3466/2181/848 3468/2183/849 3467/2184/849 3465/2182/848
f 3468/2183/849 3470/2185/850 3469/2186/850 3467/2184/849
f 3470/2185/850 3472/2187/851 3471/2188/851 3469/2186/850
f 3472/2187/851 3474/2189/852 3473/2190/852 3471/2188/851
f 3474/2189/852 3476/2191/853 3475/2192/853 3473/2190/852
f 3476/2191/853 3478/2193/854 3477/2194/854 3475/2192/853
f 3478/2193/854 3480/2195/855 3479/2196/855 3477/2194/854
f 3480/2195/855 3482/2197/856 3481/2198/856 3479/2196/855
f 3482/2197/856 3484/2199/857 3483/2200/857 3481/2198/856
f 3484/2199/857 3486/2201/858 3485/2202/858 3483/2200/857
f 3486/2201/858 3488/2203/859 3487/2204/859 3485/2202/858
f 3488/2203/859 3344/863/787 3343/161/787 3487/2204/859
